msg_id,t_db_ack_ms
999ac321-b39c-4eef-82ad-8764ce31d124,1769616675760
787d1b7f-7c42-47e1-b2ad-e70e1d55871c,1769616675802
6510b720-81c7-43b3-a262-e74e4f6d0b34,1769616675845
894d1ed2-75f1-4248-96f3-ca4ebd1297e5,1769616675886
7133fdb1-7b9e-44a1-823d-97621b76bf52,1769616675927
699ce771-12d6-4eb2-b38a-804e083b9720,1769616676176
93e59600-6277-4d87-bd63-c324618ced42,1769616676218
85f4af1a-5835-474e-b61a-1bf493f50a74,1769616676259
d3daeb5d-206e-4817-bbf2-c00a3dc03359,1769616676786
5e373a2d-c264-4340-857c-401e96881035,1769616676826
45dcf310-1242-4aa9-b1c0-bc559b1cea30,1769616676868
0b54ca3f-9ec0-4d4c-8569-96a54dd7685a,1769616676909
b58ca44f-d89c-4d1b-ac37-f95ead63e6c1,1769616676950
2e70c462-1d69-4799-bab1-4815b40dd891,1769616676991
3b3ec8f6-e5d2-4fb3-9900-9a7a4c1d3f1c,1769616677822
3a2dbacb-f975-4c5b-846c-f03c557a6952,1769616677864
10edc9eb-e2a8-4608-a559-ea1f078207ab,1769616677905
2c3af78a-1edc-4505-b4c5-9c2036547584,1769616677945
fec40ea5-e2e3-4319-bfb4-e43a10cc75bd,1769616677987
8481055b-44a8-42bc-a75e-fa8df5e5bf91,1769616678028
c527a335-81db-4fda-a2ca-fbb38fdf2360,1769616678070
7fead3b9-a6af-46be-a03b-cac8f5825adc,1769616678835
f7f0661f-2ebe-4865-b19d-3330ae0be96f,1769616678876
e6cb9c96-5a38-492e-b49f-a1f37c9b14d5,1769616678917
ddb1e002-8ec7-4d16-9869-efcbca42c52a,1769616678958
d4d9bd37-8dd4-4bdf-804f-52595da3f6c3,1769616678999
5ea60a36-4d10-4000-9bb2-d87dc94925a8,1769616679041
3ecb23ce-d0b9-4ed3-85a3-13dcc3cd2271,1769616679082
ac63b570-2838-47cc-93f7-c73fe3bce05c,1769616679889
72357977-cd06-48db-bff7-9d37b64de030,1769616679930
c37b8f08-a484-487d-84b4-48d5ef36642a,1769616679972
9abca9d6-2b9e-44e7-a326-64b4b5c05337,1769616680013
7710a756-cc3f-47af-bf70-522fab4c9d48,1769616680102
b329ec56-1aca-4773-b276-cdd843264f6e,1769616680143
ccb21c84-e3f4-42ae-b8ab-ecda30aaedd1,1769616680899
2a145ee8-6055-44db-b03b-9223a5c5969d,1769616680941
377c1285-8bc4-4587-9b26-66a230cc8e14,1769616680982
0ca8b73d-8ad0-4607-b0be-e9894fe40a96,1769616681023
5387ebe8-f68c-4703-9a19-6710f5e8cb71,1769616681065
e24a63a5-e2c2-4fe8-9a0c-86e6c0b38433,1769616681107
ca04b4ae-d206-4070-8fa1-a1e96dff5ca7,1769616681148
b685a494-5ae1-41a4-b1e7-90a36f2401e7,1769616681189
2f953f27-fc9a-4b25-883d-d3cb2f006539,1769616681974
aecdea8d-528d-478a-b964-968067970ab7,1769616682015
f698d396-ae5f-40f9-a102-e34e18f46423,1769616682057
ae4d9a09-f892-457e-9407-06f1d37d6367,1769616682098
49368cbd-7961-4323-ba2f-2c91dcc2a75f,1769616682139
532f1fbb-22cc-4b14-ac75-60801450616a,1769616682181
3f344753-3c62-415d-8cca-da4ebe8702dc,1769616683021
cf2d4ace-6492-4859-8a25-6e9174e79f3c,1769616683062
4013dae8-536a-484b-a7ee-9d79ce75b9a6,1769616683104
a9d41f72-a9be-44a5-9255-593e1712dcf2,1769616683145
18c2e590-0ced-4ecf-a890-d8c4b6b1d4db,1769616683186
5d5b91c5-b480-427e-9975-62012f65f5d5,1769616683228
566a37fb-06fd-4f68-a711-e2310cfd9de3,1769616683269
4a32e61d-34d6-412e-9070-ed5254f82987,1769616684035
a582dc6d-c456-407c-b6e7-859b983bc18a,1769616684076
0e285dea-a76e-40a0-8412-8b4ec498c3de,1769616684117
ffa819e5-4449-4bd5-b697-02127879ac8e,1769616684158
cd84b132-bfdb-457b-8345-4a6c75d10aec,1769616684200
1d7f5f8f-8bfc-4524-9626-169f0219a53e,1769616685071
8088aecf-521b-4a74-81cf-4580a07f7467,1769616685112
f6d8a8d6-643d-4875-b7ac-6902e1494c8c,1769616685154
7c766e39-59b9-4a72-97a6-bf811ce627ef,1769616685195
d282b808-5d4f-4092-9616-1054489674a8,1769616685238
52097101-aa89-491d-8b7b-07509e6133b9,1769616685284
d5efc48e-a455-4784-b36a-d99a3ec9010f,1769616685326
5d499f8a-b87a-460b-a0cf-bd201a97743d,1769616686090
8da3a235-ec7d-4f44-8eb8-29634b9a1c3a,1769616686131
a41102c4-7187-4965-83d6-60280315556a,1769616686172
0c7d12ba-c48d-43b4-b9c5-9381076d04ee,1769616686214
f5f6d033-610a-4d28-9a3c-8c5518a6e4ab,1769616687093
c3818e4f-be0c-417d-942b-f05f03f852ac,1769616687134
c878307e-70a5-4909-8698-ec7b7f36c6b6,1769616687176
6db6eadb-886b-46f3-89bf-9543846a8208,1769616687217
4e9a6eb2-bf8c-494b-9e8c-912bccc95dd7,1769616688134
50f33d20-6ce4-47a0-9636-6ee2a3a4cc5d,1769616688175
8134f235-70a5-4939-ad54-91c992b6e864,1769616688217
62e5760b-cf21-406a-94e7-909c00359d9e,1769616688258
478984ee-9eaf-42fc-8a69-ac4abac2ad0a,1769616688300
12fe4e71-e15e-431b-82df-30c9fefee28b,1769616689142
a1b67baa-9e29-46bb-9836-91591fba4827,1769616689187
3f4d10ef-8791-42e5-bfba-2bafb960c7d8,1769616689229
cc79efe7-ac1f-470c-afeb-a9612b982ac3,1769616689303
33c1ac82-c637-4400-a16b-0d75749130c1,1769616690162
f6899bc4-4bcd-442c-86eb-95b9cfde58a9,1769616690203
bb26459e-4940-4703-928b-d2040973a54f,1769616690245
96d87434-34cb-4d4e-abe7-a60e2d4e370a,1769616690286
6701893a-c930-41d8-907f-f16df8263bc5,1769616691170
d31bb550-9e59-4d24-ba69-17283672b1ee,1769616691212
ba9307a3-7c0f-4a36-a02e-1f8bb5f728e3,1769616691253
2b3a24c6-35eb-4461-8ace-4792f96b5919,1769616691294
85ec9cdf-73e0-4507-ac1e-4ed21b2f484f,1769616691335
e9d2a800-1256-4cce-ac13-1332be7334c5,1769616691377
7ab59e66-9459-4230-bd99-3ef7728eae15,1769616691418
9d1d29bf-eeb7-46e6-8792-637563b9cdd2,1769616691461
6251e15f-f79c-4f2c-90b3-e909407b7c94,1769616691502
ec3957d5-6429-495b-ad9e-1f5685b304e7,1769616692175
56db7956-7e31-40f2-92c1-d3dc17a90263,1769616692216
b9f7f686-c8f2-4eb0-87a3-cdaea3e66f78,1769616692258
91f2c08d-d3df-4b5d-aec4-f9d1f98e39ca,1769616692508
ecedb5ca-72bc-4359-8973-41e8b56017a9,1769616692550
583caede-cef7-45c2-a4a3-b5883f05dd19,1769616692591
ffa794e0-ae41-4fca-a781-a7b5481adc66,1769616693254
da0bed15-2136-4a2a-b78a-681425257f46,1769616693296
e32afae3-3919-4cc5-8963-15e7e088d175,1769616693376
e42e1d24-ab5b-49cc-9c80-7fc337ecb48c,1769616693451
7d0efe4e-3708-4dbb-85cd-8036f3188b11,1769616693493
21d2fdfe-74ad-4598-92ac-722d724cc5aa,1769616693535
0a66196e-fb02-485f-aacf-53b36f1eed1e,1769616694260
28fd4c5d-6e51-4980-9221-11a414138062,1769616694301
07327e19-b0b9-49db-93ba-055f325064b0,1769616694343
e7c1f183-2867-40db-a3ec-95ad7e31dc5d,1769616694385
7a3ed42e-825b-4e72-a0bf-466fa9b83552,1769616694428
78515335-9578-40aa-ac5e-758bbef18f70,1769616694470
3e299808-110d-4dff-a3e7-4f9f17343f39,1769616694511
ed915368-ae56-4a63-8dea-38938796a229,1769616695315
cef0cd1e-5d06-441b-a4c7-cee8891bef25,1769616695356
7ee78a9f-4ed6-45aa-819e-5c3e31d3e524,1769616695398
b41918b4-8b45-41ad-9832-e6d78113d075,1769616695440
58fb996b-dbca-4c11-89c1-143ce54a640f,1769616695481
1579cc78-b2cf-469c-8c9b-6161f8c98b88,1769616695523
f57154ab-44c4-47d9-9058-5b7074ca9acb,1769616696360
bf02f293-7b32-4083-b31c-5657f70b9110,1769616696401
1f04b940-efaa-4233-b9cd-9d76633b4b4e,1769616696443
7449b88b-07d7-4180-8f9e-380ba58baa34,1769616696484
5468463f-1666-4975-8dfa-c09e56208a28,1769616696525
8755907d-d7ac-4f46-bdb0-4d169d199729,1769616696567
77bffb2a-e4f9-4aca-a557-ac88216d9b03,1769616697377
11265c28-d3aa-475b-a6b9-efca9de77fc5,1769616697419
6d45cbc5-1a46-4e04-a6f4-3cd5bf7630c2,1769616697461
e4fd2993-ef77-4751-9f4e-087164eb0c7b,1769616697502
35aa1580-44a8-4b24-a8cb-56c12c85191e,1769616697544
aee9bcee-495a-4efe-86aa-aa33139156a6,1769616697586
c325e5dd-7b7a-40ac-aace-d91dacb7efcc,1769616698412
5b8bc9ab-a295-4e39-b614-d84197356243,1769616698453
ba391c2b-8ca6-44f6-90fd-63f122e8af38,1769616698495
5575b335-ee5c-427f-bca2-990e35ab73d0,1769616698536
5e0e40d8-f756-4d34-a64e-a306618dd554,1769616698578
5bdf16d4-5fcf-4354-bd29-3f0574d2092c,1769616698619
42b203cc-15fa-4695-b3ea-923806b30a26,1769616699448
c9838311-7aa1-42ce-90d5-ebfb02f26297,1769616699493
e6aff539-a080-43de-99c3-0da38ca397cd,1769616699535
70c43727-e740-4f1e-9c30-47ea7c63773e,1769616699577
7976c771-ab76-4893-9fe5-c5c115c49922,1769616699619
77771806-339c-49b1-b763-3a905b45cd49,1769616699660
7ab690ba-03bb-4500-bc8c-cc49b4cef2a0,1769616700478
47a371c9-2467-4efd-a2ca-c20385c9bfc4,1769616700520
705ba029-2ef8-48bf-b1e4-b21b695a7380,1769616700561
919d0215-9e1e-408b-add2-9d6097061a66,1769616700603
505a976f-475b-48ba-89fa-39ce0416e6ad,1769616700644
896aa26e-9d74-4abf-a71e-b30ce2e90354,1769616700686
8a7c9457-cd37-4177-96d4-c706ecd9d8e6,1769616700727
2c8be98e-ed4b-4c67-a5fc-c6f2a575ff04,1769616701494
d136bcde-7aef-4690-bf00-2babb7c93486,1769616701536
4ed2578d-fac9-4050-9727-75990de11e65,1769616701578
0540ccc8-485a-4e10-93e8-641da349678c,1769616701620
95c7e915-1523-4de3-b35f-7a995a5c0d5f,1769616701661
53d7b135-e1ee-4d9a-a193-d84face555cf,1769616701702
7a13628a-8837-4489-ac32-a199096c8534,1769616702536
197e01c0-8eac-4152-aafd-207b3c8ae4f9,1769616702814
ec354d8c-bd77-4d8b-8fa6-dbcd0028b231,1769616702855
38205f80-1ca3-45a2-b6bf-cbbf33db0fa4,1769616702897
65e8f032-c8aa-4aed-bec3-f0ab66098251,1769616703612
dccd78cf-0dea-41cf-bf8f-46a9c00969ba,1769616703693
8cd419ee-5df6-4000-8c84-5c4601d20b2a,1769616703747
2b7d1f0f-1a89-4e64-b169-3a1e372555fa,1769616703788
6e93d8df-7bc7-4846-ad95-0a10c6c47281,1769616703830
7dcb226a-acf8-46ab-a7d6-ae89f4bb50a8,1769616704632
b2db8f11-2bf6-43ff-8f57-28424d5533fc,1769616704673
22f491f8-3a9b-453b-9f5e-d8c322862b75,1769616704964
4f9f2796-fed2-4330-9759-6823b4898297,1769616705006
fed75aa2-5502-41fc-929c-9616ff5f49e0,1769616705047
1ad93a1f-b893-4622-b4ef-1a61d59a258d,1769616705649
2be79ec4-1e84-43c5-80e5-379b617668b5,1769616705690
6d5a981e-39f8-46c3-a99d-354617bc4780,1769616705732
0e60962e-d53d-4666-a426-3cff9d6928cf,1769616705773
87f2534c-56d7-422c-903b-a0cbed886e01,1769616705815
de417c38-db64-4068-8563-e41353786377,1769616705856
07b7de11-6024-497a-9da8-f2e0e75e8b15,1769616705898
e78a68bf-3c5c-4602-bc94-8ce76ef3ff56,1769616705939
944823c9-41a2-47f6-9709-baed767eff5d,1769616706662
b827b864-390c-45c3-b8ee-245a97e7d48f,1769616706703
c69a3a79-aaaa-410f-8110-a48868c0cd29,1769616706745
4a8cfefc-83d8-4346-bc43-4f9082143bd7,1769616706786
255921b3-d858-4011-8cbf-722ac28cbb1b,1769616706827
660f4f72-614c-4b51-928e-76c732c870c9,1769616706869
5554f750-b1ff-4298-928c-9f07a3c8dcfb,1769616706910
ee9d58e5-373e-4705-8713-7c9d5e962709,1769616707696
736a381e-305c-431f-ba70-89dc83dc5b5c,1769616707738
cf958ac5-adb9-4cac-829c-4592690e4c71,1769616707781
c27d23b6-a118-4211-8178-27b70b2f552d,1769616707823
d17d6cc1-82db-410f-b777-2f445feff88b,1769616708071
e6b4fc5b-6a1a-43e0-8f6a-b326a6f46938,1769616708112
79368d79-bb31-48b9-b659-d96ba9cb3ff9,1769616708154
bf682fad-608e-40ae-8d2c-eac3e52247d4,1769616708691
a90d7ff1-3c1b-4ac5-906b-47b57afb418d,1769616708732
aa1315ab-d19f-4deb-b198-01f846b94c0c,1769616708773
9c914c73-5fac-4097-af3e-249db78962a2,1769616709020
bf77e255-62ba-4c6b-a34c-44d3bfb77edf,1769616709061
a6d0e765-778f-42a2-8bad-8dcce7e593e8,1769616709102
bdaae2c8-8c00-4ac1-ab97-0051736ef8d5,1769616709756
a66311f2-18d9-4840-8102-40b6fa5d399c,1769616709798
c61f5a6b-839a-44b0-adf9-3b9530830fa0,1769616709839
087e0db8-061d-46c0-a88c-e54aada09f70,1769616709881
249a1875-a836-49de-8434-dee743fe3067,1769616709922
d6bd3db4-c259-47c7-b009-1b7d7ddde12a,1769616710173
7605733b-8723-4978-8bb8-7f85a0287891,1769616710214
a6903460-9e33-4190-a3a4-d87688b1a8f2,1769616710256
d424dc22-743c-48d8-a3a4-51f1ea0c20d5,1769616710762
0e7712f5-d824-4b6d-861e-8eb4a9b39cdc,1769616710803
ec485cd0-73a3-4947-a08c-574171b1eaf1,1769616710845
3c6d51ba-daff-4811-bd0c-26888035326f,1769616710886
9a855736-8ce7-45a3-a338-0b175f7696c0,1769616710927
4725a87d-c31d-4a87-8244-9c6c31f280ac,1769616711178
5d82ac78-5e10-47f1-bf8f-e01a1bab7e11,1769616711219
a2540dc3-8781-4e69-82ef-7c5f0fda385d,1769616711811
1dcbbe8d-eb9f-423f-830d-31f5f63f6abe,1769616711852
367bf4af-62e9-4aa4-83ae-b1d665859b14,1769616711893
fe392508-10a1-4084-bb55-5fb5b8c78ecf,1769616711960
a55981bb-de8d-4cab-8cdf-abe12b4bd2e8,1769616712002
5c3a7cb8-ff39-4ee7-8f22-d15c25a00698,1769616712047
7cca6252-6bb3-4dc7-b29a-799b540d5307,1769616712088
a1cecd8b-63e0-4f92-93ae-85956587635d,1769616712857
cf89fe12-7d03-4b8c-8996-bed9e01e5cd4,1769616712899
4cde7dda-f539-4e1c-9ee0-16b77df2e830,1769616712940
0fbbc326-3d8f-4e03-9b1d-d4a66f40df73,1769616712982
bb9f21f9-24f9-4e5a-ab12-78d64fa1b7f8,1769616713024
a95fcc1a-4d1d-4fd7-a08c-1b2382c26dff,1769616713066
cb6927e8-bad4-4eee-a845-e62f9b910a7e,1769616713873
8e89de59-8290-4805-939f-bf452c5e5228,1769616713915
eebb5e44-79c7-4917-83c4-c0d50842289b,1769616713956
98c8274a-19ca-462a-9523-f65aa06fc965,1769616713997
213ab0bf-ebd1-4769-b093-84814f340a43,1769616714038
c5bb5ee5-f169-4c62-a842-77a0e0793c4c,1769616714079
2cc0a212-37c9-4032-8ff9-d70ac3b9d42b,1769616714121
99504834-c2fe-4150-884d-fd2e8875796b,1769616714929
664be571-ac8d-45e7-aea9-12333de520d2,1769616714970
50a268b4-b867-4e03-8371-82fa52536f92,1769616715012
be1f8789-2f4d-4ea9-89da-154e7a58894f,1769616715054
0b4285a4-c6ed-48f2-808d-2c03a8f258bf,1769616715095
f5cd35af-7e32-448e-a24a-2b21171acf92,1769616715137
40002517-c050-4184-ae70-37d34edbc04f,1769616715943
2ed21c0e-7d52-4db5-9c4a-25b31f7c4af6,1769616715985
f1b2dd27-9269-4da4-a87d-cceed4717c9a,1769616716026
ba3df371-d12d-429c-a783-a7b34fce4dc0,1769616716067
3de058a8-8772-400d-af57-e318c916a4c4,1769616716108
ea5c3994-3093-4710-9e4d-df04ee362c23,1769616716149
4a9084de-8c85-44cf-9e97-43554b978a19,1769616717009
bf37ea1d-062d-4e48-93fb-1ec2301b0574,1769616717050
5a7eb82b-d7a2-47b0-8d5a-5e8d2a502d61,1769616717091
9a1059e2-9278-4a26-86cb-7172e4be8ed6,1769616717132
b9b8e313-84bf-44d1-bfaa-d83fc4aa36a6,1769616717173
e42c27de-2256-41c5-ab3e-b4a53fedd521,1769616717215
40e99ce5-37eb-4a82-bbda-57acc6a478a2,1769616718062
026b4efa-e027-4cfc-bc53-f20af1fc8031,1769616718104
3ff638d1-9703-42fd-825b-3a2efaa00672,1769616718145
f5a21720-4c99-4746-bd76-b668f8f20a5a,1769616718186
e9bcbc99-ad6e-480c-85d7-fd342f390c41,1769616718228
1f8b3457-4939-46f4-af84-5fec46ca653f,1769616719066
ffe02faa-27b6-4d9d-a4f7-ea1533f879b2,1769616719136
0a4bae7a-ecc4-4c6e-ac9e-7860d89c4882,1769616719178
8e911fd9-b88f-40b7-a6a5-0368006671d0,1769616719219
ad5dfbe1-3d2e-47b5-bc2c-a3f77a6487c7,1769616719261
f6f97c21-f1c7-4d58-a25e-960efcb5bd34,1769616719302
bb4090c8-5fa1-47c4-8d32-35b246c8df43,1769616719343
0c62a956-d85a-4656-b88f-881f83fddc25,1769616720098
fb77beff-e692-4f44-b5a3-2e4aca962ed2,1769616720139
167f04b3-f881-4150-969a-4b27b16f0e23,1769616720181
c2f8bf12-62fb-4a44-8c65-78a3d1818f5d,1769616720222
5d43fdc0-5716-426c-b258-3737552fba04,1769616720264
4d92028a-75f9-46ab-9036-22ceae62d66a,1769616720305
79b56dff-7896-4b48-898d-2594168eb4cc,1769616721123
939a570e-8935-4def-b251-8fd8c7624791,1769616721165
fbd90b45-f1de-4c5c-aeb3-88a56cf9cdfa,1769616721207
345f2ef6-f34c-4f69-8ff3-459447b9f30b,1769616721249
b00f13c0-6803-4606-96c6-65be0278ea87,1769616721290
f3586f18-920b-4a41-a6df-e8f9999a63e7,1769616721332
b8453691-d389-4747-9fe2-5d3a29649090,1769616721373
8af2bb6c-0981-481b-a49d-cce78465479a,1769616722159
d1bdb443-0256-444e-bd13-16fb7c9e6b11,1769616722201
3308ad80-a2ea-4d33-a3e2-98be9e8f7c46,1769616722242
999b7be9-b996-460a-b1f9-2b843bceffbc,1769616722283
f411df54-77e4-44d4-b293-66734bdb80c4,1769616722324
d41872ba-cf12-46f0-8c65-cc1da5620a72,1769616722365
8128c763-6fb4-49da-95f4-6cc1a1dc7b89,1769616723183
bcc04406-1c83-4062-81a6-bc373ea18389,1769616723224
532f9d79-1201-4044-8fd8-4baf9cfa4e0f,1769616723266
971ce801-3331-4c15-b2e2-65feb4056763,1769616723307
a3b662c5-932d-49b0-a4a9-ce7aaf40701c,1769616723348
e982721d-981c-4cc4-af45-86e56b640886,1769616723390
a54710ef-4329-4a94-b747-25af9601bb31,1769616724208
c82f7391-4f96-4171-ad4e-a9682c33f064,1769616724249
61a31fe9-e18e-4178-a68b-752803ef5798,1769616724290
80295f05-3eb3-40d3-bd9a-f615e554bfd3,1769616724332
6867c85b-2ad3-4195-808f-9457c7fc52d8,1769616724373
1f08a844-ef58-4c51-9fb3-136bde991b21,1769616724415
da04d919-2a03-4fc0-9212-751b080e4018,1769616725244
db6ada1c-e8cb-4fdc-b948-65d31e83cd3b,1769616725286
74c86bc4-1adc-41ee-b18f-ba890715e43b,1769616725335
b82b8f16-f336-4a8a-b199-b2503a20db11,1769616725415
6560a3cc-f0f5-4c0c-8cf1-4d367b8b15b2,1769616725457
4dd2c787-4507-44eb-9b72-559e08733ce7,1769616725498
a15add70-ee48-4e01-a1dc-8b2ee219594e,1769616725539
ad92e3a7-370c-4aec-94f9-ed9f1ca23f2a,1769616726315
9e1bc4a5-2c88-4f7f-95de-5eb61b2d2bcc,1769616726357
c8ce50e6-739a-45ce-8472-fd969da39647,1769616726398
d2f3e1b4-b0ce-4b80-a205-7a9192eda7fc,1769616726439
c990f0b9-a215-4620-bbdd-2c59b8d7660a,1769616726480
9825e2d5-a283-4bb4-86c1-4a8fd7cee3c6,1769616726522
386b377b-a414-4ec8-9ffe-e0c54613250b,1769616727350
b39505a6-b684-46e5-a3e0-e7bf31415ef2,1769616727392
d920046a-c6ae-4fa9-8bbb-e3dc0f42ced0,1769616727433
13f097ce-3837-46d6-b779-c19c67510a11,1769616727475
9df382d2-23f0-477c-b435-ac48d5851e52,1769616727516
8239479a-f916-4379-b92b-5eab5d398354,1769616727557
db5397c8-d8bb-4d40-8831-f12761582267,1769616728428
e096c546-5413-433b-a642-5520f6512561,1769616728469
dc41c95f-c4d5-4ff1-98ab-ba0ff15c6670,1769616728511
1884a0e9-86e0-4c0a-aad8-770092824fb3,1769616728552
d39083bc-15ce-4b93-ae5c-78a895b7c7af,1769616728593
91539c66-66c0-403f-be58-36905971772e,1769616728634
b0a57746-6c20-4d56-a97f-39905663e455,1769616729442
8d98a21b-3659-443f-a5a6-04faf01c4992,1769616729484
169a7250-946a-4800-901d-e2cffb9a12bd,1769616729574
6093689e-0e2d-48be-b826-88cbb76223e0,1769616729621
62a047ed-1490-4347-9021-93de3e55dfb5,1769616729662
77b1d9d5-269c-414b-ae5d-7d3f70786fe8,1769616729704
f70561ba-15f1-461b-979e-15748f7574ad,1769616730470
7093c4b4-183f-40e8-8fdd-8851900e8ed5,1769616730514
d47fc7ec-c15f-411c-9816-6fd0ecd64f4c,1769616730555
d34cf942-2e8c-49af-b0cc-2cabeebfca4a,1769616730596
aa6cf5f9-b093-414d-be3a-27e121d18fd4,1769616730637
9f5433d9-9608-4db9-b89a-f4ee24c733d6,1769616730679
84e8e270-104c-402c-bc13-61d928722d0b,1769616731483
c4e656e6-4031-4587-88cf-7e2dd4192a8b,1769616731524
5676eb8f-e0bd-4582-a890-c3a5ccb6ce11,1769616731566
31504376-87ec-45cc-88fc-acb7e678eac7,1769616731607
32a81993-24b3-4640-a420-8a2ca437288f,1769616731649
9dee219c-d59b-4f46-bd23-e529aef27c7e,1769616731691
056c6438-d7ec-4e28-9d6a-ad9df0f7fe40,1769616732507
8e22955d-3ccf-4b75-b5ce-c82d94cbde00,1769616732548
bd664dba-be4a-48b7-af52-735622eca752,1769616732589
59ddd568-2ebe-4e71-a732-9d028982914a,1769616732633
aa841772-8e91-43a5-bcb5-ed442b4678a4,1769616732674
59fc5f85-408c-41e2-82ec-a4d603f4d6bf,1769616732716
f1e82466-8799-4e70-9769-c59128bf2860,1769616733544
8558e8a5-7155-4ac7-a8a4-b903655085ee,1769616733585
4140fe4b-75d3-46c5-8faf-d74fc52d6e8b,1769616733626
0f38611c-9bfe-48f1-88fa-de040fbe1f1b,1769616733668
ba1b6757-bd95-4661-b12d-5598c54ad20e,1769616733749
2b09287a-f67c-4d81-a733-bfcd99ea21fd,1769616733792
2dd5cac4-5bf8-4304-8fa2-6d970f3da13a,1769616734571
292d376d-cf4f-4df8-839c-07765070926b,1769616734613
6a87e316-a021-4eeb-83af-241551ee8e58,1769616734654
b9adfd4f-8562-4b73-b7b9-c95886f6f501,1769616734695
e65d7f7b-ad7d-4322-a932-7f95e97ff339,1769616734736
94896413-eb33-4318-95bf-d2a0d4ee850e,1769616734778
9bd1ec04-c9a7-45cb-bf43-784fc06f7043,1769616735584
000669eb-9e2f-42ce-bd1d-3619c5afe54e,1769616735626
2cac06f1-4fce-43b2-b135-2ab5d1cb0585,1769616735667
7188eca8-f60a-4423-ac1a-a07014d77f3b,1769616735708
944b9cb5-0efb-4a1f-8bc6-8728742fe7d9,1769616735749
39d61698-90b6-4933-8591-96dd7efd1004,1769616735791
08c447a3-6754-45ea-a537-04427f704946,1769616736620
630b2b07-01a9-4e87-98d0-1287078e194e,1769616736662
da6c59c6-6e56-4b02-88d5-5434b99aaf01,1769616736703
f1caa860-7da4-4b25-9b3c-9652de7b333b,1769616736744
dc726d95-5d6c-415c-90dc-a1ea507b5c7f,1769616736786
06efe36c-407b-4474-96ed-b70f3a71bf66,1769616736827
62dbf27c-19a0-4ff3-8100-5314502558c5,1769616737616
d2cdc1d5-0834-410f-b8b5-118d22868b12,1769616737657
aeb56f97-80c9-4123-bfc1-3f1403cd0bcd,1769616737699
4d5e8f5e-78a0-4fe7-b2a6-35b5a006ebe1,1769616737740
bdf3b7df-1154-4865-beef-5f585a2cf5a1,1769616737782
0571a31c-bd73-4477-ba38-1177fc04d2c2,1769616737823
f1179e61-de64-4325-884f-e9cf019f87f3,1769616738651
fcb2ecd2-9670-420f-990c-12ab6f5c4978,1769616738693
517054bf-70d2-4620-adaf-c872d613feac,1769616738734
fd0a4f54-1a0b-45fb-bf74-d462d7116dda,1769616738776
4eff55c8-ec39-4ffe-b582-102b5db06761,1769616738817
98efc07f-103c-49ed-b776-eeaac260ea96,1769616738858
855a8432-832b-4b73-933c-694cf798362c,1769616739663
4e00947e-1e3d-4437-bb66-d1ed0d11596c,1769616739720
4d3851ad-afda-4101-8b72-c31beb054618,1769616739819
188f3614-7d38-4f59-8362-b772db2a6a64,1769616739861
ac6b0006-4f09-44ab-921d-8a81d8b5a3d6,1769616739902
465cb10a-29a0-4289-9123-17630435e0b9,1769616739943
b0c94b93-1551-4bad-90ee-7f99a927fa1e,1769616740701
2f0bfb6d-a426-403d-afe3-115c6be1ae24,1769616740742
ddd9b6e3-2faa-4b93-8155-acdd23f50178,1769616740783
795a767c-d1ac-4aab-83d0-67d6156a6d6e,1769616740826
75933381-a0c6-4dd4-a52d-5d744a81a0da,1769616740867
3b5a67f8-6a61-47f4-932e-8ca65e9bf611,1769616740908
2907bd61-fb08-451f-ab1f-f7c3f77b7bdd,1769616740949
befe4ecb-5987-41ee-8568-4ed1680eef60,1769616741779
a099ec52-1cbe-43ac-bb52-485cb7f9ae7c,1769616741820
1d0d0a66-65ca-4ac3-afe7-6cf74763c07f,1769616741862
faa6f856-0822-429c-b44a-469b557dcd25,1769616741903
4c6b7bb8-0f7c-4e78-8f84-647e5cf40598,1769616741945
5efd71ff-5de3-45d9-856c-d6a1d8258d39,1769616741986
0060a8c1-7c3b-4b54-a362-22c9f46c55b3,1769616742802
ead0decf-89a8-4837-90e8-e1c7cc7c2045,1769616742844
76e88003-3168-4822-bc5b-eacdfed636e5,1769616742885
5d372bd7-5a1e-4bfd-a1e1-58d4051e30fa,1769616742926
88148516-728e-46ae-86f4-52dccde55a7a,1769616742967
018547ed-aa00-464f-a361-0b445e29248e,1769616743008
8f3c3f24-06b1-4057-aaf0-650eb7d447f9,1769616743050
fdc8eb71-9e77-48a2-9073-b5ee6c7d4ca2,1769616743849
9e0c9b24-a144-449f-9a2c-76df18ee8de1,1769616743890
4addb221-1ba4-4336-b172-1510520e2015,1769616743931
6ffab4a0-dee3-48a4-845a-0daf372236e3,1769616743973
68108bbd-c597-4224-bda1-e23f6dbb9892,1769616744014
18edfde7-f3d1-433d-a41d-3a1f48164166,1769616744055
ba4573c6-3772-4e14-9bc9-ec7006eb1063,1769616744865
3445804c-9ebb-416b-a092-519884d7747f,1769616744906
8a48b26a-b6c8-47e1-a397-191e91748064,1769616744947
ca66235c-a4c9-4cdd-bb58-07fc04293189,1769616744989
6fab512b-6f52-4867-a1c3-1351706d4f58,1769616745030
f013bd6d-45c6-47ad-8ad9-c4b5e0c5e7f7,1769616745072
24bd0cea-6bd7-44bc-85d9-abc614cd5be5,1769616745113
ef8910e8-351d-4fcc-bd7d-3ff28aed1afa,1769616745952
36a31367-df5e-4406-9295-3db337d35578,1769616745993
546c35eb-d741-4619-bb37-8cf3506b5c3f,1769616746035
b72c2349-d8f1-4e58-bc4c-dac3644061d0,1769616746076
9329fddc-df09-4d92-809f-3aac76d910da,1769616746118
c7194cd2-1c89-4cce-bf6c-c08cee20e297,1769616746159
0f07bcdd-79c5-456c-bdca-db2618afd944,1769616746200
bf89ca81-bc7e-4b9a-b98e-075fe1991d45,1769616746242
9358bddc-5acf-4f07-986e-6c590149c3fd,1769616746965
b602a281-ea0d-4f69-b0ff-1660c1f03eac,1769616747006
e8ffe021-6323-42ec-ba8d-8e3a50d9da9d,1769616747047
92f82df5-cab8-4e54-8476-ebd0223c960e,1769616747088
e29ee562-d177-4cd0-b4ff-b874ee130e68,1769616747129
6e1e32ea-3669-44bb-860a-0ada11635aab,1769616747171
495bb1ab-d35c-4c20-97e1-9d0c79e31957,1769616747987
63ac9e26-1542-4cac-94c2-0b3537ca23e1,1769616748029
3c66837c-9ba4-463f-b2a7-6986a89c4492,1769616748070
18b4fe0c-806a-4d35-acd7-3d5ac8e77f32,1769616748111
17e4e14e-1eeb-4d40-992b-d90ae50a1125,1769616748152
bd242a0b-3e2f-4f23-9b7e-0c524b55ef33,1769616748194
98c66ecd-0b91-4859-b9ca-496aeeda853b,1769616749010
dd7bcaee-4879-4f44-847d-2d05af43adf6,1769616749051
7c4dda86-d9ce-4162-8c28-90e729d4e25f,1769616749093
d76d9eaf-166e-43ef-a951-d964272e24f9,1769616749134
82e8f1bb-1442-4fc8-993e-36d8e1aac4c8,1769616749209
b82b1370-e441-4042-892e-95d311d143ac,1769616749250
3c447439-f434-45a0-afed-9e4b93d695ab,1769616750027
19845c7c-c7b9-4591-8a10-77d3fe7ba24e,1769616750069
da037d31-0614-41fd-a3bf-a2a724080b7d,1769616750110
5482e8b8-be0a-44a9-994d-a68913ed5de6,1769616750151
bbfdf794-94a9-4904-ac45-3c04d2d33b60,1769616750192
5ee8d2a6-c4a9-4782-afa6-ddc9d9a14399,1769616750234
34dda623-0ecc-4b74-934a-ccbac3d79424,1769616751052
eb213b47-ff6e-4357-bd8e-56c4578dbc2e,1769616751093
6ab6c276-603e-4fc6-a66c-6d32f0fc8219,1769616751134
3a7e1a45-aed9-4d28-9bdd-1e774d389d8a,1769616751175
3a2657a3-ab33-4763-95fa-9002f0aedcc3,1769616751216
3481af1c-6098-4fbc-a56d-c83899a6f0e8,1769616751258
6d660c1c-b218-4e00-b438-506900556a18,1769616752063
e6b3f6a7-f073-4efb-9140-f65e1cd60505,1769616752104
0dbd6f01-4d32-4b42-aa41-34b3cbaf82e1,1769616752145
fd091b34-6f5d-4c05-99d8-65b53db5c295,1769616752186
8053f930-706c-4a5c-9080-5e7f4a067b2f,1769616752228
de26e176-879c-4e12-b534-ac71535398e0,1769616752269
34db0fbe-6041-44dc-8352-3617dd862f8c,1769616753099
965a6520-4052-4336-a7d9-5fd5c73272b4,1769616753141
08e42725-e663-4580-9854-4fcaf1db1d3c,1769616753183
7ba41256-9eaa-43dd-90f5-2f9408eebc0c,1769616753224
073a3d9a-d22b-49a2-8899-bebd7100b4a4,1769616753266
e52254e5-4f17-42b1-af53-42189c45007a,1769616753307
593889f0-4ff2-4307-a202-729185daef6b,1769616754123
21dcfc9f-49db-476b-b28a-8e1ca37877b0,1769616754205
80774609-5490-48e5-8dd2-ddcd18a0227b,1769616754248
34110222-3b1e-4702-bedc-4b7d2e2b3153,1769616754289
ad9d0777-cdff-482d-b5b7-5a6b379fa9fa,1769616754331
1a8925b0-2ccc-4496-bdaa-1178f00d004f,1769616754372
1dbfe2ec-2865-481f-af38-bc2e055a92c6,1769616755148
2b27405b-2477-4c1c-91eb-8ed326219a1d,1769616755190
d21204f7-3cc0-4c90-be5c-f7aeeed3be3d,1769616755231
8b4ddb16-aec7-443e-b67e-38f70eb8c7a7,1769616755273
62978119-927f-40f7-a120-822e8e22f219,1769616755314
9df0a34c-8a09-465a-8864-c66f5fe2ecef,1769616755356
53fa6ed8-17a6-4e58-9dd5-c950998f534e,1769616756198
3a94c9d6-de97-4ff5-a591-b5622f8be3e8,1769616756239
3ee01e23-0125-4afc-a3b6-13b67088004b,1769616756281
2117b9f3-d10b-43be-8938-2e97c00dd639,1769616756322
5a234a35-5a44-40d0-8cb9-31b3aadaa56a,1769616756363
71511928-cdd3-4b2b-80ce-416c18da354d,1769616756404
1d636c9b-08b3-4a32-a1ae-265cfeef2624,1769616757190
13a3db8b-4d27-405f-ac50-d9dea763eb65,1769616757231
dde256c9-d2af-46e7-b394-882cb92e7867,1769616757273
fcd9ef7b-bdaa-4926-b43d-ece2b3d248ff,1769616757314
803ce516-e309-455e-b13f-f27ff5288374,1769616757356
72c7f646-e661-4959-a8c6-f79f5bfa9104,1769616757397
c8d752d1-524c-4a51-b9a4-28bfe4516f52,1769616758218
673d1607-7e57-46e4-988c-39a5d6dfca9e,1769616758259
509ad4f9-3cbb-4667-8664-442fc62020ae,1769616758300
3cfdfcab-6b93-4cfa-a5d9-ffbf8e45c95d,1769616758341
f4082ce0-bff5-4e22-bf23-ebbd0947f553,1769616758382
34007d38-2d54-4520-b564-4ec981c6bdce,1769616758448
9569aee2-ec5e-402c-9215-cec4b593fec2,1769616759252
55738659-f627-498d-8dcf-0fa0ef28dfc9,1769616759293
c08747f4-e6c3-4105-b408-68a438f11a03,1769616759334
d4469fe6-eab5-4ef9-80f2-2209b639fefb,1769616759582
05f63946-bc14-4499-a1d0-513b7b313611,1769616759623
b9a078ac-a934-420b-90a5-c8ae7c18206f,1769616759664
85b44aec-2724-42d1-af16-a7c97815f17a,1769616760276
b20f3e86-b19e-4175-924e-1ba6aaff3081,1769616760317
d7c09e6a-3ea6-469c-b30f-f81ef820aec5,1769616760358
ca97a7ff-f309-4444-828c-620c52a167a7,1769616760399
dd4f19e7-94d7-4873-848b-69d7171d2557,1769616760440
94ed152d-fcd4-4038-a078-2e969d99ac00,1769616760482
e81733f6-fb76-4be5-a2d2-152871e96ecc,1769616760523
54645eef-86fd-4426-a563-718e664909d9,1769616761310
fbf1a1ad-eaeb-44be-96ba-c133ce0ee350,1769616761351
c1eb141a-fb29-4fea-bb43-3c585c1a9540,1769616761393
3c7b7340-1a24-489f-9f11-f890d887bb54,1769616761434
8e8d679f-79b7-4113-9741-e2052c22472f,1769616761475
90a3f1b2-a336-4182-9009-cf000c8e1305,1769616761517
45c65ec4-3dd9-420a-8593-45476492eba3,1769616762339
287bd7fb-33c2-4c27-b5fd-33d7088946e1,1769616762381
03967c34-76a3-4571-ba46-81b6baeaeac0,1769616762423
3b703854-28d5-476e-8396-83dc588cea94,1769616762464
b852057d-98ad-45f3-a090-0a85b237d699,1769616762506
a45552a8-7125-4d9e-96d2-f710e4fba1cc,1769616762547
9a2a6325-e2c9-47ea-aa1d-edc37e964246,1769616763366
40298868-8cc8-4874-b076-24492ddcefc6,1769616763408
ab763509-a37c-4efa-bef8-c8dc924575cd,1769616763449
9049f74a-551f-4cc7-86ed-1059756829dc,1769616763490
5bd3ce35-8097-4cbc-92af-eb11d0863f58,1769616763531
cf6b10d2-5c48-4eb4-86dc-f304ba19adfb,1769616763573
b3d7bc88-6530-4205-81df-b3ea47cb2252,1769616764402
6f1a80ae-5889-4133-b3ad-3cb164b425fe,1769616764444
868fe387-48b1-49fd-b6d4-d86e56579d27,1769616764693
6ce2c9ef-8774-43fc-ab76-7c5ad5cb4af8,1769616764735
5a639db1-3567-4df7-a978-bda07d0db01f,1769616764778
12eb5f18-a175-4b75-8acd-f06cec44d216,1769616765431
c12d60bd-77f7-4e4c-b107-3421b2b0db5d,1769616765472
d49400b5-c6e6-48fc-b123-14d9b2b91d03,1769616765514
a0a53e8d-d2fb-4521-af15-78b49daeede4,1769616765555
546f222b-8de3-4129-b000-994048d99569,1769616765597
56ee782d-6d9a-4925-a7da-4bb16fcd91f7,1769616765638
c7f4d3ba-a3b3-4cb8-872f-968569e527a0,1769616765760
2b5f7984-7da9-4e84-9bc1-78d44f37cc78,1769616765804
bb9c0374-5ebb-4ed4-ab6a-04782df3f0b5,1769616766433
1a658217-89d3-4354-a2d0-fd366d515c2b,1769616766474
ebfd2287-1a27-4204-8fd9-251ab9e69be5,1769616766515
67de1916-7347-4a98-89c3-f1cc3031014c,1769616766557
6449bf88-603a-4818-8824-101df7875355,1769616766598
98b0966d-2ded-4fb9-9d44-c36be0968cc2,1769616766639
64d145ef-1bf3-495f-a8e2-12a3261effc3,1769616766680
a7212e58-f947-47c6-9ef2-d2035dd18ddb,1769616767458
587e1f7e-e479-4bb0-9ce8-3b06a9f19484,1769616767499
2d0b686f-f7f2-4b18-b3cf-ffc16bcd2705,1769616767541
37bc0acb-f7a4-4577-b0ab-52eecfa534b2,1769616767582
364bfd0e-af5d-4402-ada3-6647a60a4dcf,1769616767623
3d7f573b-1b69-40d0-8f77-2604a08f3ced,1769616767664
64f017f1-233c-4d69-ac09-6dfdba168278,1769616767706
06d155cc-5b57-4c0d-ad39-aaeb9dd88ea0,1769616768502
e03243b5-e2c9-4101-a4ee-74838559aecc,1769616768543
15f47892-d1b7-4f80-a826-5e54e9e60b2b,1769616768584
ca3616f7-d3e4-4540-846c-22f2ef716be7,1769616768625
8777fb9d-f2aa-4044-97ea-91ff2441d20a,1769616768667
946d3c50-ff50-4265-b5d4-41ef190510d0,1769616768708
639b316c-2a7e-4bd9-9c68-c3fbfdfd64f7,1769616769523
bf3b8c7b-5ba6-4bba-a238-dd3d374ea108,1769616769565
30ce6e61-7886-45d3-8a99-b2decfb60f03,1769616769610
c9bf2f8d-f50f-40b0-9234-fb06dc3e2136,1769616769880
865adbf7-c84a-4473-a197-0dd69826b88e,1769616769921
32fcc996-b69a-42f2-96ac-31e0963d67aa,1769616769963
5c29ebc1-5925-462f-9b5e-aba5219f8dfb,1769616770575
dd92f8fa-d647-4dbc-bbe1-aacb25c96432,1769616770617
81efea6d-e93f-4334-b023-efec0f56cb6a,1769616770658
827356e4-d3db-47b7-8617-a8f32e72d649,1769616770699
fe00e388-fe06-499b-9405-2aa0daafaee5,1769616770740
ccae52a5-11b8-4de5-a147-a74918087966,1769616770782
b3a13e6c-a261-4912-93c3-c1a5d159cef6,1769616771598
0d20df27-367b-4bf5-b0b4-ae6a992bd691,1769616771640
69ed4d50-7488-46a7-b9a1-dff2f50ddea2,1769616771681
2df7c6b7-6a7a-409a-8027-1779e1fb0cc9,1769616771735
c2aab9ee-15d1-471f-a721-f1ed6b15494b,1769616771780
f8dfd1a2-3b2f-479f-b2a6-09698011e982,1769616771821
2210d520-10c9-4dc1-a0f0-ec3dd1332766,1769616771863
e7375c76-eb9f-4740-b6c7-4e09e052d091,1769616772647
027e2eb5-55b0-40cf-8b7a-830a3cc32fc8,1769616772688
ce301ce5-6808-428f-ac27-0d1fc433302a,1769616772730
fe4ae2e2-3593-4d22-a541-60dd67336db6,1769616772771
8edc3ec5-c0d4-46c6-acb3-5387751287f6,1769616772812
3b0be61e-818a-4934-8d7f-5975253b97dc,1769616772893
439eddce-4386-4e40-af48-2a14b7a71f3b,1769616773665
1388a847-e473-46f9-8b21-9f05ecbb1672,1769616773706
c2f4d8d2-8ccb-4885-ac74-88f7cd842423,1769616773747
1747ee7c-38b0-4e13-87b0-c24cdcf27935,1769616773789
7de5035f-f743-457d-8d8c-9094ca733df0,1769616774751
251881e7-ff94-41b6-84f5-43704379fa60,1769616774792
308d4498-9d4c-49d4-b561-182b9955d89e,1769616774833
19de523c-d54b-40b8-ad40-fab11d09eeb4,1769616774874
633b62c7-e8ab-4c11-abba-50c7718e326c,1769616774916
0d8a4fcb-8905-4e4a-b6a4-3c4bcab94cf3,1769616774957
e9e0b299-1a4b-4df3-8be8-3f2234c6365d,1769616775755
2653c3bc-24a3-481e-9ee5-292670d18ace,1769616776003
35c14628-1f50-407a-ba6c-db42bf9d04ea,1769616776044
4694283a-46f3-4a71-8c47-d5ae5378f4e3,1769616776085
d4b9037a-a98b-406c-8ed2-083ccd353cc7,1769616776758
c89e9992-4068-43c8-9384-db4f52015ff2,1769616776799
a5ffc568-4e7b-4cb5-9e05-b23d8dbcf530,1769616776841
90e656cc-aeb1-49e2-a3c5-387d4224a28d,1769616776882
6487ef20-70c1-4a57-b16c-735d80558a45,1769616776959
5899d480-b4b0-453b-8053-a0a5c60da83c,1769616777000
808abae3-62c7-4011-8937-4b97e0028e0d,1769616777776
47899015-9db2-44cd-8dd2-17ad352f211d,1769616777818
ae05075d-643f-46c3-ba2a-d18985c9bdc3,1769616777859
11b794eb-232c-44c9-97fa-74fee0110166,1769616777900
54b8d6f4-a675-486b-8ed5-7ee0d39939a9,1769616777941
2d2a3317-10e7-4056-9789-4172fed9e946,1769616777982
0f6b57f5-fa0b-49bc-8501-265a3e22d80f,1769616778820
08a1bfba-aced-4615-acae-b733a4a1d6de,1769616778861
06b3630e-9798-4075-b9e0-2f83d2754f94,1769616778902
f70bb0f7-6603-4a61-8f12-7f2e6625475c,1769616778943
885424be-9f47-48b9-b42e-9e605cf10cee,1769616778985
57e5b9ab-ea66-424c-882b-4f8035ba3ab8,1769616779026
22f5a1cb-d131-4c41-8dc9-2b221043b38c,1769616779853
68447a52-8843-4fbe-b190-2cc96de10a8b,1769616779894
5d0de186-ed40-4ef1-b147-376d9f8dec4a,1769616779936
75a31ebb-83ed-4199-9778-8d0e1b3a5be6,1769616779977
8599a3f8-9989-4e01-b305-6312a5e87b56,1769616780035
a291833b-2402-477c-920c-4bab006762b9,1769616780089
c5ead9ec-d35f-418b-ab21-4ec543b55526,1769616780865
dc8352b3-6582-4f8f-b0c7-05e3cd81a6be,1769616780907
f2a284f6-3094-4354-a61e-20f91f03605a,1769616780949
50d4aba9-a2a0-4e33-b831-9cbe1a1456ac,1769616780990
d66387a1-9592-41a4-8852-31bb7ba4f2dc,1769616781031
64c99001-99ff-477d-806d-aa9c1056aaae,1769616781073
6156b05e-3159-4ac2-9690-912b4e8c5855,1769616781890
a6e0a62c-b44c-47fe-aa16-32ec8dbdb54c,1769616781932
c24c47d8-23e3-4652-8c91-9f8071aba05e,1769616781973
423b305d-4722-4e1d-a83e-b2c266603326,1769616782014
71616ddd-c7da-4436-a718-97cec434e4c8,1769616782055
5682e704-6152-4cfb-8ccc-e8df20734dba,1769616782096
c045fd0d-bf38-4130-b6dd-638d6aa40837,1769616782956
baa9981e-ddba-4bcb-b0f9-f8c1dc296dbb,1769616782997
e8e91109-34f8-4f14-8a27-3e4035503a4b,1769616783039
5749d043-0381-483c-bdbd-c4e0bcfc1239,1769616783080
53abed06-215f-411e-be32-6dcb08a55806,1769616783121
7a84fca5-3021-47be-9767-6b9c21c0c118,1769616783163
6198b74f-3a94-47a3-8270-eacf2947c9f8,1769616783997
99737112-b076-4ea7-ab84-da345103ad85,1769616784039
974eee8c-228e-484c-b4fc-ffdc7d7e969d,1769616784080
80f2b43f-0077-41bf-a2fc-3e858b99fb2e,1769616784121
d75ab066-63cb-4ed1-89de-c7b7a245b1db,1769616784162
761b30bc-d4db-465f-ac51-620afc74718c,1769616784203
23d0297a-2ffc-47a2-bde6-eaaab130a5b8,1769616785013
53c53ccb-d342-4460-9135-b413d2c1740e,1769616785055
1b823885-c23e-48fe-b363-5a57dd2a2b27,1769616785096
4391f3e7-a710-47b3-bc82-c58ac086581e,1769616785137
f76e9e64-9f3d-497d-aa91-69519103fc70,1769616785178
68630c6f-9f71-45d8-9835-58c3b8d1fd4d,1769616785220
0d5bfd78-3d9a-478a-8854-6897fc44f377,1769616786036
607ab39e-63e2-4205-99b8-e52522106b86,1769616786077
58030b8f-2f8b-440d-b39b-f8ae2e69bc89,1769616786118
44f1775a-4093-4abe-8621-690ab88b51ed,1769616786159
ac605341-23ee-416e-9150-3d0984099f84,1769616786201
7dbf74fc-681e-4935-821c-8636638d98d7,1769616786242
f47438d0-ca30-4440-a040-fc16b3ab7c48,1769616787071
4e4b63d6-3094-4b9f-8135-cd01334e4491,1769616787112
a77b1a31-267b-4eec-b7bd-ebbe1f5cdb74,1769616787153
f91650d1-4735-4136-97c7-5d4201e5ec7e,1769616787194
d2b8eb6d-3a52-4917-8124-d4f8d3dda7f4,1769616787260
a4b1b3dc-cb8e-4b27-8c32-656df210f3d9,1769616787301
a8a4b9a4-cd47-4c2a-bd05-53728fdd1d9e,1769616788106
c269abfc-ed86-4588-9304-9439f5a0cdd9,1769616788147
62bf53d9-fcf9-45db-8ee9-bcd877d88648,1769616788188
392a0f68-0cf6-42bd-9c13-0bb7b381cfa5,1769616788229
4792caf0-e920-4e91-b5cb-c06f41f76098,1769616788271
d8fffbbe-2a70-4160-864d-2614f1577c46,1769616788312
cbe6e9dc-f2d5-4721-8cf4-a079083f3963,1769616789156
cb9c519e-c415-4c8c-97d5-fd90de7bac43,1769616789198
ff9abca1-40ac-43ee-a0e7-5713efbf7bab,1769616789239
ed413927-4b49-4311-a42e-57237eb3177e,1769616789280
686979b2-59af-41bb-b3cb-deaf1eed8a50,1769616789321
2d649bed-a762-4a6e-9a7b-7fe2617a0c52,1769616789362
dc18f8b1-8b3e-4364-88a7-264c7f1138e0,1769616790169
365301df-821c-4f0e-a36b-4b53e1bc6995,1769616790210
b9d1c69e-5143-4d79-8425-076416d4e784,1769616790251
bd5450b0-87fc-40c9-a652-3c524c96f10d,1769616790292
2062c6b0-fb09-4c40-9fde-e69560232786,1769616790333
f4012606-0bc3-45da-9046-f6d7f055ae6e,1769616790374
0a95ad0d-193a-44b1-bf00-2d32f8ef84c6,1769616791181
8abdb3fc-72d0-4285-80dc-e7314a944c95,1769616791223
b50113a7-fafc-4f54-a3dc-7dbf4d35343b,1769616791265
f686aa28-9df6-4d45-8495-3f795bfcf823,1769616791306
2824d1cf-f15e-448c-9aaf-7c07842b2a84,1769616791347
63d51ddf-0e89-4f91-8a6b-64b7462b4edd,1769616791390
a882676e-a6de-4bf7-bad8-9d67bb11c11c,1769616792214
a8a0b3f9-d23c-451a-8777-af79cbd7269b,1769616792255
3081f4a9-9221-4586-bb91-2956001ab7f5,1769616792296
7c888e52-8f91-4b64-baef-9484ecdf17fc,1769616792337
01731cdf-adbc-447a-9ceb-607f144eba92,1769616792379
e4ebf7a0-a29b-4669-a74e-43fac8451a5c,1769616792420
7efae0ce-5649-4400-a786-44fd8c325efe,1769616792462
c6c1cf60-1f0f-4647-b90a-2d2b9db5cc06,1769616793229
05d395fc-c5dd-497f-94ae-be0174fd4445,1769616793270
20c012ee-4cea-41b2-b4be-69adb5d69d09,1769616793312
f2fc0e81-4bea-47a4-84c7-6ae0776fa2e4,1769616793353
00b29863-5ec3-47a2-b23b-853c77490ad6,1769616793394
c8486e15-0895-4963-a904-85de07446720,1769616793435
91637ffe-b2c6-420b-985d-59d717031a9d,1769616794244
5bea8e2b-c284-4249-81f6-e8547dd460d7,1769616794285
a62b3829-8b3c-4783-9c0f-e232c695d39a,1769616794326
dda037be-2c7c-4dc3-b727-5cfa0540814b,1769616794575
0bb27b71-7888-4f5e-911d-ed11b2102260,1769616794617
bd85b729-f5bf-4b29-8bcc-eb1212e78f08,1769616794658
6364a02e-afc3-4072-8292-1e7cd0543c1e,1769616795290
67be7ea8-bed1-4d61-9fb0-4db097fa94d0,1769616795332
4e252d65-cc4a-4ea2-9867-c038ed908323,1769616795373
5f0c7b13-780a-4800-b084-f25276bcbdd3,1769616795414
a1ba3f0c-982c-4427-92f8-d11bdad9b5c8,1769616795456
7cb8d759-0123-4987-b289-0b5ce1bb8987,1769616795497
c4880f37-2a15-4199-8f1e-132ce0b0091e,1769616796318
28ec92bb-fe6c-4f7d-aeb2-e6cd575ba7a4,1769616796359
f5275c6c-bbdc-45c3-98d4-36f7e872859b,1769616796632
26128b10-64a7-44fc-b870-48f4b0a884b8,1769616796711
3e657d0b-d6e7-4c51-9744-43908551c42f,1769616796753
f93e56db-e957-4209-aaf3-4a2cc0c97e95,1769616797344
c6961e65-9079-46c8-9440-fce65e1e2474,1769616797385
d66e35c0-b3c7-4a70-8ade-5be618a28329,1769616797426
1e8aa26d-346d-449f-9ef3-2c9f42b030e2,1769616797467
9fc0024f-f32f-4553-adf1-e3dfcdd5e063,1769616797508
57b2f0e0-bab3-4ba7-aa20-b05098df6dd2,1769616797550
78e35a45-5f86-4045-b46f-813b18067e0d,1769616798387
094b84df-0abe-47d0-9d3d-74d4c8b9ed57,1769616798429
a8124c65-10da-4d0e-a52f-9a78da8b5701,1769616798470
57ea5cbf-40c9-401f-9276-c8a8239fecb0,1769616798512
4ab65602-2ce5-4688-86f5-e3e5bbe0ecd0,1769616798553
605bb46c-afc8-460b-9698-6d31bb4bdfa9,1769616798595
e45f3adf-d434-4c1b-9a94-ddd3961fca47,1769616798636
ffd46371-472d-40ca-bc1b-914fa2ab65ef,1769616799442
3411e065-8a1e-46e2-8618-4e9a9869ce07,1769616799483
bc6ad75f-1d16-48dd-ac88-909c7e9c2ebc,1769616799524
2bfec585-721b-4f9f-b4f9-f46c505a6eee,1769616799566
f4359f83-b32c-46c6-a6f5-92fc4ecbf300,1769616799607
b6d44051-78ef-4783-8158-48367d9d7ff7,1769616799648
63c473ee-bbbd-41a5-976d-aa257ee193e0,1769616800476
cb11c744-47b9-4db6-b97f-21d8db16cb5a,1769616800517
0fd252d5-c972-46c7-aa07-88c24a75ccad,1769616800558
ef58f539-819f-4589-8c43-caa86da23106,1769616800600
4f5a153a-de96-4a32-adad-f2d09db3afa1,1769616800641
0e0c9b75-a34f-4f32-b8c5-7aaf7e8bcb11,1769616800682
b4a9e130-c333-4d49-95ec-907c335d56ae,1769616801518
b61ecffc-17b2-479f-84f9-9392caa8a887,1769616801559
bef8a792-96cf-42a1-ae9c-96e6451e74e9,1769616801600
cf1f1d48-d1c0-4e8c-bffd-37632b9bfa6a,1769616801642
bc6ef7ad-89c8-4a2a-952b-252f4e81b808,1769616801683
0edfba76-c381-46f5-8ef9-14680bad84ba,1769616802560
473aaab1-23b0-4f51-889a-d783f4612e94,1769616802602
8f5fb83d-9c51-44ea-b5cd-052e5b9ab033,1769616802643
9cff2964-aad1-4a19-9228-5fd542ca72b1,1769616802684
eef08971-56f1-4d1d-9fbe-69641c0d8b7b,1769616802726
5d8fd327-192d-4a03-834b-8aa74a32c31f,1769616802767
711f3add-3ff3-4043-bf21-198f998bbf7e,1769616802808
b07bb686-87c4-417a-b5ab-06f4631e1f25,1769616803583
6a50b835-3c14-4e7a-aa3d-4697cab6e36e,1769616803624
0a2f5a6a-48b4-4590-897b-0bcb7e6702c2,1769616803665
321e2093-216b-4df1-8f9d-1e9f4a96aaf7,1769616803707
b8f30f63-9e66-4087-aeb9-bc5e1f2f64df,1769616803748
f1c2db17-7a80-4f17-9ca2-8e23f4161ed8,1769616804587
478e020d-bfca-419f-ab85-9363c64cc61a,1769616804628
a0bfd703-15b6-42e5-89de-b8c5a5987068,1769616804670
bf04b8b3-385a-49d2-97d8-4916167b5df7,1769616804711
9db7f7e3-4191-4a6c-a8db-a7eb3dd05819,1769616804752
ecb6f960-724b-47fd-979a-a7fcf75ce057,1769616804793
4ef48627-436e-4486-b26b-3412840014ee,1769616804834
dc78467a-329a-45e7-a163-3486aa6a0d3c,1769616805677
ed4a104b-440c-48e6-9a81-42581ac1e919,1769616805718
e5937801-783d-45a7-8fca-1f2a97222b74,1769616805759
777b36ed-7d4d-4124-95ab-3c6350131efa,1769616805800
a8645361-caf8-4382-b196-a0d73f582314,1769616805876
fa66e3ec-e541-4001-b4f8-bbcc8ae3dd4f,1769616805919
afa01586-426d-4692-9571-0dce0f147e8f,1769616805961
0db08c2b-56b7-4641-9330-6398bb7be97f,1769616806716
d8a78158-5eb5-4192-9506-7e360eaabc6c,1769616806757
7bf5fdfe-cc71-4c6e-bc2f-d8f2822b8583,1769616806798
7c649e84-145b-4bcd-862c-b2fc60afe2c6,1769616806840
2dc22bc6-3553-4dcf-b8b9-b5ab61984d9c,1769616806881
8a3dc1e0-08e4-4f84-8938-600c530d3e81,1769616806922
2056d82d-8a5e-422a-a59a-707fba7bc7b6,1769616807770
587a6b97-eff0-4450-b71b-2aac63792731,1769616807811
09e37198-af9d-4e94-bf86-68e452c7577e,1769616808111
5bfa4db4-cf3b-4e91-871d-747d615fa167,1769616808152
941ccd25-5c30-4167-b6d5-d9da1671ab5d,1769616808193
10887cf0-9bec-45ab-8141-79649240c9ad,1769616808235
dee2af86-9894-4bc4-9be3-7e8821b1e445,1769616808483
c800ac14-b962-4180-96a9-306b738a244a,1769616808815
a059022d-9549-4717-a0c7-4c7fa88e7b36,1769616808856
48bc0042-e370-4fbb-a65f-c41c2e72360f,1769616808897
3c35b4c6-ee0f-4a38-8c00-e696bc3c1ad8,1769616808938
ba95ac38-f446-4b28-bf41-c37312650d19,1769616808980
d261e06c-1808-4696-a28c-0db2e1811fb8,1769616809021
cbafa183-cce1-4256-a37b-5a833b103118,1769616809820
4c804227-2a30-4d4e-b39c-bbd649eec4b6,1769616809861
f69017a8-a15c-4107-9e79-a62860dfddb3,1769616809903
feef3718-a6fb-4c95-a93b-5ee7562f2995,1769616809944
a1fbba79-7dae-48cd-ad04-98f6f3671f49,1769616809985
f037e185-19fe-41e9-ba55-adee3b0cf0e5,1769616810026
1ca8b473-b258-47c9-98af-fd23582f69d1,1769616810850
a66b6dc4-1123-4db3-a672-31e45ef4df88,1769616810891
6de28992-0778-499d-b259-a1beef083d61,1769616810932
8f01eb01-c6b0-4bdf-9d95-2fb50617ba62,1769616810973
92df9733-91c5-44cb-b0ff-132402dfba52,1769616811014
75167c5e-7d25-474d-acd7-2fb4398e178e,1769616811056
332cf81b-f224-4d13-a3f7-6a8a20cef924,1769616811861
5191da5b-3e1e-4abb-87ad-62968cdc04d9,1769616811903
49aa09e1-0ed6-4b5e-b9fe-dfd1bfe01db3,1769616811944
128aa2fb-62ab-415e-820e-7659fc51b70c,1769616811986
cbf3e987-b5a5-49d4-93dd-fbf45c98a150,1769616812027
a1c17d80-31eb-4299-aca8-6f07cb0ee37c,1769616812069
22e8c358-ab7b-40ba-9488-69222cbf5a61,1769616812110
aa7eea25-6a40-4a41-827d-8ed7f101313d,1769616812918
4696f1d3-ab2e-41ce-9e3c-362e63a5f444,1769616812959
e43479e2-af26-44de-bfa4-0bd8876cc7ea,1769616813000
85c99b77-0820-4f03-bc90-a61e6baf0a6c,1769616813041
db420986-63cf-4840-93f9-1031530302e8,1769616813082
806f023e-8234-475c-b1d7-7a313ffcbf33,1769616813123
13616b49-17bb-4053-af46-9c3ace22f9a1,1769616813934
3ab5e356-883f-4d34-801b-251f8accc8ae,1769616813975
800ca715-bdd6-43ca-8f22-6984fbc197f4,1769616814017
93bf4568-90b1-4202-91e2-7a435159145b,1769616814058
5b1e4f65-dadc-442e-b5ba-a1787cd18b1d,1769616814100
861a3e26-da44-4e1a-8b37-970d132f50bf,1769616814164
783fc927-c8c7-4f01-805f-8a3831e777c0,1769616815016
1457f180-8722-4122-ae48-2c89837a527d,1769616815057
4b2a2150-1b3c-43e3-92ab-4c72e2a1da8b,1769616815098
08ebe30d-0829-45fe-80b0-018926ca0e6a,1769616815139
8acea13a-a40e-4dc0-a21d-1a407bb8f75a,1769616815180
180851b5-964e-43ed-b102-2073e216f498,1769616815222
1fbd8e74-5bd5-4ba9-86bf-e605cdcc4a06,1769616816021
f933d994-418f-4608-a1af-ad235e6b6e3b,1769616816062
10fc2a1b-f215-4a7f-a083-01dfb8013f4d,1769616816103
6477cb72-a43b-4eb2-854b-6a28959038e5,1769616816144
97f14aae-8938-4001-9a82-12a10e6260d2,1769616816186
098e6238-666e-47f4-91f2-c0032b7f1fb3,1769616816227
6df365cd-1636-42ed-be65-2be592780c9f,1769616817034
1c3ed2bb-700e-4240-9058-4adc1165bea3,1769616817075
786b1253-f78d-40b9-8594-2394ffd8f049,1769616817117
cdd84166-8733-462b-9953-b7b2a8aa5727,1769616817158
c4e1aa6b-8d83-4867-aac7-2a01e646f6fa,1769616817200
09679e33-caa4-4927-b5e2-169db1fcce73,1769616817241
771f8cc5-6d75-468a-a7a9-09261092b918,1769616818050
c9893b10-d71c-4b15-a36d-e47ca53c917d,1769616818091
242f89bc-f060-4e7b-a51a-578bcff2b3a8,1769616818133
d8c76716-504e-4f8c-aaf6-edd8dfe4d6ab,1769616818174
8312a532-7c77-4e59-93b3-eb48738bbbb0,1769616818215
ca605f70-1532-4578-b00d-eff65d82877a,1769616818257
c6498c65-e8ec-4668-8ac7-46012636a8a7,1769616818299
b9328e31-529c-43fa-9639-60984f5db4c6,1769616819086
ecbc5c8a-df0f-48ba-9e3d-4fd0f44f1f73,1769616819127
34979913-b10d-4458-8169-92659981a691,1769616819169
23f727a1-f91e-4cae-a714-872496c73ebe,1769616819210
d166c7fb-ad51-4a74-a125-935641698b6e,1769616819251
df9ee35e-4798-447e-800d-d860337985a3,1769616819293
5624618c-3633-420b-b6af-df0e8cab23a2,1769616820109
11535fe4-8484-471a-8ce9-1dfe0e5c3f2f,1769616820150
878b15b0-feb4-449f-8922-c7dc8b897bec,1769616820192
75fa9a03-f207-4029-9cc4-e299d8651090,1769616820233
8c53134a-5e1e-46cd-838d-52cc7723a5a5,1769616820274
07f29bd5-d518-469c-a4cd-afbae76cd815,1769616820316
586e30cf-6e79-4d1a-9ea7-d66e13b2dfb7,1769616821145
e5e81805-9b22-4003-8f76-48960ad2f8d6,1769616821186
bc68f132-fafc-4c15-ae4c-f8d43a83fdff,1769616821228
32ffdc41-de88-4b68-8243-9f9f373ded7d,1769616821269
c0a92142-5802-451e-825f-0aacf08a19d8,1769616821310
e0f55b37-ba40-4e63-9397-39f2188dc4c4,1769616821351
ef3e105f-b748-49c8-bc8a-2fd084a5b55f,1769616821393
5c970301-1bc2-4cfa-bea9-d807d229e8a8,1769616822177
1cda5687-62cd-4cb2-8ec7-e6821bb35617,1769616822218
490eb27b-bedc-4603-8591-bcc808b60169,1769616822260
a1001674-c7e2-4239-ba12-63373689d4d8,1769616822302
df030280-352b-4c71-984f-266927816b6b,1769616822343
85443289-86d6-451a-acbd-c0356fe6a0a3,1769616822384
fa03b5a9-8e56-4462-8466-1be585998ed6,1769616823171
66b14efa-d8b1-47c0-b52d-b57e69e3668d,1769616823213
1b6c5762-8c37-4e7d-a12b-251a88644647,1769616823291
bc5a4f16-a88e-4a40-8f8b-b97500cf143e,1769616823351
e18359d3-fe55-4c82-a46a-8dce7763e156,1769616823396
aa3e7d2e-1f40-4cf2-9ceb-6e8872db8e07,1769616823437
248ff7a4-fa47-4e49-8578-1beb37cdfe83,1769616823479
0fb78a71-dceb-4477-a5e8-1e56bfc3b94b,1769616824182
a15945fb-e15f-45c7-8b9c-488b27b314eb,1769616824224
136c6249-1e8a-4b24-b048-bf332bd299ab,1769616824265
05d2e7aa-efb3-4f2b-85d3-485f8d3b5ae9,1769616824306
48f272a9-f874-4de1-9e28-4bdcf63d2b19,1769616824347
7bc89c1d-d660-4126-9c17-046777b21311,1769616825187
d68d7575-59c5-476c-b191-4b14926dfa2e,1769616825228
1c68fa61-b1b0-40fa-aa81-8c6501e9dd12,1769616825270
1a990ce5-e947-4b2c-8967-558d62bf6211,1769616825311
43b07a9c-0518-49a8-804d-29f53fb9f29a,1769616825353
6319df90-f91c-4008-8ca0-4e4d5f7f58b6,1769616825394
cba7aa6c-7c1f-4f90-82e4-50dc7aa85b09,1769616825442
16eddb3e-a4b8-4161-9bbf-8d4c7f21c4dd,1769616826294
be41adfe-52ef-4b47-a1a9-7d29acb2031d,1769616826335
d2d5e221-1b76-4b2f-8642-aa0f4d0495c2,1769616826376
97a5f25f-16fc-44d5-afdd-97d4cb5ab483,1769616826419
ae27da33-450b-4850-896f-ba7ee0ba3fbd,1769616826460
3df6776b-3d3a-4138-9fd6-e2f2e6cbfb2d,1769616826502
65e5c9ff-5219-40e1-84e8-07068bc5a8dc,1769616827353
20a636c8-3e27-40d8-9710-31ec24a53d2f,1769616828097
35285808-0e54-4d9a-9018-18e6ceb584c1,1769616828138
bbb45fd9-216c-4cd1-96d3-09031efdde16,1769616828179
b4061a5b-1f10-4f2d-af18-0c5f51be0261,1769616828504
edc915e9-64fe-4a5d-88c2-f5b3b7e5d66f,1769616828545
0ca34369-b2d6-43db-b00c-6684824a44eb,1769616828586
324969f0-bcd2-4c15-ba85-e9863431f826,1769616828628
682c7167-d0ae-4d65-9f3f-c71657374531,1769616828669
f31d3b12-c1a5-4515-9541-0574a7109d84,1769616828711
ad835cc2-c9d2-431a-824c-87f85b104934,1769616829372
cd47115b-3c59-4bb7-8aff-ad6225b61cdd,1769616829415
9ccc15a6-c301-4c3f-a481-8efa91704c5a,1769616829456
2a0612a5-25a7-43b9-8680-7a0d6dffed36,1769616829498
381bd1d1-1470-4662-a657-858e2d8cb877,1769616829539
efc91e88-89ee-4167-94b9-52567803b77a,1769616829581
dcd148c5-25b9-4c20-805e-7b906d69cb3a,1769616830428
a8c9a256-1236-4e0e-a7e1-f5f746fe642a,1769616830469
a976f141-e0f9-4144-a383-d9c4c2332512,1769616830510
e5975d81-ee52-4f7b-8590-653c1ffde9d3,1769616830551
cd2f3614-6a56-4939-9307-4cf96db31db3,1769616830593
a1288339-a397-404d-9548-eed766081bd5,1769616830634
e38e9391-990f-4124-a441-c0463e35c7fd,1769616830676
ea43bf8f-83f4-40e1-b8d2-ea735426d708,1769616831439
5d56d12c-9a94-492d-bc2e-4ef80aa91f5e,1769616831480
7f9d9f26-3671-49b9-a3f5-631cf4ab8082,1769616831521
177bedc1-f7a6-4dbd-972d-0fd472dcb1e5,1769616831562
bbcf0ef8-be7c-4b0a-af06-335c3c94f635,1769616831604
e7795bfe-aa7c-4866-8a94-49376d5e85dd,1769616831646
da7e9a2e-08ba-4026-87b7-0b16b2f78577,1769616831687
34efd330-b0cf-46aa-bbb7-8020dc13a480,1769616832493
d52593c4-a2f0-4d7f-9de2-835a44bd074d,1769616832534
c367c70b-38f4-45e1-b739-ea20f10786f4,1769616832575
c7cc4d29-c7d7-4bdb-b8f0-7d87e38b18c4,1769616832616
77f110c4-c064-412a-a22a-c7abb29b5c69,1769616832659
1b055904-226e-49ef-aa04-d6bdc4dad966,1769616832700
409d103d-e1f4-453d-8edc-bbb65b8c00bb,1769616833537
70664db9-d275-4835-8998-3498e64a7590,1769616833586
f35eee2a-ca07-421b-9924-0079dd1dbbb2,1769616833635
7383ccc6-11b8-4eaa-98ea-98af14e19908,1769616833679
85b883ea-b5ee-4a32-ac0a-3dfdeab11981,1769616833728
57fc4483-eeca-40fa-b62a-fdb700b90c06,1769616833770
d64bf140-5ba0-4b17-98c3-dd418226ff7a,1769616834581
1d9f79e8-bb96-425c-85d1-e80a16144666,1769616834622
51e0e156-ca49-4489-afa4-36ecb8ff61bb,1769616834664
2dcfb0e3-c2e5-490d-b54e-f040c749cf5d,1769616834911
e07c1dd0-e458-4c5a-9f9f-ba6e38ad6dfc,1769616834953
63516acc-a103-467b-8a0a-a8fb2f127f0e,1769616834995
7abedb21-29fb-45e3-9294-057923e337a4,1769616835645
2714ca1e-62c9-4129-98d2-27f592a3204d,1769616835686
c46eb1c7-33fc-4e5b-8035-f558b606fa27,1769616835728
d7a0a8a8-1e99-4854-a276-86b8eb99bc0b,1769616835769
2d65fad4-c7e5-4930-a727-b0e803612fd2,1769616835809
2e521ec2-603f-4e5a-94aa-99fd29aaec56,1769616835851
39081fda-fdc5-4526-922a-b9a00a500bc6,1769616835892
6b966c80-557d-4c80-aacc-0282e04fe8f9,1769616836709
672c0154-883c-459a-9b3a-0c00143c6d5f,1769616836751
806bb834-1576-4e66-a67a-1c892a02bdf9,1769616836792
8651fdb4-c290-42f1-bd59-793571ea12bf,1769616836833
9de8943f-99b7-405d-b8ec-6d30b96e6aaf,1769616836874
8201ae0d-1b54-4768-a68e-687339afac89,1769616837711
547d0774-e15a-4632-ab2f-d454df44bd93,1769616837753
857b6462-d64e-415d-a09f-bef8d8dc37ca,1769616837794
78a2d91a-d19a-4b42-85e6-1c8333715df3,1769616837836
abba3c07-307a-446c-8afc-a79e6bb19312,1769616837877
fd0a441e-299c-4b03-a2ba-6a966a8998b3,1769616837919
af9c4670-90b5-4bec-a76f-b2286fff3296,1769616837963
2f65a7f3-0722-44ce-9eb9-dbf4cd70d605,1769616838004
3da1621d-a961-4e12-bdea-419e6c2ac3c7,1769616838714
2cf63eb0-4be3-4e43-b113-5041a7e0505c,1769616838755
2654520d-cf09-44a3-bd6a-23afc58e0741,1769616838796
9455899e-dd05-454d-9c4b-f46eb48e82ac,1769616838838
0ce27f2b-27f4-4cbb-9bd5-6a010bdd1ac6,1769616838879
facb7a9c-02c4-4765-ba95-b49370ea57e3,1769616838920
6ae01b17-bc1d-4b65-83f8-2e2303aa03dc,1769616839746
7667b45c-1902-4d0d-b156-ccdba4304e79,1769616839787
e92363e6-1b3b-4650-926d-7d87db053f7d,1769616839828
105a2f5c-3bd5-4c80-bfea-638e6f5b2736,1769616839870
28b465a0-9aaa-4dae-a293-a2aca8aef044,1769616839911
537a3452-5602-4f4f-92ee-331d87ce566b,1769616839954
fac23e4c-e1af-4de0-ae67-44296acc9bb2,1769616840805
76746dff-c712-47a4-9998-4bc0bb427a2f,1769616840846
81212db0-44b0-4eea-a0f5-3b5e5cf69ae9,1769616840887
e95dbb50-16ff-4dbe-87ea-e90f5304cbbf,1769616840930
5ee78de6-44ae-4bcb-8bbd-e19e2184e36d,1769616840971
f52c750b-091a-403d-9c73-73853319b286,1769616841842
e2afc983-c16c-47cd-962d-54246b261f01,1769616841883
ffff234e-b824-4bb9-9922-44215accdb1e,1769616841925
41be5d89-8b0a-42ad-9237-a44df487508c,1769616841966
6b41cf9d-e756-44d9-9d71-b0cf65296d0b,1769616842007
1fc72f99-f0f8-4457-b43c-13b05d45ebb8,1769616842049
a083e28a-9a1a-4281-9e77-a20e3e7aaeab,1769616842866
87e0fffb-bd05-4d50-be4a-ff4403e15753,1769616842908
d4a1b2cc-78c7-4607-9af2-680daaa93da4,1769616842949
8c1a87d5-c29f-4a13-ba80-b831c8a0fa79,1769616842991
4b722c3b-4b7d-40da-8dc4-5f3fc5bdd365,1769616843032
31af8790-c210-4da4-a4cd-e176ded3877c,1769616843073
eb868ea2-480d-4b31-a3f3-4438f5d09bc0,1769616843890
f42fcd7d-4c44-4392-a18b-53112ca3999f,1769616843931
3cb16b10-5fe7-4e49-99ab-cb747d556634,1769616843973
7fd9ab42-cf05-43fd-8377-0b1ffae0b68e,1769616844223
d09c8356-8736-4eff-9b8b-5b05177786dd,1769616844264
06ecd4fb-4515-48dd-8b8f-8f6c6c9b1651,1769616844306
13f51a2b-1b27-4ba7-97fc-87cd12a4ad25,1769616844914
64eead38-d2f9-4043-8b36-f876f5fe157d,1769616844955
dd574767-6d85-4513-975f-356c42f57e09,1769616844997
1a6715e9-b9b1-4f5a-931c-933396d0eb90,1769616845038
de2f7d66-959c-4bee-b34d-e1f08c1ef18f,1769616845079
9d67addf-1704-4a5f-b00d-292c9456ec7f,1769616845121
1fea8488-9e97-440d-a770-953b8ad7e3a4,1769616846260
40a8a491-0eb3-4fae-a81c-b8189974780a,1769616846302
11c4a4f8-58fd-4bdb-b289-d3f096ff0574,1769616846344
0e6fe3b1-b77b-4c1f-87d6-5bfd771a4095,1769616847008
2df91159-e01e-436b-8f07-9c87fe7e6fc6,1769616847050
feabfe0f-b390-4856-ac90-e18b61ce5a68,1769616847091
09751a24-f220-4324-8187-748d6d8a750a,1769616847132
3e58d074-cdec-4960-9f2f-48ab3e661816,1769616847174
0c197538-a8e3-4316-bdd3-92642c204479,1769616847215
9bf4d138-cea5-41c6-ac11-1b3fc1b67d1e,1769616848033
8601fc2a-0f64-4eca-80b7-08d86dd68243,1769616848075
23e63e8f-21f0-4c4e-9b0c-318dc6a08851,1769616848116
2c8143b1-cfa7-4aa5-90bc-6a5994026e34,1769616848157
9f9dfb51-f0d1-4dec-8084-d92501952864,1769616848198
aa49da05-a3b3-46d9-9288-7b2dc3fe5f9f,1769616848240
779155eb-2833-4f60-a0c3-5f8ac5c51849,1769616849056
45f5ce4a-1eb5-48fb-a83a-747586e0f4d0,1769616849097
4b9fecb9-50fb-48fa-86e9-a6be726e5600,1769616849140
de911a2f-b060-4573-a3ae-402b901497ef,1769616849181
fd2ed445-0850-4313-b443-275ef14e0172,1769616849223
a6031aaa-227d-499b-aa76-aa5ead92b066,1769616849471
6a37a5c4-3d1d-4575-8193-ab5600c52388,1769616849512
19a9c4a4-8f1e-4c81-b508-d84d13b4df6f,1769616850089
9634b803-affd-43a1-a632-b9d0fa27c350,1769616850131
e21cc865-2438-447d-a6f0-83373c7c046b,1769616850172
7421ac2b-cecf-419f-945d-aa874906faf9,1769616850213
c7abd38f-43ce-4504-8766-b4739b37a83b,1769616850255
64b0b5f2-dc8f-4eb2-b51d-bd710d392ab3,1769616850296
0af1d96b-ca76-4761-b4b9-09c1a09498ba,1769616851115
4ea393c2-cdeb-4685-81c4-54880901bd18,1769616851157
1989ff7c-04ed-474a-99a7-998e1bfbeaa9,1769616851198
ef9747b8-39ba-4865-a703-2dbb859f17cc,1769616851240
b0666af6-f879-4213-a09b-9a309fcf99ed,1769616851281
a39dfe6a-9c7c-4508-828b-fbe641c0d3db,1769616851322
f6320d1b-ec3e-4c3f-b7fc-384f9f8c2874,1769616851363
5f23d8b8-f241-45cf-90b7-f1feee547cff,1769616852132
2131af7e-e2cd-4e31-aa2a-964d3534ae9a,1769616852173
7a0a222b-9e36-4ccd-a445-0c9a71741bdc,1769616852214
edbe2ce0-84fe-46f4-a363-9e735954181b,1769616852255
df016e4f-1bc8-47dd-b1e3-55bf35421249,1769616852296
50b6431f-2438-475b-8b70-b14c211ada4e,1769616852338
dd890c23-ec8c-4039-93f4-71c7c366630d,1769616853226
76587471-85a7-4f2d-b2cd-5d72eaec5ca1,1769616853267
33de3700-6c0f-4cf1-98db-44a4cec3f5c9,1769616853309
1a6fc876-e586-4224-9b72-5734277e74e5,1769616853350
5c982533-5bbc-4bde-8669-ec75923da319,1769616853392
8430bb3e-b7c0-41d6-9368-fc6cd5d0b20b,1769616853433
0f9df7e5-47e1-4c34-9c1e-e1d7175f8394,1769616854249
53f6fe7e-be96-42d3-8b15-d2815fcc56e6,1769616854290
00e853f7-249b-4cbd-bea3-80ade063357b,1769616854332
73c366f1-baa2-41d7-8fbf-923bf56fabbe,1769616854373
f548b028-664f-42ed-a728-91f5a0aa6486,1769616854414
3e8e577f-685b-4f17-8703-3e02e062842c,1769616854455
45e1ce43-e86f-4c51-804c-de58c0ddc042,1769616854496
49c4a5db-7f3c-4581-88e6-821d5aeb4e7d,1769616854538
460c5f30-a868-4ae9-a409-73b3447fe580,1769616855283
ad605912-2cbc-4ed7-9570-708caeb2e7bd,1769616855324
c5fccf6a-78d9-43a9-a99d-7622fe3c9782,1769616855366
7df86e16-e42e-4a3d-80f0-59c952bbd7d1,1769616855408
4e03927a-b46e-4687-ba4f-694765fb59f1,1769616855449
ceb6f501-8f0f-44c5-bab4-b5af1397ad3a,1769616855490
a7f3cd9e-c46f-4327-b8b4-8a24ef3e291c,1769616856285
c79cc15a-de2b-46c2-a41d-6df1757673a7,1769616856327
556cd083-1a6e-4062-b8ca-a4e9889c5500,1769616856368
787f559d-51a0-409f-8772-08ff7ee99427,1769616856410
042e3671-887c-41f0-9f85-348c73e05ec3,1769616856452
52eee037-f51c-47a4-9464-81f295d2aa6d,1769616856493
28d407a2-464b-436a-bcf0-1dd456f7083f,1769616857309
d9f68ba8-03e4-4ae6-80be-66cd2d19f7d8,1769616857350
61efce51-2cd6-48bf-b0e8-7fd4787ddd74,1769616857392
11e8203c-880d-4fbd-824c-8c010ccffc16,1769616857433
5e133e74-219c-43c7-840b-7fb7fe66035b,1769616857474
617c41f3-4bc2-4fdb-b5a4-bb8939ba0ad8,1769616857516
076ae9f3-d32e-4e57-9e0e-10604b5ce3db,1769616858330
61892431-430a-40d1-a22f-5d18898137bd,1769616858371
c5991494-f852-44e7-945e-dd73b0df31f4,1769616858412
1768c342-51db-48c8-bbb5-8840de41eb76,1769616858454
d8d6ba14-e5bd-4eee-8945-06167c629cce,1769616858494
c4ed4b77-87d8-449f-8921-01c699c65c2b,1769616858536
ec95da9f-4721-49de-8b34-d1133369aa77,1769616859330
13a82153-82d9-4998-bad9-b6ea3046a507,1769616859372
13c77e77-82f5-4bb8-af18-806946c02109,1769616859413
ae11a999-a722-4468-a474-a3c88ed9d4fd,1769616859454
ccfae4c6-6c94-4b15-b829-9e14e14675e3,1769616859495
23d02170-e5e9-401a-bb1b-3f47a55c008b,1769616859536
2f7f9f4f-7c8b-4ad4-b6ab-09a10e34fe1b,1769616859578
4e0bb422-a4c9-4772-b28b-0519035a2324,1769616860378
bde59769-f260-458e-bfd7-f891bb08c988,1769616860419
b712cd70-8fca-40b1-8f1a-e6f97e98a301,1769616860460
90e754d6-c3aa-466e-a937-1b13748e9220,1769616860501
4eb8f4e8-b0fe-4905-b4d1-5c368faa319f,1769616860542
c82437fb-1935-4baa-9e56-e6634f604790,1769616860584
64e46220-d316-4993-9f84-6d5570c9d3dc,1769616861391
bc78513c-738a-4a7b-b749-b852d56e5556,1769616861432
edc861b3-44a4-4228-bb6a-5044e7655c55,1769616861473
c6f81aa4-6d2a-46af-acf8-fcdbbd1f2932,1769616861515
9b24febe-d59e-41bd-865a-754e9c82b76d,1769616861556
40e0ce37-d787-4049-92b5-15b861a1c312,1769616861598
288e85ab-10f6-479e-8326-b14a8c75dd06,1769616861639
a1d3e65d-37f3-45e7-a529-44cc08b43fc6,1769616862417
185e46c8-b5c4-40a9-ba9c-dd873c22462c,1769616862458
2defc3d5-ee0d-4f11-81f3-5f0b58f7b0be,1769616862499
8bec7954-79e4-43b6-9cd9-181ebfa8e4fe,1769616862540
e9d7fe0c-31e3-424f-82ae-b301c0093f53,1769616862582
683ea4bf-3672-4d61-bba9-a258fbc8ec4c,1769616862623
07762f8d-157a-4b2d-b5e8-91fe66f990f2,1769616863471
90e2c770-fff4-4eb5-84b9-2c2514fbfeb0,1769616863513
b9c69cff-344b-41ad-99c9-ae97d1938b86,1769616863555
56952c37-517b-4132-a28b-c5a5d70b31b5,1769616863596
2db25a2d-556b-4377-8cb4-f0b480075fd7,1769616863638
7f089c29-9c12-4bf2-8963-4dbdbe00bcf3,1769616863679
a7c1c882-26a2-4749-8cf6-fdb7f3d25353,1769616864556
ba37ccb8-92e2-47e5-9c58-29701e2146c6,1769616864597
090f06ad-2556-423c-b9fc-2aa6cb3b3adb,1769616864638
58a2a7b5-d607-42e8-9a63-902eef9b3db8,1769616864680
eace8e5c-34cd-421f-9a59-5906a81065e2,1769616864721
7aa54cb1-adb8-48dd-bae9-2a716ec0078f,1769616864762
2542d963-04d7-4ae3-9e0d-d65727a05e49,1769616864804
5743f84d-e631-411f-a6ad-aa0058021581,1769616865577
05399b1c-08c8-4656-b8af-5d6b038149f0,1769616865618
c24c7d2c-58f5-4ef1-a6ee-cb0ee12e5fea,1769616865659
7128d945-4973-40ec-a965-abee1d922420,1769616865701
44b72bbe-6c33-42c6-a69e-4199315e1195,1769616865742
a42e9bcf-3e86-4065-a830-c685554d686a,1769616865784
022d7c3d-3445-4955-b1f6-30256b7914c5,1769616865824
686def70-12a1-420b-b2e0-c7001eb9f010,1769616866576
0ede4f6a-d7f9-41ce-a5c2-90a7705c585f,1769616866618
1f2fde23-32bc-4063-ab0d-0b7d84c06521,1769616866659
70b45139-e20e-42fd-a471-82ed8845cbda,1769616866700
c11640f2-9a6e-4b38-b43b-a665b43ed6d7,1769616866742
52760221-a968-48b3-93df-8b1e989eb461,1769616866783
18c09f18-2541-4a22-9b70-ce9f1d32d8a3,1769616866824
adf8179b-dd6e-4ada-ac7f-3d6511cb0b47,1769616867662
c8a9c33a-5e8a-416d-aac7-40106460d111,1769616867704
c60d3c97-1df0-4e85-9fe7-92d5d293efee,1769616867745
f71b494b-2741-4982-a94c-1a20a2564172,1769616867786
b9fa6dac-9174-4db0-9be7-f1f8ad8e727b,1769616867828
40dd5646-d5fc-45d2-99bc-fb1182cf065a,1769616868718
62f28d19-a7be-40e5-ad69-3ad0d4c9cbf5,1769616868759
b9a25b5a-8a63-4b98-b2fd-3951a5234535,1769616868800
0c424610-4ad7-4ba0-be27-2b70b86923a3,1769616868842
d563c798-8e7d-40b3-bc8a-7145d62acfc6,1769616868883
0b2041f8-0d80-49f4-9aa3-f95436789011,1769616868925
afabed2a-7e95-47fb-abd3-0a8b80f800b7,1769616868966
f6eab49b-d198-4a91-8d2f-8ab44d627537,1769616869738
0c677fec-db3b-414d-b487-1e9316e274af,1769616869780
6bd7c110-3751-49da-bdd2-c3d16e01f1bf,1769616869821
598d578d-3cbe-45d2-a037-19316f584795,1769616869862
8a606bba-0753-4ec7-b5d3-0badc241133e,1769616869904
4f269e8a-f2b6-4ed4-9904-00d44e71e2f0,1769616869947
6e7c9e91-27a8-4d02-88dd-7c2e5f1f361b,1769616869990
9671a2ae-ce89-4d16-bca8-1bb8d0349913,1769616870818
4745e2e9-9198-4265-a69d-24e55867e511,1769616870859
9b876943-8cfe-40eb-a942-a321e25ed703,1769616870901
dcaa2854-065f-4824-8296-207715160478,1769616870942
96136e32-14e4-4da8-b028-3515c153c30e,1769616870983
e4a8308d-94d7-42f8-a6b9-f0f551527c30,1769616871025
c02d2b75-1077-437a-8e39-dc2afcc6298d,1769616871861
7bc4df14-df6d-423c-88e9-3386bb9a6530,1769616871903
5b06f85c-ec54-4f29-999c-4823fea92ab4,1769616871972
479865a1-f44b-47e2-9f12-2d9aced27ae4,1769616872027
11bb834b-f64e-4e37-9479-d733fb03f626,1769616872069
516839b3-bffc-47d7-9874-91afa57b037b,1769616872111
1f3e9457-fc3d-47a6-8695-ad4a1208d187,1769616872888
fe0cf247-be01-4601-9b50-612c6f20c609,1769616872929
605711db-239b-4a89-a9ea-dbe7783ab86e,1769616872970
541a8023-be30-48ee-bfe2-c04116f31d17,1769616873011
67b53d96-9516-4987-9ea6-82360d2504c7,1769616873052
dc47e3a5-12fc-4b4d-b07b-5feac986f0cd,1769616873094
a2a41c7e-ecb8-478d-93f9-3bdecb7aeb30,1769616873913
0c2f075e-cd26-4157-80b6-a1a994a84c7c,1769616873955
f14994de-8b44-4ab5-808a-4e90a44d6a42,1769616873996
e1e97cbb-7ff1-4388-a89d-9d2da2db8204,1769616874038
50a1475f-1484-4149-bbce-14b51a7645a4,1769616874079
29878316-ae3e-4d4b-aedd-c21adc74db1d,1769616874121
ad0872c9-427d-49ec-adc4-671837608f17,1769616874948
23c34d83-de60-4bd6-90b7-c8dfc36769b9,1769616874989
4f4dfc49-8c13-440e-a604-ef438b2de5e1,1769616875030
9a274bf3-f2ed-48c3-bcc1-6676ea9dff8d,1769616875071
3d1c8bd6-9352-4ed2-9126-f2aac180b8e7,1769616875113
8850a361-781e-4105-ad1c-25723e0649f6,1769616875154
a8895cc5-2965-450c-afbb-da37d73a2a50,1769616875950
0b6877cd-be73-496c-8233-f4fe00113431,1769616875991
28c637c3-0143-4a2f-9fd9-0d3a7e1bf41b,1769616876033
ec0d5989-b489-443c-9698-638564f2d0fe,1769616876074
982b17df-32e9-4ea0-b827-82dde55d9128,1769616876115
7875cc73-690b-41e0-9bdc-017202d76db8,1769616876156
047bafb0-3068-44c5-9401-6f24305b3ad9,1769616876983
349f1d84-0242-44ee-ba0a-618b81acfb6d,1769616877024
423f19ff-9e4b-4dd4-9a9e-9743c54c5673,1769616877066
031b370f-fbf7-4167-a9ae-ab369ab62c3d,1769616877108
d51b2cda-1296-4a49-80f8-625a4e825531,1769616877149
11546aac-6735-4312-befd-ca477e709298,1769616877190
b392f3da-0bc9-4b16-9146-78cf361a99eb,1769616877996
3ba2c2f6-6e31-48de-bf04-54973d51855e,1769616878037
3357c128-e030-4fd8-a426-49351eae89ab,1769616878078
cfa4f161-32bd-42af-a654-7f697314fd04,1769616878119
0a2f0708-292a-4733-b130-bf7597efc56f,1769616878160
cb20ecdc-8013-49d8-82da-4a4893f9eabb,1769616878204
fb4dcb71-5c28-40af-a588-b2200c82dd03,1769616879021
80d742e3-1de7-42b6-92cc-52f588028c41,1769616879062
3b03ed73-aee1-48e3-b700-bee505296354,1769616879103
0c2556f5-a13f-4e26-b0ba-3f23edf8bccb,1769616879369
2f353f2e-dc6c-4580-9d62-e127f4fd4d1f,1769616879410
aa2c82ee-483d-4ca4-94cc-984916847906,1769616879452
d85de90b-5d0d-4515-9a1d-0924ea46f515,1769616880050
a85663e6-c9d6-4986-bfb3-ff4bbd2abbd3,1769616880091
60f497a5-f64a-4e83-9b95-f701354e776f,1769616880132
93596e3c-8486-4751-8eb3-17d6fa47061c,1769616880173
1041ca0a-e58b-4df0-813f-c1648be03695,1769616880214
53271e44-5f3b-4c8a-a44c-3eb9f8e3c47f,1769616880256
d0a9faba-75c7-4d15-97f5-f1d41c8c30b8,1769616880297
561979b8-e52d-42b6-8c22-83f795f44146,1769616881054
738097cd-2fd4-40f8-b963-d6846e8736d4,1769616881095
98fc7aad-b5b8-491f-9996-27517ed2209d,1769616881136
93c40e64-bfc5-435a-8e13-8c2f621e8fbd,1769616881178
746f0ca4-7c7e-41d9-b7f5-eb9ac827a885,1769616881219
0c2e86a2-ad60-44da-bf32-c630fc0ac829,1769616881260
13ba3829-78ce-47dc-abd6-85f9bab635e1,1769616882097
8b7d082d-d051-4eef-8585-b88b69ec8fb8,1769616882138
2cbbb98d-b675-4568-9a04-a49a5634f00b,1769616882179
6955689a-9f74-4d32-adea-3e94ae546bcb,1769616882220
228b6a28-220b-4789-a670-32a2fc7dbd41,1769616882261
9ec5053c-d66a-4292-a747-731bae8a885c,1769616882303
7b534ed7-c6cd-4020-8f4e-1e9a65ae4d1f,1769616882344
31cab350-8e2b-41d3-8ae2-34d3fdcd4941,1769616883112
ddef7897-ae72-4d6d-bd13-14a1ac9540cc,1769616883153
8871abe7-068e-431b-9122-b2e4e36f7c0e,1769616883194
6c4de9bb-0163-4c74-85a6-43a3767fb2d8,1769616883236
f0b1bbd3-76c3-4720-b737-1aa7d74df21b,1769616883277
eb9e09cc-8080-411e-b3cd-ac95dfee9806,1769616883318
5259d551-78e1-4f99-9ff1-0f7505113cdf,1769616884135
99ecd77a-b353-4280-8594-93abf7fc14c5,1769616884176
0226036a-4218-4b25-8450-4fe1ee6348f5,1769616884217
d73165a5-7543-46b1-b5c8-1f7dceddf857,1769616884259
dbefeba2-688c-4f18-b4a5-65c277d09f19,1769616884299
b62c2114-1619-436d-9517-f3f9fe52c28c,1769616884341
d4091a44-caef-448b-bf15-6d8cdd8581fa,1769616885159
bbac908e-23cc-4842-9134-d8134d4ed3c5,1769616885200
23daf3ab-6c93-40bd-8015-da56390649f0,1769616885241
d92eef16-df8c-41c8-bf89-cb5d228c6ba7,1769616885283
7b208f11-3de3-4544-89ff-78972fa5f8d6,1769616885324
d27d8191-5063-4366-9b7a-3cb9574f66e2,1769616885365
98e3035e-aa9c-43c3-a480-db62e573d16c,1769616886182
3337ab0b-f453-43fa-a0f5-9d33cd004e2d,1769616886223
dc403058-e5e8-443a-9be8-fe489f1302fd,1769616886265
3c917cf1-7c64-48ed-ba93-200cdb20df2a,1769616886306
3f43c689-e0f3-4390-b038-8b69e30cd490,1769616886347
9a444480-d1b2-4877-a827-0bccdd32e8b4,1769616886388
d3f5b1c5-af0f-4ffa-8e84-82869bdebf63,1769616887184
64672cd7-3668-4ba3-86e6-4f2d34829af2,1769616887226
88f4d8ea-c3ee-4452-ae48-a42584ec0f39,1769616887267
d1b9907c-bb26-45fc-9f7b-50ada4098f13,1769616887308
36aba643-77e4-458e-80a6-dc8e26602263,1769616887350
b1630b2c-816e-42ff-ae01-1342cc2336ca,1769616887391
ff5444e0-646e-4a16-b996-37bee6017477,1769616887433
11d8c686-f554-4894-a30d-2b5a02fe777b,1769616888230
c66d056d-9a09-4e45-9d51-0690c0c6d0ef,1769616888271
87c3e9d1-4256-4d1a-8029-1e1f6f94f8e2,1769616888312
fcb4b49b-6c5e-49ff-8a2d-0da5aa7ccb7f,1769616888353
c814e404-24c1-4e76-9fbe-b757540f31da,1769616888395
d32480c0-bd2b-4d14-b6e6-838737a62d58,1769616888436
02d44d69-f7a5-452d-b0f9-a61eedf72753,1769616889235
bb719e0f-1033-49da-b180-4218caa30b15,1769616889276
c1b369e5-7479-4afd-a9a8-462d17c615f0,1769616889317
3e20f8d1-b15e-4fbe-be95-5104d79df514,1769616889359
1529e05f-e33e-46a0-8f40-58001a601b1b,1769616889400
266ac9c9-e6d2-4fdb-9132-a093bb88da22,1769616889442
ac4e48c6-db86-40da-8dc7-708144744cbb,1769616889483
26d2cc65-65b0-4c25-a878-4b6d2395a8e6,1769616890247
17e74cbd-ca4c-4593-b3fd-eda5b7c41dab,1769616890289
a1327089-365b-41de-9405-08d6a4e0fafd,1769616890331
2c30a063-a62c-4432-8a2c-4855f064bc93,1769616890372
815a86e8-aa17-443d-af20-8d0850920603,1769616890413
3e765309-9f6c-45b1-997a-978acb7d4d49,1769616890454
46d0e73f-d75b-40ac-a98c-e47d0b46cc09,1769616891263
0c57b17d-13dd-4a2b-aa82-56048ab212ff,1769616891304
9faf62f3-0295-46fb-b0ce-01d4a5cc0b2b,1769616891345
ac3cb8b3-e0e4-430a-9030-d6c1cecd0453,1769616891387
3ec82b15-f0ac-4a35-b3de-36c82d6e0ee3,1769616891428
1041913e-650f-4203-8034-e60dd8c4a79d,1769616891469
c7b762db-13cc-4252-abc5-8fe15f458531,1769616892305
af0e5d08-55d3-42b6-b5e0-fa0970b64789,1769616892346
02b5609c-d94e-4fd6-a24b-fb21b6d20737,1769616892387
4f9545a8-e1df-4be2-91af-f7d840ca65fd,1769616892428
4f445e9e-58eb-4e32-9df4-9f95f7b97804,1769616892470
1c3a950e-c812-4e5a-afde-939167655653,1769616892511
507755f7-2af9-4867-884f-cb728aded0bc,1769616892552
3a4f2b59-9b80-419c-a854-01faee6c2bb9,1769616893339
9fae93ad-3b4b-4d12-ad39-da76e64254cc,1769616893381
daf17eef-7a20-4458-bbb1-366b0c40e5b9,1769616893422
5e8e79d0-046c-4091-bad2-d64f358fcd61,1769616893463
4d16c4c6-079a-42d5-b7b3-3238cef16610,1769616893504
a3bdea1b-d669-4572-8b57-63408c3b4abd,1769616893545
ace783b0-7cd8-475f-b551-9e06d4fe5af4,1769616894372
76ab5bda-cca7-4b67-ab02-851efbcd7d3b,1769616894413
385f4e8b-c8d5-41f2-a9c9-f46454bae7dd,1769616894454
41cf8636-dbe4-4947-8e11-8a6b9588cace,1769616894495
37af9129-77d2-42e0-b24d-7ece11d16bcd,1769616895417
51d457dc-fcde-4a23-9818-c2a38d282486,1769616895458
eef709b2-0ec2-45e0-83d4-31f7afd42583,1769616895499
5073fe84-b6c4-4d40-a55b-c3eb1fb33c32,1769616895540
0c5e97d9-0ce4-4e2f-9a32-b54e26c5f562,1769616895581
921e87a5-d0d7-40e2-987d-0ad7800f3748,1769616895622
4ec6661e-a6de-46e3-a129-a000ab811bd9,1769616896438
d6c03b7b-7ee9-4205-86c4-915d2f1d2069,1769616896479
53e208c5-0b2a-4e55-bf24-9ffa6e0e2b01,1769616896521
bfb00b81-8c11-4e74-a069-55c27844a57c,1769616896562
fcf899e4-61fd-4d1d-b67f-b079ed1e58c5,1769616896604
d3e1ed8f-f8d2-48c8-8feb-13516b79ae0b,1769616896644
d2e2dd4d-4b3d-4911-a03e-0644aaf79db9,1769616897463
4fa79801-c339-4d39-a98e-1a837468ad0a,1769616897504
9a758c23-8fcb-421d-b64c-8a1f742e7504,1769616897546
a176597d-23dc-462f-bd31-8d52f823f00c,1769616897587
3c7c89a0-1dea-4b89-85c6-549c1cb7b569,1769616897628
26b9c09a-6ea6-476f-a60f-b042993eb6c0,1769616897670
15f0ae54-748d-44fa-8633-45d642328bab,1769616897711
800443ea-4ff7-4193-aa0c-b34e9846c894,1769616898508
2c7596c7-479f-43f4-8c84-7e46e14cc17e,1769616898549
9a00258c-dc80-4e42-bf79-4a22e5527981,1769616898591
36e35343-e376-4205-b0b9-77a91f0eb434,1769616898632
eb767ab0-d727-4a59-848c-b93fb2483b24,1769616898673
22cf857d-eecd-436a-a99e-7d3006a2f2e5,1769616898714
91cf2189-c43e-48d7-9bc7-17b57e90f2e6,1769616899532
fa3dd2ef-6d3c-4a02-a7d1-7694e0127f64,1769616899573
6d8fc4fe-36f6-4ee9-89c3-a45b870783e7,1769616899615
d2674854-dcba-43d5-90f9-5f502bda4e6d,1769616899656
9e600d84-957b-4c34-af75-1eee539a49d5,1769616899697
82eedee4-1b81-4eac-9e79-9b30adef331f,1769616899738
d1c0af8b-fd75-4e08-abc3-8d412386c037,1769616900545
d7d9bb61-0397-4625-9e47-ad94253af053,1769616900586
818a1eee-8fd9-44ad-8329-6f07f299d11b,1769616900628
520eee51-ce41-41b7-a9e9-a10828a85dbf,1769616900669
474dc513-3e03-45de-a12c-60775ff3beea,1769616900710
4f9d30f4-b22c-4baf-aefd-910327eb40f3,1769616900752
14bd3d3b-405f-4006-a4c7-7475dbb31984,1769616901570
39ec736e-0626-4f01-b117-3743a2157852,1769616901612
c074e1b3-43ff-4e56-9ed1-59182fdf9677,1769616901653
a35545f7-9e9d-40b6-a7da-6e832b570c64,1769616901694
3ec46c96-2a6b-44cb-9f76-cd7602e58418,1769616901735
19116245-c3ca-4b30-a648-0ef57a213eda,1769616901777
6697cb0c-b161-4695-910a-9210664858aa,1769616902598
beb91b45-4383-401c-b981-c4b354aa75e5,1769616902639
0ffa2a42-faab-4032-ab47-13819d44c7ae,1769616902680
c0d0c5c0-bbbe-4af7-8ded-74419e942724,1769616902927
f229aa29-16d9-49ff-bb2b-b65914105432,1769616902969
db0999a9-7823-48bc-bbde-ef37f887d4cd,1769616903010
f45161ce-b2db-411f-a063-8e6693b75cc1,1769616903640
9f5ac8f4-440c-4fc3-92fc-47b6424e6cd9,1769616903681
c5d372bf-7054-43b3-bdb3-a89be30f67f3,1769616903723
cf2707d5-36fc-4662-972d-426fe6401ab5,1769616903971
40fd02a0-7274-46be-8579-f3f7713430e7,1769616904012
27622429-aca9-477f-b310-2d4fa31aeec1,1769616904053
09ca91e7-218d-4566-b90d-2452891603c7,1769616904696
16544d92-a6f4-4414-a16c-8ab99fd13106,1769616904738
fb86c245-daeb-4fcd-9526-4461ebc86492,1769616904779
29778e59-e1cf-41a5-9c82-f24c0645a7b9,1769616904820
65917eaa-ad01-4190-8af8-c31603c133c9,1769616904861
63f14031-6732-45e2-b49c-9ad60d152d91,1769616904903
94e7a048-1f8f-409a-b592-9158663fb572,1769616905721
e2793bfe-a126-48a3-894e-cf0242c793cb,1769616905762
b5d57ab1-abf7-47e6-b6d7-62a74fe2cb11,1769616905803
92a6c364-dd63-4648-b4b6-dddaf8730207,1769616905845
2e128794-78a9-475e-8ed4-17588c2714e2,1769616905887
d6af5fe8-bccf-4c50-8e8e-3202f77a062b,1769616905929
70a32e73-07de-4532-8f1a-ddd5cd5191b5,1769616905971
4a68ae6c-071b-4cc2-a985-0a9c28f123e7,1769616906012
b6d70954-3419-49de-864c-ad79431937f7,1769616906766
7590e1ab-63ac-457a-83d5-09ad9fcf0870,1769616906808
e3e0b8c6-7d80-4232-b452-2e7f62f2197d,1769616906849
c071d32c-b432-4df8-90d2-05cae9bb4de9,1769616906891
7cd44be1-d4fc-4b7e-a59c-ce5025409d8f,1769616906942
39f306c9-1f4f-49fc-9836-5d3429a6009b,1769616907005
aebd72b2-ceb6-4a9b-b925-113a26f019f0,1769616907781
85c64a7c-c466-4f3f-bae8-b4b107bbadbb,1769616907822
401856d3-8b83-42c6-b1ea-57dfd92cf2e7,1769616907863
4fd39061-8964-4d1a-afad-fd7265562562,1769616907905
38a04aa1-709f-4cd5-a34e-77c65a15b5c1,1769616907946
e96dc19a-6d57-42f4-b875-e666ee0c89e8,1769616907987
afdc77db-9039-4567-a23b-646e8f8f6e4a,1769616908813
edf14bd8-10fc-498c-a41c-c80d23f2c6da,1769616908854
a28166d0-c731-4f44-886d-f4b85094aa26,1769616908895
a0f99428-fea2-4693-8678-79dd3b19626b,1769616908937
cede1d97-44be-41c3-a1e8-b81a24e4c1cd,1769616908978
7d0609b3-497f-45be-a783-701537357e5b,1769616909020
e823d4e8-1be5-40ce-8c4c-1d8040b8466f,1769616909819
fbc39dfe-473e-43be-812f-7365156715eb,1769616909860
51b4cd0c-8712-4fb0-ba06-120391327c90,1769616909902
63f467ef-e94a-48da-b988-4341b61397c5,1769616909944
7066b669-0e7d-4618-9c07-9dcb8c0da8a3,1769616909985
5adefd22-aa8f-43df-ab10-6bf947b3a31c,1769616910865
26e4a2d1-9308-4d98-bafb-6361cae1ed53,1769616910906
d9057776-f20a-4306-b2f2-1455d609e953,1769616910947
a17be43f-0068-4d50-bf6b-63bc67b361a7,1769616910989
374ba0af-a94b-4a61-a8d5-6442710c01fb,1769616911031
58d607c1-0f0b-47d7-bb52-c4ad18e34ea0,1769616911072
76690d96-ae13-4b16-9fb0-76c2d91f4b32,1769616911869
50856c55-8008-4429-b848-cdbc17a1a887,1769616911910
4ad4764d-6264-4bad-b2b4-05d575231147,1769616911952
db8d2548-ee6d-4510-9f92-39b3b254dfa3,1769616911995
e1160a72-50d0-448c-bba0-f98fa358d489,1769616912036
ac88ad63-6386-4624-8746-49860ee94f76,1769616912078
dd1a411b-4be9-4d91-bcbe-f350c9f5fee0,1769616912898
175534c5-c700-405a-ac30-8324b2c90370,1769616912940
74d5648d-2164-407f-a0fb-ce1dc19969b5,1769616912981
82bf0934-7db5-40bf-be97-73a4ab616d82,1769616913022
ba52c7c3-57a1-4fed-ad60-819e56e816ad,1769616913064
fd8b5dd7-0ec8-46df-a9ac-96399b2d4a71,1769616913105
9e30fb7e-2294-4297-8c49-cff86fa8f614,1769616918252
b9785144-9cb0-42b0-93ee-cdde94b34870,1769616918294
2eec5c99-95d4-4a2c-be62-8e4f9e1bf663,1769616918336
022da727-7160-42e7-a487-e99fb7e28225,1769616919391
8285357a-41a8-4869-9cac-2a3e9b6e81fa,1769616919432
97a03474-336c-4426-8188-942bb9e3eeff,1769616919473
e481fab7-5f8f-4d91-bf9e-c8d1ff34f973,1769616919516
e7cf528c-fe8b-49d6-b7d7-b4ec02e28aef,1769616920408
ed2c0f7e-2cff-4c50-89f3-f9d4dec100b6,1769616920450
a851d9e7-f7a5-4353-8295-48890277accd,1769616920491
1923ec1b-455a-4b99-a1ad-7fcfcda5c310,1769616920532
2de8c739-d5fa-48a1-9e63-6221793d2014,1769616920573
cbf2567d-42c1-4bc1-95e5-ee4af76f1a9e,1769616920614
fd621764-060f-4c2b-8004-e330c0a0d15a,1769616921462
48dc739f-627c-4ec4-ad23-e8357fcf7bd7,1769616921503
8a709c18-38e8-496c-9a27-b837cfe15348,1769616921544
7522e10c-6951-4728-a3b7-a665fc180149,1769616921585
3f2ef223-825a-4bd0-b947-00328376833f,1769616921626
deec8659-60a1-4bbd-993d-0259e5b19aab,1769616921702
5ed19076-5aaf-4e44-a52d-2e9964b2d00b,1769616922483
ebc87054-d0f4-4472-a67a-c5bdca854d5c,1769616922524
817fd15d-3086-41e1-83c7-15243a169c55,1769616922565
aee1c284-8169-4c18-bad6-97178ac7391a,1769616922608
3f85dd38-bdda-474f-a8f1-4d0a5170c043,1769616922649
f11558d9-aeaf-4fce-8947-0b4cfcc9a247,1769616922690
22706424-3290-4c93-8b96-236158a0f618,1769616923521
34f5e84a-cf8e-4fbe-bcb2-0d0fe6fd5e9f,1769616923563
9b4c8c15-ea3e-4a6f-aa81-4326cb066ad3,1769616923604
b11ccce7-53e5-4dd0-8f62-cdc779871364,1769616923645
049d873e-9fb1-46cd-83bb-ed0c5721a58b,1769616923686
bdc0aaa4-ddcf-4b2b-bb57-e5e604e7060c,1769616923728
b6f1c4e9-c0f7-4ca2-9634-63a4cdb53091,1769616923770
21160294-246a-4ca7-a0de-b8e9c1fb6a68,1769616924546
b42bb98c-f3d0-4eed-a772-4fcf2c222872,1769616924588
79b01d0b-b518-43f6-94ed-a76bd5cb6667,1769616924629
003cf342-7124-4a18-80a2-7b4de81ac083,1769616924671
b2b395d4-9213-41e6-a463-37bad31b3085,1769616924712
c76989a6-5105-4b11-bd85-b7f1c2591852,1769616924753
bf4a41c6-254f-475e-bfb4-1b2584ecb9a9,1769616925583
34d418f6-2a8e-4e72-9fcd-341f9d3566f1,1769616925624
a13e1603-c381-4488-8244-a14aa2972ad3,1769616925665
2057af81-e5a5-482b-9847-cf8bd3b1bd43,1769616925706
0a5fba1b-97fe-4971-aac1-b80dd2f3d1c9,1769616925747
9a9cd156-3eca-45e2-89e9-ca1c5b69eafe,1769616925788
5b6d62e9-43d9-414f-a6c7-fc4b2e422570,1769616926615
fbbc9f44-df26-44a3-bd23-15a932708784,1769616926656
a5a3a39b-a536-4e03-8489-59b748b160d5,1769616926698
f35a8e52-bd6e-45d4-8d66-a8226d5e42d2,1769616926740
bcf46a46-94ca-463e-b168-5a55bf3c2c21,1769616926781
8e90a1b3-8d2c-403a-9b6f-66fa5285051e,1769616926822
2e67e3bd-0fde-4355-b45b-33f169ec0378,1769616926863
246ccbb1-c3c5-40eb-9637-24d5f9445a63,1769616926904
f5869477-34df-45cc-a9e9-89bf6851b684,1769616927629
6ef404cb-7ea1-4666-a56b-61abc24108e2,1769616927670
a04441af-0d67-43b0-adca-087bfdcccd9b,1769616927739
17638638-4970-4f3b-916b-992d59bd5467,1769616927786
480dc896-34fc-4f6e-b9a5-898c1780357c,1769616927827
328e2b7b-1e55-4705-b8ba-4261e19a20b8,1769616927869
58445586-2a59-4d10-a348-5197ffd2a0c2,1769616928638
ebc1856f-19d1-4bca-9c5a-80ccd6f4dc6f,1769616928679
433b1b44-6f17-4143-b466-d5748f2262ae,1769616928721
c5a17069-8ec2-49c4-865c-312419c92066,1769616928762
8b0b1231-336b-453e-b7d7-400f83289b03,1769616928804
f33f6ece-c07c-456e-adef-eef98b5af6f2,1769616928845
d2289db4-9931-4128-8595-e485706a89ce,1769616929653
da0d8e15-169b-4145-95df-895f2b3018bf,1769616929695
321c9f0d-5a14-4946-be0a-10a08faf6c52,1769616929736
12372b6c-e357-4879-abe3-7c02256f7770,1769616929777
bb1ceb04-de4e-42a7-b240-7bf6973417c0,1769616929819
a814f60e-0d39-496f-871d-962c0513b55a,1769616929860
68da293a-0ca4-4244-8d0d-addb7ee90d8f,1769616930667
18d83e34-894d-4a46-b972-792be38db868,1769616930709
1967903a-8e8c-4454-8c46-6584a2de511c,1769616930750
6be9a1a1-f80b-43c7-b89c-2c210d788e2c,1769616930791
c50cd05b-a8fc-43b2-8cac-8bf0626a4b21,1769616930833
4684ef06-d12b-4472-9e1d-3251f4a4e6a1,1769616930874
356eb708-2b8b-4981-82c2-cd27ecc04985,1769616930915
181fe7a0-9f1e-45f0-b7a3-78fd54591da8,1769616931701
ded4f412-4d33-431b-ae64-c51d51a3a795,1769616931763
578becb0-3b69-4c0b-a3c6-82cf91e4addd,1769616931806
6cb1ac4e-a008-4482-8146-c2344d015814,1769616931847
a7177cd1-2f13-4ba2-a7ed-f66aacb5192f,1769616931888
88e8600e-6f57-4f0b-a5bc-a46fee230f53,1769616932720
df4cfb82-5e8f-4bfa-b52c-d66fe9d57c52,1769616932761
9756d797-8f51-4da9-92ee-7b05d133a5f2,1769616932803
aa3904b8-7d75-422b-ac4a-c32864d582cd,1769616932844
cd7f6002-c0d2-4514-9e72-802ba7ca446f,1769616932885
459ffa5b-80f2-4272-997d-b8be516c62b3,1769616932926
be5286a2-1792-423f-af10-95039c73a716,1769616933835
edcd706c-4e89-4de1-b88e-8f7dfd1d5a87,1769616933875
a4b0771f-ec00-4d4d-8299-7539bbd33855,1769616933917
7d5b99fc-ad28-4892-b3aa-69a24a76be49,1769616933958
22a50a24-325b-4ea3-af85-e952c62b6b7d,1769616933999
84f0daa8-1853-4975-8c92-ebcf1ca443b8,1769616934040
d1f54bdc-96d4-4824-b3c4-97a7c5619a2b,1769616934862
8530bba7-c6ce-430a-8242-add48225b624,1769616934903
aa5a2014-7306-4131-8ebc-bfc4af4526c0,1769616934945
f7b0e357-a2fb-48f9-870b-6cdbabcab015,1769616934986
d92a92d4-5b36-46fa-a361-2d7cc9c379aa,1769616935027
5b257a73-8cb4-4071-b5e3-3a953ef30043,1769616935068
3bc5caa6-4228-4c1d-9286-01b3cdcec5dd,1769616935875
5e52324d-2cea-4f22-82f7-232f557f3a29,1769616935916
06730c69-9e44-46c0-b273-226b6897b1d4,1769616935958
c1a14a78-bcb6-4cb1-a523-db6b402b3f15,1769616935999
908ebf8d-e477-4a59-a755-325bbf1b1c4d,1769616936041
f15da3c1-9e4f-4ca6-a681-8901fda8f96d,1769616936082
0db21bc6-5bf4-4a8b-9bae-4c352de313d9,1769616936886
06f0e0f3-355e-48c2-8e64-7b622de536a0,1769616936927
13b85b99-e0de-4400-9c84-92c8f959c13f,1769616936969
49f89a0b-5603-4bf0-bd67-ce250a63b368,1769616937011
0ee9db99-1b8c-44d9-a04a-6ba4e786e2c2,1769616937052
0c7b82ba-5364-4ba3-ab7b-871275d7f491,1769616937093
5d41ad9a-c66b-4fff-a605-06eae392ae77,1769616937930
86125a70-1d2d-48ff-b836-e6d284fa6a52,1769616937971
e413edbb-9d1a-4dbe-b0eb-81a5936f2d49,1769616938012
2cc7be61-e3a6-46a6-b65c-9458ac132083,1769616938054
777394fe-6e10-43a1-9571-dae374cbd589,1769616938095
b47149d1-3244-427d-8de2-707d08853583,1769616938136
8aa3fded-1fe7-4b74-a64e-26d12e99f3d7,1769616938963
104e10dd-49ff-45ac-8954-68bb70491f26,1769616939007
57a4b2aa-0226-4c06-99c0-5cf21041b5a6,1769616939050
419da51a-fc69-4803-9caa-256eabef7eb0,1769616939092
4e2a11ac-3fca-4a26-a955-5b39ec610f07,1769616939135
c6bb31c1-6925-40b4-8f2b-94f352c81e47,1769616939196
cfca10a0-ca94-4dc9-9ef9-a70efb822a25,1769616940038
8de81eb8-76bf-4a49-94e7-c872590f88f8,1769616940080
e476c10b-ad21-4986-8eb0-6454cd66afc9,1769616940130
f9f2ffe8-9716-4b47-9e24-f99f7f36569d,1769616940204
cce724ed-1d95-4f6e-8348-a05fe612a164,1769616940250
735e864d-3b4e-40d6-aaf6-2ec722d8f564,1769616940293
a9002cbb-018b-4581-950f-29c75334e630,1769616941154
2fca467a-25b1-49b1-a5e1-2aea15fc53a0,1769616941195
872cb23a-ab26-4319-a9bf-96bf160bfd0b,1769616941237
231ff6ca-98b9-40cd-b325-f02298676184,1769616941278
bee855b5-da67-461c-abd0-481625325b2a,1769616941320
f00f484c-2741-4577-9f15-f346ae00fd74,1769616941361
4315ffae-56dd-4cfa-9d9a-03cdc0bdd940,1769616942182
d2cc3ef9-63a8-4dab-b76a-b1a5a1c10fc3,1769616942223
2a98b83c-b792-4478-ab9f-4f5a0373fc64,1769616942265
ba49d46b-8f45-4d8e-898d-7e992d7395c4,1769616942306
e9f8000d-4aa5-4ee4-86e4-c1b981d444f3,1769616942348
46a33b1b-cb50-415d-83b1-3ad2cc3cd384,1769616942389
ee37bf36-b074-4f9d-87fc-176632651678,1769616942430
85bbdf00-6ab9-4812-aae3-038bf4ae03dd,1769616943216
5186ed6c-2cb9-489e-9f1a-bbed42aedd9b,1769616943258
bfec07a5-f42b-45e7-aece-2c571d766b3b,1769616943300
cdf95c4c-a9de-495c-98d8-9b7fbc054820,1769616943341
0b9d0d2e-e9f3-4f11-8f38-27d407ff0c89,1769616943382
6bbca44e-807c-4827-851e-0aa8ffe59ef2,1769616943424
324a21c5-cdbb-4b28-a064-2ec86cfc4755,1769616944255
37fe74ca-8cd5-446e-b500-2b1d5df71f20,1769616944297
1ad888b4-175e-47d4-85c9-de4ed38045e4,1769616944339
7c11635c-740a-4c8b-a0c1-cb20b8ff257a,1769616944380
0ecc1a8a-8e9b-4b3a-840b-7a55ddfd5a4d,1769616944423
35841d71-c0f5-4dd7-8507-113010bfd88f,1769616944465
2342d47e-7e13-4bf0-a5c6-e798e7f55099,1769616945281
34857eee-f549-4976-ae54-b4ff61f8af75,1769616945323
f6fd01da-49f7-40a6-86d8-509d0969354b,1769616945364
949dcd45-a31d-4075-94f8-8b1e54b5a131,1769616945405
8bb04547-72bc-4813-8e63-359db58d0f90,1769616945446
edf2237a-7004-4c9a-9fe9-b5dd3ee6e38a,1769616945487
ccf57cd7-9bb6-4382-83f0-6388a1318ec6,1769616946296
28828d00-e09e-4aab-8820-713cc34e3047,1769616946338
0696ae45-de7e-4819-8631-f7a579f1caaf,1769616946379
198bd795-35fd-40f9-8d91-e421cee6ae68,1769616946421
066d3783-b1ac-41b3-b310-d9638960ca69,1769616946462
f6f5ce7b-9e68-48b8-a97a-59a8bec3228d,1769616946503
4459978e-f73a-4584-8589-97ba6623df25,1769616947322
f57ff30b-ba54-4a5e-b259-94195aea76b3,1769616947363
cc4d89db-6d04-4926-b802-8254b5e7cdf2,1769616947405
b79842d0-bb58-4b8d-a1f1-d31f1d73b476,1769616947469
9e0c3d54-e2c2-486f-8527-9200285bcad9,1769616947511
116f3e75-44aa-4e7b-a45c-dcd4b1f69a9c,1769616947552
a5878d9d-90dc-4328-8131-d03f4f06dc14,1769616948350
8a7f6887-64f5-4255-bf4d-df7538b5f155,1769616948391
4b2929c5-34b2-410d-b8f0-45103151ea27,1769616948433
6bd67468-d238-448e-a075-c5d799fe1591,1769616948474
2d546bf1-b66c-49b8-87f7-833b7276ca80,1769616948515
79470a27-3bea-4adc-ae45-439a47cf336c,1769616948556
bc740733-aa87-499a-8b0b-a386e89908b8,1769616949384
395e211f-4daa-497c-98bc-30a5dcdba04f,1769616949425
f410b66c-275c-4f0f-aa4a-f8c832abc9ef,1769616949467
b28bdc8f-9647-4958-85f9-70a0900079b0,1769616949508
07ac860b-f09d-491c-ad95-4d17a6953559,1769616949549
b64856af-f515-42d0-817d-8aa3e2d38037,1769616949590
cb71431c-34b8-4087-8645-85f424c4846d,1769616950416
03a038cb-b333-4523-a366-19ac307253d2,1769616950457
267d111f-6d4f-4318-b5ee-8ec58e5a589c,1769616950499
92464592-2bbf-4459-91ef-f46124f86763,1769616950540
a4bf6501-e4a7-4344-a5d7-4de5276bf593,1769616950581
583c3a2b-6205-41ab-af24-50187f987385,1769616950621
a966f680-2a84-4011-9fbb-e351233e5249,1769616951430
b15d42a2-1854-4718-b265-56fa64fce7e6,1769616951471
d8a6b16f-240a-4ea9-8af6-5a3101838531,1769616951512
91e39de1-b93b-4a8b-941c-2394a8519fd4,1769616951553
d678b5a9-5eac-4c54-8d80-a64bc2be343b,1769616951594
e46811b4-92c5-4bd7-8670-54bedb9c9e7b,1769616951636
064a6015-88c2-40b0-8e04-fa2f966c8ee7,1769616951677
2130a868-23b8-4a1d-800f-ccc03534b936,1769616952434
f7459147-0d5b-471d-98f2-1c1b6c30cf37,1769616952475
e7a4e70a-8325-4827-8b4b-b2210df22d59,1769616952516
b8c084df-6023-459d-a8b9-1b8b65a614be,1769616952557
07af5f6b-f5f1-4604-9ec6-3590676327d3,1769616952598
efb3ad6e-32c2-4d29-95b0-47197e69af9d,1769616952639
9e5b2849-dbb9-4bdb-ac29-7de247bb7c69,1769616952681
8cd6cdf6-c980-4b22-88a6-a4d9eb53cdda,1769616953487
5db96e30-58cd-4a91-aeb9-24b60123a57d,1769616953529
7972c9d8-593c-476d-aa86-31290f6a1966,1769616953570
50914562-4389-4a59-8c39-a662c9c81757,1769616953611
e85b3b80-1f83-4a1e-9e58-dd6758979324,1769616953652
969ac15f-44cd-45b9-8e72-fe05329bb182,1769616953693
6569edfa-7ba7-4f03-ad64-e077e90380cd,1769616954502
e69eddf5-058b-4722-b149-7fd8be32d32e,1769616954542
82e19d65-a776-4792-aaf1-f7347e783744,1769616954583
260c0ae1-90fe-4244-b655-c7175064da21,1769616954625
0e2a3abe-bc12-430a-887c-4b8929d0059a,1769616954667
352f2ec0-0a37-405d-9a3f-5128bb507f8d,1769616954708
a95c7bf0-b9a7-49aa-a2e4-594d12fe770b,1769616954749
44bf53f3-32d8-4561-8249-2c47bd0c6ce6,1769616955563
18de455c-ad59-499b-997d-b8bd2dece022,1769616955605
be5b7181-1e30-4541-8b53-80592ece3368,1769616955646
1e2edd1f-7d00-40f0-9aff-07555a869384,1769616955687
7aa2410a-b9c5-47f5-9c26-75f9e7e8856b,1769616955729
626c784f-ac32-4e06-8984-d4aac3300e70,1769616955770
d9ff22b1-022a-49ed-bfec-33b0b3445c00,1769616956617
f6592352-620b-4620-b1f6-5b08ce048830,1769616956658
435af224-d712-4f07-a366-100c93c2231f,1769616956699
63daaf35-4689-469b-84a4-a820082681e4,1769616956740
b1795244-456f-4b14-81ac-6b184704c38e,1769616956781
6de797ce-7d44-446f-ba5d-7d35c239ce4b,1769616956822
a019b896-3955-4551-afde-40e37a59e3e3,1769616956863
3119917c-c94e-41ea-8e50-02aa31035478,1769616956905
d8a23a44-2c93-481a-924f-bdd6dd4d6323,1769616957663
cb091252-0d5a-4db2-a542-f9bd2c9fb9cc,1769616957704
aba86b35-ac9f-4449-935e-25707290dc7d,1769616957745
925e30be-6133-461a-ba15-4388cf3c7efd,1769616957787
d2e89082-6a07-4786-a713-3b5fb63df7b1,1769616957828
3bb84860-c577-454c-9ae0-48aa595f0ac9,1769616957869
8b08b6cb-19bf-466a-95d8-3ce84741f98c,1769616958695
2fe5f033-c608-42b5-a43c-8dea08adf45b,1769616958736
2e3a5867-9e4b-4e24-8ba9-e8ba9c82c0c2,1769616958777
52463fcc-20e0-4f41-a5d7-e0273f7bc31f,1769616958818
d5bd54b4-5b27-4dfd-a1fa-7ad35bdea2a9,1769616958860
b3446640-d079-41ea-a88a-523118d4d2f6,1769616958901
c28f0775-9062-4b21-bde4-641adf160c38,1769616958942
24830e36-efa2-413b-bc05-df215472cdc4,1769616959716
6bb7c9e0-e0cf-499f-bc79-47d8a6fa591b,1769616959757
a7431ebb-c3e6-4efe-b223-2a8768dd0c73,1769616959798
1b99d998-69ff-4063-a990-b4841186984b,1769616959840
a41fc74c-9d67-4d64-a85d-a66a3aa022f1,1769616959881
8f91239a-7e85-49df-934c-ba6da5fc3bc2,1769616959922
4f2fac0d-7986-4d4e-b189-0f08989a9889,1769616960777
41c75fbc-390c-4d42-89e3-4915ae53b920,1769616960819
8ecc12a3-ca93-4d4b-8b22-d19da271055b,1769616960860
ac2d4140-ec63-41bc-aba3-a596899088a6,1769616960901
9d3475c6-07bb-46d5-8ce6-e69d1a825f11,1769616960942
a8f045f2-82ae-4a9a-a6e6-81ffa9c3a2f8,1769616960983
1491477c-1406-42e8-a15a-0952a3a98332,1769616961826
b8bc1034-cc3a-4ba8-b024-c0b29c714458,1769616961867
12e02588-4ea8-4a27-8fe8-2e6658840194,1769616961908
60caa4e3-c03f-4e46-80af-e2d3358a8528,1769616961950
bc039c15-2cba-43fa-8bdf-0f40e99fb9b0,1769616961991
4b256b7f-9fdf-4f43-997c-ee780a2f17f0,1769616962857
7cb99e5a-cc27-4e9f-8b1d-440867257390,1769616962898
41c7eb32-f81f-4c2b-8fa7-371bd392e902,1769616963146
ffeaa923-cd8d-46bb-9b9e-4595a24e6dce,1769616963187
42068ff9-09a4-476f-961a-45f0739b17e8,1769616963228
68ac49ef-e4bc-4f7e-b046-08272d828b90,1769616963875
cf656c2d-5c15-47ee-9e5f-a636ec2f422f,1769616963916
8795a9da-7182-41d4-8269-7e157a535266,1769616963958
cd188d92-f63b-44e0-b221-00a5d38ee5af,1769616963999
380a704d-c114-4ff0-a158-5ff3b5b84649,1769616964040
cd26c2e9-1b04-46a7-9460-276c271f33db,1769616964081
64d5b966-6713-4aed-8516-2a9d9f807dbb,1769616964960
a24e86f8-882b-43a1-ab96-cb4cfc98e413,1769616965001
2b79b2cb-c3f8-41b3-9238-5b7d7bf51384,1769616965042
080106da-8a90-4e3d-b81d-86467e841b3b,1769616965083
9dc79d60-dea3-49de-863c-7a757facd4aa,1769616965125
44f82b2d-5696-477a-b49c-34bd98d6d7ed,1769616965166
5e894303-9dda-43cc-ac7b-85c078337612,1769616965980
b3cb4a67-b333-430f-adc4-c0c4ec93f883,1769616966021
6bbe510e-ffcd-4d2d-8f77-5c2a2e6f3681,1769616966063
79ef00d6-da8f-46f3-90c6-992a60b84276,1769616966104
68050db5-d206-4381-96fe-f70450ddd6d5,1769616966145
89d866e7-65c3-48f9-8438-daef9b038d35,1769616966186
547e1ffd-1c00-40ce-b9a6-d47a6078735b,1769616966227
039482c5-7122-4526-a7f6-d75fca25d059,1769616967045
f2d42973-a033-4331-9a2b-a09eac3cbd02,1769616967085
20c1a22b-e4b4-4ffd-9f6c-9e723ff2eea9,1769616967127
cf35d650-ab34-4cfe-ab26-eaace96ac85e,1769616967169
bc95426c-4b35-4c4f-bec1-d73404e40228,1769616967210
63dee239-20ae-4d35-9f8c-ba92cce5f725,1769616968077
f77bfc83-4264-4e94-9f44-8c71fcda21f5,1769616968118
0abf6ec7-f6b1-45d9-91b7-3f37e9e7858a,1769616968160
74ed16a7-85c3-4add-93c2-564a68a8721b,1769616968201
bd77b51d-cfba-49b5-9351-6bced79258fe,1769616968242
2d2aba65-18e1-4f61-b7b9-a4f4e28125fd,1769616968284
0ff73d5b-c66b-4a8a-80d3-c95226e1faca,1769616968325
b49cf541-3020-4af7-a3dd-aab06a42d8e4,1769616969100
30559be5-3d19-438e-a0c9-967d480d884c,1769616969141
0fbaf683-fa62-4986-a94a-cb0fc7961988,1769616969182
3050eaea-a2e2-4f18-b888-d9bb8e167e35,1769616969224
ccd74830-3aa8-4434-9b97-d471d5ba89c8,1769616969264
d21a096a-8646-4669-8180-bcfb8e77d476,1769616970101
e5422995-a61f-45f1-8fa4-b04915befa09,1769616970142
4820e6b7-ad98-4c16-95db-393346ff59a0,1769616970183
2f4d3c98-3c84-4efc-9915-aec47ad011af,1769616970225
667c661c-a202-454b-a8a5-9c28c5e2cf77,1769616970266
09544fde-5518-4ac0-8d99-45fa68f92946,1769616970306
17ee7692-02ad-444b-ab57-da3979cddc8a,1769616970347
1385928b-831c-4122-9c2f-7a72bb969ab1,1769616971134
be159cb8-d91a-47e0-b709-fb8993b05abb,1769616971175
4bb43b94-e2ee-46e7-b11f-370192439381,1769616971216
5972a1ff-4472-4da9-8a74-a10d73a8f5a7,1769616971258
8d49600d-6d80-443e-88f7-127b879f20c4,1769616971299
57a9d150-c4e1-4493-8950-44b0ef117348,1769616971341
6fb88020-895a-4a79-9432-7a971cb9df2e,1769616972180
b749f902-f421-4068-8f02-2f9c605b9d64,1769616972221
b9f4452d-222e-41cd-8c93-ea7aeb3340f6,1769616972263
978d5dd5-4850-4a3c-8a0e-d81a4fb3c599,1769616972304
b9f9799c-e646-42bb-abe7-7e0a1397d251,1769616972345
929edafa-5fbf-4e5b-beec-2b571e8b2062,1769616972386
4b7a3ad1-d41a-4587-9040-c33bdd6353fb,1769616973204
6a31dcc2-33a2-432b-bfba-eaa54e97acdd,1769616973245
cc76e093-2c4f-4b2e-9f06-7821f5ffa27a,1769616973287
cd917b81-08fe-4987-bedb-a2196d81dfe1,1769616973541
2a690e41-faa3-4a50-80a6-ed745fb0df09,1769616973582
cba712ce-36c0-4ac1-a4a8-ac1c59b98386,1769616973624
eb7a8a58-f216-4a17-bac9-ea4b64b64772,1769616974254
dc280b74-302d-4319-a18d-c848d0c2e44a,1769616974295
e945dba2-1b16-4d24-92f9-102a1d905ed3,1769616974337
2e5ffe49-3958-4dd6-95b4-c66a6d23ca2b,1769616974378
f514dd78-6968-4d7c-aa3c-1374647b63a6,1769616974419
f064d097-9f94-4a6d-b173-9a5042a04427,1769616974461
789370df-bfeb-4b77-8f34-fa12c18c1a05,1769616975268
9028a953-40b4-46f3-9166-c7114b6f2c64,1769616975309
4e05d746-3c14-49f9-a66d-64abfb9ff997,1769616975350
1538eb21-c8b3-47c8-bec0-e62b2e595de6,1769616975392
1dd19fb1-95c2-43ee-9071-82d986147220,1769616975433
4dd9f372-480f-45ac-8dbd-c131f98609ba,1769616975475
4200a206-61a6-4990-bcec-a5d59796200b,1769616975516
4d2d1c10-af3f-4d2c-994e-7d2a3f453465,1769617547771
8c20d347-b578-47b7-a95c-8a71629ff302,1769617547813
81adc63c-a385-432b-b5a5-64a50c68e143,1769617547855
dcbd7ecf-8844-4b7d-bdb0-7c33549c9e19,1769617547896
0e6c5126-9c6d-4721-bf2b-a2d36289c720,1769617547938
c21f2d8b-88cc-4df2-92e3-04da250fd7c8,1769617547980
1166408b-5f5f-4665-a513-4e59439146bd,1769617548021
ae64c91d-58b8-4c5a-aa04-3e5faf876c0d,1769617548063
9cb5c8e0-db5f-4426-9116-2025daff3665,1769617548104
8e7e20f5-51b4-448a-a560-baf0cec4fd77,1769617548145
b7c0d200-49d5-4f3f-a4f9-04d7c0bc07e5,1769617548187
5df67d99-3f6a-40bc-bb1a-75649092721d,1769617548228
b34e4f88-af78-4be6-a587-9cd4446b7ebd,1769617548270
6236c6a2-1d69-498c-8a4c-c7861dcf924e,1769617548335
0bb2c196-7bae-4e82-bef2-cb32bbd472b5,1769617548377
f25b7175-cb00-4089-ae2e-d4679601dfb3,1769617548429
d0c46292-3507-44ac-97ea-7a744003ddd0,1769617548473
b81c9729-9728-4ab0-a96c-273e47f852fc,1769617548516
e4e8ab8f-f2ce-43c8-b7d6-d7daab42a12c,1769617548560
b95a6f28-5d42-422d-bb78-b1a46de480ae,1769617548601
0c90f053-6b2b-4c7a-a371-1cf438b4ef0f,1769617548642
40974504-83fa-4167-9e08-7b9458df2802,1769617548684
96054269-464b-42ae-a98e-a371da12b536,1769617548725
310fc065-69c0-4d00-bebd-6bb192ce33a2,1769617548767
c0cc0acb-7a09-4eb4-972f-8c8160eef6b7,1769617548808
2553f3b5-3960-4f99-9709-d4851a1bfd7e,1769617548850
d5b58b9d-aa2e-4358-8853-55f71479a7ca,1769617548891
04f5b4cd-69ad-4849-9d69-190680c00731,1769617548932
8a78bbf8-7977-4bed-a045-7f0178144366,1769617548973
2c0d1af7-44c8-4353-8e85-9023d7837670,1769617549015
cdb33929-6411-4fd5-8e2d-d7a81efd6571,1769617549056
072b53da-db16-4bdc-9335-f1b309a69c77,1769617549097
5ad86ba5-adef-4139-a61a-0eacb435630d,1769617549138
f416c5f2-6d1f-4108-b2b3-b15528584953,1769617549179
1a37c52a-421e-44ea-a27f-02e8b957cd60,1769617549221
8c72cd8b-84df-447f-b80c-475a4803ce73,1769617549262
848918a1-5a9f-45a5-9c67-424f3594d309,1769617549304
13db91fe-0572-4189-bb15-42770936cbde,1769617549345
4311f753-7a3e-40d1-b4b7-372e224b3b6f,1769617549386
472dc04d-fb7d-4450-b20e-c1d4170e58ea,1769617549428
7e46a6d2-0094-4a67-9b9b-cab4f0c3a5d2,1769617549516
0b971584-b790-4f8a-9d2d-7f23c323729c,1769617549558
29227f5f-2011-49ff-b51a-f712ebf84055,1769617549599
47194b07-0c90-4c65-a833-a3a8b4eef6a0,1769617549641
7d61ab4b-0121-4acf-8671-71e441c415c6,1769617549682
9fd1f025-c042-4760-a5b1-2f46b3f3bdbc,1769617549724
94e1fa64-bb38-4cc9-b4f8-9cab3da9f84e,1769617549765
c7fc7085-f57f-4637-b47d-f0375cf1f5f5,1769617549806
b333cec9-1982-44bb-869d-9d2ab571251f,1769617549848
08764848-facb-4fe7-99a4-25b4a9fe27da,1769617549889
099cfc4a-8e95-4d13-968f-ad2ba69bc845,1769617549931
e43b61ef-c312-45e4-a29d-41d7a28fa2a4,1769617549973
870eeac7-fbda-4f5e-bf1f-9753ad615e8f,1769617550014
e9a79978-1d37-43e1-9994-7c6b6df457e3,1769617550056
c3cec6f7-f418-429f-b9a5-6ba537422d8b,1769617550097
fc92321f-62fc-4714-8b2f-492d920a6cf8,1769617550139
3bc519b4-b552-4483-a6b3-2ac4527cbebb,1769617550180
71c91160-1e7a-48f2-a979-eecd1de21e7e,1769617550221
aeedf13e-7419-4f66-a6d4-4d6c18089e77,1769617550262
59fdf6c3-c456-4f34-89ac-c5bb95c19635,1769617550303
d0bf5e45-0a9f-4fea-a76c-229c49a85d8c,1769617550345
86944e46-cc06-4fb0-a36e-735e18fc9e05,1769617550386
5e43337a-2e6d-4017-aa92-9e17d5692314,1769617550428
c6de9ea1-8984-4dbb-9ced-cab1164c26d1,1769617550470
7d2beef6-c6b6-46c2-bfe5-424a03776b8c,1769617550530
09030301-6aca-4e8d-b2cc-111906cfac91,1769617550595
8c18069b-3ffc-44af-b6f0-dcf879fa2c7e,1769617550636
8ddc6af3-731e-4e61-8301-e7468bb31759,1769617550678
55d8e396-f45f-42fc-82d4-bab84e4b45fb,1769617550720
33747c8a-c752-426a-aa53-464f514b24f9,1769617550763
9b6902b0-8ea1-42e3-b137-a96747df99a6,1769617550806
3762c94b-54ee-4da2-80e3-16bf725db7b6,1769617550847
a4694c22-3595-449d-b919-5799f32f7047,1769617550888
507558c2-c6a3-48d3-bb26-384e53fa9613,1769617550930
f0d16c14-5e70-4c4b-9948-21b5f907126d,1769617550972
e5aebe14-2589-4ddf-a767-cf839a3be229,1769617551013
d323f2b1-50df-4ebe-b28e-a473f25a7cf8,1769617551054
835864c5-3eeb-48ac-98ae-abfadd430573,1769617551095
f9c07d67-c1a6-4b44-8a0c-af71c0b81bb4,1769617551137
72cdc994-1557-484e-a6b6-cc9c881d3b45,1769617551179
a3cd7d26-5328-4acf-b57e-03a11560756f,1769617551221
2898e97e-7964-4b51-9db6-60a3b6589c77,1769617551263
7d0667aa-c725-4b4d-81b5-bc5c913643a5,1769617551304
ab60a0ec-2a4f-42cd-8d23-8051b3f89454,1769617551345
fb8d0a66-cb55-452c-a35f-8770fca7cbc6,1769617551386
d029d459-06f2-4ae1-a5a7-2445c3f7648d,1769617551428
29efbac0-9f72-42e1-9313-561f735984bf,1769617551500
3fed74fb-85f9-42b0-9b9f-ff33ac91ee47,1769617551582
9f61b4c2-d868-4208-83b2-456deaa4d377,1769617551623
88cea2d5-de31-4068-b287-14ebea3c74c5,1769617551665
7e7747cf-b366-40c1-bf15-b4af4343067b,1769617551706
bfc3ae9f-936a-4f9b-9f4b-a47a19ec5aff,1769617551750
18020a1c-5aa9-4d94-9089-3852ed6fd064,1769617551792
17f63800-eaef-493d-a617-aedee092a839,1769617551833
83665c0f-d277-4dd9-87b7-bcad7935f099,1769617551875
b23ecdf0-1e28-43ce-8af3-55fefe4160b5,1769617551916
6244b43f-3e3a-4921-baea-f687c08552f7,1769617551957
bd488a24-cce0-4d82-9d32-e7fc9e0b94d8,1769617551998
4a79a779-44ad-464c-acf3-d5509d6e32c7,1769617552039
4c385f95-e57b-453d-9983-69c576f57ec5,1769617552081
99b83927-b8b3-4a44-a988-050232a22ba4,1769617552122
59ab3f41-0999-477d-9706-34e14bebd70b,1769617552364
09658583-7a7f-4e71-b8c1-536839f195f5,1769617552405
c5d35b4a-70b3-495a-aa8f-25ffd6d7d3b1,1769617552472
55a90b29-e976-4143-bed0-4188a687e32a,1769617552521
618872a9-a7e6-48b6-ae97-bb66f8f0aec4,1769617552563
5d7f024e-e3a2-4728-8afc-cf5ce4f93be3,1769617552605
fbe25831-a297-4707-9e85-01d93db79017,1769617552646
a5009022-7317-493c-bd8a-9b827962c58f,1769617552687
bef7514a-7f19-4ac9-8900-3920e8cf9f32,1769617552729
4424c7ed-6dee-4ca8-9d7d-a329e84b0143,1769617552771
33d99c95-c4ad-47f3-91ae-ed0f1e3a06d9,1769617552815
8d294a4a-2569-48a6-b5a0-6ba452c1b427,1769617552857
a2bb51d8-2509-4f0f-b475-841e8b55e14c,1769617552898
81f75a8f-07e0-4271-9686-45b677a673d4,1769617552939
cdee3317-c432-4b00-b68b-487c328a91b4,1769617552980
1413fecd-ac83-4cd2-9a15-9947fd1dc288,1769617553023
da3fe1f1-01e5-487a-a8f9-6cfd45923c17,1769617553065
790ed595-1188-43f2-901b-a6eb27b86c8e,1769617553106
ff6e7090-f806-4464-a292-c4b0baab3fd0,1769617553147
4bef953e-246f-4e39-802c-14feaf8a63d1,1769617553192
e3e5ecf4-388d-4814-ac41-57e193e19df1,1769617553234
49c006b2-6372-4e2f-99bc-a9d7e8bcfacb,1769617553311
a1c330c6-f4dd-430e-be01-afa2d1fad2bd,1769617553366
c1766d45-2b7e-4eec-8a34-7e82e65e76ae,1769617553407
2116e3df-d430-4632-8c78-e299f192e220,1769617553449
c49c71f8-81f5-4387-a951-7c6560c70014,1769617553490
24569317-57ef-40c7-80ee-c5056e9a6f45,1769617553531
8452dd2d-456c-4799-94d7-38d2c335d9ad,1769617553574
ed0fd84c-6f84-42ea-aea0-a925b41d247d,1769617553615
eb385086-90ca-4a54-94e3-fbbd9c3cd8af,1769617553657
3fadfac1-d1c3-423e-a44d-5fc1ee800c4a,1769617553698
9c5878aa-96f5-41a0-90e2-d16ddaddc77f,1769617553739
afbfa929-956a-44d4-9f8f-7901a836ea82,1769617553781
33caea8b-dc1f-4fdb-8254-2800ea1ffa2f,1769617553822
019b5a50-d555-4c3b-b3c8-98b957e15081,1769617553864
094f9b78-66cb-4534-8fea-71e16fae76c3,1769617553908
eb2ed6fd-4c34-4981-833c-0468cf9192c1,1769617553949
04a07c27-1c89-410c-9cea-c95b65194325,1769617553991
e6fb38f7-8220-4397-ad7a-3d15fc28c9a9,1769617554032
2c9f3375-0590-4463-ab99-d0eda5ea365a,1769617554106
dfb54038-2ddd-4bdb-9361-4ec0356f7ef2,1769617554177
fa5bb2b9-df67-4a6d-81e4-c3931af60555,1769617554229
c6071bd6-6085-40c7-bb8b-c59eb293ab36,1769617554271
4de5087e-bbc9-47df-8be2-fee1b58e967a,1769617554312
29666d36-cfab-4792-81c8-f283d821cbe9,1769617554354
2b2fbc75-a782-482a-a4c7-db6260f38ed3,1769617554397
fefac97c-1f21-47a8-9070-49d2d5bdc598,1769617554440
84b632e1-7885-452d-9358-9db77b1ff87b,1769617554482
9fb6a088-4fc2-4256-94a6-40ea6af14dc8,1769617554522
465fc886-355b-4444-9ae2-42d8ad1da54d,1769617554564
263efc9f-8928-4e49-a891-97d5017148c7,1769617554605
f5963afa-5f65-4d0c-bf01-501ba88894ce,1769617554646
6c28b78a-56aa-4624-a99e-01c35c67eee8,1769617554687
ee8f489e-29d1-4c4c-9676-4ee902f53652,1769617554730
c12bbc57-7281-4325-8f91-7427e7a11625,1769617554771
ff64feaa-12ad-45f1-a788-b20811b284e2,1769617554813
8f3d4513-d5be-4882-aac0-41f8727f5d19,1769617554854
ffc9ff6f-bb0c-4d9c-ad13-73be12655d4e,1769617554896
bc1eaa9c-43f1-486a-8523-50cfa076e9ff,1769617554960
d7a75333-19e2-4370-bfd6-db277dd04c8f,1769617555019
815b9a30-db05-49a8-86fb-509494b72036,1769617555061
71614bee-56c8-47d0-a581-eddcd73d18c2,1769617555102
d4053d91-dbbe-4fc4-a134-e9673941ff0c,1769617555143
20ba7db8-0687-4efc-bb5a-c64a5b6b9217,1769617555184
754c8c76-09c0-4477-a187-7b2829575cb3,1769617555225
2e1de875-8b02-476f-a5cd-87bf78cb64c5,1769617555270
93c0e46b-afd4-441d-af4d-4662bd90d853,1769617555312
9e32f955-f685-48eb-8c10-d7ff002d8b05,1769617555353
9663d7b9-4b3f-43fb-8ad5-9e3b1b2403cd,1769617555394
6c935fba-d217-457f-af32-d440b28aa0ca,1769617555435
e8eba198-a6c6-42a0-9d07-cf161c5521bb,1769617555477
85420969-e523-4cf3-a8b3-4872fe2f6652,1769617555518
31d9b381-c083-42ca-b14e-908b46a09476,1769617555560
23a3c346-ae0a-4a66-9a95-ba431a770974,1769617555633
6491c996-bfd4-4531-ad24-e18b9cb4b736,1769617555677
7c9801f6-a148-43ad-8353-0c7c3722cc0f,1769617555718
a5b1e34d-b2ef-429b-9484-ef4381c92d44,1769617555760
e7b87bf5-40f8-4f03-b420-f0bc3f431b83,1769617555801
a97f2143-bc03-43b3-bc5d-ecf7f661aaab,1769617555843
d53dd6fc-5f46-4a9d-a6c8-8f4d11e8d84e,1769617555884
650f5053-8091-438c-9519-94f6d36b27a4,1769617555925
d3a4cc1c-7589-44bc-b0c1-5c509a49b452,1769617555967
06f47e81-48c4-4a99-bb0f-a95378782695,1769617556008
092f0fdd-62c1-4b83-a6a3-f1a18fb9c0b0,1769617556049
7a8893b7-54d9-480a-9150-3d35f5f3a32d,1769617556090
8f9a9041-9103-44d5-b172-b14a42ff389a,1769617556132
5951baab-4316-46ef-bd7a-617b1621f315,1769617556173
2c0768eb-3dde-41a5-b3d5-da5b42828625,1769617556214
288e74cc-929a-43f6-aa50-284f6b2fad7d,1769617556255
a2eebb56-d69e-42eb-a39f-5cc8dc9aea37,1769617556328
5e1f80d4-505e-49fb-821c-e76ddec4bd88,1769617556374
21335fac-d1c2-40b5-b35c-acf481d328f5,1769617556415
36360318-301b-4800-90f4-008c7c008422,1769617556457
ca570264-c65d-40d8-9ef5-f21c80bafe17,1769617556498
49b533ab-f9c3-40bf-831c-de379b53383c,1769617556539
13a14d56-ef7b-4da3-bb08-cfdce0e2e20d,1769617556580
4164443c-1dce-4513-9095-38ff3ec2cfe3,1769617556622
cd9b6947-1390-4365-b671-88c8fe8557f5,1769617556663
dfd8ddea-a9e8-4dd9-b6ab-2d221d218485,1769617556705
bb0895d9-3e8b-461a-87b5-b4f4b6c145e7,1769617556746
c1f4fa53-0b0e-4602-8c0d-2b2e9c5b29e9,1769617556788
5dd3c4f2-5b0b-4b4b-ac1a-19dd06266b15,1769617557012
874f5900-0327-4b67-a111-774a7567dbdd,1769617557053
a37c03dd-005f-4f02-a403-b1f350cb23eb,1769617557094
82edf2e7-d42f-4011-ac92-ec58e440a5f6,1769617557136
f8348203-9df3-4e88-823e-53a10ab9933d,1769617557177
4d77b11a-2f03-4846-b34e-01ba92b34298,1769617557220
463d2512-c0ff-4196-9fe8-01582529361e,1769617557261
dff0d724-8131-4cd0-9685-0262080855f9,1769617557302
61ced5b6-4cad-484e-869f-d57f4c6f3365,1769617557344
e62af9e9-fabc-4977-b6b3-62cc11c74213,1769617557385
99537d38-8daa-4ea4-ba1c-c9203b8d4983,1769617557427
c81fa895-4840-4381-a0b2-4d13e2f21eb6,1769617557468
6795b064-2adc-4f41-b134-d98962ab3bdf,1769617557532
29e626c0-9bc3-45f4-ac9f-8d958b880ba8,1769617557601
715af8d0-562e-4435-8dcd-eb967337d068,1769617557643
770fa5b3-a24e-4e5a-8a6f-d29f260a7c14,1769617557685
e03d3967-1fc2-4b63-90e6-2bd1b5a96853,1769617557726
7e79b416-129c-4c56-b3e6-d6052f2cff9e,1769617557768
c42c742a-1734-4627-bfea-426380c1e76a,1769617557810
75c02e04-16b4-4f08-ab47-39b253ae029f,1769617557852
bf040a0a-a9e3-4d2c-9864-412c9cdd56fb,1769617557893
28d61f41-6b24-4682-80d2-8483a446547a,1769617557935
6c9918cc-83af-4b83-b3a0-5706667031ec,1769617557976
3cf6fcb8-d435-4de9-99c9-5066ca8b986f,1769617558018
7229c731-97e4-49cf-a334-04fe00552eae,1769617558060
e30d2cdf-2418-42ae-b3b8-df3c462a1e71,1769617558114
a95ff4b4-f4ed-4c1f-8573-68707907ee9f,1769617558160
e2240b94-305f-4130-9c59-05a24044f456,1769617558202
a21cf059-d83e-425d-84ef-2358504f7afd,1769617558244
587207f8-587f-47c8-bfc4-a22021181372,1769617558285
a36bf500-e2b9-4351-9b93-13098583b616,1769617558327
f441ab86-1dea-4597-b257-bd55d9533e6b,1769617558368
ca6cfb4f-ecb5-4b66-9d4b-45f4ce033ab6,1769617558409
755aa9f1-78f5-4fa6-99ff-e75a58c62e8c,1769617558450
f1b80c9f-b44d-449e-8954-da0db87c10a0,1769617558492
f1797ecc-612c-4e4b-b7c0-5b7cdfcff3dc,1769617558533
a64761c7-cb23-43ea-a858-566418e98b51,1769617558574
025b59d4-ae46-40ba-bddb-1649f5625697,1769617558616
ef94ef51-1d52-451b-af5b-21bd99531020,1769617558657
76e2f728-a0bd-4bfd-84a3-0010e4abae34,1769617558754
d77b5f6a-e4ff-4c5e-be23-f4f19902d64f,1769617558795
13baf9f0-b58a-4569-98b4-595bd99277c6,1769617558839
ca7f272d-8ba4-4e78-a018-b454f7bf949d,1769617558881
ae6b2572-97f3-40cb-87ed-5afca4ade0c3,1769617558922
0e3cb4dd-ecf6-4aaa-8aed-6ff529d63a4c,1769617558965
a4fc1e7e-3c54-4e98-a171-610fe4bcb077,1769617559006
4e778c33-3a27-4d68-bf4c-06609722cd60,1769617559047
d20f587b-52b1-40ea-a62a-1b47d3fb419e,1769617559091
a785a0a8-43bc-4245-8d30-75b2537ee5d3,1769617559132
05d5a725-f41d-40f4-8cbc-710306ba8de5,1769617559173
a2a14413-e74d-42a2-a5fd-9be655a7ff99,1769617559214
ce92ddd8-9829-4d6b-a482-1da670b99668,1769617559292
d9626ee5-8b22-4ff1-87ba-1fdb3add8c8b,1769617559372
c8d64281-5afa-4d87-950b-9edd7b137a0a,1769617559414
d2b4b17a-611f-4fa9-b1c6-464d05bc8c06,1769617559455
1d786bf3-3ba4-4387-97ef-f01109eaf8a0,1769617559497
3be973c2-0015-462d-af89-8aa1d972c2de,1769617559539
f780bfd8-f52a-4f41-b21d-46ee2ea69fdd,1769617559580
045136f0-0ee2-4d34-8f71-7896da3ca6a0,1769617559621
e6f63d43-746f-46d7-b665-e5e97c9ca88d,1769617559663
b6778734-e536-44a6-9e79-2e1a1d8020e6,1769617559705
6a57c93b-d714-450b-8bb3-65d0749e7695,1769617559746
a273e042-3071-4e71-b492-f1e8835bfedf,1769617559808
56660df3-c999-48a1-8d6f-9d65b3ddf607,1769617559877
5282c0d9-ab02-45f0-ae3b-ba8f0d7caed9,1769617559920
199fc421-63a5-4133-8536-1ef8e83924ae,1769617559962
e8975627-99c0-406c-aeaa-da06ace662b7,1769617560003
d8ebafa0-7b55-4a61-99aa-a0a601efd783,1769617560045
b0d4d073-6565-439f-a375-849f582c492b,1769617560087
29b2f5ec-e1c1-4a31-948f-05fa07b7658b,1769617560128
2829fcb9-cd6f-42ec-ab64-8ca609c5177e,1769617560169
9112ab76-142a-4837-bd90-88d50b5df616,1769617560211
66749fe9-7640-4eba-b08e-f8befdb1494e,1769617560252
61cd183c-206b-4bee-a65a-4be91048aeee,1769617560293
8cd93d1f-1d62-4b6a-9af4-d7f026a17e81,1769617560341
e35bce90-2357-4fcf-973a-79a9ffc7ca01,1769617560427
91af7558-7333-40a9-88c9-a2c6cd015072,1769617560470
b73a31f8-bc27-4563-bba6-d6b424caf5d2,1769617560513
e4a00dd9-f1c0-478b-aaa4-e0a244834219,1769617560555
f7807cf9-4178-438e-93ee-8b42aaad84ea,1769617560596
b6eb52e3-5d06-4454-8e1c-506215db338e,1769617560637
17e5ad8a-2b52-41a2-aefa-0f96d4d5c27f,1769617560683
382e75a3-136c-4f8a-9652-2944e0566482,1769617560725
95e929a7-59ab-4be1-a676-c9af8e0fdd5e,1769617560767
143aed25-c748-4ac6-b19e-1b52b06a20ca,1769617560808
8b486c21-c445-4893-b34c-746ab77a09b7,1769617560858
c434c358-426b-45f1-bdc0-3cfd908041c6,1769617560900
6a0a7b52-10bd-4099-9b24-934679e0b86f,1769617560947
54176011-85a5-4c8f-ab7e-d790d22e0333,1769617560989
cad8cf85-c799-411e-8b40-fbe93092e160,1769617561031
71368dd8-010b-49bd-abc5-548753a1f2b5,1769617561073
76b4e0ac-68ed-4b9b-8555-969838e47282,1769617561119
82722a23-3988-4db4-9bab-bbe642ae393e,1769617561160
9983e577-4a03-4232-9517-9a20a195b95e,1769617561201
640d8cdb-0763-468f-88b5-1b04059923f4,1769617561243
ce65a604-5daf-406a-b0ce-fb0842eec02f,1769617561284
29923873-21a9-4ad1-b00f-afda2f145b09,1769617561325
7e25cc6e-cc20-41a6-ab07-1fa967997f78,1769617561366
72d04d64-4a28-4e1c-b299-62e7bde7f8d0,1769617561437
c2757056-13d1-4c1f-9f8d-8f65d7a0b37b,1769617561499
54eed974-32d2-45ab-8362-a6f9a4c7458f,1769617561541
3d58e6fe-e5bf-44e4-a173-d3227259cc8d,1769617561746
4f95b393-63c5-43cc-97cb-03324faec790,1769617561788
4795147c-7689-4a29-95d1-30847e98185f,1769617561829
154a2c95-4714-4077-a18f-3c1b2b92488e,1769617561871
4b9772f0-5711-4772-9a43-2c9a1ecfa82f,1769617561912
dd2f17a5-cb8a-49e7-a5a3-baf4d210b500,1769617561954
cc8c6d35-ea62-4464-ab04-5ef770bd3583,1769617562030
8789276e-264f-4135-8438-0d7284e227be,1769617562072
9ec1bc61-76bb-423f-886f-ab5a1610d117,1769617562114
a0cdc2a8-b982-4229-be57-f6c58afb3547,1769617562155
7b72d37b-b617-43fa-bf15-549dc2d168c9,1769617562197
2e9bc9f0-07c0-42c3-b270-a83d09c43ed1,1769617562238
22ee3037-07d3-476b-ba45-e0e51bf291ae,1769617562279
1becffcb-45b0-48ea-be94-826fc3ac5bfe,1769617562320
efcdab0a-cf6a-445d-8b1c-043733c37db8,1769617562361
659828f0-8947-4fa9-a909-36a3a5d6fdc9,1769617562403
94d6bfbc-cd99-4d27-88c1-62bd165fb835,1769617562447
77601f51-b30a-4c39-a482-fcfc6fbe6375,1769617562488
6557ac74-7082-4ccd-b196-01e1c45bc74a,1769617562529
1cf9306a-ba88-4a9c-acae-1d82494b574d,1769617562630
8b8cbe0c-8b94-44df-9355-e2c64b4b38ea,1769617562677
5ddf9a26-5823-483e-a29e-4eef6c4d7012,1769617562723
7f8df9bf-2cdf-436d-9cf5-83c3aa81b4be,1769617562764
6fdc7cc4-a7f0-460e-a79c-2f0673720702,1769617562805
208da898-fae0-4f70-b700-0708c08ef5d6,1769617562846
e58efd7c-c405-4119-88a9-97b564934538,1769617562887
33e2249f-353d-481b-bb36-e5b698c29c6e,1769617562929
415f8549-9116-47bc-9587-3acef8bf4ccd,1769617562970
df77f135-dedc-489f-9559-2c8551969c63,1769617563012
1e325fa3-7cd4-48e0-86af-af91d781f61f,1769617563055
5700d030-95c2-4031-937e-1233e3edfb6f,1769617563128
11c382c9-33e8-4189-8181-244963fb0648,1769617563186
7a895698-44c0-41d8-9701-53678945639a,1769617563227
d8b707eb-1931-413a-960e-728289a9d1ba,1769617563269
0aa68b91-d0c0-4782-92aa-08ef9c9126fa,1769617563311
33c4530e-e8f8-414a-ad5d-2f0b099486bf,1769617563352
1310cbee-70bf-405e-ad83-fca7f83dd6ad,1769617563394
3f93d3be-e56e-4ca9-bc41-a11330e4f37f,1769617563436
5cfdbceb-b4f9-44ca-8a08-cb7e13f0eafa,1769617563477
32493145-32c5-47f5-b0fe-4275679dfb55,1769617563519
e48bb7b6-398d-44c6-b227-21bc28505552,1769617563562
5a226943-4cdf-4d4a-8650-c97d866d0592,1769617563637
8436617a-3211-436b-ad27-dac2fb711779,1769617563710
d9ebf011-a360-4693-b74e-7ebb982d64c3,1769617563756
1988c1e8-4c77-48a9-a914-798a29628c65,1769617563797
becb674e-428d-4b7e-b3c0-4c6761d5addc,1769617563838
0e6a65c2-d75d-4122-b91b-2f23288ff0dd,1769617563879
f1b2b45d-c35a-4438-889b-a8f2823b84c7,1769617563921
572ee4e1-e27e-426f-9448-c91a1331661c,1769617563962
9f6a195d-5159-4133-a248-a9d6121d0526,1769617564004
4a8a14ef-6a1f-45fb-a720-90fc553e39ee,1769617564045
89b0f317-63ca-498e-93f7-abb3647986f8,1769617564086
e9aded2e-733d-4d43-be97-b59a7f190486,1769617564175
53fa46fa-1cd9-4f08-85ef-d9cf2c95470a,1769617564216
914cfe0e-604b-4712-9415-75a318e272cd,1769617564258
c48b60ad-341a-4b2e-aabb-629a90e4ad4b,1769617564300
8f33da75-3b60-4d74-97ea-991b5830ae62,1769617564343
68cdd8b2-03b1-4597-8c7c-72ffa6919a4c,1769617564385
7699ebe6-abaf-4c0f-887d-bb0eb0491228,1769617564427
028aade1-a794-4d4e-b81c-b8a6c4246dff,1769617564469
5e06b20f-f3f3-4923-a398-661e1a95bba0,1769617564511
af33c027-61ae-4497-a08a-c580d9bb7eba,1769617564553
986388fb-ca04-4efe-9fcc-e34addeaa6d0,1769617564595
0950cf75-8d2c-49a7-81f0-0022ae18e254,1769617564636
93b9fb1a-4d95-417b-a0b8-fe67b8f6d7a2,1769617564677
358806e0-515d-41c9-91c2-efa743d68a5e,1769617564751
daa8bd3e-7079-4da4-8122-ebd51e4bdcac,1769617564845
a2b1c64d-ccae-4834-8c41-d699149b7594,1769617564887
ccafa45d-6f7f-4a7b-8ba0-b67da7255161,1769617564928
07e8daa7-afaa-4365-b583-79f620c819ba,1769617564970
cfa71d31-0cfa-4b8a-81a0-ecbe2955d6a1,1769617565012
84ecd1e9-d2d9-4da1-a420-291d9845597a,1769617565053
001a34fb-e22a-4648-b6d1-c584521aad5d,1769617565096
0bddc427-cb48-4624-b97a-cfad7a29391b,1769617565144
fe5d4702-b603-4b8d-a5ad-dc412f1c39e9,1769617565186
1d56fcf6-cdfc-47b5-b147-f24814ce29e2,1769617565258
506dee8c-8e8b-4be0-ae35-a50a474f1de4,1769617565356
f2c32d2e-097d-420a-bbe6-1cced95b3844,1769617565400
3fb2161e-6cf2-4b71-ad2d-f5d5360d1ea1,1769617565451
7500b35f-318a-4197-ba54-f23dea28d5fd,1769617565492
7a54c1f2-9f5b-4fca-95dc-639a81f0d954,1769617565539
db866867-f97e-4590-a48d-0742873dfc28,1769617565587
69dd7d26-1254-4c17-b1cd-038f6abf04e3,1769617565632
80f3d5d0-d2b0-4e4f-b268-d81b41b0640c,1769617565673
a4ea1c30-80a5-4db3-8e9a-9b21e8eb33d4,1769617565715
696b9717-3cc9-49ff-8316-ac416c0d2e18,1769617565757
e73c5665-1bb4-469d-b7de-b17e6cbd4bfa,1769617565799
bfbdb00c-3429-4459-871e-40d7fe740b6c,1769617565844
af8c8667-b132-4819-b697-c33c7c29aa40,1769617565886
f06a54b6-e9a7-4feb-bb50-47f1b38e055a,1769617565929
91bd0b24-f3bf-4387-b0ce-af271cf60111,1769617565971
05936f61-8f7b-4cec-acf6-43bd07838ab5,1769617566052
8078a7bc-0d95-42e4-8a4d-15a28201842c,1769617566114
ace7a115-36c9-4d0b-b97d-06c3dc3b80a4,1769617566176
acb45ae4-bf7b-4846-8b5a-396b0d194f27,1769617566218
72b69df5-19c5-49e0-9dc8-5469ec7f3532,1769617566260
fd7df6f7-48ea-46ed-8038-6231cfda72f3,1769617566302
edcba38a-6cdc-48d0-a49c-33bab21edba6,1769617566344
a57e50a4-f7ef-4f76-b0ea-8b100c4f30b3,1769617566395
9cf73d6e-a92b-426b-9ee0-9ea5d1998dde,1769617566437
6c75e59d-3199-47de-ab19-30cdf9e939c8,1769617566478
e328a3e3-9221-48c2-81d1-58ad1759059f,1769617566754
b7ef3a50-69b9-44d8-ba04-f9dd4eb466fc,1769617566798
46d96a87-811d-4c2a-a0d7-25873341dfba,1769617566839
7341048a-1dbe-418c-acba-a93de8a02690,1769617566881
31c55bad-ff72-424b-b0b3-aff12d9cc33b,1769617566922
ad059afa-63f1-4122-8f6e-57a0f6e2ee06,1769617566964
19816943-578c-4f82-b1d6-2be683ccbd36,1769617567006
f8fe94c3-b22e-4b7a-a7f0-3ebc76d5c5b9,1769617567047
170d8845-04c6-432e-8dc2-5807ef631566,1769617567089
fa286c4b-3ec0-4f39-b837-5cf584cab958,1769617567132
dc6b3253-6ab8-4e20-9c65-a51dade52fda,1769617567173
771ffd37-84a8-4ff9-8892-04b028575da3,1769617567244
bd0e7374-327b-4baa-8707-69986a73b980,1769617567286
e6bff988-b850-4614-82d2-c0302bc7317f,1769617567378
a2614b6d-709f-4437-b663-06bd368f4074,1769617567419
4d328078-0878-47ae-a3ad-48e25d1d4779,1769617567462
3d302112-ac8c-45b6-9681-f5539f15f4ac,1769617567503
17f84733-3141-486c-83ed-a5ae631c1903,1769617567544
0dc58f32-ce76-408d-af9c-eedf38b25523,1769617567585
c8fb7c0b-5233-4433-8af1-d42554071eab,1769617567626
cbe6aea0-ff8d-4c86-9a6e-9568c1391d8f,1769617567668
18fd5d14-ce04-4431-bac0-cfecef411259,1769617567709
d16471f5-c150-4630-ae8f-cb4e95e6021c,1769617567751
4f9e72d8-2df3-48af-8a0b-0d79e6076e92,1769617567792
98f7fba5-175a-47e5-9a22-670197cd6f44,1769617567834
41d003a5-7309-4541-a3e7-383d8bed0afa,1769617567942
55857c6a-a504-4bfd-a97b-e70c4fed059e,1769617567985
5915f0db-1e4c-40c6-b00c-c9e4c9d8d9ab,1769617568048
6a6e97ca-7437-41a5-a08e-83e5851ed49b,1769617568089
44980764-c57e-4988-8e82-7808f47254e8,1769617568130
0067dc65-0565-4926-b106-a66bbea287d1,1769617568171
a04a3ea0-0c7d-4193-9420-f0bf822a6849,1769617568213
2cc15eeb-384f-4303-a5c5-35605eea5087,1769617568255
019247a6-b9b3-4fb3-b50a-ab2124c11437,1769617568296
73149b61-502b-4c07-9244-8e4b3d77ce66,1769617568338
7137c769-686a-4d0b-ad40-be24308b0e18,1769617568381
0337bd07-14fe-42c9-9166-da3beeea1b7b,1769617568422
e52f5055-3b87-42b9-acf1-cbcecc290c54,1769617568503
6fdbb9f9-5349-4129-bea2-f188aabe0504,1769617568544
fd21e533-8592-4374-99d8-adbf1dccd402,1769617568586
bd3a68df-8a79-4395-87a7-2126a4508522,1769617568629
ba8cafe0-cef6-44ac-9994-b43f01c6dbb1,1769617568670
4d718a67-792d-4af3-bfd8-0f001f75495e,1769617568711
9c38e5c9-bbe1-41e8-b066-cdd783335ed3,1769617568752
4c98f376-03d3-4a2a-b50c-4cea090ce295,1769617568794
fc2ebc78-a0f9-4ef3-8aa8-8f4ae3f78da0,1769617568835
cd7eb8c2-60ea-41c2-b47a-86d7f8dbcd27,1769617568877
44d7c49d-88a5-42d8-9b00-8a974021a8c1,1769617568919
97c50368-50bd-4286-aa79-218470dc44aa,1769617568960
084bc955-36b6-44a9-b0fa-01d067187616,1769617569003
45099ad6-831b-4ad1-ba31-384e1d73bb11,1769617569085
3bad9371-0a65-4b10-bbb5-eaedbce77842,1769617569128
63bb95fd-f0ed-4ba9-8a81-33d6a5b83bb2,1769617569171
7c76adb6-9c01-4923-a8e0-859d4b8b0bde,1769617569212
558f991d-4bdf-4f45-a3ff-90c3de137174,1769617569253
4747d8eb-92c6-41e8-ba4d-7f1375ab2f04,1769617569294
934210dd-e258-410a-9a7f-4a032b62be1c,1769617569336
840bbf28-9589-4874-87e0-87011f0288ee,1769617569377
eea60001-c968-4dd1-b8a7-be60a69fc5b8,1769617569418
fba0e94d-1936-4cab-b4b8-d1c1b045a3bf,1769617569459
384488fc-745c-4cd4-8660-f28bdf660cd8,1769617569501
bb52ded3-84d2-41e3-88ba-e5d1fa65c953,1769617569545
6acd97b8-f735-4433-a8f1-170d6b0d6a0e,1769617569627
7f89ebe1-d7ac-482f-89e8-3f4f2af75283,1769617569670
3e271778-4560-4459-bf6e-04311c514279,1769617569711
8494ad5a-9808-4981-8128-1d61864a29a4,1769617569752
00bd57d5-06a0-4196-84a4-2e8d0f13e6c1,1769617569798
46e3216c-e4d8-4bcc-800e-95e9d3a0d0ce,1769617569839
238ab9e0-55e8-4c21-adc9-e58498f57958,1769617569881
9fc961e2-cd4c-44eb-928c-609358ffce60,1769617569923
2508f565-abcf-479a-9118-e8672deab806,1769617569964
c92a4931-46d8-4198-8a89-a6327732a65c,1769617570006
ab3cc287-1078-4013-aaba-975507210073,1769617570047
ae5b0e0f-c829-4cfe-b2b7-df45a39bfe65,1769617570089
f5450d68-f895-42ce-a190-99490a84a796,1769617570131
6e578dd6-964b-4a45-8d95-91f9c99cea19,1769617570214
e513ddc4-5999-4cc9-b24b-2480cf077843,1769617570280
3631a52d-ba57-4624-9852-3df3990fbdd6,1769617570321
ace259cd-d85b-47f8-a380-24a282c31584,1769617570362
0cd27795-bfa4-47e8-8d07-d7e43ed34aa3,1769617570404
cf0e84e2-0cd3-4774-a674-e8c5f2aacefe,1769617570445
aaef3a68-8d1a-4e6f-8054-270c2e383aac,1769617570487
bcf0bdd9-4f8b-4180-90b3-b0a2f4aeda8a,1769617570528
785412a4-a403-47f3-ae3c-2d02b66f57c5,1769617570570
cad20ad3-7fce-4086-9299-35ec22d1834e,1769617570611
cf1d1ac8-dba1-4652-8f3a-c4a397f1a3b9,1769617570666
a19c6f60-eb5f-4f06-9cde-1772becb74a7,1769617570733
5436f5ca-9452-4063-bc0e-35e53b29d91a,1769617570774
20139510-ab02-4c36-8358-7d967ca605f8,1769617570816
c806fa35-494d-4872-91f8-f678d89165c6,1769617570857
e2c1fbf5-bf37-4cfe-978f-2bc08b614f96,1769617570898
5f957e11-5c17-42b7-a945-39fbe55095c0,1769617570940
aa48d1fb-97e5-464b-a657-9ddf2df60ab0,1769617570982
34727c28-1118-4c91-a497-ad085d5e2448,1769617571024
39b08c66-08c0-4925-8307-cdf6e0efe93a,1769617571066
421f565a-aedc-485c-ba85-1a7fc5c15112,1769617571109
d4f0e31c-5da1-40b8-a6bf-6208707c5ff2,1769617571150
81c1b94e-e659-4bee-a4f1-004d789d3e82,1769617571191
50a116dd-11c9-4387-95af-37c12b81cfaf,1769617571235
9ae11ca4-76fc-4fed-92fa-86bfe285f0d5,1769617571313
cc1ec4bc-d8bb-47e3-8991-d85243283d3e,1769617571371
4d28542c-01a5-4906-aacb-bfdc93301cd5,1769617571562
9768d6c7-54bf-4651-aaf5-11a477a97fef,1769617571603
c3462cec-3be9-4b9e-9e11-d12b71411fe2,1769617571646
69e4170d-6ebc-4f32-a6a8-406debb33d21,1769617571687
e182ad95-ea56-4857-921c-e2af3a2c0191,1769617571729
efeb0423-3b83-4275-b5f4-be26c478848b,1769617571770
4b15e028-4702-4f2b-bfea-fcc66baabe12,1769617571853
e754205f-1d88-4e94-b686-d380799818c6,1769617571931
50b78002-a88c-495f-ac7b-f535577fb148,1769617571984
8d9c1348-2326-4b4f-84a9-2026f86edc79,1769617572025
a6808dc0-c2b0-483c-96f2-6ffdd47bf036,1769617572067
0cf94c89-83be-44ec-8b54-9e952eeacdae,1769617572108
75379030-230d-433a-9801-f946d53d0f88,1769617572149
a88cb995-48fc-490e-8d17-9c21078e4372,1769617572190
04dee513-b38f-4f22-9700-7dfed92f840e,1769617572232
90945c27-1a8d-4d12-8295-602c0bafab75,1769617572273
c3e72332-ea66-436e-ba97-5a6c9ddb5eb9,1769617572315
ac9847a2-013d-4b43-addd-b20a70a7e6a7,1769617572355
2afbeb88-4771-4a00-a34a-2efc8508b622,1769617572397
e7d9ee2a-fdb3-4d1d-bb3a-0bcb3d13a36f,1769617572483
dd936013-f171-4cdf-a924-962e3a6592a5,1769617572530
f2f30508-7083-41c1-b590-096f72b1f657,1769617572572
c634bba3-9d44-4576-a132-ed338882b055,1769617572613
488f1892-0a8c-4fb6-8df2-e9ffbd6c4a4a,1769617572655
6ff7eb46-38f2-4514-b23b-40a92ea0f494,1769617572697
40825a66-6770-4cd1-bb9d-7498aabda728,1769617572739
2de205a3-58a3-446e-a592-31c133390bdc,1769617572780
36f100c3-eb6a-48da-bec3-89ec08631580,1769617572824
1fdb447c-bda1-4a80-bd67-f383d217111b,1769617572866
26b226cb-6461-419b-ab2e-095c3e2c0199,1769617572907
b5cf4881-0ff1-4a7f-a3f4-24f59da08563,1769617572996
b995be08-62d0-4af2-a825-79a2651717cb,1769617573090
98ce9ff6-2ff0-4163-94e7-fcc22fb4a544,1769617573131
8a5e5e4a-546b-458d-a385-d3a1075d301b,1769617573172
d0df470f-8b19-4877-b8a0-51ac9b491d11,1769617573214
f77dad7c-4a90-4581-ba2e-026fe59879e9,1769617573256
072ac6dd-5b69-4829-8af4-74a313992563,1769617573297
6d7213a7-c0b4-4fb9-acc8-e290ce6199bc,1769617573339
676ec287-f21d-4e13-a924-42dce9339221,1769617573381
55d98d60-1f74-4d5e-b7af-20ef4be47ba9,1769617573423
9758428a-bcab-4649-80a0-2c43378ce15d,1769617573465
908c15e9-1181-40c9-ab41-f8b517d36f7e,1769617573545
5c07fbaa-af2a-4b49-a1f2-acce02488f65,1769617573602
6a3fbccb-d3fa-44ca-a0dc-8c03283eb085,1769617573643
271d0fe6-f587-480d-95e3-b83d40997580,1769617573686
5a5a1019-8529-481a-882e-76341851520d,1769617573728
e069fdfe-0d92-42bf-ba5c-911eb90bee70,1769617573770
452cda41-8781-41af-a8ff-a1988b44a15f,1769617573812
7b99e1ad-2de0-4e51-a404-111866e17866,1769617573853
febc6d8b-4f1d-4f1a-a33f-4be9ef0cc88a,1769617573895
f950e999-6f8a-4e51-8bfc-3564c4a23140,1769617573938
5b0493c7-b832-4fd1-acf8-996617000d99,1769617574021
49c6b38d-ebc7-4d54-86f0-b20fb450a187,1769617574078
4ea9db90-220d-4bed-906c-a8f1826ad9d1,1769617574124
1ba0d4cd-8b01-4d58-a21c-dafee4ff3b09,1769617574166
771b2ae2-7447-4c21-9e88-3e80d3d858c3,1769617574207
3617a9d2-a517-49e6-8c72-72737f95c2ec,1769617574249
3b189998-3a30-4f83-824b-2ac6f3bbd158,1769617574290
ae89ee0a-2836-4ea1-bb57-02b228e6be48,1769617574334
211a2bd2-3a84-40c7-9aba-6b70dfc23ef9,1769617574377
fc7522ec-c79c-4434-a9bc-6000231a4067,1769617574419
e4ba8dff-ca20-4ce7-a84e-4e3f3222aa43,1769617574461
9004a923-fd24-40c9-bf7f-4c4f82b3c046,1769617574502
47cc5736-f0f1-46ea-8eb4-5435e7cd3ac7,1769617574544
99d41d7c-06f8-4001-8efc-3baaf3c01a6c,1769617574621
6d517cb6-6189-42b4-b6ed-4201be72e329,1769617574715
cfcd11b4-9019-46c0-9bdc-296ba1b4cedd,1769617574759
3792f0a9-2608-4efa-97f1-651b2f44a4ad,1769617574805
ca1f74ad-234a-4da6-9468-159ed71dcaeb,1769617574846
f57bdea0-7772-4f76-b46e-026ab3f714f5,1769617574887
8c690462-c672-4378-ab1c-7f153cf991be,1769617574929
243d6bc6-60ad-4da4-a24d-9d8f348f772e,1769617574971
7b0fde2d-e1b1-470c-94bd-59bc813f14b0,1769617575013
0e6338ba-e189-446f-8a63-67c4dcde6fee,1769617575054
2a15cadb-3a8d-430e-981f-2160ea47efa3,1769617575095
c8f9e5ba-36ec-4a7c-b534-662ae174a3e6,1769617575150
42d420f9-3fd5-4601-992f-44c8bd552342,1769617575236
a03957ab-18fa-43e2-aac1-16b8fb9be93b,1769617575282
3f809cf6-e2dd-47a0-98fb-4e494a820422,1769617575323
bde1f2c0-20f3-414f-82e8-2a8e7f29244f,1769617575364
ec2043b9-e36e-40bc-9f40-ec2a1d6a1aae,1769617575406
4d279b84-30a2-4170-9b01-6916c5ea295c,1769617575447
c132e16b-ff47-47fd-8fb0-552a29c36e85,1769617575488
baf7fea8-c1c8-410b-a1cb-ccae048f9d13,1769617575530
8f300a4d-6e52-4fe3-aff7-9e678654e470,1769617575571
48635f26-7a86-4af6-90fb-99d9744b686e,1769617575613
ed9dbcea-a00c-481e-a3d2-813297647bc8,1769617575680
8df6fd96-4974-4245-b550-c1686f7644e1,1769617575746
0d8df040-acfe-4b00-a843-4394e599916e,1769617575788
0065e6e5-aa0b-453e-9183-e406681e4f2b,1769617575829
4dec8fce-c5e2-4243-89bc-e319e04994be,1769617575871
d1ebbd24-c1f5-43ad-b0d7-a02842a400ed,1769617575912
43ca6c85-609b-469d-921e-4b18c7380d83,1769617575953
1a9dd3b5-ac8c-41f6-ac64-94c6d1c334d1,1769617575995
54c128b0-7ea5-4b18-999e-18c841970d1e,1769617576037
0a3c927c-699c-48aa-8b1c-7970ba7b06b1,1769617576078
192485ec-d1d1-4506-9997-68201b7230d8,1769617576119
a48cb8b8-e6df-46d4-9b0b-60b22adba478,1769617576237
1a31c512-3e94-41f3-a97f-e2cb4ebc3f18,1769617576281
2f64082e-6fd8-460a-bfa2-1eb5c933cd16,1769617576322
229c02e5-fe24-43e4-9bf6-07763758d39d,1769617576364
4ea14aac-04ac-4431-be1a-d9407b5cb495,1769617576570
ba57e92f-ff28-4181-8013-de671e0e13bf,1769617576611
decfaa4c-d51a-4137-b1ba-fa5fbdf25c3c,1769617576693
547870d7-c620-4e58-8a28-bf36acfa8d33,1769617576735
48cc5bae-2181-4074-ae27-b43ef3d31e3a,1769617576781
f9a9467d-c232-429f-8b73-69c606223995,1769617576825
6b002068-1de3-4de6-a120-c5bcf247934a,1769617576867
07d24720-e8a7-48a3-aa84-0687703bdc98,1769617576908
4796426d-ec73-4b97-b750-22a440b9dd79,1769617576949
d9a93382-2e07-4fab-8886-d7b146aef3ab,1769617576990
d7346816-9dc3-412f-9dd4-d0c821ee476f,1769617577032
82c2accd-ae26-40aa-8217-6506c8a65c03,1769617577073
8944fa93-0cf4-4fb9-8b73-1a3c74197a5a,1769617577115
6e2e965f-d3dd-4bc4-ab0d-351f2588854c,1769617577177
9396f30b-2fd5-4aef-8310-6c05d0ca2106,1769617577268
6af9d58d-fed9-4229-b7c3-73e87b63bcc9,1769617577310
3ca68b5d-1a23-4e02-abc3-610b1baabcb5,1769617577352
18283879-a9a8-4c7c-a482-ebf26ba9accd,1769617577393
86d38520-7ae6-4a01-9453-6d9d7bec1ee0,1769617577435
2bb6db56-0935-4f26-a9b9-4a28c4418d7b,1769617577476
b6dcd958-0d27-4651-a4ea-59a0a8836cd4,1769617577518
697d6a75-e500-4690-a737-2bb9614c09c9,1769617577559
d2827dc2-d5ee-4fcb-aae6-4c63b9631820,1769617577619
b7d017dd-223e-4f50-9b1e-5e9800e0ee24,1769617577676
38e47c38-71c6-4ea4-b1f7-607f57a75829,1769617577717
ef5b72cf-f218-494f-aa3f-c128c8760ba5,1769617577760
0a6dc6f6-5096-4018-998c-bd3a51171a05,1769617577801
8f6b1be3-27ef-4a7f-ae4e-ebc6fdfd2b83,1769617577842
80e48a2b-24ca-41fe-bdc9-b7d8dcfd1d11,1769617577884
c1646223-224f-4089-9b92-5bf33eb83f52,1769617577925
1fb36079-274d-463c-8273-4b5e07e8cc2d,1769617577966
7d0bb13f-73f2-4f4f-b235-b132fe23db29,1769617578008
48be49fb-8cfa-4494-a7aa-b9a93c916633,1769617578049
480883e7-2d5c-4280-bc42-979623d55155,1769617578114
965acbc3-7901-4abf-982d-0afbd341b102,1769617578172
729e8e71-5940-4037-905d-3052d6b61b30,1769617578217
b5df63c0-3d84-4774-b019-dac4f4593855,1769617578258
1f30e1f6-7a58-4f96-a4ae-532d18cbcd02,1769617578300
0a622db7-d318-44d2-bae7-f4771334df7b,1769617578341
248281a6-8ce6-40fc-855c-0fabd02ad758,1769617578383
1523c80d-e24c-4972-96c2-47b65cd64498,1769617578424
e31d5760-3268-4789-a9e8-265eeb99c495,1769617578465
98217e14-f681-4b8f-9bc6-f98e587c625b,1769617578506
b0e4875e-aab3-490b-8d25-492ac85c68fc,1769617578582
d6d00118-bb16-4aa2-95da-c98f3d9918b7,1769617578641
3765b6cd-5090-4e95-a697-89038f5a193a,1769617578683
04a2376a-5ccb-4255-8222-4f1eca2d7efb,1769617578724
e2973002-1930-449f-a3c3-c13cd2df03ee,1769617578765
050200ff-f1f2-43f5-a823-00bcd10c42e6,1769617578806
bf4c11cc-48ef-4e26-b55c-499ef43c4fbb,1769617578847
f89bd178-2d9e-46c6-a2e7-06acadefdd94,1769617578889
802d5e91-e8cb-4aee-aacb-4ccf61edeed0,1769617578931
7c9a8e2b-01bc-4103-aa9d-67e89144465d,1769617578972
120ac60d-6a1c-41f4-831e-e2a16a71b7db,1769617579013
4875061b-34f5-4cd9-bc00-d1b9d4ad88c9,1769617579081
5b375b4e-67ca-4272-b63f-d74014de3e7f,1769617579128
54b4c294-5236-421c-8b47-2f9ada8d09ac,1769617579170
8254045f-f608-4370-bb45-56aeb1b5ff24,1769617579212
d6555182-094b-47d8-9e6d-7923817a4313,1769617579310
311485f1-06d9-44cc-aafa-138df205109f,1769617579352
5b8ad557-3088-4a66-87f7-ef878c1784a9,1769617579393
613d3f3d-994a-41c6-ad82-32b321011ae2,1769617579434
83266704-3812-4c6f-947b-3615d7d40373,1769617579504
d26654bf-f414-47d6-a3ae-ec70bbde94c6,1769617579565
cbfbea30-18d5-4f64-8d2d-d08b67dc45ec,1769617579606
dcd4815e-1598-4953-a0c1-29114fd6cd17,1769617579648
b5b8d3b0-5602-416b-82bd-3f8d080b2531,1769617579689
889c1d4f-ddad-4dd4-b2f6-fbc6724c9190,1769617579730
fbb10357-9e99-4a2f-9e2b-e3d9385ff86f,1769617579772
304815b0-80d9-45a9-abef-db3dcbba1535,1769617579814
2d8242fb-b797-484e-8589-246eebf33327,1769617579855
08a260bb-7cfe-4785-a97d-b381e9d26866,1769617579896
72563ab3-b231-4615-83bf-73708fdc052c,1769617579975
d7b65131-37a0-47ee-aad7-429066a49d79,1769617580018
822782ae-f223-4a9b-aa1d-7fc4d109e742,1769617580059
2154bef1-5760-4a5f-9447-f9a67916c818,1769617580101
bbcfd333-9797-4e0e-b64a-2c9eeddbaa5f,1769617580142
f36863f1-c3c8-4d77-a65d-29d93045f5b8,1769617580184
9c3c328d-b623-44a6-b579-2216a26319ea,1769617580225
6fc62340-1e4d-4f14-8e5d-cb10e44fd15f,1769617580266
d83b7b6b-a96e-4925-b362-dae3ee9b31e0,1769617580307
68d43fdd-a043-458b-98fd-12cecf40cf52,1769617580349
768fb62d-cb65-4e29-a99c-dd1bde38d1a7,1769617580390
a5a6f853-33f2-49d5-85cb-570523ebecf8,1769617580442
7edf367b-d3e8-4210-80ac-aa49c7ae89cd,1769617580486
2d7684e6-3452-4959-9263-5f35278f0d09,1769617580531
116c97de-2254-4012-af37-6183e9445678,1769617580572
69b342ff-240f-456c-9c1b-0374c20fb508,1769617580613
e9b2dd29-da27-40e5-baa0-e93d8ed27a42,1769617580654
5e5ca054-fae8-41ef-b0d0-7933396e5848,1769617580695
45c4b3f8-cac0-4c10-875e-380275fa9ba6,1769617580736
b2bbcb25-c32c-4537-9207-606693d9b419,1769617580777
393fb1f4-3585-44c5-bebe-842b654fe386,1769617580818
0a07e480-f8f2-42cf-b593-1170bbf16ce0,1769617580860
85d921a8-1d96-4533-8ec5-e9ca6f46f2ae,1769617580940
10cb10b8-876f-487a-b2ae-f86b52562431,1769617580993
f02a47f2-bf05-497d-9528-da1b986a1fff,1769617581034
2ed92ed5-2dce-443a-a5cb-30b0a5348800,1769617581075
6ddeac70-9ff8-4013-95b7-86f90bca7e5e,1769617581116
0d691f1b-e410-4ca6-9a6c-6542fa0dafc2,1769617581158
a8af794f-d543-478e-8094-b64eeba3b8ba,1769617581200
2638f79c-2350-44d3-87f9-d7e6a2e00b07,1769617581412
294cb44f-062f-49ef-b7b2-f39d662f6de8,1769617581453
d587a7e1-a7cf-4ad0-bc60-1e4db4071fb2,1769617581495
c8ac56b1-6db9-4ad3-ad7f-190736d422fa,1769617581536
48c14b66-a144-42ed-b4c7-cfdd9b4c19a7,1769617581577
6457f517-f181-416a-b7f2-c16e8dba6db0,1769617581618
17148161-11f2-4daa-8da1-91656ee0db75,1769617581659
307e7ae8-2064-4536-aac1-abf59552b584,1769617581701
b06f1750-3e59-4f7c-983b-c4a51b2f1e8c,1769617581742
45fdf19f-a9c8-47af-ba9e-0f1989693409,1769617581784
b87cda84-79b5-4bf4-9caf-7d2b4969f6c0,1769617581867
35aae02e-7589-46be-b030-0134cd772b70,1769617581927
21b38bbb-02e5-4402-99a9-da78c528f4fe,1769617581969
2ff18a4a-f53e-45a8-af95-6cb351c28a3e,1769617582010
c55ca58f-5141-4850-951e-218859221624,1769617582051
7dfef3cc-60bf-4a43-8083-30fc6e5bb7cd,1769617582092
92105831-5c06-4c12-b96b-5172d5ef1ab3,1769617582134
8f47f215-52c9-4ba2-8d3f-7f86946cf886,1769617582226
6c489f31-76e9-4925-8f47-6a08f7bfcdb2,1769617582284
04dbd54b-6400-474e-9ca0-62329c754da9,1769617582364
ec7662ac-5578-4b09-b17d-b0f8d7e20f46,1769617582405
e8183121-e678-40bb-a89b-55cc465460a8,1769617582446
803473eb-7a8f-4312-8cb6-1d0c521dd173,1769617582487
8007312f-35fd-4d39-9ba5-cb2a2eee5ba2,1769617582529
49c7339b-968b-4b86-95b4-af333bd319a3,1769617582570
ef601339-e9d9-4a57-bf5c-9efe911dc554,1769617582611
4c2e7307-735f-40b8-bfcf-4618ea323667,1769617582653
93380c52-1519-4f23-b4f2-04627282e613,1769617582694
8ce96388-082e-4e84-9bbb-6f3a07639cf7,1769617582791
6477da0c-cad1-44b3-aa5d-8c010cb09d94,1769617582833
3a2fe501-f4c2-46e0-9c2e-85627d814291,1769617582874
4a5b5783-31d0-4858-8bb3-37a367bb3fe3,1769617582915
c912e0dd-c04f-4b88-b21c-4656610cbd83,1769617582957
a40eeb5c-fb06-42da-893b-41c1f819993a,1769617582997
79a7b799-80fe-4684-b917-3cdae730d7e6,1769617583039
7eef5595-f885-4434-a874-a44cfc46627d,1769617583080
38e0796f-60bb-4ad2-a323-e68e93665c17,1769617583122
cabe1c8d-3708-4f4d-9df0-9e95bed49c25,1769617583163
597e3119-5c98-4502-bbb7-ac654b2fd1ed,1769617583250
34a450e4-51a0-43de-9092-5ece07969b8f,1769617583291
5c697e85-a2c4-4174-a621-1363d6dfc384,1769617583333
0f6713e9-5f9e-438b-a430-3acb25bc4f56,1769617583374
621bc2c8-c5e7-4f6f-9480-da004b64242b,1769617583415
c7850687-e28d-4114-a7a4-2a12cb12c661,1769617583456
b678bb33-8eeb-41f8-b083-73117ee83e10,1769617583497
399c495e-8bb3-420f-8677-1c3f604d8bd6,1769617583538
31e646fe-0903-4bf9-97a2-a2cb5516a7ac,1769617583580
ddeffb65-f054-4244-ab69-458b5f3a92ed,1769617583622
9817fcdc-86ae-4f84-aeff-f07d139d7684,1769617583692
c6c075c4-ef9a-4f7a-b398-bb7f50d38c38,1769617583734
7f8aaf11-01a3-4589-bdec-a4030c9c49ed,1769617583776
42f78930-57a5-4532-907d-a2ccea8fe669,1769617583817
e0eba860-9f0b-46b2-ba90-9832370b84ae,1769617583858
cd7e6c20-3b53-4cdf-aa9f-d6f7e54782a5,1769617583899
2e10d3ce-ca95-43a4-aeb4-42e7e6ced489,1769617583941
43e1c921-5a54-4951-86d8-fc3d2b655fb5,1769617583983
a5167442-28ba-43a1-9274-ed876e1c1630,1769617584024
8ffbbf60-5d55-4829-a98d-92a13a55051d,1769617584065
bf18caae-59bf-4050-92a0-757035c8a769,1769617584115
775b049c-47cd-43ed-b929-9417b1b1a9f5,1769617584166
29889070-f204-4fb0-9a99-5f0cc9f7e9c6,1769617584211
f34bee4f-7618-44bf-a4bc-4e2ef3d7eeee,1769617584253
ff72ab96-df26-49fe-bb56-d0200e518380,1769617584294
b7e3511e-4b13-467b-945e-3c715c508122,1769617584336
af6d5921-4c58-4718-91c1-261cddd650ad,1769617584377
6c46ee08-afb1-4c9b-a54d-8568da7d6875,1769617584419
4d8c48d5-6364-418d-b1bc-79dce06d0621,1769617584463
1ac958db-b5a6-471a-9949-4c30e817b2f1,1769617584504
85dd1c28-11be-4275-98d6-387102119a72,1769617584546
560a2c53-2cab-4b9c-8186-291307f77ea2,1769617584590
2492391d-c89e-45b7-96f0-d10f03699429,1769617584674
ebe58e13-0d22-4891-aac5-9434d516113a,1769617584716
06a27f2c-32a4-44ed-87a1-d30d2df78400,1769617584758
48571173-cfeb-4ace-880b-0a57f7160a05,1769617584799
3edafcbf-3d75-44cf-b347-7f1110de92c1,1769617584841
d36ccaeb-28eb-4b50-b47e-0e62ed9a024f,1769617584885
773b7d56-7a24-4f96-8607-8ca460d10cb8,1769617584927
88eb4278-24c3-4021-aa1a-6ef0faa83bfa,1769617584968
c85ccfb2-d8b9-4f05-9e68-a34e3b1e108c,1769617585009
be0e257f-dff7-420c-a291-b13d1f3c3302,1769617585050
5ba0b9b1-34ff-4396-9106-3da5f1614821,1769617585091
6a808253-f889-41f6-a8a5-780ee7f4bbbc,1769617585146
6d8b9a76-660e-41a6-8513-3d2e812416b5,1769617585198
f217c313-212a-4f98-8893-3d38559fd21f,1769617585240
cb98fd5f-19f7-4c56-8371-2f2f819e8ef4,1769617585282
4b1cce9a-30da-470d-8f68-2b4576133d27,1769617585323
17799589-b497-4c71-9f8a-3d8b40db2be8,1769617585364
500daa3f-0cca-423f-970b-1fbce519584c,1769617585406
d6dcdb93-46f3-4fa6-9a08-7d9495a2a494,1769617585447
ea7e374a-4a3c-4199-aca9-fbc05c9d60bf,1769617585488
0b266977-df21-4e9a-b434-3786f30b0d1c,1769617585530
69ad5b9f-cb64-4d9b-88a7-87b443986fc3,1769617585572
2a070b23-dea6-4f28-adff-84be96f4af62,1769617585629
5a1242db-5a35-4219-b947-8ef63fd7e5d0,1769617585708
4e5b8e30-3968-44d9-9e22-d22753df2aa4,1769617585755
dea063ca-72d4-4526-8a9e-29e0c8deb7d0,1769617585797
25a05f72-56b3-466d-b70c-b97bf2cb4476,1769617585838
d2235c1c-6513-4b35-a0f7-0fb65524fef9,1769617585879
f1a01e41-684a-49b6-bfa1-84a67be3ca54,1769617585921
ff3bb7ee-75b7-45cf-b1e1-cf931f722408,1769617585962
1b617864-0023-44ae-b43a-e594dfa6da61,1769617586004
a36a5620-13bf-4bd0-bbfa-b57a0923a29b,1769617586208
c10eeef9-7abd-481b-ab75-e8015aa3b821,1769617586251
61ca5d31-a99d-485d-b0cb-54148fcfb8d8,1769617586292
68b164ba-15b8-4528-acfc-765fcb6b19b2,1769617586332
28e0d92e-65ad-43bf-9fc6-2d7805be4634,1769617586374
9863240e-b359-4645-929e-93e405420ed7,1769617586415
ce13d09b-0b76-43af-9942-da75e6d6f735,1769617586457
bc0dda8a-3378-4208-8d03-600cb6b8d839,1769617586498
07fa3dff-524d-443a-bda5-1cf86ac4c324,1769617586539
fa23f631-f9b4-444c-89d9-4aa6dec32c90,1769617586603
b0217edc-d505-47cd-ab11-3ebe77f813bc,1769617586645
93d8434d-be60-4701-acb5-89fc7b9e7ba1,1769617586687
1bf75a6b-ccde-4a6b-8cc9-c64f92c8cef2,1769617586728
a05f2e71-3674-4588-9853-bcc08aefea50,1769617586769
0b3f822a-243a-4117-b29e-da74af589fbb,1769617586810
285032b5-5da9-436f-9602-8efade72db3b,1769617586851
93a57f5e-7a3d-4a56-b2d7-2896625391d3,1769617586893
3d40f4da-6ef8-4ffa-8e39-ed8472cacf29,1769617586934
bb6c9667-2343-4a86-909c-08eafe5e5f6d,1769617586975
abcbc717-de82-4989-81c8-e83cceb25d6f,1769617587019
fe226d8f-334e-499e-aa31-cc8888040937,1769617587091
1fd947eb-dece-4576-bf6a-e4f0bf580416,1769617587148
ca506e20-6752-4007-8faf-1cf6a52d12aa,1769617587190
00a5b8aa-75b3-4943-942f-7a700ec95167,1769617587231
2972cba2-da40-4223-ba9b-7af731db93d5,1769617587272
bb55b542-f114-4c64-8149-efaf5a6f6efa,1769617587314
054c26d9-9b7a-47af-b351-0ec481d30284,1769617587355
13ab6e78-a07e-4913-9b1f-d3013cc755c0,1769617587396
e68310be-a1da-4073-b088-bd1c0bc279e7,1769617587438
8c9b3ea2-a2a8-415d-bbd3-b0573ca10ba3,1769617587480
78f48e60-ffd7-4de4-b9ed-d255ff9ec6b6,1769617587522
c6e695af-f689-4488-8e3f-d40a4bef10d0,1769617587601
9741e92d-fb51-4b24-af6d-6fe52553f542,1769617587646
24aac3f3-aafc-4a62-ae3e-5e76e8c4a6d3,1769617587687
dd5c0e2a-399c-4a78-8906-fae8b627cb20,1769617587729
ee653439-9e1b-4648-afd7-3993d7c49608,1769617587770
d225773e-5dda-4f78-8e76-a43dda5122db,1769617587811
c626b9b8-c7a7-4eff-a50f-bde8444fe9ad,1769617587853
986dc172-09aa-43ce-b58b-e6ec82ebb2d2,1769617587894
d342a562-9c76-46f3-bf69-e9412d1eb798,1769617587935
530a2f13-73f5-44b0-bfd6-87e9a271375c,1769617588006
f7f3af7d-69c9-4733-a645-b510241a7a7b,1769617588054
7f40db1e-fdb9-4dde-a930-28ab603a3902,1769617588100
0cd891f0-9ca7-44b1-9f4f-18b6a282f1b9,1769617588142
e173fb8b-e900-484b-be27-9b4fd334f80a,1769617588183
99ae1795-a7f0-4227-817a-38c7fb0ff521,1769617588224
3388112b-485d-4e7e-ba1e-9e8e327b5980,1769617588265
18a44159-cc8b-4827-9caf-a0b81d8f7530,1769617588306
4ba9d8e8-8fbb-4a70-82b9-20b49472eac5,1769617588347
c0d5f6af-6183-496e-a97a-e2362cea6740,1769617588388
a3ac6da7-bce5-44ce-aff8-1770e14c5755,1769617588455
e9940249-be06-42ba-be24-1837799a2e74,1769617588497
c51c2750-0cf1-41f5-9f64-db1508cd3308,1769617588539
8cfa96fb-bbdf-4ab5-ad5e-27db0a61cb0f,1769617588581
b22a9dd0-dc7a-436d-a16f-8e316123d9ca,1769617588623
5c8a66a1-a6fa-40a0-9bf2-1f1d081a2d6c,1769617588664
f6cc9954-6a46-4edc-a37b-89e49f03d25c,1769617588705
1f4071a7-e0c9-4598-9806-eb830fbab7a8,1769617588746
eda9f1c7-2eb1-42e7-95d8-ac191f163103,1769617588787
ae6cf1b8-b316-4cc7-94fc-ec7f87dfa703,1769617588829
6e363561-363f-4ac6-92d4-9174d8fa8d2b,1769617588900
ae39734b-f1f4-48f7-ba99-7272a5ca0eb7,1769617588961
c765fe36-bd92-43ef-984a-33bfa13b00ee,1769617589003
ec5555f3-dc74-4c4d-90bf-d7aa0731b045,1769617589044
e0ef5711-cdf3-4f66-85bf-c49cf8dd0104,1769617589085
efae8b4b-1728-4754-873b-4dce9a156cc1,1769617589126
3cda578c-ec13-4e13-9445-3818e2622296,1769617589167
afc1e7ba-0932-4bb6-b350-ef6d3dbb3b18,1769617589210
32040fad-e1d3-4cf3-9d03-811545e0d3c9,1769617589251
da6a23aa-26b9-495b-9178-c36b2448826f,1769617589292
087af9f6-daac-4432-b417-9a0dfc277ef5,1769617589333
5e010b78-ae84-49d4-8947-58054eadceb8,1769617589426
6625ad93-d487-4a8e-92ff-1fa1691443b9,1769617589468
d352382b-3dff-4ca6-aede-4b31c7c2ab3f,1769617589509
50de75fc-b634-41db-a94d-a6e762ec3430,1769617589550
883f0196-1063-42c2-b2fe-68cac3fcb101,1769617589591
43331bd7-249e-4631-95e5-687f666efc86,1769617589633
2ae0fbe9-4d30-42c5-bfb5-e6a26bd72606,1769617589674
b689090c-99f7-4e33-b19e-f592dd3d0005,1769617589716
202e99ec-c98f-448d-9659-e0d92fc76df0,1769617589757
7522f2b0-4dc9-436c-9b44-2ff3a29ff14b,1769617589798
ac0279f7-9da6-476f-98ee-bfa175bf420e,1769617589880
982431de-6066-4cf2-97a8-90fecfa470d5,1769617589924
f208a6c0-3f1c-47c7-b290-d4ef8c6f68dd,1769617589978
30a98135-a6c9-4616-bd63-821ad0ec58d0,1769617590020
c42e1045-26b3-4cd5-b236-89edf62d9335,1769617590061
6d508ff8-71b9-4c99-b583-b710fde8d7fd,1769617590102
aee491d9-9bad-4248-890b-b49eafd75ba4,1769617590143
e6217c5b-7055-4cc8-9a6f-df85e133df1a,1769617590184
d8f2f2c1-2e9e-40b7-b8bd-2c7ea9c8fd27,1769617590226
d4bce717-fa3d-4fac-bc15-59555a824af0,1769617590302
bf73ccb6-3f04-431f-b8ea-80264d59b9ae,1769617590362
e0f9b2dd-8a1a-4e4e-abbe-67831180172d,1769617590404
768351c8-3e14-4f08-bd9f-262a36e63f7a,1769617590445
123f6995-f8d6-42d4-82b1-aef2a4712f96,1769617590507
d9332290-732a-4d00-a60c-976db99262ca,1769617590548
27927a6a-d553-4041-8aaa-afa16302fad2,1769617590590
b0b11663-1d2a-4077-8673-6805e198dbfd,1769617590631
29cad62a-242a-442c-afcf-fa33b3a8590c,1769617590672
0b982277-8ea5-43ba-b987-fe63b78b7ec5,1769617590714
0f097489-09a5-49f4-9688-a7036066e3b7,1769617590756
22255281-689c-4320-9a03-5e610c100335,1769617590964
7f55bbc0-f335-4766-9927-6a9cf1f43f46,1769617591005
7d9e2f6e-774b-4822-b77f-7b5a3ba82ed0,1769617591046
7e5c3af4-d675-4f58-8ccb-7a475dd58b56,1769617591088
13989c87-c219-49ef-8c55-1e44a7476801,1769617591129
c2f1177a-5cd2-48cc-834d-3ebccf685477,1769617591170
f59866d8-d5cc-4b3e-9529-a3d229313be3,1769617591212
2d5a1d5f-1800-4672-a921-b241d2bbceba,1769617591253
19f756c8-8f38-4283-b337-af50a590c60a,1769617591295
5568662a-f1e1-4c13-8938-b13c4d6ab981,1769617591336
e8280a7b-6b74-4b36-b2c7-f3df5b00ce2f,1769617591378
dc728965-1fba-4972-a2df-55050fd2c566,1769617591419
9d062a44-9afe-43fb-b79e-e51a84538c7c,1769617591460
9db9c723-1fc9-4211-837b-fa04a08e70af,1769617591501
209fdfcb-567b-4e61-9bbb-18d8d1a96961,1769617591542
0f9bb47e-cd48-4fb1-8d0b-5c30a91f8549,1769617591584
c3138a90-3511-452f-beba-8a42261d9c32,1769617591626
f86c3490-c8bd-465d-bffd-2e060a0ada16,1769617591667
7a35d571-da44-401a-bc2d-3fb1c23bb6e4,1769617591710
85dd3afa-e076-4453-a76a-1c1399760939,1769617591751
b4cae3ed-52e4-4105-ad5a-76404da905eb,1769617591792
f511e214-3020-4a65-8c8c-95396485c55c,1769617591833
d637ca09-ee25-4626-ad6d-b680318faca8,1769617591874
012e53a9-4073-41b7-aa70-3e5634e9b085,1769617591916
4dec1ff4-a855-4cf9-9e31-4c09990a7346,1769617591957
d2f6c276-6d3c-4dc7-b2d8-cedc0e920953,1769617592000
b0fd2f94-adb3-42da-830c-cc32d963d792,1769617592042
02645e9d-4b4e-41f2-b1e5-4360b353426b,1769617592083
acfb07eb-6355-4325-a28b-971f16a34a99,1769617592124
4aa0a7c6-6a08-400c-9ca0-72578c4aa979,1769617592166
3839d282-94f0-4fb3-a328-f631868e04ed,1769617592207
8a3f3866-38ab-4c21-93e7-054c95d3b89a,1769617592248
6c46fb89-1295-48bc-b21a-f980418eba2c,1769617592290
779316a0-a210-4d0f-822d-f21ec2ecf94c,1769617592331
140455e3-ce5c-4bdb-8bf3-0ad7ba8aad1d,1769617592372
64e36b66-29ef-4d5e-86d1-09c0dbbfcdb3,1769617592414
9d74b9ba-7417-4ccf-b7f0-7afa1d446b30,1769617592455
52ee62fb-5f75-4085-bdcc-c6dae2817d39,1769617592497
62300582-0dfa-41fd-952b-bbd130ad2872,1769617592537
48b5d7db-0d3a-4974-8a17-61175b619739,1769617592579
2b74b42a-473f-47c8-b411-e79433547e63,1769617592620
38f2e4dc-fdf8-4a63-8cb5-1ff39339aed9,1769617592661
79285c3a-80f6-459e-b8d0-9932e1bf1327,1769617592703
8e098f56-cfb7-4456-9d13-83bf52e3cebf,1769617592744
180f6792-4201-45a6-9dfd-4051b64a7482,1769617592785
bf5c740c-02ca-4654-99c2-b90dc20ba30f,1769617592827
99ed4e2a-c74e-4776-b8c1-b212dd3f83bc,1769617592868
a17d39af-784d-4929-a307-53cfe29352fa,1769617592910
e26e8a31-2abc-4aa7-9cdf-8eb14963b84e,1769617592951
18c90d00-f5f5-4c4c-b3b4-87fe87dd47f6,1769617592992
8e23f01f-a2e0-49d1-9e2b-d84cb6d8dead,1769617593033
ce24fa6d-61f2-4cba-9cc1-b91aad185001,1769617593109
de25696c-4d1b-4d63-886f-9dbc42b5c898,1769617593151
faad57a5-7a6f-4f24-ac78-c269f69569a7,1769617593192
6d7737c7-3b9c-4443-8fc7-334655c386ea,1769617593234
fc5976cb-43f2-44e3-82aa-4eb32a661ed5,1769617593275
323967e2-f03e-43b3-91f2-598d953a6eca,1769617593316
b1a39b07-37e4-4b59-b221-86be77f186ec,1769617593357
6e8382d2-177f-4879-a251-5798ddf73fe6,1769617593399
2c781370-dbb6-4ed1-adb8-ddb4b311d60e,1769617593441
2ef73741-ed72-42ee-be1c-d3cb0563c6dd,1769617593482
5f7c7247-1646-49cb-9a1b-60c914652217,1769617593523
8698c75d-cfed-40f9-8da7-cf9a9e82f5dc,1769617593565
0dbeae27-b0aa-46d6-bda1-9a9fe1255c12,1769617593606
30a9841b-9e8f-48a2-8b1b-2a3f851fd9a8,1769617593649
cf8e873b-c3fb-405b-8ec0-c99122bd5632,1769617593690
28a2d679-b6dd-4026-b036-59711dd5bd61,1769617593731
f49dcf67-4552-4c93-acf8-d5652652b56e,1769617593772
3ed59192-613d-409b-9145-3850046f714b,1769617593813
d6e76e11-de4a-441e-8f89-591b701fe3c8,1769617593854
9e36c901-214f-4040-9a31-db69e38a5129,1769617593895
8274f2f9-8d9e-40d6-b6ce-5957890eaf91,1769617593936
7ff6de69-c0b4-4d22-8a3e-4824a8222d6e,1769617593977
54333e8e-0496-4141-8c5e-6307f58aaf1d,1769617594019
903b2cb1-f0dc-4390-98ed-0c4abafbd7ea,1769617594060
afd55701-4a5d-4239-9d79-a3a5459c4e92,1769617594102
b9606f62-dea9-451e-83db-a37762777882,1769617594143
4e730356-18b3-4d48-9a9e-7161aac24899,1769617594184
0558974c-22b6-44b8-8705-7f6e630aa9c2,1769617594225
55e934b5-34fa-4f04-8e24-b89fcc0ee632,1769617594267
13b6a5cc-73c0-4c69-9c2b-741500e247bf,1769617594308
6afd174d-6f1e-4286-8e51-b57f180c4d90,1769617594349
be16aa85-650b-4a12-b25a-2794425f3111,1769617594390
b1fc2dd5-62fd-4c4a-b658-135f10cef82a,1769617594431
cd00fa32-7d83-4b7b-9c13-dbd62c2808b9,1769617594472
c4302ab2-c296-4e99-8d51-50aaa2be82c3,1769617594513
cd5ecbb3-83cb-4f97-ab5e-907843c4e534,1769617594555
a865ce55-084a-414d-ac91-4067a30ad361,1769617594596
838e5ebc-63f3-45ac-beb5-933325d29dd6,1769617594638
db304a68-6d03-4bd3-8b7f-783addee54ff,1769617594679
7fe65522-9018-4fa3-892e-4d3a28363a91,1769617594721
cc8c8cc1-8402-4790-b190-2175031828b2,1769617594762
9eac73d8-f002-4a80-9834-60062c3f1609,1769617594803
9ff73f89-3635-4d4f-9bca-9f92d105ac93,1769617594844
34c4944c-5e96-467e-a180-7c8b5aad2cdd,1769617594885
aaa1d112-38d8-4911-bc8e-c88c06aabe14,1769617594927
8c42691f-7038-45f7-90ec-8de363384f7d,1769617595002
e1bb7b2a-e395-4859-b939-683f2f4df6fa,1769617595043
0b80ac10-f746-4eb0-bce2-a6b15057b762,1769617595085
3e9fb93a-6301-4149-acb0-8df6dc01a5ec,1769617595126
fbed2c14-fe21-43fb-90ca-db862fcc80bd,1769617595168
721530f2-ba58-435a-b236-fc8b24e9e65b,1769617595376
e5599baf-2319-4acf-b6c9-d74e28cb3287,1769617595418
8e281b7d-b03b-44c6-862e-ce6736667675,1769617595459
a01355a3-5e7b-498f-a85f-cc92e0886fda,1769617595501
8f79f70c-8ddc-4045-ab6d-f02c09d110ef,1769617595542
6d7f2f3e-1fe6-480e-b318-b25a14a39ccf,1769617595583
0f5e9180-74be-49bb-a2ce-1f89edf24767,1769617595625
18469284-921f-40e3-af6b-4ef7dad96b75,1769617595666
81cea33e-bce5-41cf-a1e1-c03173b07595,1769617595707
0c5156d7-9731-4c5b-93ee-25c7bf6189e7,1769617595748
b8a71f5b-89b6-4621-b790-c564a7ddf1a9,1769617595789
679c1623-21fa-4175-8606-9d31e9860f86,1769617595859
5ddcbf6c-1050-4dff-bf63-18143aa80497,1769617595900
d7a588d2-f79a-4387-acd1-1eb197edef40,1769617595942
db7a029e-6fc5-4e82-8101-05911d35d472,1769617595983
f7b1afd0-1371-4c30-b761-e73d39a1f820,1769617596024
1dde313f-2b49-4185-84b0-f2af420388e5,1769617596093
4e2d672b-de43-4869-aca5-7626f51f6616,1769617596135
05524472-aaef-41ea-b765-fdeb96d487f6,1769617596176
738157f6-ed5d-449b-87ec-46eab89106ad,1769617596218
e838a509-160f-4fd6-a9a4-471646b812e8,1769617596259
dd8d5290-aada-4102-a4ee-4aa6ef06256a,1769617596300
6c70880e-26aa-4b6c-9dd8-c556815a5b77,1769617596341
c024eeb8-521c-4f63-8aa6-a9308c71b9d4,1769617596382
cb14751f-007f-4f99-a8a4-855b6c58b134,1769617596424
0ebb15df-44cd-408d-81e5-0290303b516c,1769617596465
e6a2321b-cfd9-4195-9790-ad9135a65bbe,1769617596506
f4aa5044-42e2-4c33-9f76-c8ad989759a5,1769617596547
2bb0b6eb-129b-465e-afc9-72c73fa49721,1769617596588
01759b51-cb52-468d-afc5-c3376d94231e,1769617596630
be31dfa1-cbd2-4bbf-b558-94e106dca209,1769617596671
91a2764a-68ad-4549-98d4-7367821a608c,1769617596712
baff25cb-5187-4f24-9fe9-f7f3f527f19a,1769617596754
33a20e51-9a60-48a1-b2cf-7ee81fd685a7,1769617596796
139f4eb2-e20c-4cab-b0c3-63e9b2fc405d,1769617596837
bd4cea9e-a482-4c0d-9760-c0f4384cacaf,1769617596878
e867f78b-5226-4280-8d8f-da236fd00120,1769617596919
b8b3ec51-4c95-49c9-b292-ee69b487f4e7,1769617596960
88ed24af-65f2-4b0e-94c8-605631af5b8d,1769617597001
70aa513d-d436-4c6f-bf6a-07326545d05e,1769617597042
d08e3d33-f549-45f6-9590-0589a397cdff,1769617597083
3d4078bc-4ac5-4d09-923f-5e72caabfd2c,1769617597124
757117f2-6f07-417f-a9f7-f50cb9a674be,1769617597171
87829fa8-2cf3-400d-b46b-fabb3bd7c29e,1769617597213
06a16cdc-ca9c-499a-b752-69bf7bf77798,1769617597255
80fa3a57-6aef-4bec-b956-9d57af50059a,1769617597332
9b0e4ac2-ffc4-4c4f-85f7-501d541438f3,1769617597374
44e40c5e-ece2-456c-81a2-36693e49f63c,1769617597415
a5489235-749e-4ed6-b515-5c10d0f9bb2d,1769617597457
b374b11c-8952-4dad-aa73-39ef4d064fa9,1769617597498
10cf269f-b4ef-461d-90aa-3d07a3c018b3,1769617597539
f457d622-c474-4019-af16-b338dceb9079,1769617597581
faad95bf-777a-4fca-9430-3fe808f277d5,1769617597622
cc241e88-c649-4cfd-9c3c-fb1d9ff92856,1769617597664
a0d0ed71-363a-473e-856e-757e706df776,1769617597705
f3adcf65-55b0-4a35-bedd-1d4cdc112838,1769617597747
8e98c181-54b3-4a80-9476-c72a11bfe1ee,1769617597789
ecc602f9-8bc6-4e67-bc15-1d8ee6271ee1,1769617597830
6cb58f53-930c-4b60-b79b-375f7e0d9375,1769617597871
b4ed8f94-9334-45fd-886a-466b3193df76,1769617597913
fe192dbc-8b90-49c0-be59-396a68522bb8,1769617597953
96c3f020-4de9-433c-be42-2117d26b4f8b,1769617597995
3492b896-0939-48cb-8e5d-ba8df9f22a01,1769617598036
112ff986-6ae9-465c-85a2-a21a68b6a945,1769617598078
c4e61b2c-42f0-4c25-8109-c33aee86929b,1769617598119
c415517e-1f24-4100-9449-06160388a518,1769617598161
f5b14a64-a19c-4715-87e4-d981177ab978,1769617598202
e6385fd2-8665-477e-b76e-59331429ad0b,1769617598244
78cadd6e-042c-4880-85e8-2339e639482e,1769617598285
7ae1dd41-88bf-448c-8a6c-8a4770d4007d,1769617598326
9295d67c-fe76-4ccc-9906-ed602adf6b4c,1769617598367
d3d06cc6-31da-460c-bfc3-b1aec4b93b01,1769617598408
7bdc99df-5100-4437-aa93-7ad32785fe37,1769617598450
ce38172f-76ce-43c7-84e0-d90454e9b9ed,1769617598491
acf2fac5-f51e-48e5-919d-108159d72472,1769617598538
576bc0d4-864c-4850-90d8-8fe3d19480a0,1769617598612
860d598e-f1f8-4fa9-8b0f-c39203ddad5e,1769617598653
92757490-2e77-4b41-8f87-5085e2b4cd8f,1769617598694
062b9202-e05b-482a-8f76-b50b1a21862f,1769617598735
96c964d0-77c9-4dcd-934b-a426b502a8ba,1769617598777
c08ff883-8c25-4b54-bf4f-528eb9add47f,1769617598818
14186f86-6e64-45f7-9296-87c8ea863146,1769617598859
5fec234b-2742-4ac2-a399-92227b2ff7b6,1769617598900
3ee45c06-e50f-4d84-9390-4ed7910d1c42,1769617598941
3707af9b-9668-48b1-9098-cad75db39ba7,1769617598982
869751f3-6e67-43cd-a4b4-7953ad5f06b8,1769617599024
7c7a6305-9e0e-4e78-8434-9121f56fa785,1769617599106
009902d7-69db-487c-9eda-8eb54915b196,1769617599148
2bf14e25-051b-4faf-b388-83c983cd2395,1769617599191
b9ac6707-3bbe-42e1-9742-a6a52418816a,1769617599233
c7c9fa40-2ad4-4d90-bbd8-6c302936898a,1769617599274
d17038b4-0e09-4547-bbba-16d8aa2ab255,1769617599315
8ab4cde9-136a-4305-8243-2790af7572b3,1769617599356
c376f98e-7922-481b-9f32-13ac1b99ba03,1769617599398
320dd4b0-8e4f-43e2-b80c-b8928dc354b9,1769617599439
77e203f8-3506-4bba-8c0a-701889234135,1769617599480
c380ad89-2a0f-422d-872c-d93617163eff,1769617599521
f9c9bfd5-1f24-4167-8259-7a8399ec8b6f,1769617599563
a8043ee5-6610-4c48-86ad-51c1bffabdc1,1769617599604
e6f68c38-618a-4669-a14e-fd8d3fa9b892,1769617599645
2fb89a26-39c2-471a-81d0-98c38437aea7,1769617599686
8366720a-ff6e-4504-a9e2-04ac6e8e8fc5,1769617599892
e59ace6f-38a9-4556-9907-cc9e7c9150b8,1769617599933
8263f9dc-8d0c-4ee7-a645-fa31eee501b2,1769617599974
9de3cbc1-2ad1-4476-be74-8e4bc32a2dc9,1769617600015
6674926f-264e-47a0-926c-6ed4affd20c2,1769617600057
fa01b86c-13d2-49b5-be94-7fa325bf34ab,1769617600098
f80717a7-4378-4d43-8836-c2fcec26bf67,1769617600139
8d65b220-334e-4f32-b4be-0e77253a73ef,1769617600180
c6693e91-3b57-49e7-9dc5-4ed171b27980,1769617600221
d336282f-abb6-4612-b91a-06dfc8669243,1769617600263
b4ad2ee8-2ef4-46bc-b858-122f0d8b9c49,1769617600305
97a3a80a-d030-4e04-b280-0a5ba4bcab66,1769617600346
2fb88241-5b17-456f-886b-cd327b399eaf,1769617600388
960cb021-0947-41c0-b66b-4a02cabd699e,1769617600429
44e08d11-95be-47df-9dc7-c014696ef52a,1769617600470
4c275081-921c-4bed-826d-6d617ecec62b,1769617600512
58ba61b3-7d3a-4c1f-91e8-6dd44e19bd8f,1769617600552
86d35303-e09a-430c-bd45-7eb21e107622,1769617600594
acfa013f-9ac4-4fe0-8016-ec2af55af5fc,1769617600635
177a223f-25d9-428c-81cb-c5cc7f16a4fc,1769617600677
33b51c85-1e95-438c-a30b-976a984d5a06,1769617600718
6052175b-5d91-42d5-ba68-030fa9ca53ce,1769617600760
89dfb424-2c38-4fc8-9300-7c435508c48d,1769617600801
fcdfd3c4-567d-4f3b-887c-0baa8ee8e40b,1769617600875
4ae9984c-729e-40f1-ac9a-ca00f8331599,1769617600917
c0e3c009-00de-486e-be68-4f6098fac5a1,1769617600958
c4ae356e-7185-4dbc-8dfb-0f242320e38e,1769617601001
f8025bb9-3844-4ab9-bed9-1f1076d05557,1769617601042
41f2c596-c132-4f2d-adac-07d26fee7dd6,1769617601083
c38a62aa-fd65-4f10-9e1c-a516c0fa1120,1769617601125
9defecce-6531-4f7c-8e79-12a3db4a8504,1769617601166
c2d15575-e2fb-44df-9fed-464b383f1fe3,1769617601209
3948150b-7fb3-4edd-a3da-e8ad07c8a4a0,1769617601250
2a641148-c2a8-4024-b697-08acf07dfb10,1769617601290
c3ac1278-b25f-4957-adc8-11239e702db7,1769617601332
875173fe-c97d-4deb-9038-e2a397aa1588,1769617601373
8ab8ae7f-7c43-4621-8c93-f6b3c87bc762,1769617601414
3b658c27-bfc4-49c8-aa93-a6bfbccce899,1769617601456
defad5ad-6b22-4c48-83bd-061ff4551f9c,1769617601497
372acafd-f362-4c2d-81d6-a858965cfc8a,1769617601538
9b562e3e-2a19-404b-b4d8-cff85d7fb216,1769617601579
a596a3c8-f358-4131-bc3b-46da7fe1d2a8,1769617601620
37820dfe-8d0b-4fbf-9060-4e460e9ec842,1769617601661
8a306276-cc3b-4ce1-bfba-762788a0c84f,1769617601703
6d2d4b58-8017-413c-8db0-214108525532,1769617601744
3cd03dda-e23d-4229-829b-193e1f769001,1769617601786
a5441b2a-eef0-4852-8328-089fdafcf14c,1769617601827
a255a89e-f9e6-4cc9-8d51-f51a099f6af7,1769617601869
abbd9b97-ab7f-4880-834f-a23b8005219e,1769617601910
c7f265bb-e725-49c3-8716-f803025c970b,1769617601951
f07bd5fe-6d52-4a15-b3b5-323ac8acbd67,1769617601992
1c0ebca2-3f68-4c73-8371-bc2bab6ee70b,1769617602034
1d1cbfc4-3435-4cae-b5bc-75eaaf24c6b7,1769617602075
eeb3c978-c452-42cf-8283-0fa52264de05,1769617602116
cee0c848-7676-4c24-9f72-1608febe1f8b,1769617602157
8bf0a3a9-13f4-43b7-b128-4343d20d2e4c,1769617602199
b8d0086b-f157-4338-9ee0-52c6fb8c6d8d,1769617602240
6544baac-b816-4478-be61-75a14b63583e,1769617602281
9a1d1b18-1e5c-4381-870b-e6521ff008fe,1769617602322
5c835067-87ba-4b2f-befa-440b9e369d86,1769617602364
e5e4b931-d331-4b86-b00e-9ee323bec0ad,1769617602405
57c59a12-48b2-44cf-88a1-3557cda38067,1769617602446
f21e6639-e7c6-4ae2-8a60-55e0ea6a5b8e,1769617602487
872c0c51-7a4d-4e75-ac73-1038b9b97252,1769617602529
fbb637dc-e3df-4a83-9f63-4089fe28fc98,1769617602570
28613bc1-db6b-4f98-be2f-abc66a5e1937,1769617602614
6a0fff4b-9caa-4a40-9dcd-c6af19fbf4df,1769617602656
10c398f0-0e65-4fa2-b7b8-098a6bb9c922,1769617602697
529e6167-f7ae-4d23-bf0f-319c462f3217,1769617602738
b22a1ce6-7621-4d38-a339-3c5f813b1524,1769617602779
edd92e97-62b5-454e-b48e-c1eb27cb08d0,1769617602820
5293f00b-7943-4b5e-a3b1-9c3b1c64593e,1769617602862
f405c51e-8a19-407e-aa71-3f92817b6b57,1769617602903
e4d80989-9724-4931-81be-c65c0713c200,1769617602944
c8d089bc-c9d5-48a0-8803-2141ed9edcf5,1769617602985
025f9d6c-1aff-49d4-97d4-c840fc73e859,1769617603026
850a4eb7-261c-4ed4-99f8-c89921b4ce14,1769617603093
a5cd1248-d258-460a-a718-a12be0d60419,1769617603171
324fa648-ba79-4b6f-8fb9-4cfcc2bb3c6c,1769617603212
3b2490b2-d6ae-4ebe-ad32-631f6a1ebdd3,1769617603255
eaf1c8ee-7eb7-4127-a545-4302bf86bf35,1769617603296
46b8389b-ae8c-4107-ab59-f60df674e900,1769617603337
24297eb5-f463-409c-b271-5609a705e133,1769617603379
420839de-4302-4dd2-bbb7-f13b3052dc35,1769617603420
a48fc3f3-c7dd-4765-87e2-d7a404b0f40e,1769617603461
70ed4584-fd04-484d-9a81-1e319592652a,1769617603502
9b5fa3b3-0f6d-4009-8514-d242fb2dd0ea,1769617603544
c892ed73-537c-4b06-a5b5-43d73e573943,1769617603585
d1179710-b708-4d08-b962-89e23972422a,1769617603626
fa5e3a2f-9d22-409d-8dc3-6c0e52c2eae9,1769617603667
2ded2992-5227-4324-929f-64cd29def026,1769617603709
08db3bc9-f3e6-4c82-ae9f-5b68467dae5d,1769617603751
ccde81fc-8a7c-4981-81fe-f16a06762fcb,1769617603792
758c52df-ae89-4add-8514-049c889bb5c5,1769617603833
50cb946e-c7c2-478d-a061-6347a1761344,1769617603875
f7c85036-11cd-4a28-9fe1-8337f3d91212,1769617603916
bd79f229-7ba3-4e71-a2bb-32ee1f1fd1e3,1769617603957
f04f0d57-7c44-4498-af65-3724adffe9ec,1769617603999
8002f5d0-4f8e-40da-bdb0-80fb4dd3e046,1769617604040
2bc38aed-2032-41ba-a51d-b1d9a54d440f,1769617604081
1096aec7-b049-4bd6-936c-760227dd11c8,1769617604123
a82d536b-ee26-4035-920d-7388b353fce4,1769617604329
e804ff50-5fcb-4366-89ab-42d9cbdcf8f8,1769617604370
4308d004-3ae3-43f6-ab78-ac0e0a116707,1769617604411
2a7aab46-7162-408a-b417-862e3e162a06,1769617604453
5da25d0b-6740-430b-9bf7-d6013b18e5da,1769617604494
5e2fa8d1-a231-483f-bfdf-e38aa4d9f3c1,1769617604536
524becf8-4bbb-4c15-ad03-39428d260995,1769617604577
309a9217-bd45-4dd1-b7c4-bd8d90163e1b,1769617604618
47510a1b-1665-4988-a7fd-665f03f692bc,1769617604660
8141230e-ac86-42fb-a6e8-68979fa02d0a,1769617604701
3c4b92f1-e754-4bd9-9642-955082c8c673,1769617604742
a955f039-486c-4e30-bfaf-25aec5194e4e,1769617604784
bf05d253-acff-4b97-9568-84522ef7c7ca,1769617604826
769c36c5-d920-45eb-af44-36b4eb35a961,1769617604867
d14a19b4-a832-4609-a647-b498f71b04f7,1769617604909
7257f09e-b2f0-4eb7-a8cc-5d53a80caf16,1769617604950
16fa8565-1eba-4e32-9b03-92518e90c315,1769617604991
6ae7e30d-0a05-4597-8de9-0f784a7e0597,1769617605033
601907fa-9ced-40f3-82e7-b526d0f4230c,1769617605127
dcfe6c24-5c9f-4b0e-9717-9833bbf4bdc7,1769617605169
661dc495-94b8-4ee5-b32e-3ae76c5e923b,1769617605212
5d4f3f43-a614-4b2d-b8bf-b6d50a5c1873,1769617605254
92b8ec5c-402b-4738-9a4d-95be91dfc9bb,1769617605295
f15de6c2-da4a-42ed-acd1-1c6798302745,1769617605336
0d71aa4d-6848-4fd5-af84-74187d670cb4,1769617605378
a60a6dc4-22a2-4332-9de0-14a4751d48e7,1769617605419
ff8e1a81-d98c-4094-853e-03f0b03b9f98,1769617605460
9c12cc52-1d4f-4cb9-bc95-729a29f7ab9d,1769617605501
f5fa1133-673e-42de-860c-2551648e9aa2,1769617605543
f698fa8b-fc00-4928-ba03-5de18a769db0,1769617605586
445ae7be-7db6-4829-9260-321e45217237,1769617605627
4ccda71b-bde4-498e-8885-79bd8fbe8b3b,1769617605668
3e710252-2690-4132-beaf-e6c56d329f90,1769617605736
7971e4bb-8d9a-4051-8143-7a2894d14c3f,1769617605787
922bcfa7-53e0-4ed2-9370-2563c4ed1d1a,1769617605829
58decf6a-6fc8-4708-b19e-b9dfa6297167,1769617605870
82547b76-833a-4e7e-829d-8029c8004b5f,1769617605911
1b5a984b-5717-4965-90b2-f5a785723da3,1769617605952
15ffa452-64a1-4c10-9282-4d8f9fbcd322,1769617605994
7328eee2-1e71-44a3-96b9-4aeeb544fdab,1769617606035
97d3eb2c-9073-43db-ad10-e728f77d86d4,1769617606077
708dd8fa-b5de-4313-9d5e-db25ab60417d,1769617606118
f894abda-e54e-4ec0-bc94-34f159a6ecbb,1769617606159
14c2cad5-8149-4678-b25d-5f16bde4f7b3,1769617606201
db7d0050-300e-4fd6-a191-a61c2759f9fa,1769617606242
2ac4977a-3083-43c9-a1c2-5cb156feff3a,1769617606284
81e6a33c-8bbf-4c29-b065-8dd69a1517f1,1769617606325
8113c770-b333-4382-bd76-fb44b03e884b,1769617606366
b099267a-a556-45f9-b033-a0437b13813a,1769617606408
3a0e0a14-d8b9-408a-8e95-aa91b7dc2373,1769617606448
44afb127-577f-4afa-bcb9-47d8753c8a99,1769617606490
a173feaa-c2d1-4ba5-910b-2cec89022d22,1769617606530
6a24bc30-e5f8-4aba-9583-cec571db95b1,1769617606572
6d614ebf-32bb-4d1c-91f1-6294125785bd,1769617606613
5556c14b-817e-48ed-887e-980c8275e050,1769617606654
78d1d12a-ff79-4280-b318-c54fe5459456,1769617606697
7443b36b-9834-4ff4-83bd-4482a782cb4e,1769617606739
c2d0eea6-1151-4d2d-82bc-e94bbaf48f47,1769617606780
21a44394-5849-4acd-885a-12ffeef4e3e3,1769617606821
33359e26-f689-4da7-8820-51cda7e665ed,1769617606862
92e8c3ae-439a-41d4-8532-24a35d1a56ae,1769617606904
af85cbb7-9634-4cf7-9a1b-ad91a0e493ce,1769617606945
f176ce66-f9b1-4d6a-88ee-e9567c179af9,1769617606986
d90a8bbf-55f3-4076-924c-8ad0d8d60905,1769617607028
cbf4390b-1a9d-444a-827d-574acd6f6d91,1769617607069
de0bed24-bbae-4aea-9b8a-1670c21f4e65,1769617607111
a4f2d5f2-9067-4595-a251-ed23649775ed,1769617607169
08761d27-e193-43d5-9bbe-1520b838da97,1769617607229
f1e9cb10-29ab-49aa-ad14-15198adcedfe,1769617607271
3e132137-a817-4c75-9670-9fa98cb9bf02,1769617607346
b6653736-5693-441d-a9ca-5cbec4706f3a,1769617607388
e75f0f6b-7552-442c-b497-b59d1bd7abce,1769617607430
66059cee-afb5-42fa-b4e5-3e562a9e70bc,1769617607471
09fc9911-647f-4041-bcaf-932a22b88731,1769617607513
0f41e06b-342d-4f84-9b5e-6a8b55fe760d,1769617607554
eb42f582-c6e6-4bb0-b8ec-9bc7b1645cc8,1769617607595
672fe9f9-f232-4a40-a4b8-97d47fda3e53,1769617607637
92d48755-8834-467b-a2c2-329bd6fbc9b8,1769617607679
7f0e128f-ed4f-43f8-a68b-5b38a4bcd147,1769617607721
aaf9491f-e1cf-4795-9f4f-949a8b1ebabb,1769617607762
9914f96a-883c-4093-ad42-5ccd3009417c,1769617607803
fcd7f486-7ef5-445f-9e92-9ff30f6c0b3d,1769617607844
7b90e084-c427-4ed1-95f9-71e6784e004b,1769617607886
3a03af49-a42a-484f-9331-daec0560f028,1769617607927
aa6d06fd-80f3-4965-bcbe-751d900e6a12,1769617607969
5224c04c-d8d2-439f-b727-27cc9a2d5c3e,1769617608010
6fd6e60f-48f4-42d2-9cc1-2e7429f45af7,1769617608051
200d3c29-e81e-456a-8087-306caab6ae4c,1769617608092
6f7f53e8-f730-4f83-b487-9c4e74c5c620,1769617608134
a9023b13-0212-4c8c-b667-6b245302668d,1769617608175
0f1b9709-4625-4343-af43-051f8f89c49e,1769617608217
4c3a1851-ee1c-4bb0-ba63-b2036c263747,1769617608258
61eb915e-87df-4755-ade7-f9e8e35fbb3b,1769617608300
b724325e-4d12-4484-aa2a-9eae3303e758,1769617608341
f159cb22-bfdf-4082-bcf7-e2c2c57c819c,1769617608382
84163133-ad29-4ac1-bd66-e5c2113a2346,1769617608423
1da112e6-5869-41c1-9fa4-e728aa75b446,1769617608465
424c9884-e86c-49de-8ddb-c1a262411eac,1769617608506
80172d82-264f-4de2-b906-49cb4e336ceb,1769617608547
98b4b3b5-e04b-4796-9aab-ebf99bc40b3e,1769617608588
695e82f6-5a91-48f5-9c2e-bff83784ade2,1769617608630
eb96a0a1-8ffa-4d82-bea3-f7e5fb2ec34b,1769617608854
3f7ec451-c837-4de3-8e2f-ebc49a3b7b71,1769617608895
57d76c12-9761-4274-aa6d-44120f2e9742,1769617608938
e6201217-53ed-4ad8-b11c-fc073fb12592,1769617608980
83e6a6aa-6b22-4aa8-8042-8b3eaac3aefc,1769617609021
523b69d3-fbde-44b2-a399-a0bf4c72314a,1769617609063
4cf2163f-52f6-4789-aa4f-d18a26117538,1769617609104
cb159c59-f066-4447-8a78-551fcc530168,1769617609145
8eeb596c-ee2d-4c48-92cd-816bee1b78b1,1769617609186
69b6db08-0a5e-4f65-b745-3f568c298ade,1769617609227
3338cc1f-a6f6-4367-a2a4-a70d5b4c919e,1769617609269
7ec2b030-7155-42e9-8fd7-2f92a73c110d,1769617609310
52ffa5d8-cd19-4ec2-80aa-f85d816048de,1769617609351
00b16f54-ca1b-4cbe-9b24-0d31d7d75748,1769617609392
810357fc-6f8a-4aed-9382-c454285f0133,1769617609434
fb13e466-44fa-4af4-8830-ca2e6f1da736,1769617609475
189159f1-b900-4371-970d-35a07204765d,1769617609516
406f2c96-ac4a-4b6c-9c68-5bf45c1016ef,1769617609558
f606a1b9-2f84-47af-a425-bbaab34345a8,1769617609599
4f339ec2-46d7-43d7-bc77-8c4e037a746f,1769617609640
46ca0ee5-6630-4ac7-abe8-9da238c4d342,1769617609682
6a40f979-c07d-4bed-9a22-c1405a7237d7,1769617609723
9ecbef08-d6e5-4505-bc90-75bafc1f23e4,1769617609765
aac3a55c-449f-44a2-b4b5-4cd8abb0747b,1769617609806
86abedc1-6f51-47e9-8434-bae1cbb2343e,1769617609848
b1a3e102-4b49-48ef-8418-ca89ebcb4fdf,1769617609890
6027cbcf-1b9d-41ca-8cae-d67f6ab678ec,1769617609931
1eaa2f80-aa9f-49a4-bf91-7fd0afd9b3a5,1769617609973
71c15b34-de61-44bc-b188-f91d3f7894a8,1769617610014
4395a9d2-6f80-4672-a650-6238da3e387b,1769617610055
e85591ae-6b25-41bb-908c-551bf3d65b71,1769617610097
45e4062b-2595-49c6-b87e-8a95cd33193d,1769617610138
71e5daf8-39b9-43e7-a150-88ca65b45d72,1769617610180
c172deeb-b2ea-49ef-a4e8-428e36c6ec92,1769617610256
d8fad287-d02a-4883-a96c-52ab90cbd1b2,1769617610326
79a7297e-d976-41eb-8506-1a857d151af4,1769617610367
d0cbd653-0d6f-4c07-bb04-1b9c88c92fd5,1769617610410
73d72ed7-9d10-4248-8ffc-8684ad7e6791,1769617610451
43015892-b951-47ac-80be-1c2f23ab5b44,1769617610492
3de72ce6-577c-4c28-bf90-16bb91885301,1769617610534
3fd79dc6-4ef5-46c8-aa38-5e7b75e18dd1,1769617610575
1d29bf51-fa67-4f9c-8edb-fc61eb63cdcd,1769617610616
32c07894-93ee-4bd6-85dd-abd43005a05f,1769617610658
aa9c3e97-73ab-4939-b485-6af0c3de60f3,1769617610699
490f41b6-56ad-49fb-adc4-46471b72dccb,1769617610740
f6321737-e14f-407c-adae-49e2997fe404,1769617610781
16e36610-1b15-4d54-ac4d-01d152f49908,1769617610822
0dd65202-2cf6-4f24-9572-6504ea6ff066,1769617610863
882e825a-89b0-4198-b276-0723c8d6f49f,1769617610904
633e726b-430a-4382-9690-47db4ff8a45b,1769617610946
2599194b-264a-4b2b-a21b-c9ad4725538c,1769617610987
e530cf23-51b6-4f46-bf8a-0a733d8d894c,1769617611029
ff146b65-fb2c-44b5-8a53-e81eeb9a7e18,1769617611070
7bf76c42-c90e-4180-b711-d58ee65fd5d0,1769617611111
b69ca9c7-4cc6-4639-b4ae-92674a0f6d81,1769617611152
a9dae3f1-21fb-461b-8a38-c50d3c9aea7b,1769617611193
ba774ae5-6420-4348-9a8a-d3840d97ea92,1769617611235
532bbb59-a08c-4845-b6f5-212c97e24b73,1769617611277
f7005b7c-dc1b-40b9-ac05-b59d8cbf15b3,1769617611318
7b0804e6-1a54-41df-ac76-7a645591acec,1769617611360
93e9bf57-7b63-4905-b800-f0d4cd9f287c,1769617611401
792f8287-29c0-4edd-a94c-2efbf034c129,1769617611442
50810652-1082-4097-85a5-5f2dc311bb1c,1769617611483
4415cd86-ab83-4956-a739-47d805a978b0,1769617611524
b8f24428-ff97-4e98-9a8b-3c77caf6658d,1769617611565
dd2078b8-6727-497e-9c4b-4a56e6556841,1769617611606
32f5ab93-609f-47d6-abb9-895b7a67c788,1769617611647
f1a331c6-7d82-4f3c-ab58-a4d80d6e19ea,1769617611688
78c26d40-4278-4a52-b5ff-e36550c499cc,1769617611730
bb02abaa-40cb-4e78-a6d4-b370c26546e8,1769617611771
90002067-68c9-4745-97fa-76edb37327b1,1769617611813
8923523e-0a49-422e-97ea-c3300b499888,1769617611853
9957f77b-eed8-434e-9703-10f828c425a3,1769617611895
b56dd75c-7d18-4267-97af-c3c1e2eb4d00,1769617611936
9599e1ad-1871-4410-8555-ffa23fea91af,1769617611978
8c48adb2-d516-437a-bc65-b4af4c757a2a,1769617612019
6a23d130-3728-4ea1-a446-f0cbcb442ad8,1769617612060
0d09a27e-8bb3-4403-ac08-5055a375c20b,1769617612114
d4dd5669-88fc-41ce-b64d-676d3f6ddcf9,1769617612162
90cc46d1-2a6f-4b4d-a22e-6bffb0ad1737,1769617612203
2105ac69-923d-4948-9522-028c51c976ec,1769617612245
e4c1849d-34c2-4ffb-b93b-a71f84562504,1769617612293
130bd609-7ec1-45d9-88c9-c795e13b15d1,1769617612335
5a45ef60-7e3f-45a1-b480-4b6c5cac1dc3,1769617612376
d952e158-6fed-4746-8d49-7bcf26d09d22,1769617612417
8d98e0b0-f7f5-4751-9585-fed7baece06e,1769617612459
198c9247-af88-4f95-a1a4-02f2d58ff81f,1769617612501
e1996018-282f-4792-b3a2-9ad95421ebe9,1769617612541
7b7b7564-51c1-40d4-bcb5-18ebd8eec4f8,1769617612583
58365ca7-e837-4de2-899b-207b71b6f411,1769617612625
6554dbe7-b4bf-4621-acca-d170acbc1a87,1769617612666
b88f8d21-2cd4-4711-8482-3399fd1be479,1769617612707
fcc44cdc-bde9-4875-88d2-28b450298619,1769617612749
3735ef19-133a-440c-b1a2-2849200d15e6,1769617612791
f130e2ee-39aa-4e68-adb5-38196eb92f74,1769617612832
efc92bdd-d831-4c0d-aaa0-99801b0b7a42,1769617612874
b4265791-73fe-413f-a897-53b6690ae9ce,1769617612916
7bdd82a2-c500-4009-8f2f-ae4005649b7a,1769617612957
d08574df-e9f0-4b99-90eb-33b2c93bdfe1,1769617612999
e00107bd-8964-47d8-9a78-c0965ef8d192,1769617613040
09988e5d-a069-44fd-9c2b-9ea45ded31ff,1769617613082
e17328ef-09b6-4454-862c-f237d743d261,1769617613287
1b6a5316-e108-4883-8fef-ebfe2cd2ce2a,1769617613329
ad5039d2-0fb2-4c00-ac55-77af82128424,1769617613370
9ac52a7e-f4d9-4250-beb0-b840182e7392,1769617613411
609c1c0d-98c3-443e-b9bf-a7166aaa7e3f,1769617613452
50beb38f-1f1d-4229-b15b-43ca45385085,1769617613493
fdf27dd2-a0de-40d0-bb5b-d661acd11351,1769617613534
b2cea65f-9ee0-4698-ad30-ca37fdfa6d09,1769617613575
95dbcc8c-759d-45e4-85ad-150fc4500b34,1769617613617
7ad527b7-0c54-498c-b351-c693a23ebe16,1769617613658
9fb46acf-bc69-414c-acb1-dda4c5030e9b,1769617613700
65e03b0d-ea15-4d84-b952-3a792c792100,1769617613742
97503f82-e41f-404d-bdcb-865d93d56bbb,1769617613783
facbb95a-141f-434b-beec-c7a78187f9f9,1769617613824
911f00df-9de6-4a2c-9afd-f84cb7e31fed,1769617613866
79b5d314-6c17-46a7-be71-f3befdfbd47c,1769617613907
303cab15-b676-4c5a-8632-0c014e5a869d,1769617613948
e66af97f-407a-4f98-ae85-f892e829bea0,1769617613990
a2ef645b-992f-468b-82d4-d06b387a657b,1769617614031
ff4c9d05-d955-4a8a-9f7b-8bb315f97581,1769617614072
79de3cbb-f5c8-498c-b13a-5f99a4ae027a,1769617614113
081986c9-69cd-4d90-98e0-4a589fc62974,1769617614189
d39dab79-7f5c-4c3c-989e-1eb9a90a5799,1769617614231
3912b0bf-a40e-40f1-b3b7-1b6c2ce63446,1769617614273
2b90d091-ebd5-405b-8a15-98b4c579df0a,1769617614316
5b25738d-d808-4535-a8ef-daf0813fa30d,1769617614357
ef1bfa7a-c95b-4e06-859d-d329d0843ebf,1769617614398
2b8ce9fa-b459-48f2-9d7a-71def9c5b846,1769617614439
d83cf38e-b1f5-445e-9ce2-46a22d9ad839,1769617614481
bdb88bc4-dfb5-419c-8d2c-c6dc2c95cbd0,1769617614522
a4397877-311a-415c-ab1e-da5530bc2d44,1769617614563
0c1cd50e-4ac1-4520-a65f-d799523b071f,1769617614604
f7b2a55f-289e-4cb1-8a94-54976bf90ba6,1769617614646
e2dea918-9ed7-44df-8ca5-dd7bb91406fa,1769617614687
a0f2b4bc-33d1-46fb-b836-c284b266d76d,1769617614728
b40674cc-8898-4f39-a4f7-874d486a6ff7,1769617614769
83023dcf-7ee7-4f2b-9a06-728b80720fde,1769617614811
10f5bc8c-4abb-41e0-9f7f-0e6e6cb3a682,1769617614852
8943bda0-e474-44dc-a165-f3b51fabe6d0,1769617614893
83373345-9680-4ef7-ae83-ec92dfda2013,1769617614934
7b6c6aef-c56d-4afe-85f6-411ec9950462,1769617614975
6d16b789-18de-4470-988e-a612b8c40cf5,1769617615017
c3aad8a2-968e-4e4d-913c-649dbe61a70e,1769617615058
8295784f-67ff-4a3e-814e-173750efae63,1769617615099
0b5b5ffe-39b2-4700-8925-6df8786228c2,1769617615140
b54ea4a8-90dd-4ee3-a226-d395d16d5eb6,1769617615182
d716012f-df4b-4b48-8311-6238027e1700,1769617615223
50f0acf0-ada8-42eb-9b2a-077ef96d9fd2,1769617615264
5ac392ae-fb4c-4aff-991d-5ce4998fccce,1769617615305
5cede67d-ba24-4fad-9804-8f72d3e3ce4e,1769617615346
2822850b-9c94-4c3f-b9b9-5a4aa4e937f2,1769617615388
24493d9e-d2ed-4f1d-8d99-f8fdca71b593,1769617615429
71686294-296a-4958-b322-d8c2955efdd8,1769617615471
cdc24da7-b505-4e8a-bbcc-af773ebe31ac,1769617615512
dec6f249-7a5f-43b1-9537-066bc7d0a0f9,1769617615554
21d3c4d5-5aad-443a-be4f-7b58e49e0d81,1769617615595
4234bccf-4503-465b-a4fc-5d7ab940c622,1769617615636
5c935feb-bb38-4cea-8b01-938ede2e070d,1769617615678
44203ee9-e8f4-490d-9f18-742658491072,1769617615719
7d3bece0-fd9b-49f4-b5aa-1b63dd150b93,1769617615761
ec206db5-fc03-4f53-a440-409f95e982f4,1769617615802
89499525-7f00-43f9-9bc2-d837d1163340,1769617615843
a0ed47ba-b1e0-4402-b0d6-1784f133547a,1769617615884
a68b31f1-7d0b-41c9-b3e3-5eeaa5b98bce,1769617615926
236d8eb9-fb51-4c20-ac3f-8aafb5636564,1769617615968
2aee4499-1d9c-42fb-8cd9-74b6067d7a45,1769617616010
23ef10b8-3836-40f4-a6a0-11e1c830194b,1769617616065
a7e5730e-de0a-4e17-9fa2-c20da175573b,1769617616115
4a68bd6b-2806-4521-9e40-97918c4acf7a,1769617616156
c4a96fa9-594c-496e-b441-c1b15061c053,1769617616197
7236d917-20d6-4f1d-b491-4eb2bd2ab61a,1769617616245
42a4734f-bc53-48c5-8647-e9d2d5044e3d,1769617616286
3fcfca57-6d69-4e0c-aa21-60d1a147260e,1769617616328
7c05c419-c87e-4cdf-821f-2aaa4729f884,1769617616369
20772396-e151-4daa-9e7a-2ee5caa2711e,1769617616410
2d639d1a-5036-4846-ac3c-18d74a417315,1769617616451
8535a2ab-7572-4748-a504-f59389e09d5d,1769617616492
b40999ff-0216-46fe-8f48-a57757026ad2,1769617616533
cd6191cf-bb00-4486-bc7a-2eb50ab765a1,1769617616575
b4469889-9ea0-4777-be98-24711f8188e3,1769617616616
c0b23322-5962-4999-83e2-e3f39960b2a5,1769617616657
90c0e0ce-be74-40dd-9b36-a6112ead25dc,1769617616699
68c7694e-912d-42ce-860e-b4d30ca5b231,1769617616740
d25aae01-562e-4484-9982-c0efbaaec684,1769617616781
f4de8add-4336-47d4-9c45-2b393e3ef871,1769617616822
4f21656f-5239-4657-a14b-dee01d16a4d2,1769617616864
ceaab70b-7611-4200-b5e9-945f9424b388,1769617616906
a33970bd-6750-42f2-8882-daafd72acb29,1769617616947
6b6a8a6e-6a60-4745-b994-98e03b57b5c3,1769617616989
9d553a09-d4fc-4c05-99c9-44c1219b61b0,1769617617030
5caa61fb-e340-45c4-b64c-bdc8bab1627a,1769617617071
4e9bb187-8817-4c52-bec4-5ca55cd75dbe,1769617617113
4816f731-c877-4897-994a-9e394fecbe55,1769617617154
ba2022cf-a6cf-49fb-ab26-3c1bca3f7846,1769617617195
2b8ffed2-2f2c-4ec7-a087-8547757ea3f7,1769617617237
4cd24ffe-a6bf-4815-9724-60fb768d192e,1769617617278
1765368f-c106-48f2-b205-18060e4114f3,1769617617319
2c6e4dc0-43a2-454b-b186-ba3f2e80281a,1769617617360
c1d37aef-807b-40aa-a420-71a769035d46,1769617617401
5f79969a-87ad-4167-90f2-1c8a6cbfb065,1769617617443
92df0479-a4aa-4938-81c5-b7d20430b2fd,1769617617692
6560b4ee-53bb-4a15-809a-8546ba38b6ef,1769617617734
982e4e8e-94fb-44b4-bb05-bacda6ab3a5e,1769617617775
eda04bdf-21cf-4b5d-9919-5218a950194d,1769617617817
40648516-89e6-41d6-90de-3da23f491941,1769617617858
d7441ab6-c1a6-46db-acd8-a6c86e6dc128,1769617617900
7e00cce6-9780-4589-9893-f480c5791a51,1769617617941
cfbade82-664e-4f87-8f6b-653d4d68f853,1769617617983
bb21d9e5-b818-46fb-b064-1c24820efb12,1769617618024
65a90340-d0e4-4397-8309-ece9cc2e3754,1769617618065
066aaf5a-7b92-40a5-96e4-68c9869e3228,1769617618107
6467c7fb-f999-4c02-8965-4f15b0b94875,1769617618148
f0c405d8-bb3c-40ac-959d-39515843d82b,1769617618190
051c9607-a7e4-43e7-be85-af3db135cfff,1769617618231
10f4c20e-3dd0-430d-a733-26da14e847a4,1769617618272
96d3cab1-215c-4568-9c97-7df05ad59c09,1769617618314
1da29089-6386-4c25-8c09-a054937755f0,1769617618355
4ff7ceac-28ba-488f-a90e-ffeceee21ea4,1769617618396
b9379956-a10c-417b-912b-7aac6e67db94,1769617618437
f5e0330f-3dd5-49ca-b974-89f87bb0f233,1769617618478
3e0efaa5-0ac6-472c-a1e3-8e3ea7661956,1769617618519
308afdfd-9b42-4ab9-992b-bfd9a363d676,1769617618601
3aad4e0e-798b-461d-8a39-a7d2406446cb,1769617618642
710c5b6c-44c9-4591-8e0f-973b7c7914c0,1769617618684
809935a7-781b-4d59-8bf1-1c19edde5595,1769617618725
f9e10d2f-16a6-47b2-9045-bfe89f5eef83,1769617618767
1623aeff-ae3f-45da-a68d-7df822378626,1769617618808
71a894a1-33cf-4143-88f6-5fcb9f7c19af,1769617618849
0c966823-2cbd-4bad-81a6-6e6973adb5e6,1769617618890
5d182354-921e-4de0-ba28-5fd2898bc9ff,1769617618932
3c90c2b4-29f4-4a55-9964-6be6908306e1,1769617618973
77f4f063-779a-4c33-a68b-faf009479d02,1769617619014
43cf6aff-d482-4085-9b0c-c2d78d78f166,1769617619055
48038c98-0eb0-49b6-9f93-423f6587a45c,1769617619096
273e9a1d-7f82-41d8-9e3b-5a0c7f6ff913,1769617619137
842315f8-bf1a-426f-b8b7-37300b452c99,1769617619179
02a043ba-2058-46ae-8073-4b54911541c6,1769617619236
cd634a5b-5921-4d57-8cd5-0f1b960b9e66,1769617619294
da913e1d-787c-4434-b002-8f3b3cf7bae6,1769617619336
a68103df-c5ec-4efd-abf3-3f8467205784,1769617619378
0bd63ad9-b6db-4364-9b8f-4c0ed3c72f2f,1769617619421
7d5c9558-7d47-4c0f-9ef7-6e2a3f6291ff,1769617619462
afdac15f-c247-4cdb-8618-bd213bacece3,1769617619503
dc376978-c75f-4f93-8403-a0412e4cb3ed,1769617619545
6e5ceea1-f335-43bf-aea7-dfb45d9df13b,1769617619586
df6c8d1f-7a6a-4cbc-b764-11f8c7e69849,1769617619627
c2909d4c-b4cb-4c8c-86c2-323bae74254c,1769617619669
25c4c736-e7f4-42e7-9728-17419991e135,1769617619710
954423a2-6552-4184-9df8-bcec05c5b403,1769617619752
24f2d245-a541-4a3a-9a4e-b9ce8f0448b1,1769617619793
e4d462bb-b4bf-429c-98fc-acffc6fa844e,1769617619835
fa64d121-d1ec-4bdb-9c19-771a601e2e6c,1769617619877
55268495-afd7-45de-bf28-5ef2b8bee337,1769617619918
585cbdd4-f1a1-4624-a755-1b81ae4ccfb6,1769617619959
d8e97420-db09-459b-a28a-cc5ec63bf075,1769617620000
b6298cad-2a27-4fa4-9507-b4a7c2f09dc8,1769617620041
9cdc859b-f8a9-4198-9a00-ffbc36497ea1,1769617620082
21dd96a9-ccae-4c00-815f-f77b5d62f9ac,1769617620124
b21cffe4-fadb-4eb1-9cd6-877f716d6e95,1769617620165
b188a958-0f21-43eb-8633-2acaf74a91c4,1769617620206
ca887cdf-ae86-4448-933e-7ef04aec8acd,1769617620247
dc79b704-b63c-463c-912a-958f67dde92b,1769617620289
81bf4656-e5f9-4b6f-839e-303b82a8e420,1769617620360
c9d0e7d0-0f27-464d-9030-2532e15cf6a0,1769617620402
7527dc81-739a-460d-ab8a-941142af0730,1769617620464
84fc7c4f-9d46-4d80-a9d8-54399faef8d7,1769617620526
e1388cc5-9b98-4d2b-b7c6-24f75c2339fa,1769617620583
78a22927-4fd3-4143-bb04-13e66d657b97,1769617620645
3f8abf8d-f117-43f6-a3e7-701444b61689,1769617620699
1b50028d-a4cc-415a-a3ff-c039d8148af1,1769617620745
f85924d7-6d32-4b67-a5b6-512d245b3c40,1769617620879
d67cfce5-5e27-4990-bb49-722e8a9cd1b2,1769617620978
c74c59b5-54b5-40ce-930a-b3391abe5444,1769617621043
e4259337-7199-4070-aae8-28e5e60b9ae1,1769617621119
c1b6f085-a262-4d63-8a07-9078245db248,1769617621188
1046ef6c-e610-4131-81eb-df030584fa90,1769617621230
15ad7f26-93fe-44bf-a2e5-ba1f3ac14fd5,1769617621272
27243c16-61a2-4807-a973-ec53811a5395,1769617621326
3ff220dc-2625-46c3-8999-34a15a020b3a,1769617621380
fdc5d3d6-82e4-4950-8eb4-0effd72fb0dd,1769617621422
2af2f6ae-9bb0-4ea6-8807-5817014f3ea3,1769617621488
c9cdec33-abdf-4f8d-99d8-c48cda5fbe02,1769617621541
c40e2f30-e530-40e1-8d6f-175cfb8bd3ab,1769617621583
6676e1d8-ad4d-4828-92b4-d1fdf20dfb99,1769617621625
cc8bb6e9-c412-4370-aff0-61573850ebe4,1769617621666
16602332-3d1f-4dd0-82cc-f6e9aecfa753,1769617621707
32e3f19a-5b34-4655-91a6-1f40a527a809,1769617621749
1cf24ebd-94ec-487c-886f-723febfecfae,1769617621790
7375506e-47f2-4184-b080-0a73198626b7,1769617621831
eb2ff15d-ce9b-4456-846b-a77b36c4dd84,1769617621872
b9212cbe-3b63-4206-b891-8f454899ad9a,1769617621914
7cccc030-d7b3-4e6c-acca-af036acf2a95,1769617621955
e1494953-886c-4442-b090-ff2f89d734c1,1769617621996
6ee5fb57-772e-4c33-9b49-27fd858279aa,1769617622037
c5ec364d-f50e-435f-a473-63fefca5ef74,1769617622078
f17d6036-dc46-44b4-8ebd-73269aff1797,1769617622119
107403cc-a8e5-4d2c-824e-fd03f579fd87,1769617622161
110d6a22-5943-4806-b71b-3c57cbcd308d,1769617622202
49fcaa58-3bb3-40ef-88df-d1f65ec4500c,1769617622243
a40097f0-ed34-4c82-a031-f031d81cd5da,1769617622285
87bee4f4-4e64-4e1f-8442-d67ae9fb3775,1769617622326
f78abbfd-f6e3-4eea-9acf-0fc6b68696a4,1769617622533
3ecc0449-cc1d-4a34-a480-d3f3bf33f976,1769617622574
4c8858b9-e755-4def-a860-c6dd6a1ad552,1769617622619
d2b8a1f0-8146-4560-87fd-f722e9f03e1c,1769617622691
307fda25-d708-43b5-a8fc-a024630dd531,1769617622732
2ce012f9-4b82-406d-90d3-d8ff4144bb59,1769617622774
c562ae2e-dd19-4bed-9265-1310236ec4d3,1769617622815
f942df9b-3b5f-4abb-bfd3-063314f6261f,1769617622857
f5bd1eb9-5129-454b-b0e4-238d2c400673,1769617622898
d1056c1d-4911-450a-ab3b-854bc36210e6,1769617622940
e9804f82-a066-4cac-9d49-ac4be5fd1c0f,1769617622981
8fc9bc24-28bd-4474-a3ea-0963be3a07a9,1769617623023
4587e1c1-032d-4b14-b2eb-bfb430b426ad,1769617623064
42f01169-1da3-439e-a7cf-7c59b28af256,1769617623107
dd8a2a49-1b13-4c32-aa03-7f53e23e5b93,1769617623148
2652963a-9181-48f7-b544-726652ede8c8,1769617623190
da9038aa-dcf6-4aa7-aa61-aabd46a98ca4,1769617623231
acc099b8-986d-42b1-8f93-801fa8c4192a,1769617623272
e2437f28-67b8-477d-829d-d78511c27725,1769617623313
e3628ebb-140f-4c0d-b00c-471916695442,1769617623354
a5855585-36b2-42b5-9b1e-820b01110391,1769617623395
ffc0a069-7a32-4770-a9e0-7ba581f87d02,1769617623437
41e17a07-d275-4de0-b2a2-23a7ec00fb39,1769617623478
1010a2d8-a578-4d24-a9a2-34273ec50b4e,1769617623519
36dc98b9-afb6-413f-88f2-8848916fc4a6,1769617623561
0a29c6c4-cc01-4b54-b030-0f029c5c1b8b,1769617623602
9a8d3edc-caea-487c-9e18-3c98fbc2dedf,1769617623644
dc8c955a-53fc-479f-841e-4b31c8993594,1769617623685
7b9738af-6b9b-483c-b842-3fb142181ddf,1769617623726
dd9ca69a-707c-42c6-ac7f-fef2431df10f,1769617623768
ec4b6be4-ee6e-4062-b695-d4ad8d28a27a,1769617623809
17c7c10d-7519-47fa-b9e2-5c98f87903aa,1769617623850
d2325394-d5fe-4446-8189-4bc041e3b065,1769617623908
0d27989e-02ff-4ffb-9dcb-cd2c656da0e9,1769617623964
8c62fb72-5b2f-481c-b5e0-fae49a0e881a,1769617624006
c6bea0f0-4a2c-459a-9dd8-4e900c237740,1769617624054
e8fab4c1-510e-4c1c-b0d0-4604633403ec,1769617624097
39d52fe4-aef1-4f2c-9525-3e01976113e2,1769617624139
14c2d071-e244-4aba-96d3-f00fc9ba07a2,1769617624180
1710db3f-060a-4367-be15-124cca7e47a9,1769617624222
e53aeb46-812f-4dbe-b550-c0385624a6cd,1769617624263
acbe07b9-7db9-4530-8967-8edf5038dfe1,1769617624304
3feb15c3-335f-4d41-8e7d-503aa0c987f1,1769617624345
4938102d-ae20-4765-b832-5d82a3a80ff5,1769617624386
d676d53a-db6e-48f1-8b2b-30e8909a6d02,1769617624428
7cb1d92e-8978-4984-a9b2-b2fdf8545140,1769617624469
d1c2680c-43af-457d-8518-84667ef89881,1769617624511
f3362314-2555-48c9-839a-fb7738306be6,1769617624552
84faeb6c-f76b-48d6-aa2d-ded83e79c4f8,1769617624594
968bd951-dc6c-452e-ba7e-58a62a4c1cfb,1769617624636
866e1050-67b1-40cc-9e25-202162555aa9,1769617624677
c9cb7280-a8b0-4cc8-bfcd-2b99cd190d08,1769617624718
ad0e5b30-8cd1-4930-aa70-1dbafa641578,1769617624759
3a7b0646-3f3b-46cf-987d-8ac748faa7ee,1769617624801
140b7f68-449e-4b48-b99e-15521601ad9e,1769617624842
c6c5008e-a59c-4da3-8cb4-23641e892861,1769617624883
6dc102fd-dac4-43cc-a571-1645896f1e6b,1769617624924
5bec099e-2fd9-47c2-811e-1991a6b14596,1769617624965
09ec5416-113b-444e-9490-e4e20c32c71f,1769617625006
dc8dd9f7-e964-4447-aa2d-b5b5250a6a7b,1769617625047
d231ff9a-a3c9-463d-9854-fb05bdd32188,1769617625088
8c21f7a5-0769-4635-b92d-13e38673fe07,1769617625130
db5f7a67-b115-4c34-84cf-deb61e3192de,1769617625171
3fa52d2d-5d5f-4196-9b5d-d189966a427e,1769617625212
0a7f3b5c-afed-458c-abee-dc6a4c2b3959,1769617625253
bc7f7bb1-7197-4a48-8755-b3c643c719f5,1769617625318
dcef4995-d5d2-4fe9-a391-e5d6eefa45d8,1769617625367
031a452f-9521-40ce-b44d-ef6b186a6516,1769617625408
87464cc3-4b04-456a-bd8b-ef962c8cecd2,1769617625450
478d6f53-fcbb-4840-a449-e448ca3ff8f1,1769617625491
1eef935a-e3a1-4539-a381-479ecdb7f347,1769617625533
e38252e9-0971-458d-8dfc-7ba89499f809,1769617625574
0b5447a7-dc70-420f-9770-966aa68e5b12,1769617625615
ec06e2f6-6dd7-4964-b8be-43e74ed4d100,1769617625657
e29c0508-3ac3-4a80-844d-6f9be09ff892,1769617625698
3f99a061-6df9-453b-8618-73031d2ac6f4,1769617625739
4fd142f2-22a9-46fa-8ae0-1dcd0dee0679,1769617625781
a261530e-e217-4cad-88cc-92aab3722e56,1769617625822
49fc019e-fb93-4a7b-b7eb-7995b1a855e7,1769617625863
47130dda-911d-4e90-a06f-b2d5b92b1afb,1769617625905
af4efa12-d5a1-48f8-a1b6-e6dd1d741ca7,1769617625946
49e17763-263f-4856-8dc5-94c38fe9a146,1769617625987
db46d3d2-0840-428a-9a46-8ddfb4f1d25a,1769617626028
3be466af-297b-4017-9b63-0e32bba6d789,1769617626069
3f74f9c9-7a28-4591-a9bb-05633cc6b50a,1769617626111
964b1c85-a6b0-4347-9903-0bb7f9af3f2b,1769617626152
16ed92a1-58ca-460b-8b79-1a7ad66bea7f,1769617626193
3b961392-10de-4e7b-8c6e-226605e46dd2,1769617626235
19dd6cc3-4316-4f82-ba16-3c4df772296f,1769617626276
3f192745-6dfe-428e-b5b9-e6aa9e99bd9f,1769617626318
66a25595-1215-483b-9f3d-a3805f77e88d,1769617626359
afe407cd-45c5-4b2b-95f0-593c451db3be,1769617626401
b2034656-830d-48c9-a781-1f165a13c79c,1769617626442
d951020e-612a-46c4-b8cd-58a411786bc9,1769617626483
037df392-27cb-4208-b7c6-77ab512b2140,1769617626525
cffa59a1-d35f-49b6-9889-9482e204ac15,1769617626566
6678995b-7e1b-42e9-9557-44c9d1463a94,1769617626607
f7536c58-bc87-4172-b74d-426559e56046,1769617626649
e94dab8a-6c72-444b-bdec-780b7134dc71,1769617626690
ce014a98-b003-45ec-b756-7e1a2c697255,1769617626731
2c71a678-add2-40c0-a0c3-f7dc5ef65d52,1769617626772
5e5795a9-6a89-4e55-a5c4-971e88e80e3c,1769617626979
e9315954-8a02-4f83-9a17-effb7b162f57,1769617627020
e9d7c05c-4805-4e04-851f-81f0fc1a6109,1769617627062
8340e683-eebe-4f36-a351-4a9699f17351,1769617627103
ac4cc8d2-6619-4b78-bafd-c0ce24ecea2d,1769617627144
76e5e04d-379b-4ec7-9917-9ff8a5e06613,1769617627185
5a4f0dac-09a0-47b2-9e72-d9646b1f6eb3,1769617627227
ad688c24-0889-4cd7-a9ed-28820a0141bc,1769617627268
a53f6cfe-7cd3-44e5-9b5f-8df3d4b238f8,1769617627309
00dd02b1-b7e9-485c-b6f0-dda8303edfff,1769617627350
99588987-1c8e-4d63-99c1-41cc070a180d,1769617627392
a31f28fc-ed8e-4528-a4fc-36b91697f229,1769617627433
cb7dd2db-d2c6-4add-9cf4-aabb428460af,1769617627474
271c3f74-741c-4af2-89a3-b74b1c14ec10,1769617627515
040651c4-efcc-410a-81e4-9e70d8c7cd47,1769617627556
726d8322-b831-4ac7-98f0-1031d8d0b348,1769617627598
5a39c712-ebd5-460f-b996-9747acaebc1c,1769617627639
d0afdb17-c736-43a7-9d7d-0f24e9e8241d,1769617627681
4d3d36dc-0f4a-45ee-b35b-81b751fb25d3,1769617627722
be5e9c6e-00d8-4734-9d9c-776c30048762,1769617627763
faa29e6d-ddac-47d2-a475-a64cfa16b535,1769617627804
87a620c4-6064-497b-ba7e-528b134954a1,1769617627846
8a4ede92-69ec-40cc-9e19-766aa36f7b18,1769617627887
a06715cd-8f61-4212-b7f4-23c824b3144c,1769617627929
cdacde34-2ebf-4a62-8060-90a8a04b5191,1769617627970
1ba42312-2dbc-4560-9d75-559a97fb7cad,1769617628012
1db843ff-1fab-4451-a333-d4b8845f8ef1,1769617628053
29fdcd60-0c1f-4f45-accb-26b2fa97fa8b,1769617628094
daef1c27-0c6e-49bd-bdf7-225735cbba13,1769617628135
775de3c0-64de-4b81-9b4d-47c525a8d2ab,1769617628177
639052f4-1fc7-4a9d-9c38-994785816739,1769617628218
3ac0c42f-89ae-45de-bb5c-632fa673f8af,1769617628260
cd27aa2b-04f6-41ac-9ed8-618a236fb08a,1769617628301
c6d2b0d0-c7ea-4408-82ab-76f40dda8765,1769617628342
39c62ad1-c7c9-4dc4-bf0f-96d8c35ade72,1769617628384
7b0e2493-0023-45be-b5c2-5f2c5fcfb4d2,1769617628425
d753a862-6f94-480c-9bfb-38e363545991,1769617628467
b2ae8888-05d9-4a23-9676-ea1a5cae48e6,1769617628509
7c24a597-26fb-44bc-a380-8f5f917f0eb3,1769617628550
4cba202b-d228-4e52-99d7-18a1f3e535c6,1769617628623
63ffd009-b5ac-4f17-99f6-40ebe75b4ea8,1769617628664
56227fed-712f-449f-aee0-8ca4685bf34a,1769617628706
d811a922-6694-42ae-bfd1-7ad2cbbab1d1,1769617628760
d14a7642-ffb2-44dd-8190-ba4c9a75f0ac,1769617628802
5f94047b-294b-425d-92f3-6497248082de,1769617628843
c5db74e3-3cc1-4620-86c0-4a67c91a6a62,1769617628884
0f1fa49a-cf4b-4a95-a41e-60b18c515e2a,1769617628926
b9234819-3746-4300-9f85-f8fb142b04b5,1769617628968
e1f0e1a5-1104-454c-8d80-bac3c9f7eab7,1769617629009
1e1d91cf-1719-4d16-b3f3-772e557d6481,1769617629050
b06389c7-c1e3-4d81-b2b8-b7b8730522d2,1769617629092
c27c6586-7cd4-4a58-aada-01677647a94c,1769617629134
297b3671-0ea4-41f4-be24-601e3db20676,1769617629175
ec6da3f3-b647-460a-b43a-0f3f7d1154d6,1769617629217
13a16e52-c990-425d-99ca-c6f8b0dbf980,1769617629258
db95dcb1-ee19-490c-b6cf-06169e242aa1,1769617629299
40cc903a-752f-4de0-8136-109940600a50,1769617629341
13c72fda-890b-4018-9fa3-7df68ea72ae6,1769617629383
5d40f11d-d24c-4756-b3f3-0286e92b8935,1769617629424
ea28b3d1-1913-465f-9fcc-5bdfbeaebcad,1769617629465
5f13127f-27d3-43ac-8b54-d62f5b22b5a6,1769617629506
64d399c1-66fa-47e4-b4a5-a72a71a9015f,1769617629547
931452b4-aaf6-4af9-acea-8ca3b1e33a93,1769617629588
14b6725f-4db5-41b5-aa31-c9ee6f0e4f24,1769617629629
0bf19363-9f68-432e-a7a2-ee2125fb866a,1769617629670
bdfe01ba-bce5-43d1-902c-1b9159dcbb3a,1769617629712
7ae72092-7f16-415a-8386-aa69756e8b8e,1769617629787
661f16bc-387f-4fe7-a3a1-21dd472e5588,1769617629828
a73efaec-787f-4f5a-885c-2a0e64aedcc1,1769617629870
9aa61a21-f7ce-4198-9c3c-1ab9c9b28577,1769617629911
2d33e337-e20e-4356-972d-b3b3c52a804a,1769617629953
f584d6b1-d8e8-424c-8a2f-f6629e96ce85,1769617629994
a4867f71-63db-4de8-b88f-0372902be5e0,1769617630035
059f5de4-f302-4725-9419-9ac11545320a,1769617630076
c3f2fd98-50ec-495f-a733-fd5ea4dde177,1769617630151
719c9a77-579a-4581-85bd-c64b5165387a,1769617630193
414b4d6e-df63-4a28-8959-345ce6373b9d,1769617630234
058270f4-d294-42e7-a48b-5c402657fd28,1769617630275
f04da699-b935-46c3-9ab5-be63c0f3bf53,1769617630317
07b06226-4973-48b6-8dc7-132893fa945c,1769617630358
01b6d10e-d98e-4c93-8dd9-3592a79a08eb,1769617630400
dc6737b1-dcab-42e9-b124-de732717dadc,1769617630441
0fe4150c-718c-45ab-adc6-2e9c026474cd,1769617630483
d97753ca-fd21-4b10-a01e-237f688b3a2a,1769617630524
c1e62b7b-c104-4c53-a5bb-1df5624d7641,1769617630565
9c4d1485-434c-442b-85c9-39d274be2474,1769617630606
8bf19360-aaaf-4738-9af0-317cb41b862f,1769617630648
7b583ff7-dfee-4c14-9c40-f7e07112a4b8,1769617630690
771ce136-1dd6-4ea3-83fe-a7087efd755f,1769617630731
6dea7c81-33fa-4a5c-a57a-cb1309b7e0f3,1769617630773
8ac368cf-285b-4d21-bb75-a60c764990a5,1769617630814
d096fc85-87e6-4610-8607-a49cb98b9ac2,1769617630855
dfbecbab-9e2b-46ac-aa91-b939d164155c,1769617630896
a3ab61c0-a256-4425-ac32-4bbaa31307ec,1769617630937
685718e0-f186-4642-be98-cdb52e66904a,1769617630978
fc67ae80-8ff0-4a6a-afd7-3634eca15a93,1769617631019
fb0a2729-9768-498e-a387-ce081110a035,1769617631060
c6c9b6f7-d33d-4c66-9b02-58dc453e7756,1769617631102
f86293ea-68ab-413b-b5be-2b0d9b8ae752,1769617631143
3fb7cffd-2f4d-4443-9d49-78ca0514478f,1769617631185
ba304099-6628-474f-acf0-1b821a9e8e65,1769617631226
58ccef6a-a5ea-4081-a1fe-f8da867388d3,1769617631433
201b0a25-daf3-41ab-b8de-e63a5e7d6090,1769617631474
942db896-05ce-42c2-bfe8-21cc42eee999,1769617631515
2e255ffe-701b-4d96-9db3-fa7996c0154d,1769617631557
d581e13d-7a6b-4a6a-b15b-5b386d26ecde,1769617631632
7567bb91-0549-4080-ad54-204d7cf0e0ea,1769617631675
cb55e600-f944-4140-a336-3e03b1e51331,1769617631716
af7e225a-67cd-4f5c-8518-134dded92c2a,1769617631759
14bc28a8-6742-4c76-9a4f-85261a7b1230,1769617631802
c0f05a5a-dbb1-415b-a07f-0c67651fd80f,1769617631843
648b1216-a62f-4cdb-b5ed-32245440b773,1769617631884
4c4006ad-d0cb-4816-ada9-88a1648aba90,1769617631926
3ce5dadc-33c1-4910-9004-833e8416b583,1769617631967
538279d2-7e70-4985-9364-d27135c960b2,1769617632009
b555e510-0ebc-434d-8261-0ce1413ef8b8,1769617632050
9359d468-8353-4063-b5a8-8e47d5652a26,1769617632092
96f23d48-ec8b-4a6e-84a4-48689a41ac5e,1769617632133
3b6681f7-6bdb-4910-aeda-9cf75fb8806b,1769617632173
ddda2062-2332-4165-898a-1ae1b688089e,1769617632215
636b6b89-5d48-49bc-beda-a8e1f31cf825,1769617632257
9603f707-53bb-43ed-9d3e-aacd3fa8eed4,1769617632299
1238a5c6-6ec7-49c4-a2fe-ad17f4ef0c3b,1769617632340
4b128f67-2433-45ed-b61e-7b90e4a81e6d,1769617632381
7a732da1-8478-43f4-a939-1be0cc333fd2,1769617632422
21c9b895-7184-4737-9df1-17a3f59e8e7b,1769617632463
2c929b62-76d2-4d4e-9fa0-2a689dd8360d,1769617632504
c0702b04-5d7d-4228-9665-7c1a4c7d0481,1769617632545
2d6de2fd-3329-402b-bf58-b07e9d8bc7ce,1769617632587
39a3baf5-a10e-4b51-82b2-cdccb68e221e,1769617632629
3a1f39b8-bcf0-452f-b841-69872ddd790a,1769617632670
0614f2b0-ae2d-4cf8-86c4-88ea2e2cda3b,1769617632712
501779e8-c912-4a6a-8ccc-55ac325ebc94,1769617632753
ea79113d-ffd3-4e3f-8b37-fbb798c2234b,1769617632794
86259277-d468-41df-bbbd-526e876da836,1769617632836
9b8cf84c-1031-436f-b19a-67f1bc04f654,1769617632877
2c839a2c-fdaf-4483-a0fb-3122aed60469,1769617632917
50c3807a-5988-4df7-a0cb-a11514ee52f6,1769617632959
0cca9d31-a868-4112-927c-59bb1814d555,1769617633000
9cf93c74-dc66-45b9-9eef-24bea5c9b760,1769617633041
e36767cd-5c6c-4f58-97cb-b88582842a45,1769617633082
cf8fad59-be27-43d0-8273-434a40cea55c,1769617633155
a478e9e1-c10f-4406-88eb-79a953758e96,1769617633213
0ea409b0-04e1-4de0-82aa-ca9d36b025b6,1769617633254
9e4126b1-9808-4e31-bb33-3449f875cf95,1769617633296
0533acfe-f19c-4cf3-ad93-496cae62677d,1769617633339
2350c29b-dd4f-4a76-8398-a4a03d45b686,1769617633381
f3a3673b-1025-4bc9-81ac-f8a0d335ffb4,1769617633422
8703aead-21dc-4d90-b34b-90da18391b4f,1769617633463
06c021c3-609c-4ae3-94a9-76fd06ef13b5,1769617633504
2e5a5e92-2d49-4721-a720-a5bdf1bc1245,1769617633546
b276a423-ae23-4be6-9e6a-6663bc923d3c,1769617633587
77fe2ba2-a947-4977-815b-66538420cb30,1769617633629
9da26a68-f6e0-498a-a644-606f91a322fc,1769617633671
bd496276-8354-4c50-b179-b147513cc276,1769617633712
c5a324bb-a1bf-47e7-bb5e-99ed78f976e5,1769617633753
9aea2246-0e8d-4eaf-8550-123bcf00d505,1769617633794
d91e1612-beca-49f3-a240-d73621dab2da,1769617633836
a875dac0-998c-4c2a-af36-72281d247a68,1769617633878
e91f1d50-2d51-4015-ad60-7cec5b84c363,1769617633919
96591917-d40f-4211-80b8-03503896167b,1769617633960
61d8fb9c-5d23-4cae-bd67-c25e7fbaf2c3,1769617634007
e87adf41-afed-434c-b5f6-9d88c81f7e63,1769617634048
c2bf5f86-12b0-480b-9de6-b5d08201b158,1769617634089
c87fda45-17c5-42e5-b3b5-92c76789d693,1769617634131
1d80a6d9-bf8c-4e0b-a7f1-24cf719c241a,1769617634173
3c7e8f3a-c6b7-4c0a-916b-d828a59fac90,1769617634247
df96962a-d31d-477e-a03d-80ce8d259c07,1769617634295
fbece0bf-7574-4715-8605-ff4020e9ffe8,1769617634337
325e75e3-a6db-48d2-b332-48577b40dbdc,1769617634378
7ab2c227-d6a5-4749-8cf1-185f4a4e641b,1769617634420
4aeb42f5-f082-4224-b6b1-31069bd13a68,1769617634461
a373cfb3-be89-4e19-93f8-19ec259a2f1c,1769617634503
60b9c8e8-95fb-4af4-b42c-99d681b2bcd0,1769617634544
38f38b70-568b-45b3-89d3-7e2a5acf29a6,1769617634585
b310298e-4c3f-474c-86bb-7a56a463066d,1769617634626
e0d45063-77a2-4ab0-8f20-99c11307b917,1769617634667
3f22a6e8-08de-4440-a2b5-7ac973aa985c,1769617634709
f5510f33-ab3d-4411-be88-b31fa45196ab,1769617634751
ff8cb1fb-3c76-457b-b2e7-756ec64fff0e,1769617634792
ac8f5920-0140-4209-b24f-62eec83feebf,1769617634834
8ff42c00-453f-4e23-9b74-352934a086c6,1769617634875
2caa9f28-fbf7-4120-8601-1333e03c3597,1769617634916
b070308f-8015-4838-895e-60cf28546eeb,1769617634957
99d0a637-e3f5-4971-8b5f-b061a84f9db9,1769617634998
37a6562e-5b81-46aa-9587-0a472a561fc6,1769617635040
0d22b06c-7f1c-46bc-bc0a-e8be1161e0ee,1769617635081
4881f2ac-051b-48cb-b533-a69230cae93c,1769617635123
fb62bd11-f432-4703-9e54-e97ad2c96193,1769617635164
633eac2f-7fbb-4140-83f9-f5fed0591851,1769617635206
42c3c1be-cc8f-4591-aa14-11e9c7f78923,1769617635248
6ebd3710-66bf-4142-b9dc-5d38fd4af9c6,1769617635289
fbeeddc1-34d4-4add-aec7-0763b1e0f492,1769617635331
857f6803-082e-41bf-9227-66fb8dfe66e8,1769617635372
24b5c4cd-abc4-4aba-b56c-4223b800ad46,1769617635415
53c8fb0a-520f-4be1-9545-ca1ee4c65431,1769617635464
760bb699-2571-4241-bd32-ec29132f16a0,1769617635507
60f2750a-d5f6-43c0-9185-076717de30c7,1769617635549
53a308ac-4fa2-42fe-8afb-f2c56c837b90,1769617635592
9a235074-a788-434a-96bb-2f65ce9670b7,1769617635636
77eac86c-e8a9-4cb6-9951-cdd8f0c56761,1769617635678
0351093e-6280-44d5-94f2-d550b48147ff,1769617635719
e35d2a52-77d7-42e6-90f3-06d6291162b6,1769617635921
be05af8d-73ac-40f1-88d8-874bdc59a3f8,1769617635971
5e7bc94a-ac85-4891-b304-a026f2a38298,1769617636012
9fbb9d2e-4d56-4876-9b47-95b614745a66,1769617636054
835ca635-a63b-47f2-a35f-4145cf39fcb1,1769617636095
95864c86-70dd-4232-b649-f24e2d66aa25,1769617636136
dc7d4990-b190-4440-9114-88629511c7d5,1769617636178
0e9441f6-e737-4dd6-a26d-e9d6862492cd,1769617636220
96f1983d-d7f7-41b9-919e-b457589c4c61,1769617636262
7d1c3140-b44c-404b-a86c-d8d1d2c20675,1769617636303
1ff47d1f-36ce-4661-83b6-49f68e128d92,1769617636345
dc9acb0f-ab84-4a26-a504-fb45c1a2ea95,1769617636387
2687a256-e2d2-43fe-8ca5-58cad67b771b,1769617636434
ab2ce8cb-628c-41c2-8f22-8806a52a4c0a,1769617636475
4b662a6a-0498-4fdd-81f0-7de88cd301e7,1769617636517
64dc4bb1-2bf6-4af7-8dfa-2594ab867127,1769617636558
1a4fe8d1-a21c-4111-8b4e-ac2d071a4f9a,1769617636600
37411679-a060-4ebf-af09-da40e151600a,1769617636641
586f6262-c68f-4084-bf3c-6f9344b3e269,1769617636692
8b583029-bc66-4952-b930-89a54c11f9bb,1769617636736
db89d5f4-f670-4b1d-8239-3342f46c50f6,1769617636777
e25d47e3-6c2b-4fef-a9a0-36ea6383d4c7,1769617636819
1a2b6248-536c-4a81-92d5-1802295a1467,1769617636860
c0856680-a88f-4020-b198-f6efc5ddd5fb,1769617636901
8479f4e7-a3c6-4ff9-87bd-9ccac0beb888,1769617636942
21d3b152-47b0-4e5f-b239-dca5af3a1b3b,1769617636984
1e5ef15a-22bc-47b1-9db2-fbf495db04d5,1769617637025
c4ddc421-1a90-428a-bb9d-57aff55b48f8,1769617637067
7de6b2fa-5d7f-4ce6-9bde-a1db80b8124d,1769617637108
c865dbf5-70f9-4bb7-9a93-4e0f37109071,1769617637149
8e870eb0-3753-4358-a476-71fc20377d71,1769617637224
7ba82c13-2d6b-4d2d-8720-c1f87ba496ba,1769617637276
b6614518-f394-45cc-bcec-38a4e3e1634d,1769617637317
64edab90-4846-4343-9759-25876e5667b1,1769617637358
67113322-9ae7-4787-8f71-79858c57570d,1769617637401
3c007282-474b-42ca-91e9-17de1c41d783,1769617637443
d871457a-057b-44a1-b72b-4a00f0807b0c,1769617637484
eb324457-eba1-46f6-9862-903276848686,1769617637526
e94685e0-f932-41a8-82c7-8736e7aad8b4,1769617637567
2da3b43f-64a9-4470-9059-a7f0987734a6,1769617637609
929d3d74-20bb-49ec-83fe-1a7ec2866ba1,1769617637650
c7185052-d8ae-44b6-a6f2-463a1b3e3cce,1769617637691
c07e03da-9efc-4d88-a716-6c917e9ee33d,1769617637732
6dbeb0a4-6db7-40f1-8b4b-414b4d0870ef,1769617637773
0d61291a-7056-4ebb-87cb-4a6ec775ab2f,1769617637815
651eb8be-fd32-46de-92e4-1bfff51dec5d,1769617637856
23b9b102-dd50-48e4-809f-8675313270b6,1769617637898
c7395c7f-b63b-4fcf-ad47-dbc73e7a54f0,1769617637939
031e1a4b-a744-45e9-922d-b3bdb73ef92b,1769617637980
8b9016d8-fcb2-49d0-98ec-60cbd3183f0c,1769617638022
accb2a76-bcb0-4029-a872-3aed46536db2,1769617638063
ef4c9bfe-ab70-44f8-8a24-4101b8d564c0,1769617638104
24dd25c7-1fa9-47fb-9792-42c76baefda1,1769617638145
df30e2a8-1ac3-4198-bba3-9ff774201fbb,1769617638186
2903d853-d25a-4408-b7a8-1508f238884e,1769617638228
0073011c-01e5-4517-a82c-3bf741ae8972,1769617638269
e5abc2ab-07ab-4fe8-84fc-e3f79683b789,1769617638310
64014774-fcdd-4445-b628-f90a518fc3f4,1769617638352
dcb3fce5-243e-4b25-9818-e22eebf948ba,1769617638393
e46202ec-5d45-432f-aaf7-133f02d0f08d,1769617638434
7e8e1bd7-d6f7-4891-a377-111f54aa9ca8,1769617638475
abdbbf97-1ae8-4c38-92a1-8ed1a3b9ec2f,1769617638516
fe81e53a-7cab-40ac-ad49-159bd5a86914,1769617638557
2fe9572b-4bc5-4f2c-9485-0cc803974ac2,1769617638598
c3d7addc-08b2-4157-b9b2-639cfa336720,1769617638639
309c3c8c-948c-4a54-b6f7-f536c4b49198,1769617638716
52cc983e-3e49-4226-b35a-b44c33cfd7e0,1769617638758
14dcbe97-3d3b-4f11-b2c0-50fa46b97bd4,1769617638799
c9e8e668-3ac2-40ba-9b9d-dcb710a73afd,1769617638841
8bda2ff9-96eb-4b7d-b8c5-c4bcd3670a25,1769617638884
bd9757a3-4e9c-4ae5-a0ee-40c080beda59,1769617638926
551cb22c-1459-4005-98fd-7d44a61b58cf,1769617638967
6d1268cc-c2d3-47a7-b01f-870b370f69ee,1769617639008
d40aaad7-c401-4058-af0f-ed85cdd8d4ae,1769617639049
fc3b5f3b-1cb0-4035-9886-e4b2b090b8a7,1769617639091
1a2f5276-1ac7-468f-a3e4-ec8a69986ac1,1769617639132
64cb5c97-6115-4ea6-95ca-d9df9df60953,1769617639175
24885eda-227e-432a-8da8-a2e7d4e40290,1769617639216
71f9677f-b217-40ae-a1cd-c200f941fc19,1769617639257
537749c8-edee-4f16-af3e-730956c4a085,1769617639299
e1d705b8-e4e6-4f0a-8fe2-718b396e4022,1769617639341
603fd501-da94-439c-ab77-bac76c2428a2,1769617639382
612a32fb-e233-47ca-a47c-d3b37dfbd813,1769617639423
b0cd2acf-0a6a-47b6-acd7-1934f2450ac8,1769617639465
937c5bf5-9663-4880-a555-f9e21e726008,1769617639506
173ebf33-32d1-435b-b80d-5b35c34fa8c9,1769617639547
3757d752-4be7-4966-849a-009d33a6730f,1769617639589
31a86013-5769-46d0-be11-d2226a74066d,1769617639630
e5abf9b1-f581-4b18-8ba7-0eae1af7fc80,1769617639671
df990551-0191-459e-b7ba-beaedbb5f114,1769617639713
e2d53709-5a0c-4d8b-bfc4-7f3f34f4fc08,1769617639754
eb4043a9-2282-48a6-ae00-8fe86fa34ce3,1769617639795
f48b4c85-d1d8-49b7-a254-7341d70f3b79,1769617639837
66ad3acd-3c4a-4311-a64e-3aa349e86794,1769617639878
de110004-45fa-44a0-ab32-fd7008f1be78,1769617639920
1e7ae1b2-958b-4770-884d-06fb4be14d15,1769617639961
fb5e1573-32d2-405a-8661-474d87858e85,1769617640002
062a06e0-1b43-4143-9c0e-e2da35b7e0b0,1769617640043
4c384269-02e9-496a-9991-538d7ed9d9da,1769617640084
f33839a0-e5d7-4dee-aaed-54b9d631f9e5,1769617640126
f1b67f09-bef1-49a8-a30f-a0543c157a88,1769617640167
c647e6cc-83f2-4495-b13d-4536f19b4f55,1769617640375
663a71da-d7dc-45d3-b3e8-61d280de648f,1769617640416
f7bc9ff6-dcc1-4564-8f8b-40b471e59069,1769617640457
1967b48b-7b8f-4a1d-9f30-ee327f1effcf,1769617640498
fefe441b-f7b1-45db-9663-d8845f353c16,1769617640540
d57eecdd-73cd-47f1-95f7-1724a1670c27,1769617640581
f1859329-2b16-4835-b993-c16316209e79,1769617640622
06f5f4ac-e53c-4000-b193-10f16a2bf9a7,1769617640663
f04cd967-596a-4260-908b-242b4bd7a890,1769617640705
1def3ab6-b5c4-4036-92f0-0553e0f6350f,1769617640747
7a754c56-c065-42ec-b795-25e5f9c7458f,1769617640788
7ae85791-4885-41f2-9955-9425b2fac35f,1769617640830
158494e7-0513-4b86-a75b-b61611df2398,1769617640871
e4614b8a-bdad-4237-9d7f-eb0e0d8dab98,1769617640912
76433f5f-869e-48a5-a5cc-4a4591d9ff59,1769617640953
83a65fb2-d48b-4169-a8a7-cb2a6abd28b6,1769617641040
8f2e7f12-42cd-4dff-b4d5-9e691f8b14da,1769617641081
6761b4b2-cf6c-432b-8984-d8a0b013e5c0,1769617641123
70a86391-9ea8-4c78-a0db-ed382f5e639c,1769617641165
b16f251f-c74c-4f95-a29b-e51ff145a182,1769617641206
f0f74b29-af67-466c-926e-917e0db041f9,1769617641248
8e08e90f-77c6-470d-b145-321993637bd8,1769617641289
4ecb66ad-23b6-4b75-ad47-f659794be0f5,1769617641331
3889946a-1a1a-4cb3-ac88-5d763dbacd52,1769617641372
ceb608a3-0ab1-4381-8cc8-9e7ab7a9585c,1769617641413
0a56bab8-6e46-426d-beea-b156fda8f6b2,1769617641455
897c1f4e-f6dd-48a2-953d-051b8c1e54c5,1769617641495
e81d3b0e-7909-466f-bf39-ee18bf57a119,1769617641536
83560060-53c4-4443-9c41-16609c314755,1769617641601
04107d8e-76be-4364-ac34-278400a2d44d,1769617641648
2613f10f-77ce-4f04-97da-ffd1c0f2205a,1769617641689
b2f6734b-359c-4850-863f-306b30a658fa,1769617641731
2a5f9d0b-c209-4002-bca6-eeab5bcc3721,1769617641773
9642692f-8b72-41c6-ad7c-65846ee3eeb5,1769617641813
5a39de13-45ae-4ca4-ac10-6ae2ec98a894,1769617641855
f6e20b50-b91f-429f-932a-d4fe5546effd,1769617641896
510f5c47-2292-4734-bc6f-70d8ac6907a7,1769617641937
e63950f7-ca51-4901-a57f-d108517aa836,1769617641979
8ae6c6ce-0250-4be5-a421-4d13a4620790,1769617642020
5ce33686-8503-4306-bda4-c9040bcfb801,1769617642062
ef6de7bd-8fd2-4562-a76d-495114b6768d,1769617642103
a2a63f1c-3a7e-4cb4-aa82-5a7cc4504b9f,1769617642143
90360861-4b7a-4031-a25d-47425001bc2f,1769617642186
98b0fa03-9056-4104-91c8-8ec9b2f81c8c,1769617642229
64263949-1c6e-4fb4-a4e2-9e0a63189031,1769617642271
7b61b78a-d74b-4ef9-9ba6-8b6cdc3ba446,1769617642312
5c67642e-7497-463f-9887-fac741776e0e,1769617642354
9f11f75c-b31d-4743-b034-3705160d45a3,1769617642395
20008ccd-b788-4a17-a8a8-5552cf2c5c78,1769617642436
c7ded78b-9536-4807-a1d7-7a07a3e0d692,1769617642478
144d82a3-ce16-46ff-8f3c-2b8c18c53ed0,1769617642519
120d9510-ede8-4bb2-b919-bf320e4421e9,1769617642560
4b458f45-c548-4244-9d85-e8385c7358fb,1769617642601
6b444897-4e14-40e4-b8de-03472348ead0,1769617642642
cce6c10e-c7c9-41bf-94d9-2edd02c76896,1769617642684
3d96ae38-0a65-4ead-a33f-f767e2a3690d,1769617642744
99b0d753-a2c9-443d-8767-f84b8be9c21b,1769617642821
dc39cc7e-9121-4e0a-81ab-d71e25b343ef,1769617642862
f5d52e13-4089-4152-ae73-1191cda5ea50,1769617642903
38b042c9-7561-4221-adfb-42e8f5355ca1,1769617642945
d65b4a05-f89e-48f5-a5ca-b8c82e2e76c0,1769617642986
f52fa220-d1d9-4e86-a856-eef0e0b84dbc,1769617643027
8d784614-7378-452a-bcba-6d5c68ac5434,1769617643069
b06461ad-dcea-4240-9675-0e1bf2a3b7d6,1769617643110
11123acb-68d8-4858-9825-6ce609cf6c74,1769617643152
a9cccb26-5818-4667-9767-de4afedfb3d1,1769617643193
1922d6a1-fd1b-4cd0-8adb-0dac726515fe,1769617643234
22d712bd-1249-4d2d-9b30-f9accbfcde05,1769617643275
901732b8-29df-401c-a5dd-6ed14877152c,1769617643317
9b9225cc-c626-403b-aedc-dbe042356628,1769617643358
18d78072-afa5-4795-a03e-4efe6f5f2aa2,1769617643399
7d64a6bb-ab58-4463-9837-0555c791a0c9,1769617643440
60935892-6d98-40f5-b0f3-90e5fbdebae7,1769617643481
82a5bd98-7fdf-41ca-80e2-d4c5d1f2dd6f,1769617643522
3c643da8-8b9a-4416-ab5d-16516e3ae758,1769617643564
99586c02-a5bd-414d-b9ca-ab9496b8f220,1769617643605
a6b7dd26-eeb0-4eec-a79d-11801640364c,1769617643646
218472a3-8212-4226-92a4-7e560c02589f,1769617643687
67bf1a70-8f95-4611-98f4-05dd2b455d71,1769617643729
7b69adff-e20f-40a0-8bd1-435eb4477a0c,1769617643771
fe8c4db4-d49f-40ea-9c39-a4fde1e5b6f6,1769617643812
8148f762-1e1a-4afc-9c3e-a7922d565674,1769617643854
d003f2bc-1251-4adc-ab97-a3bf0ae0f9c6,1769617643895
647a0fec-4286-4e54-a17d-ca96197170a4,1769617643936
9be38ac2-7505-4789-b3f9-9c8da3acbe69,1769617643976
f945b822-7418-429e-8abc-558cd4fd69f3,1769617644017
8ccf1cde-fb1e-40e6-9382-70d092beb069,1769617644059
c6765721-1fa8-49b6-b980-bbe624b2da67,1769617644100
afa15006-ceda-414f-8b11-3f0174463063,1769617644177
13c8810e-4105-4523-ad68-e9d3360f000c,1769617644223
0201cbbd-aa1c-4281-a387-b997724bb0f0,1769617644265
7552e440-8dc1-4667-a683-e427f7b7eb12,1769617644306
6a49face-7f11-409b-96be-4873b96be325,1769617644347
ad1c7cd9-a727-44e0-a041-40e12dd4f62c,1769617644389
7b24fde6-af36-44d3-a2f0-5597645e01b8,1769617644430
f0fe9bf8-49e3-4427-ac90-9146364fa0ad,1769617644471
49de8407-c51b-484e-94d5-a88a9655f3e2,1769617644513
248c1908-c54d-4008-927a-005469743afc,1769617644554
34461cc5-a903-4ea8-b757-f2e1e59bacc7,1769617644595
3f99ab75-4c3f-4451-b2c7-26ef7dbeae74,1769617644637
c7add588-1af7-4ea6-a2ac-51d49914f1b6,1769617644678
f174a176-aefc-46df-bc61-0d205791353d,1769617644884
852f60c8-c6f9-4fa5-9e60-6c5d54537e9e,1769617644925
cff1ced1-49d5-4943-82c9-d5e6e3aff1fc,1769617644966
bb13b2a7-03db-4213-9659-6bc233778248,1769617645007
d225e81b-83ba-4034-a89c-0a6b7eca5889,1769617645049
58df4446-50cd-48ff-865d-5a652b27e9bc,1769617645090
0c20e3f6-24e6-448e-b35d-08ff7e5568eb,1769617645131
7f19c9ea-f133-4a16-95a6-7ff380824cce,1769617645172
86210ac9-9cc9-4e53-943e-a513b8a0d23e,1769617645213
1b5936dd-1124-4c3a-9abf-3be8f18a06a6,1769617645255
b5f488d1-5b04-4d8e-9b8b-9d80fb1ff7ba,1769617645348
02a3518d-5f0c-4017-a2c4-c833a88509e6,1769617645390
a5086a23-edc0-4597-b674-7c2373fc2c4a,1769617645431
7ef6799f-ec59-4945-a722-0090d40d7781,1769617645482
3df20cff-46a0-40c8-93d5-25c21e720036,1769617645523
2b1ba221-2282-47e0-b549-0927908d3282,1769617645564
abb08402-5591-4c97-bb82-c0778e2025e9,1769617645605
ac0cd3fa-673c-4ed9-8859-d1622e30272b,1769617645646
22a0c44b-5a3e-42fe-94d3-5ff356542964,1769617645688
c005511f-87e4-4f69-82c3-fc711d6718b3,1769617645729
a0bdbc1b-206c-48b3-9846-b33e80430bfc,1769617645770
7459a322-62de-485a-add6-ee9726479112,1769617645811
8aa7b399-46b1-4b91-98eb-3ca4ff192d72,1769617645852
5ebc3fa3-911b-4254-9971-26bbc3c2e65b,1769617645893
c008658c-ed3a-4edb-825a-6aff0d14ad21,1769617645935
d6be847a-56e9-4a79-a99f-09081341dd57,1769617645976
a4af6e3b-160f-430c-874e-c3e5cc49e1be,1769617646018
d0f7c906-bccb-4b5d-ac26-aade1741ea26,1769617646059
4f857896-6148-4caf-a490-8b94ace68cd3,1769617646100
1b165b1d-0767-4ed1-a528-b323fcb391ec,1769617646142
4f67a84b-6504-4c6d-bd98-42f40248226b,1769617646183
93906edc-0885-45fa-b860-cb159543862e,1769617646224
61c26927-65d9-43ab-9138-81b610278226,1769617646265
5e054df4-f900-471d-96f3-52f484042195,1769617646306
d1c236a6-9444-4da8-8b14-dce7efbe234f,1769617646348
b23fd7e2-f1e5-4836-a6c3-2486bcc4049c,1769617646389
a8e7aef0-3787-4b41-a530-13197371c207,1769617646430
1a6d7370-d85d-4f87-9e4b-0660985d7af3,1769617646471
1dcc3a14-abee-431e-91af-673fe3251db6,1769617646512
3399cd10-1933-4634-bd8a-07626fd4fa8b,1769617646553
622e8037-e61a-4606-adb5-5e40d973a3a8,1769617646597
93fbedf5-f410-4b2f-a0bc-78939517feb3,1769617646643
ceead2dc-1448-4c0a-b6b0-33d4f32ddf10,1769617646685
c2f1e7bd-ab24-4b95-85c4-6da25d85de8b,1769617646727
cf05c19b-aad5-4ab2-8e19-7fb2ae9c5b15,1769617646768
487b974c-573a-4ec4-9d1e-63f3c63ac258,1769617646809
ccee0639-6a8c-4828-a8d1-6077f0af9b0b,1769617646850
8a1abf81-d66a-4330-8898-710e0dbd22b4,1769617646891
af555654-92f8-4487-a91b-4964f2858f34,1769617646933
1a6ce826-ba0a-4346-aac2-d4afe18e820f,1769617646974
5ced86f2-da0c-4f64-9477-95d3816c52ad,1769617647016
d074a6c3-c0ae-40ca-9c82-34aa6f9b292b,1769617647058
8a8dfef6-fe5e-4bf8-94c7-2bce65e796a4,1769617647099
b721ebc9-3d15-4881-ba54-24465f0539b4,1769617647140
3503dcde-d4ae-4c8a-9bea-7b8966e53b0c,1769617647181
449e92c2-8888-4b3e-a9e9-cbe2e9d3b8e9,1769617647223
26544da4-c052-497b-b80b-d3c7ee767aa6,1769617647264
5a7082d3-30a9-41dd-93ff-ac27203b09fd,1769617647305
e884a24b-77bc-40eb-9e83-c5ee9c9ef404,1769617647347
9f0e64b0-0048-4412-b4c2-c91c620c27c9,1769617647389
3bde3ddf-96a1-4d1a-be2a-7834536f54e6,1769617647430
09b82713-4bfd-48c2-af25-ae22f54a0568,1769617647472
089ae21b-43c3-403c-8289-60cd028ce5df,1769617647514
9e254ae7-e747-4cfa-80b4-b03527b01cf7,1769617647556
aeba390c-0c99-4a56-97a2-a3b78c5ff627,1769617647597
22aed2c5-8260-4724-a283-1a1e91332adf,1769617647639
01265fb9-e7f1-4eb2-982a-34781fa60d2b,1769617647680
c7fa7d52-d1a9-4897-bd3f-242bf20114ad,1769617647722
52a239b7-8f1b-4469-b355-5de061b723f3,1769617647763
b1ca6b3d-3f52-49a4-9d91-8c3f69a17de5,1769617647804
bf0dcd7a-8116-424b-bcbd-bdc8b7b26197,1769617647877
1a7b1f91-b460-4b2a-853c-35ae0cafec61,1769617647918
34f6b344-7afc-4bac-abaf-35e18155db11,1769617647959
62bb2774-8734-42c0-b7ea-3b04112ece85,1769617648001
ed7c269d-9f35-4ed8-9ac0-c5af86a17e7a,1769617648045
030d494b-9f59-4867-bb96-736b6b393d79,1769617648087
4be741c0-1793-49f5-ab2e-2058f6685386,1769617648128
000f8a18-e177-4bcc-8399-ab23077e523e,1769617648170
a0cae819-05b8-4456-a56a-37c1bfc6771c,1769617648211
d9c28eb8-cb6d-4617-be5f-45dbfcbbf7a4,1769617648253
acecc18e-0a7c-465e-8914-81764bf0e79c,1769617648294
886213ac-1383-4a9d-8891-95c4bcc799d3,1769617648335
2da70d64-0d48-44b4-b64f-3e13e8420595,1769617648376
cb8a4c94-1b9c-43ab-8f5d-226c49a4d3b1,1769617648417
65a057f0-a720-41b0-8269-ab25d37680e0,1769617648459
c981cb89-642c-4217-91ba-41ccf68ea964,1769617648500
731ef487-8d50-4742-91fe-d2914f6c3aef,1769617648543
46ef262d-4db2-4b27-9df4-7991407b90a9,1769617648584
d3a1e3d3-9874-4654-af17-b09729432345,1769617648625
b41759cd-30e6-4a98-942b-e74c554b590e,1769617648666
21b23165-2369-48e4-93b8-34c1dcb6af5d,1769617648707
52dc64e5-a996-4d14-b9c0-b6ec8910a52e,1769617648749
469e83c4-307b-436b-be05-bb5e1687b530,1769617648790
83ea6063-b80f-46a3-8455-c4200b56c0e8,1769617648831
db65de94-1cc8-4948-a4f0-7bf761a4ae31,1769617648872
e9929b9b-41bd-4546-aa91-9c112525af8c,1769617648913
ada1bd32-ef49-4ef2-bc0a-733b8bf1f79d,1769617648954
f94f961f-7560-4333-b77f-fc956f99d308,1769617648996
2433c70d-36c4-425f-a7be-f0cf153243d7,1769617649037
aaeea37b-9317-4493-9491-ff6118249eea,1769617649078
2b5df45e-72db-4cb5-bcdf-f2595a31162b,1769617649119
1fbb0eee-5896-4a80-8f9c-a2f0103411f3,1769617649329
10742090-690d-4119-bb18-5727eaf643b6,1769617649371
e7051212-f191-41f4-95d8-5481efa234eb,1769617649422
ecdc47ed-f4e4-49ca-8b3c-00d125a6c31b,1769617649464
277716c1-dc38-44c2-a077-ec620c610b60,1769617649505
0a122f58-2eb4-44c9-aca3-ababbd131ddc,1769617649546
a500c4b4-c6af-42e2-860e-0e1ccb24deea,1769617649588
687683e8-9ca3-405a-b759-f0cfe7941b9c,1769617649629
040c88c8-6909-4d7f-bb15-d7757ceaa67a,1769617649670
5167007a-f05b-4ba9-bd61-5ee5af4af5e2,1769617649736
c92b06cf-3fce-4066-acda-159896f90170,1769617649780
e2ed9383-0163-45b6-bf43-9f03f43405dd,1769617649821
bd96298f-a7e6-4862-85a8-1fd3f9bc8c42,1769617649862
bc0081c3-78a2-4794-b8ff-e7efbc5ab94b,1769617649903
d8794db7-9df8-4f43-a8e9-8e4476fa7dec,1769617649944
36869142-bac6-4846-95b1-a14b8debd56a,1769617649986
5a7a66d8-26c4-402d-80f8-0d35bdcaf1fb,1769617650027
b7b5944b-6999-4f6f-82c6-420288386c0f,1769617650068
da93e562-504d-4b54-814c-80ad0fe99373,1769617650110
bee406df-e383-4f52-b910-dcffeb8c9cb7,1769617650151
a6e89a97-65f5-4185-9dc5-031f166a59e0,1769617650192
7a66cae2-4621-42d6-9221-d73a3308f9bc,1769617650235
302ce69d-dbd8-451a-afae-0de9b4367a37,1769617650276
4fb36a59-a993-435f-9f27-1bf5bc53ccb9,1769617650317
f53493c9-2d72-4141-b8e4-391c7c424524,1769617650358
e2ebc9ea-de1a-4cd6-8135-34f06fcf245c,1769617650459
ee9158d9-19e4-48a2-9484-6ebded166011,1769617650501
806f27d3-5654-417f-b767-dc6999306dc4,1769617650542
c449af6e-376a-4766-9855-9b2119754a9e,1769617650584
ff182e3a-2ae4-4a9a-8d81-9b3a9dc2cb33,1769617650626
9e50ff93-612d-427d-9239-aeccb3acc10e,1769617650667
73e08867-1d5f-4119-a3aa-69b3d72e1990,1769617650709
2ab338f2-d8e6-4045-acdf-b48ddfd6fa54,1769617650750
3465dd5a-9604-4f70-aeca-cff718523c55,1769617650791
02941605-401a-4f35-b41f-d3f22dcb50af,1769617650833
ce8183a1-daa0-4142-9333-471a05925b81,1769617650874
62c3b4e1-8ed0-4dc4-963d-d372a777f3b6,1769617650915
af3f35dd-f918-455f-8625-b5e6184b8798,1769617650956
02dcfc5d-4ae5-4e8b-9b65-a01006b439e5,1769617650998
d3d8a498-acb7-4491-a87b-5ddc6e3f24ed,1769617651039
14edf1e3-9ad6-461e-983a-646614f44c3c,1769617651080
d99d8398-077d-4663-a84e-c430d1e5b25e,1769617651121
1f538ae5-dbcb-4d90-904a-c9b50c6d5ea1,1769617651163
7643bd7d-4d3c-46a4-b0e5-1c288b4fa1ed,1769617651204
96ffbb29-b537-4dce-b9a1-9b1e87ab95b9,1769617651245
efdf0b97-c362-450a-808c-ef80cebdc3c2,1769617651286
31346a86-1508-4f54-8462-4acffaa040d8,1769617651327
fa12efce-4ed5-43d9-b0f9-02fc44525f85,1769617651368
23965d42-8d39-4f5f-82d7-df26f2f837a4,1769617651409
e55a7bae-a992-4070-8843-198c5ff8b660,1769617651451
effc1144-93b8-4d66-b6b6-fd9842391ecc,1769617651492
ccecc2e9-2307-4b79-b64e-6f886928d177,1769617651533
2a42dc28-f4df-4afc-b05f-10964be20658,1769617651575
d6db56ee-c76b-4894-b179-a322db534c88,1769617651616
4883188a-4002-4f97-9080-a84059048a74,1769617651657
c415c301-6aed-40a5-a3a0-64edf82e5330,1769617651698
97e34e0a-42ce-4304-aaf7-788ce101a38b,1769617651740
5f51a869-406e-403c-bd97-4bc6737936cf,1769617651809
9163f195-9890-4748-b718-ab2b7999cb5d,1769617651875
a4ab2974-17f2-4255-9ab3-2e577565a0e7,1769617651916
97eb65a3-8107-4f70-b4fe-cf5b1f261ca8,1769617651957
23254b7a-0fd5-4d0f-8231-57d1ddec06ec,1769617652002
50c9eeca-80f3-4cae-ac11-d00080a73475,1769617652043
0df02440-c90b-47be-9343-d7dbcbd00efb,1769617652084
77e58069-273a-4785-b485-8bd09055b0dc,1769617652126
006a0494-b377-49a6-a285-7a11fe546204,1769617652167
e1223bae-3150-4389-a3a2-2ae080216923,1769617652208
25b661c6-9826-441a-b2d5-84a983382b31,1769617652250
81a35884-65d6-467d-9601-b5f579167541,1769617652291
88365302-296b-43bf-b938-781f4b39f99f,1769617652332
1183ce2d-05f9-4578-82a9-06f4c95173e7,1769617652373
b107e576-5017-443c-b862-3f099172d0d7,1769617652414
779fa61f-8608-4c64-9f66-5ae54bd7fb87,1769617652455
13cba910-9f1a-44ca-b007-275e19d04c0c,1769617652496
4944f524-e4a4-4b8e-a09c-c7cb0af238a5,1769617652538
93deefa7-3615-4b18-b904-474f8e649f97,1769617652579
0f53350c-ade2-4586-abd3-9d0bde5b61cb,1769617652621
223ede93-4f5c-4223-b5b0-176bfb4900b4,1769617652662
d30afa02-12be-4ec0-a4da-3cc6a6d7959b,1769617652703
07b531bf-970e-41ad-9780-3158ef28031e,1769617652745
21263abf-c309-4388-a490-6be2c8105ce6,1769617652786
6a91d437-59b7-4e58-a514-469043d32da1,1769617652827
2b608e46-d42b-4302-abdd-7da5b72ab666,1769617652868
0af3acb7-b0e7-49bf-ba39-b537900734b6,1769617652909
92c8dcf3-12c2-455d-b9a0-c846157be464,1769617652950
fa82c1a0-b091-4013-9c2a-099a966323ee,1769617653022
d566d36b-3185-4638-b46c-e1a8eaea8b63,1769617653088
4db19e45-ba75-41f2-b844-d21a5b569544,1769617653129
9b04c17b-7474-4ccd-9846-d0d19d84b145,1769617653170
2da99419-c591-43e8-a00c-0c77d532f96f,1769617653217
45c61856-f148-414a-9657-c01995dba9a5,1769617653259
9064f30f-b3a5-454c-a2e9-f2ca84d60972,1769617653301
0dbd63d9-f505-4d37-bb2f-e2aa786ee821,1769617653342
e3744a4b-6d53-42b6-9d00-d815dea231ca,1769617653383
b4a3adad-dad2-42f8-803b-853742d9c03d,1769617653424
279bb4e5-501d-4d86-8390-4de974d19641,1769617653465
494c6afd-05a5-45d3-84f2-0da1e8cd31ff,1769617653506
eaf20dbe-1ea0-43d4-82c6-581206d066da,1769617653547
699262ce-a261-497e-bcf4-17bc94bfa2a1,1769617653589
8e9fe802-3e0f-4199-8d74-b482dd19852e,1769617653630
8822c583-d54a-4f32-8160-8aa3dc0b59f6,1769617653672
332b18a1-fcb6-4b83-a7a4-ba583efdeb45,1769617653877
850234a2-4f99-4052-98ba-dddf26729b82,1769617653918
614c80ff-618b-4825-88c1-a4fa88d9b82f,1769617653960
0bdbbf34-3abf-45d6-a49d-2f1df3f14472,1769617654001
a9da6af7-04ad-4cc2-8461-00a210f1a501,1769617654042
a7eacdeb-6626-42ee-887c-4b8077ee3372,1769617654083
575ab4b8-7e17-4be8-81f1-177eabe03ade,1769617654125
ea51ad0b-32be-4487-a6cf-37561b7e5136,1769617654167
d1eda60e-dc28-40cf-947a-f18208e65efd,1769617654208
20339176-959e-4e6c-85fe-06dc46734a95,1769617654249
6ccb3be4-0e43-421b-a283-4f94fe9832f4,1769617654290
59c937ad-2826-41f0-bcd9-bc111864dad8,1769617654332
b8bb264b-3ad9-4c4e-93e9-b2622b70df44,1769617654405
fb94f097-3895-465e-96e0-8582a290d8d5,1769617654461
697be260-6b36-4d4f-9c36-465d0ee79d3b,1769617654502
907c08fb-6f3e-4a83-8d76-b0696a876a71,1769617654544
42a8443b-b95d-4fbf-bd2b-41a55ae9f2dc,1769617654585
e5ad6858-8d50-4966-a433-bfb546de1632,1769617654627
e12c98a0-e477-46da-b9f1-dcf0ae0d4a12,1769617654669
6c24219a-bf0d-4902-b562-01855adcce79,1769617654710
b2496017-a050-423f-b9f4-1d349dc006a9,1769617654752
d2838b8b-67f1-4cfa-8cba-247e800ca319,1769617654793
54d9bae4-9eb7-4094-9c6f-e6d1a2346bb7,1769617654834
037f618a-49a9-4d2d-bb8f-37d66fa1ddca,1769617654875
5bc3b51b-1af1-4b10-b8b1-e3cf8a09b930,1769617654917
eca7fb2b-ddd5-4b8f-9498-e86b895b1414,1769617654958
0cff7bd7-3689-4ed3-a9da-ffaca742e268,1769617654999
43bf58d5-4889-4e85-821e-a2597ede53be,1769617655040
1c518c0a-067d-476f-87e4-98190b5fef5d,1769617655081
31ea6077-dfc5-4c0d-b235-fdac83222e58,1769617655123
74d25203-8ae4-443a-ad3e-9abc94376883,1769617655164
ee49adb3-e752-454e-a0c0-d7e7bba9d7eb,1769617655205
50afb68e-7f38-46dd-ab4d-06a636989b3e,1769617655246
8352d8b1-6044-447f-93fc-76b7e7611145,1769617655288
32a3d2b7-82e9-46f3-9f9d-bba68f9d0247,1769617655328
d615a305-53f7-496f-8834-83c1964ed4f0,1769617655369
b38bb097-b45f-4d94-8152-ee244b365f57,1769617655411
b13416d4-dd78-4bc5-bc8e-e2728ad61368,1769617655452
da57c823-dd9e-45ab-b0b7-b78bd78e27e2,1769617655494
70223e45-3531-4be4-aaf6-d5cfc8da428c,1769617655535
e9b243c0-da89-4f2a-9f80-831dcd480e18,1769617655576
1b5c71f2-8f15-481c-bfe3-e37cc276f1e2,1769617655634
d544360b-7310-4fba-ade6-c7c4495d0ec5,1769617655689
bd8b3535-95f0-40d6-9dfb-4eb836e43380,1769617655730
2c7953cd-50ba-4ff1-b8b4-e84a702b3d54,1769617655772
94adde9b-6dc8-48dc-9590-c5ebbfbbf51b,1769617655814
8e2d5434-b7df-4ea2-94af-d59c747e4f7e,1769617655856
c7bc6e71-0a07-48d1-9e9d-085cec3bb70d,1769617655898
891edfbb-1eb5-4023-8269-98aecd48af83,1769617655940
f224ab69-722b-40e7-98da-f09f0336d77e,1769617655982
7f41bf1c-f67d-4b29-ace6-cfc380e68413,1769617656024
fae2014b-7cf2-42f8-a7c6-c8e21b5b7ffa,1769617656066
6217db7c-7e5a-471a-9b75-94178e079d99,1769617656108
fad1cbbe-9491-49c3-9944-a81e7c10136e,1769617656149
46413354-e6ee-4ecc-8e3c-74d18fd7e4a6,1769617656190
dc558a9b-5284-4dd0-aa8b-9450763c542c,1769617656231
b37f299b-e6ff-4586-9314-d71873e73912,1769617656273
9fd5e642-5ddf-419d-ac7d-8e7eaf46a383,1769617656314
eeaa50c0-b3cb-420f-83a7-241b9084f7d1,1769617656355
010e8780-f058-4cbb-8cb0-72bf0e070972,1769617656396
17709879-a91f-409d-8b48-f06ff71e64f6,1769617656437
a92cb550-66fb-45c9-97f6-a597fddb995f,1769617656478
bc9c411d-ee0e-40d2-b3f1-3671b59b3174,1769617656520
892723c3-8b45-4217-90d8-97bdc21339b9,1769617656561
64d72cc3-cd42-44d2-909f-3333fa95e4e7,1769617656602
be83683f-dba7-4f2b-ab85-379434818eee,1769617656643
08191870-a433-498f-847b-387359eaa27f,1769617656684
ecdb63e9-3ee1-472f-be12-8d89f5896de3,1769617656725
ee4d7959-9036-4ea3-a710-1ead838787f0,1769617656811
2a740799-6ec7-45a2-8faa-fd9dfc165d94,1769617656852
90138145-c2ba-4904-99bc-f83a910d084f,1769617656894
b12f8cd2-d3e6-486b-b12a-a31764f75e20,1769617656936
77eca32d-0522-4b7b-ba8d-21d5d40f6518,1769617656980
04d402ad-fd8a-48a7-a32c-bdc1542af48f,1769617657021
c9b0b35b-fc7e-48f0-96ba-94bae804d104,1769617657064
cca413a8-90a8-4e12-8955-0148b73e361e,1769617657105
888cbc6e-e732-4baa-9a1d-8cf7c8b47b22,1769617657146
e72a2fc3-fde2-45d9-aa8d-5ac78f65a597,1769617657188
f88cc2c3-e1d7-43be-9a90-7cbee2fcf44b,1769617657229
7ba1e486-c63f-4aa5-93e9-fb1c04276ad6,1769617657270
d41a0af1-fb13-4f5b-a2ae-9d1b12db89f3,1769617657311
3f31220a-1765-4d6a-a276-a9c0541bff76,1769617657353
1021da58-9656-4ae5-95b9-925840eafc99,1769617657395
e1c08237-d30e-4c8c-9ee1-514c8a422d53,1769617657435
ef77c022-0f4c-4d32-be89-605d19d91361,1769617657477
0f54228b-5c90-46d5-98b8-2fcebe4e906d,1769617657518
0df6612c-2d6b-4979-90e7-d26e9f8ba23d,1769617657559
c1de91d7-92eb-4fa5-b4f1-e0bdffce706d,1769617657601
9b3afff4-07c0-4284-8cb7-f6872d62e325,1769617657642
932faa7e-9d82-472a-91b3-3bd1a858c9f2,1769617657683
4c06bc88-ae20-45d2-b25d-bb1f97cd0bd2,1769617657725
5a63467e-1f3d-4c87-8b0b-d1909ede42d5,1769617657766
1d0637fb-68c0-406e-8643-ff8d6da29e6c,1769617657808
a5e0be0a-6468-47c2-b6fc-a000af422c24,1769617657896
da000aa0-089a-41b1-95f6-aa1c3987bfd4,1769617657938
09f4adf7-916b-4d03-b1ee-cbc987e7d95a,1769617657997
08f45f4b-056b-4775-a6d7-c86bc9ff6f91,1769617658039
60e22405-aeea-440c-9f3d-a847a6ff0d17,1769617658081
aad57ac0-612f-4439-bf31-fd05b318f064,1769617658122
475e7f8d-e408-4c9c-ad03-cccdf6ef035c,1769617658163
7abf1eaa-3e16-4ef1-af0d-2a55ea044435,1769617658217
364cc0d6-69be-4f09-8089-04a6ed696fc2,1769617658413
771fe588-86c8-4574-9590-70e1c72d70dd,1769617658454
104ad083-7a44-449f-957f-ec7ce9cbaa4e,1769617658496
5f08cb2a-c974-440e-b0c7-e8b62ecdf60c,1769617658537
e6d9e08c-e2b7-477d-b748-bc101922e18b,1769617658578
68181a5e-59c7-4382-8709-424654a7f680,1769617658619
af979ed6-032f-4b2b-845a-b70efa06fc0b,1769617658661
1510ce79-1241-4505-a214-c656797608ce,1769617658702
527abf53-4a07-47bc-b961-10e0582f5345,1769617658745
e2c99787-9c50-4d98-8133-de5fe7d22cd4,1769617658786
7297d24e-5cf3-41b1-b5b8-f53bdcc218af,1769617658827
d5af7626-eecb-4802-b6d0-a015bedeb6b2,1769617658868
f34d7f5c-d705-47bd-a54e-4eb34c1624fe,1769617658910
4b5c73fd-4483-4879-8cc9-00dbea492d4b,1769617658951
1b5d8cf0-21c1-49e6-a75d-aebe744f88fc,1769617659039
9646bb79-63d0-4957-848b-d0419c1b7f96,1769617659081
e42895bc-163a-406d-9aaa-0c64795d359e,1769617659122
5bcc5175-5fd3-4502-ae4a-71993d3a1dac,1769617659164
55efd3b2-aa39-489b-9a26-69371f1a5130,1769617659205
64b811e5-f14e-4e7e-9682-764d6b48d955,1769617659247
8217f11f-6635-4152-82b7-8f86408a0ede,1769617659288
30609d68-1c47-4f03-ad6c-62e2adbe07ab,1769617659330
8f9336bd-8826-4372-85ca-eda78c3a9ba0,1769617659371
f3e00260-c7e4-418a-8594-1f81a91feaa4,1769617659412
84e469ae-a40a-448e-838a-1c274d0b2faf,1769617659454
49564906-c04f-49f2-819e-d4e32a94620c,1769617659495
05b8b445-d42b-4350-a894-2c6c0c400ea1,1769617659537
bb512e7a-27a8-489d-9679-cf541f6f8d9e,1769617659578
a99cf8f4-e738-4648-a63c-638bce9bca26,1769617659619
c69389e4-36ad-4730-a986-6af70f1bb39a,1769617659661
6dec6a2f-d5e2-45f3-9ada-9d4d55b3a0ff,1769617659702
4a00d8e3-5502-4d39-87f3-ac1b1275c223,1769617659743
eebb364f-2194-4b8e-928b-bd481fd3f1be,1769617659784
9cb437b1-d78b-44e1-8622-8a7e7eabce2c,1769617659825
c5f8eb5f-d5a8-4a06-a56f-ae3cd586204b,1769617659866
22dadf01-9036-48b3-83d2-4008cfbe7f64,1769617659907
b2e2ac20-aa8d-4c26-b364-e192214e3cfd,1769617659948
3d74b72a-5e58-40cb-9857-ef1d769c2bcb,1769617659989
8ea95387-405d-46ff-9923-b56a02ea18b1,1769617660031
52f120d7-035d-4752-9de5-8d807d6cc538,1769617660072
031d0bcf-c8a1-4874-a34d-f390083fd096,1769617660131
9d3f5a01-dcf7-4115-8439-7ffd69376c39,1769617660189
1af8ae58-b767-434c-966b-7aeeb4d9ef43,1769617660230
aad31f8a-067a-4c84-9959-6ed7df24efed,1769617660271
dcba520a-fcb7-4ae3-bfbe-1c2c510c601c,1769617660324
63b339f5-3f7b-4bff-93c6-b089105b12bd,1769617660364
c1568493-8e3d-40ff-8f9d-736bfe807193,1769617660405
72f2eea6-4c31-4736-816b-7d25155c382d,1769617660446
5d033726-1ef9-428c-b911-f227f4a38727,1769617660488
1a071db9-1265-4073-994e-c310d2b9d2c0,1769617660529
660b1aa2-dbe9-4c04-9370-b5c9a070033d,1769617660570
aa316ba6-350f-4f29-b2e9-7eb5c9922e47,1769617660611
600541e9-9d78-41dc-a5c2-62846cc12f3a,1769617660653
f1112318-0ce5-43fe-98bb-c2392e66fe16,1769617660694
a6e25406-a85f-498a-a498-caf5ca0bde38,1769617660736
a4e1e9d5-c098-46a9-93ea-961082536323,1769617660777
0707a5e1-4fd0-434b-b42e-e008aa4a45a4,1769617660818
2f5aed7e-6c46-4733-a973-87ab03d63975,1769617660859
ce6b7c6b-3ccd-4fe9-9617-6e84368410cf,1769617660900
6cd75f23-09ac-4d3e-858b-da521ea2db30,1769617660942
044a4c56-7307-4339-be77-ae7b013c374b,1769617660983
c64bed0d-1186-4e9c-ad52-4ac68171e40f,1769617661024
eb284722-953f-4c9c-a4f1-dbf3bb70f9cd,1769617661066
fbeeb11e-9b29-44e7-9473-bbdad0946e27,1769617661107
a7c23ac1-3243-4a99-b91e-03440a1599a1,1769617661149
5717f034-a5ce-4155-b78b-e989534f1afb,1769617661190
5a96f139-737a-42f3-8566-eeeb0f1ba734,1769617661232
01955bb3-e25a-4569-a16e-2d73085e1414,1769617661273
f91813d3-7073-4d7c-aaf1-d21310130d40,1769617661315
a818e7ea-b9eb-4168-a466-284c18a32ca1,1769617661356
91a200be-9096-4a25-86eb-27304f610000,1769617661451
5b80e92f-9cd5-4627-abe0-90545287b21a,1769617661492
34b225db-793b-4af4-9e49-babd4cf46721,1769617661534
7bb873ca-2a8c-4880-9b96-95fcaedbe3af,1769617661575
04e2b03e-8a98-409d-83ca-2a9187548f23,1769617661618
39807f5a-739e-49a2-bb4a-bcf6aeba3726,1769617661660
c9d7ef2c-61cd-4379-b4a8-f2dfbb1137ae,1769617661702
673f2d79-93e1-46a7-8fd3-a0a3716545a0,1769617661743
1288865e-1509-4fbe-b140-583b8fed042b,1769617661784
b3a52581-5213-4467-b8e7-7dc95d3506a5,1769617661825
48212068-ebf6-45f1-9f82-7fc5f26fc321,1769617661867
3c13a48d-3232-4014-a6e3-940e973f6f67,1769617661909
8ef650c4-2828-4149-9b13-240efe204e6f,1769617661951
0296e0a1-1809-4c16-94bd-4cb6d1038e48,1769617661992
fdb1beae-35bf-4894-9790-0fc60019b8b8,1769617662033
1bb6bb86-33b2-4e41-9f0b-9b26a720d535,1769617662074
711bec18-1efc-4d99-aef6-f0d290910944,1769617662115
9b918d35-a808-4c45-98a9-2832f6299697,1769617662157
4fbbc04c-19af-485d-b55b-39ed3092c875,1769617662198
c6992dc4-4a08-40e5-b093-ff354f93277d,1769617662239
b0e4cb59-50ef-4d1c-b1ce-5996387df18a,1769617662280
6fa0ca8a-bf50-4c3b-a11b-da64a6d63e92,1769617662322
0a166b9f-e243-4cae-8935-3b588b8d6b5a,1769617662363
a1cf8bd3-f5c3-486e-9269-5ed84996bda5,1769617662404
5dee177b-57be-4ef6-9bed-3e424cefd87d,1769617662464
1097e815-3449-4479-b6fd-ee4db6dd6512,1769617662507
873f8882-6df0-464e-84eb-433b7b9d73cd,1769617662548
e9a49270-cc1b-45a0-85e0-23638d75f2a7,1769617662589
98aace12-ea07-45f4-b683-f2f95795352b,1769617662631
0b810151-f6e6-4f07-b76f-5efa0b4e0218,1769617662673
41c0d37d-aa3f-4bc7-8ec5-38f4a61b1dca,1769617662797
459c6d6c-6f2b-45ec-b1d2-defe26997257,1769617662921
d822aca7-c719-44a7-94f1-ce4d230c6ae7,1769617662963
e8913516-f9ad-45fb-be97-ff935f02a5c6,1769617663004
1fa66fe2-7040-4179-95f7-2725cdf2e4d2,1769617663045
234b6dfb-82ef-4562-b838-e4ac1adea22c,1769617663087
f116bbc0-b4be-4168-b9a4-390ea9fecb08,1769617663128
f228b488-aaa4-44f9-b4a5-5fb10962d35c,1769617663169
76ab0fb9-8ff0-4a86-b0aa-f90210839ce4,1769617663211
43ba64e4-73a0-48ba-bea9-6d5b2c68e1bd,1769617663252
9f561aed-b6f5-4231-afeb-aa35fdcb70cf,1769617663293
1ad9921c-0881-4914-97eb-6f21ead1136a,1769617663334
48c053e0-7231-41c9-8485-7e36b6e5b948,1769617663376
ed452c6f-8727-485d-a27b-3e228cc9acfa,1769617663417
50ca4dc3-29df-4ebc-a6e2-17dbfa61835e,1769617663459
c61acd0c-76e1-4bd0-a2c8-b513f0a5966b,1769617663500
83022419-3c39-417e-852c-1674c92efaaa,1769617663541
4b1948d9-cc39-440b-a6bf-12ab1c84baf7,1769617663583
e07deb63-bd9f-4c89-9b03-bdbe1a63c4c9,1769617663624
7af1d48f-49e8-42e2-afa7-b23f77d627d4,1769617663665
5252f198-46e0-42a5-8da4-5175b42193ac,1769617663759
56254c03-770d-43c4-aaf9-2a799840f149,1769617663801
5860a8c5-11a0-4bf5-bf57-0875ff292bfa,1769617663842
763f17f7-2b31-4317-8cb5-22b4cc8f62e0,1769617663883
73f9834f-808b-4ffa-b8d2-c32928bde4d4,1769617663925
d34e8595-d9ad-429c-95eb-a5d18a99b7eb,1769617663967
78e7318a-41d4-4792-bafc-ae5806fffe27,1769617664015
66321237-db16-478a-a7f3-ed2b23390677,1769617664057
3db38e04-3d13-4519-9c8b-5a8c5a64d62d,1769617664098
f0523856-ca98-44bb-aac3-fc2a447ee5cf,1769617664139
457240af-9c27-4d83-99cf-66200d5bb6a8,1769617664180
0dd457a9-cd19-4fdc-882a-707defdc4bc1,1769617664221
4f3fa9f1-d578-4df4-82d7-afcaf569f324,1769617664262
fefff763-7aa9-43e1-ae7d-8f90024d14e1,1769617664304
ba78ab3e-496b-4ee2-bdc3-bbc054f82d80,1769617664346
443fcc31-cb61-4b98-bab8-99e11649e7e7,1769617664387
626339d3-b749-4d7e-9c52-c79e17f71e63,1769617664428
9c015908-7c7e-49e3-ba0f-b85897a59a6b,1769617664470
4b917e85-3969-4ebd-9088-11600a24f2bd,1769617664511
b1663204-53db-4d9e-92b0-43e11b638a9a,1769617664552
3fbd0b6b-2a5e-42ea-9604-2d8ceaecaa08,1769617664593
163694d1-480c-4f02-87bf-fa2f8475a054,1769617664634
0c6468d1-4f46-462a-ab3a-516e8884ff40,1769617664676
affe13a0-aea6-4694-8726-941624d3fd1c,1769617664717
55d27b4e-0296-4552-bca2-a7dea2f844ae,1769617664759
a3b33151-f4f5-4cc7-8617-1d61f51d966b,1769617664800
0282fa95-98ea-44c9-9467-e9e1599766ba,1769617664851
4fc2839e-69ae-42dc-8e88-79427524bf01,1769617664898
dad1c2ee-bb9e-46e0-8f60-ce08306fa69c,1769617664939
781f5052-0fc3-4ce6-9884-a3ddb863012d,1769617664980
9ef5576e-144f-47fa-b8cd-2e596bd7f57b,1769617665022
5363c046-ed1a-4866-97cd-f4e146d0542b,1769617665069
83873606-09a2-4c87-9b13-ca53da9d6a8d,1769617665111
4e47c374-5a18-4bcc-87f0-29c8f86a93e7,1769617665152
b667caea-5f3a-4b1d-80fe-ec83c2d4068c,1769617665193
ffbd44bd-8717-45e0-97b5-8e36d7f539bf,1769617665235
261f245c-d17a-4a73-8be4-c6b36b8cbb41,1769617665276
608be54d-0ba2-43f3-a6ef-85172b1af91d,1769617665317
d6368daf-d9df-4bda-be17-ce980654f096,1769617665359
183b6944-69ca-4f18-a078-6719a600b9b8,1769617665400
f88ec990-9dc9-4e48-909a-eaf6568dc0c6,1769617665442
69b7ee55-3ce1-421b-b6b0-15d1f3e8b50e,1769617665483
401c8db5-2150-43c1-bf85-770768b65004,1769617665524
79bd5ce3-8edc-4b43-a342-81013ac299ca,1769617665566
6a8d7070-143a-4529-93f5-a103292ff1e1,1769617665607
ac8ec7b9-9a3c-4691-8e57-e8facff23db1,1769617665648
78493a92-50b7-4a7e-a4a5-b9a7efd5d812,1769617665690
aac1ce76-4140-4b56-9533-ad43e2831838,1769617665731
73fb1125-95ac-4a8f-853e-77e3ca789fbc,1769617665772
cf452cfc-8fb4-482b-ba2f-837ec9e869b5,1769617665814
b5263902-ae14-4ee1-bacc-47532c297b57,1769617665855
f6f98009-23f1-4a79-b77f-687581d771c4,1769617665897
cf923e5e-2c84-423c-a3b6-0514d18623b3,1769617665938
56bdead2-0fe0-47d4-8012-741505ef9c0a,1769617665979
d9c24baf-5df0-44ad-82a8-4edc072f3a26,1769617666021
5f666965-0376-4d76-88e6-40945916482c,1769617666062
6f155912-487e-4a80-a1a4-335c44b3723e,1769617666132
34d951d5-10f8-4a97-aaef-006d36236c3a,1769617666195
c65b3f54-7fba-4592-ab76-a87845ba7c36,1769617666236
60cdbfaa-f741-48c3-ba18-be77a07dd893,1769617666277
b5f14b64-4891-4740-9e44-211074de2751,1769617666319
9580f8ac-33fa-438b-8c1a-e806752d0f08,1769617666360
604eb682-d869-4f07-a75a-10f3b67174e2,1769617666402
7e79b28a-9643-453d-866b-43564d53a505,1769617666444
c5ed9b42-349b-4bb2-a291-9338c9ec0c64,1769617666485
915c69cd-e120-4dff-a4a3-84d7632f0b49,1769617666526
5bc8b95c-a571-426a-8561-5dfb97cadd5b,1769617666567
0b217cee-d10a-485d-a6ee-b0affc6cdadf,1769617666608
332259fa-ea57-4865-8bd1-ddc99cd5ef0a,1769617666649
d779eb44-b595-4340-9c1c-2d7c5ad9bdba,1769617666690
38b6e9e7-da1e-41d8-bb53-b903f54f9297,1769617666732
977b3af3-90b8-4601-8366-39efdae585d9,1769617666812
9de10b38-ec50-42d3-95a6-a21759420d6c,1769617666853
7ad28888-f154-4db3-970e-e178aaaec96a,1769617666894
e65cd582-740a-4c43-952f-908ef2df14b8,1769617666945
e07ead71-3854-4428-902e-367d351e5997,1769617666990
408494f6-23c9-4278-988d-bbef3a3f0614,1769617667031
6cbbc72a-5c2d-41ac-975a-0c1157f8788a,1769617667073
c323ce9b-274d-4300-ac72-7f9202cedda3,1769617667114
3a14c40c-c240-47c4-bab1-ad8fc84c9376,1769617667155
5b437af7-ff9d-4395-80c9-c2f01da18700,1769617667196
ed653e9e-191a-49f7-a7d5-4cb6e25dfc46,1769617667446
ee69719d-d944-4a48-aad7-8d600340ef32,1769617667488
a27940f4-dd7c-430e-92ef-5e9983501c86,1769617667530
7c21fd83-04b7-40ed-be41-f55f4393eba0,1769617667571
4a280621-8cec-4a05-9f7d-7a316747dd34,1769617667614
d0cbeec8-a013-4e5e-950a-05eaf3eb5d4f,1769617667655
90bb56e7-232d-4e8d-a630-8cb6f58a2858,1769617667697
b7617812-be7e-4e84-8229-1a0904554bb9,1769617667738
8d594d2c-b3a6-4c31-8320-1ab51ee180c0,1769617667780
38cd631d-fc49-4d07-b7cd-5abce921f1e4,1769617667821
7b98ed63-7853-4c79-a42b-d81d9aaa5ef9,1769617667911
e0e9b0f3-ccfb-4d54-93b9-9784789162ad,1769617667953
d864c784-fcd9-432e-849e-41fddd932d8d,1769617667996
561da980-d664-4d83-baa7-5d2de4262c4d,1769617668037
985787b3-81be-46f8-99ef-19880af84389,1769617668081
6c525d5c-3d83-442f-8df4-1ece8724419c,1769617668124
6c89e7f0-4405-4373-a158-87f2b5f08299,1769617668165
200e924a-8735-42de-b797-8a9805f96f17,1769617668207
7a23ced1-0a57-430b-9b3b-9da0a0c56313,1769617668248
3fe18c3c-1c4d-4e51-af10-a48309a37b1d,1769617668289
2df3543c-1513-41b9-9834-3807c0a52b9a,1769617668331
6d8ec354-81c8-4a46-8566-86f9336046d4,1769617668372
43ef7015-4137-4808-9ba8-f4cd537f56c2,1769617668414
f3449049-0e9b-4713-989c-5f29d4f24788,1769617668457
7c4e76ae-a80d-456e-8711-4b3d4b067c26,1769617668499
96c976c1-7eeb-47ff-ae25-bd4f9e6aa679,1769617668540
8dc27eb7-6bc7-430c-9353-073f7e0de7df,1769617668581
d1989af3-2999-4ca5-b0ac-71652a470a3d,1769617668623
927ba2cf-e99b-48cd-bdaa-316fdce256eb,1769617668665
4198f9da-1a37-4a19-92c9-3459355a604c,1769617668705
4d96eaf1-c3dd-4eb8-86ae-32cdab06a086,1769617668747
13fa9b46-0974-409d-b28a-7ae9d569ed95,1769617668789
e97a9893-d515-43a2-890d-7d7aa3f14309,1769617668830
f238e82d-30d8-482c-99e3-e0b45ee3af17,1769617668872
76e1cf60-ff4a-446c-80fc-4cd49b22f826,1769617668913
2070d2d5-b3c7-49fb-92ac-1012ede16dd8,1769617668954
9756b751-531c-449f-bea0-03e462ecb8bf,1769617669028
5ae6ca6d-b45e-4c1a-ba49-aa269c8bc776,1769617669119
9a6474f6-d66b-4edd-9808-1747184a4139,1769617669161
d3f0ba64-515a-4871-a588-d9dbf7f5b1b7,1769617669202
35d775b6-6e11-4940-ab2e-69f5f4548491,1769617669257
fa65a623-65b8-499f-90c9-adc7aa29a604,1769617669299
6fcd5752-3c5e-474f-b313-4487360d31b9,1769617669340
058301ad-5f1a-4d41-906f-838092a5d803,1769617669382
a191c82a-c0aa-4213-a3c5-110e8d941ce6,1769617669423
37206cc5-c8c6-4b4b-adb8-d1d8df9e3dfc,1769617669465
35aa8772-4dde-4a38-8667-49cb50dd0dfb,1769617669506
a3b51d57-dabb-4d16-8b28-6eeb96cc7fa2,1769617669547
14655b66-7596-41a9-bbe9-dc5caf8ea3f7,1769617669589
1cd02ddb-585f-486d-a9e4-e9a423b2fa95,1769617669630
3ccbf205-fe56-42c2-bf23-72d820d46682,1769617669671
fb875ec7-cd4d-4908-ab3d-547222eea5d0,1769617669714
7f0c44d8-64ee-481f-8bc9-b4a9aadd2db1,1769617669755
a95997c6-433e-4532-8ca3-3fbcaa5a48ad,1769617669797
743af0f5-edbd-4cd0-b02b-7ce16bf5ccf2,1769617669839
147bf62b-642f-4cb4-a786-647c1eb661ee,1769617669880
2eab47ba-a156-4483-85df-7236ec3d5276,1769617669922
71fd9d32-416a-4d5e-886a-7cbcaa123f4f,1769617669963
dcb356b6-1a7d-4f31-91dc-b65f0d509c0b,1769617670005
c542b62e-5a9a-47cc-896c-d44b09cb4c87,1769617670047
81805eb9-e1bc-48b4-a72b-475d974e7c2c,1769617670088
65d4ce51-ee1f-4e43-8f8e-3789147b1f4f,1769617670130
535ac684-d09b-4e46-9b16-d3449c6d5cd3,1769617670172
8100f2e1-094a-4bc3-af97-ccb8cdb5a558,1769617670244
4873187b-93bf-4e18-9e1c-fe8f9714d00b,1769617670321
5ba0dc2f-0bd5-44ff-9a43-79e736058cbc,1769617670363
bc861956-0069-46f4-891c-15b812b82ee4,1769617670405
98cba0bc-7d67-4e3b-b9f5-b2d30fdaeec0,1769617670447
f70f0839-baf2-4a57-b1b0-2b0adeda7391,1769617670489
39288644-39dc-4aa5-b2d5-749d4962f8cc,1769617670531
5f12c976-3974-4297-877d-a16475df7511,1769617670573
2a550973-95f9-42db-8179-4fb7da8366d2,1769617670616
526fb337-c62b-4fa8-bff2-ee0e99c6ce3a,1769617670658
bfee146f-e886-4990-b45c-8b8cb8c37c30,1769617670700
1962b41a-b39a-4764-a9b9-801fa85242cc,1769617670741
9dca1cdc-41a1-4c02-b64f-4b92fe0d8d30,1769617670782
04e6a8de-bb48-40b3-8ddd-1682c08cc79a,1769617670823
b3b0c491-8e3b-4c46-bcc7-16ec0fef68e1,1769617670865
2c8a9c5c-212f-4622-8817-8bfdd14f4dd3,1769617670906
bf0bd7e2-5451-4373-92b3-fb81a8a309cc,1769617670947
be3aee0f-6fbd-4b5e-aded-9f383f635adb,1769617670989
a2cbc2a2-43b6-49b3-a6ba-85ee0dea4eac,1769617671030
7a3a70f6-6a67-4176-9b97-6168c9fbab9b,1769617671071
3f9018b7-b67a-4091-8908-11e4e3c3f338,1769617671115
b531c6c6-6bbb-419c-9477-fb8a7d307e96,1769617671157
cfe6c01d-4b12-493c-b286-f314f0688134,1769617671198
c878d2da-305d-4556-a062-67d86191f554,1769617671240
9c32e652-d3a0-499e-86cc-5f531216281f,1769617671282
bba96f01-524e-4e3e-8def-693362641eb2,1769617671325
256c64ce-a8ed-416a-95d7-349e64e646eb,1769617671367
5e6d1afe-72ff-477d-8073-1a683cc5e68e,1769617671409
b67c8a0b-c37a-4332-8841-11037a4aeec5,1769617671505
eb705573-09fd-4d68-8efe-5f85342ccc14,1769617671547
7aacc38c-d4fe-4dca-87d3-220e54d3220d,1769617671589
397a0902-3c6c-445d-9456-d2afb7a1bb14,1769617671631
65103f94-ad24-435a-8ba4-825edff32e87,1769617671677
6ffd0136-ff8f-479b-9277-34b8e298c5e9,1769617671720
82e419ab-bba5-4c11-bc06-9a46d5ccf2e7,1769617671765
a23e6fd7-fd2f-4c98-8a18-3c41b23990cf,1769617671806
ebda49ad-89c5-442b-b003-eaa315d71f7d,1769617671848
8e7a0a4e-9769-487b-b7d6-eab5347e7f69,1769617671889
2bb91985-1e6b-41db-bd27-cdd0c2ffb5fa,1769617672096
fa021972-5c6c-4022-b2b5-ef2f8be36b34,1769617672138
22991ee3-489f-401d-8f68-895b9b913249,1769617672182
566df089-404a-4c2b-8a3b-68f26f6ae875,1769617672224
95207e66-2c6e-44f0-991c-dd9fe2ded4dd,1769617672266
27cef5ea-2e51-4d9b-9a1e-2a1ad7b63801,1769617672307
9deb7e0b-8cb9-4425-aa11-217a8a1b8882,1769617672348
06a09ef5-3e4b-4b9f-9b88-e7791227926f,1769617672390
a3ad3270-8445-416d-8cbc-64729039a839,1769617672431
593daac4-1c09-409d-bcfa-72484f550f93,1769617672472
b205593e-c2e1-405c-9e99-d11a60032c8e,1769617672514
b21e0a9b-82e1-45c2-a7b3-dd755bdd3704,1769617672555
261409f0-6ceb-4fae-b0ad-8f2dd533ac69,1769617672596
ca701008-4a6f-4c5a-a09d-bc9d640e4c58,1769617672673
cfe07d44-3128-419b-98b5-b705155487ed,1769617672736
b097518d-6d5e-49b8-8810-c6b24eaab6d1,1769617672777
1ad459b6-5c6e-4072-8ba2-b1399770437c,1769617672819
13089d2d-0cc3-4de4-8093-8798e6bf1c8c,1769617672865
391542f6-903c-43d4-8697-c49b7f92af77,1769617672917
ae37364d-3187-4db1-a351-8df244f6f2bc,1769617672958
a3f26be9-d0f1-4e86-b7c8-0207e3dcab0e,1769617673000
a2dc7440-e9a1-478a-bfe2-38a710b33db2,1769617673042
015d8765-62b6-4283-a2ff-38d317fb6ff9,1769617673083
5f772752-7b00-4748-83e8-5f9cfc4b4303,1769617673124
19cdfb56-32bf-4367-8e69-51b43ac27430,1769617673165
277fa2b1-4d6e-4b9b-a96b-1809995ac432,1769617673207
dc77624e-3480-4d37-bf5e-b095fb21e38f,1769617673248
35c237c7-8fff-48e7-bd4a-76c55420af3f,1769617673290
a280bfb2-f77d-4b27-819b-537b90b70a24,1769617673332
86f36b82-1bf0-41ef-af51-b010d4aa659a,1769617673373
5d8de9e7-bc95-4cab-88b2-7b49d9a630ff,1769617673414
7da8249d-1f37-4308-a810-0bcb2c746338,1769617673455
8b7b54c9-d1e8-4409-a8bf-a3865538299f,1769617673496
cf8ae3f0-b2da-47f9-87bd-cf6b6b134272,1769617673537
37c295c9-686e-49e5-b0fd-4f82f9eff883,1769617673578
7396e34d-baa2-4ede-9935-4e97d049a352,1769617673620
298e0472-f7a5-4192-985f-bab43ab4d2f8,1769617673662
7c6a1e74-9032-4a7e-9694-28ac4c60d0e4,1769617673703
665df107-ae43-4195-9838-e70b820395c7,1769617673744
43d97354-5730-4bd8-8f2e-0b08515cf97d,1769617673786
6b5db0db-a261-4230-bb87-31e6f1ee4454,1769617673859
e9f9c651-e740-4145-a002-5cb1961ee841,1769617673911
6b3cbbc6-e6db-4205-823b-ade05ebd08aa,1769617673963
70e929de-3fed-4ab3-9ed3-a521454822d3,1769617674005
22535018-6a49-4063-b14d-013e477e2730,1769617674046
fa1202fe-c2fc-4d7a-b99b-479e11bf1aa1,1769617674088
96c6a73f-6318-45c7-a353-dde60b2b9b3c,1769617674135
678274f2-3dd9-42a2-b593-0427536a4542,1769617674177
6c922424-9935-44b2-8762-8486714038a0,1769617674219
3c00904b-93dd-4870-8ce5-3da68e9d4fe2,1769617674260
2531624d-0270-4f78-9227-edbea8cc764a,1769617674302
24ccec19-4666-41f0-a297-0b8c0c3f2598,1769617674343
ad2c2710-af9c-418c-a735-4bcede351ce4,1769617674385
9f1cce36-115c-45d2-a404-76c7b8487ecb,1769617674427
cd4494df-76ef-49a2-ac5c-81b1874eae2b,1769617674468
9261e89d-6407-45bb-99b3-7cd1d275a24b,1769617674509
f43b1cc2-fb62-4859-974d-4be53b24a48c,1769617674551
4c04f3f6-224d-4f6d-827a-a8f189d03c0d,1769617674592
1e0eb83d-0f24-4b68-b5a2-c7858749d5ce,1769617674634
b5841248-0b3c-4584-961f-e9ee31bc231e,1769617674675
10bd2ed1-19e4-4510-89c7-f569428a79fe,1769617674716
34f18a49-ad9f-49a5-ae3f-3a2adc1cddd2,1769617674757
1bf4b329-ec6f-4aac-bdce-8b3a9bc9ce7a,1769617674799
a42b5f1c-e51c-4b8d-9f2f-5c27dc8dacbf,1769617674840
8fd1e5e1-0fce-4196-a11a-78a057f5cf55,1769617674935
6c160a23-7185-4e5a-8731-9dc7d79986eb,1769617674978
b5eee863-dcc2-4d43-8ecc-4408cc6457de,1769617675020
13da2e20-7230-4e79-a95a-0457a878639a,1769617675061
3df5b575-47ac-4437-a60f-12d345f41bc3,1769617675102
a486eb38-7b0f-46b3-b3ad-39240f814280,1769617675144
412238de-1a6a-4d8c-b007-bf1cd002dcba,1769617675187
c29da2be-d050-46de-a0c9-9ba826019a79,1769617675233
cef3b88a-18c7-4f7b-9acb-8cc44c89d557,1769617675276
e7184a5f-bb17-46a9-aca7-7ecac31a73e0,1769617675317
a3f19c4d-2ba9-453b-9848-a9480988ea4c,1769617675360
c417940b-db57-456c-81dd-ae87bf945c9e,1769617675401
75f40003-577c-4ee7-8ea9-3661f16dd621,1769617675443
d74fd373-a4c5-4518-95da-ff8f54ef95d1,1769617675485
802c11bc-20fc-4066-b828-077b2482fed5,1769617675526
b47c8f75-8131-44f9-9ba7-b02fbae1dff2,1769617675568
b958fa29-ca89-4c83-b486-7e0675610270,1769617675611
546ca530-0f67-42c9-9e44-da00da31a9e6,1769617675679
15464e34-dc29-4adf-92dd-1c2906b1bc7b,1769617675724
a847ac4a-3e10-4f73-9199-8b0127d03da1,1769617675766
ac43ff0a-9ca9-4d37-ab45-cd54e2e60383,1769617675809
d62abe51-ccda-426b-95a6-4e885e4798eb,1769617675850
1819135a-9760-4481-89d8-22328765170a,1769617675902
226ec119-63dd-40bf-bfd4-f75b58797331,1769617675944
4b42d5ef-48e1-4dfa-b197-fbfba3b65b37,1769617675985
d43e6c7c-8958-43e0-b495-67884cb90872,1769617676026
22a2147b-3e0d-4b1c-b4a9-6733161fb22e,1769617676068
f36b638b-cc1b-4007-b723-a0ead792fa40,1769617676110
d643ba78-f495-472e-ac9a-41978d15da10,1769617676152
03532528-7b04-47e5-8379-5b1b1ced02b7,1769617676194
7d8888af-58cd-4731-9e11-aabec5a3fc9a,1769617676236
7f155af9-3917-4f4e-8f9d-b3214aa190fb,1769617676277
c5ef3b50-acc0-40ab-aa9a-2ba2e040447e,1769617676325
5fca4ee9-4a57-47e5-80b3-0f429f18de48,1769617676367
31330cb9-e1b1-4231-856b-43c797956c87,1769617676409
eb254926-11d1-4fde-923c-6d66d4fa00e6,1769617676451
077e1d48-e660-4d28-b02c-36e7a766d19c,1769617676492
83b023c2-e839-45f1-af79-ec7783f99377,1769617676700
4a4995a3-bc7a-4dcb-b424-ebbe78b2519a,1769617676741
b9347619-e8d2-4a2c-bb11-75cbd0ab42d5,1769617676783
195d0cef-8c77-4300-bd2a-b5a7062f8065,1769617676824
53c80fbf-b93c-47ad-b894-586eb723024b,1769617676865
f57427dc-436b-4ab4-980f-4442543aa615,1769617676961
711ad9a0-ede5-4a5e-9cb2-5228ae9214bb,1769617677002
97640afd-6422-4816-bc22-5647792af7ff,1769617677044
7521cfb4-f796-4548-8f35-63933d42a9ca,1769617677085
018e4ff2-f92b-491c-bdfe-5c45b6ce3b30,1769617677126
436ae88a-c824-4ea2-97f3-1a51d00a4001,1769617677172
6e39aeee-1569-4dd5-abea-47ab643f60b4,1769617677215
966021fc-4646-4fd1-adcf-af940cbf0e62,1769617677256
358e4576-f020-4b06-9417-1aa2fbc11dc0,1769617677299
cd1e2418-fd52-45e2-a821-b10d6fc6eeeb,1769617677340
fe7d9eff-783c-45e8-b6ba-f11b80df69b4,1769617677381
79a2661f-7623-417e-a6b3-a22714fe4068,1769617677422
b52080ec-9a37-4860-8e1b-301e36f354c2,1769617677464
bbbdcb35-aef1-4bbf-8a22-8130d60c9133,1769617677505
3fd2a9cd-cd74-4b74-881f-bb34385182f4,1769617677548
1a1f5667-b298-4127-8293-afeed5e92378,1769617677589
6831397a-497b-4ee9-88c1-bb9fc7f5dd8c,1769617677633
1dca8fed-af5b-4124-a3c2-a7ce799016af,1769617677674
5ce06e95-99d8-41f1-8343-7a135110d87e,1769617677715
2d3f048a-9067-4c1a-95dc-8e3830df501c,1769617677757
ccfbf77a-05d7-4467-bf3f-aafc44b2ed96,1769617677798
31cdd5da-5f7c-4cad-a7f2-96e9421c9ea6,1769617677839
366afa3a-3427-409c-a09f-d0cd3ca1079f,1769617677881
c53f102d-e888-4fe8-ade8-35c6217308fa,1769617677991
0dc7f3cb-19b9-48fd-a624-fb04fb8dae8c,1769617678086
c981fa6f-1015-4967-ad1a-2e4b33159c1a,1769617678127
d65e4329-ec46-4988-ae64-7260ca4bbed3,1769617678169
7afa10bb-dbff-43ed-a7aa-d8b39eaf476b,1769617678210
3ec479d9-d828-475d-97e1-feb957e33e97,1769617678252
97c02d63-e384-4d9a-8fb7-3c15ea9c3257,1769617678298
ba65235f-7986-4a3d-af4d-e3222b5198f0,1769617678340
7e27372e-e4aa-47b1-a44f-2fdab391c963,1769617678381
2dfc6421-50d6-49ca-a989-078424c6b613,1769617678423
b5a11df8-82b8-424f-96b6-a0f8a46b1bb9,1769617678464
8e192972-0515-44d5-ba8e-d542406ffe3b,1769617678505
caf013b0-212f-4fd8-8aed-b5947a15b0a7,1769617678547
77eafbeb-be0b-4f8e-9b3e-943d9d9dfe2a,1769617678589
e5a6305c-ba57-47a1-a83b-f15969dc2723,1769617678631
4f29ca6f-e9b4-4730-9eb2-3e5fb8470b6d,1769617678673
cf634904-0aca-4fe2-89b0-fda370ddd57b,1769617678715
295d729c-0abd-46ab-8132-a733889542ba,1769617678756
62c185f4-c397-45ba-a03f-aef6f8ba03bd,1769617678799
ef198d0d-dace-432f-b5de-602ce3053e46,1769617678842
c95e358e-3cc3-4356-9a92-531be4e4965e,1769617678883
4e047af6-126a-477f-8b73-6e4cb7247c73,1769617678925
2740c192-eea3-4739-a3e4-9a6a9b873c52,1769617678966
8c7c21c4-6985-4311-9146-3a9ffd2de26b,1769617679007
3291a36d-3101-4498-bf67-2238815761dc,1769617679100
23532969-6579-48c3-82a2-0051f1dbbc2b,1769617679141
886f3d93-1f2a-4755-b2c0-849fd21059db,1769617679183
01db4001-d3f6-40bc-8855-402689df4f48,1769617679224
1fae503c-00e1-44fa-9920-78908a9ef6c8,1769617679265
f012bf2a-8144-44e7-bd7f-0ad32b15664d,1769617679307
b5ccf31c-9877-4f3d-8f7e-39e0e69cd015,1769617679350
b83205d2-55fe-4b07-b922-7e39d7ae1fff,1769617679391
6b78d956-912d-4859-b2f0-52b9a20fa1cb,1769617679432
43d4a5da-4fe2-4de6-95d8-d71237b26277,1769617679474
c620da8f-ceb3-4145-89bb-2a6f48d2d973,1769617679515
5f45210f-ae9f-4dff-92f2-870c66fed832,1769617679556
b468981a-a9b9-4b0c-af44-1fd67d727fd6,1769617679598
79a543b0-6db1-4cc6-8631-bd5c00dbaad5,1769617679641
44c94904-82cd-4c59-b76f-7fcd5d8cf2da,1769617679682
a326fc8d-18a4-4329-aed1-28c5b5322752,1769617679723
89fbf494-905b-4f86-88c2-de8867b5ea34,1769617679765
eefc11f3-fa89-49ec-a2e0-ca4a9684a06f,1769617679806
52cd19fe-c7e8-4a5c-b324-94ab9333d886,1769617679848
5cf6a6ab-00f8-46d6-8bef-dc78700e817c,1769617679889
859aa870-163c-4fe1-8bd8-396a36c53ca0,1769617679930
93ac1f7d-5d7b-4a22-90d4-25a5e4487aed,1769617679974
b2315fa0-ac73-43a7-afd5-4acaf4b4f91e,1769617680015
d4f0966b-f83c-4a5e-9a97-5f2acff452a6,1769617680057
b323f14f-3f56-410b-8699-1166b394d88c,1769617680098
0507cc0b-97ae-487f-a62d-adcfbff0152a,1769617680140
130672f4-8c7f-431f-b514-423e0cfb4d5c,1769617680181
631824e4-0bab-4931-b485-5adac98e2688,1769617680222
b4f3c721-5e2b-4511-b94c-383240675d03,1769617680351
f5c8749b-3b81-41e2-ba70-e57d684f27db,1769617680392
cf3f6434-3f7e-4004-bd89-be404d8dd9c8,1769617680435
363efd24-4cca-41ed-a776-56b2cb566500,1769617680478
3a43727e-ff6c-4261-838c-7db05ca05d5a,1769617680519
74eca723-eacf-4229-b32b-b41ae2374c76,1769617680560
983bcdd6-380e-4bed-8eb5-8d1dbf5208a4,1769617680602
94334df1-4856-419d-a1d4-f3ed6aa93b95,1769617680643
5724572d-dfde-4c99-a2ad-79f5ba10c77f,1769617680684
8ddd88be-1bae-4791-b473-9cc91a982933,1769617680725
31e746c1-8624-41a4-a70c-225504e3bc46,1769617680767
e87dbdc9-93a6-4d72-9975-579d7ffe707d,1769617680808
a0866cc1-d0e9-469c-97e2-cfd1ead145b7,1769617680851
e0541c19-71cf-44c7-9cc8-157c791571e2,1769617680892
85f5d05f-d7b7-4af6-988f-1203a56efa30,1769617680933
7f8820ea-0f3d-40d8-bb99-a1db0559f54b,1769617680976
8fdb13eb-bd05-4f73-aa53-6b9498a56c8d,1769617681017
adf10656-d909-4f09-8f51-0abb0ccba077,1769617681058
87233891-7d8b-4a23-921b-c1a2ba8591d6,1769617681100
ec1af83a-37f2-45a1-b898-910de6daff24,1769617681141
c9ef6d7c-664b-4f74-9b73-639abd21cc4b,1769617681182
8660e552-d60a-495e-9a8d-68c46e8ec926,1769617681389
069c9c14-1a1a-4dcd-9b4a-16c1f2744115,1769617681431
40bc3fa0-fecd-4b01-a711-c67d73b411fe,1769617681472
953b111c-5cb3-4a3a-aa61-8a95a1ea6241,1769617681513
13d792b4-5af4-475e-b4d2-3159387f4b91,1769617681555
7ebbefa4-d4b6-4828-8876-ead8d941ee83,1769617681596
6e2fd928-41d1-4119-bac9-908275f54dd3,1769617681638
ff776c61-8c1e-4815-af1b-591bf17a696e,1769617681679
b7aca52f-cb5b-4479-b3e3-b01b78764e41,1769617681720
0d84e126-e3f3-4323-8d6f-fccc67319571,1769617681762
1e7f1e09-d6f6-45a3-bd8a-e8a95b9d2070,1769617681803
7d6382db-8207-4dc9-b114-668fe9458b37,1769617681845
5ccdc4dd-8e4e-487d-92ce-1363dccceee2,1769617681886
ca5a2c67-1da1-47b7-b846-261f56fac9c9,1769617681928
c632c7f4-1e6b-46f9-b83e-ce6a25f5655b,1769617681973
31f56640-6741-4bc4-908b-7202fbee7f38,1769617682014
936055e5-01b0-4d52-ba40-506f4503eb42,1769617682055
357ae34b-bd90-4bd4-80ee-b1c46ab8f934,1769617682097
0cc0cbcd-5065-404c-98eb-e664eaac0d8d,1769617682138
0911a6be-4507-475b-b406-a151bb92baab,1769617682179
cb91ca72-7ca8-4393-88c3-8ac56826f7ef,1769617682221
a3ed1ae2-4526-494d-bf16-c5bef4d40192,1769617682289
63ac17f3-f31f-4703-a884-4dcd5a0657c7,1769617682357
c1b4e6b0-617b-4795-a871-a9cd1af148ef,1769617682398
4ee59a83-35bf-4516-a514-c7fc8107a7e1,1769617682439
cd396227-3d70-4997-b7bf-b23a4305d3ee,1769617682480
b368e36c-a88f-4e7a-9e0f-b7d1eb70bd07,1769617682534
dbba430b-9e2e-4c30-84b8-5604b0fb7ede,1769617682576
8a44b9de-ad60-4a3e-aec8-9cff053c4e02,1769617682617
89e940c2-1b30-4817-ae1d-ce2e1c18c3ac,1769617682659
944a09d0-7fe1-4858-9ad7-840c4af396b8,1769617682700
f75b9f8d-0337-448e-8b4f-5244b8b3b117,1769617682742
0b25309e-a2fd-4b52-9993-217bf9b183fc,1769617682784
39e2c6db-fc7c-4231-baf1-ab1664d2b1d9,1769617682829
5a2f6a76-9d00-4c2d-8294-5bb3dc7df282,1769617682870
1c9c2fec-bcfe-4592-ae65-354b3f503b8d,1769617682912
0a4bc6e7-5a74-4de9-9c59-bdcff56393ed,1769617682954
cbee610f-690b-4cec-924f-6631e6bd3599,1769617682995
97f5b29b-73e8-48b6-a0aa-42a6ccfeafc9,1769617683037
5ff9e3df-c9f3-41cc-abe4-a20be55a74dc,1769617683078
2b7c926a-2a4c-4d59-8bca-efd241a0a252,1769617683120
0a996e83-ecdb-4f10-a1d9-7bd27fc0cf35,1769617683161
c2e1b241-fd04-48b6-835e-815616de5ec2,1769617683202
c5df4e6e-a44f-4cfa-b290-673e59fed0e0,1769617683246
6aaea53a-c66c-4530-9458-f76af6ded6f7,1769617683287
8cfcdbd5-7381-4558-a415-35fe86888025,1769617683335
2f692f86-879f-423a-a8cb-4c5685cfc9c1,1769617683400
7c244121-3071-4f41-ac00-f06b26a91786,1769617683442
245a1490-5f9a-4c5e-9150-06016d48ee25,1769617683484
02d43247-a56e-4897-a959-dfece456d83d,1769617683525
867d8689-f27e-49ff-af6a-ad8facb1c278,1769617683566
304cbe89-1c27-4263-a0ec-f1ec185655d3,1769617683608
55e316cf-a185-4d8a-bbf8-0469acad18d9,1769617683649
1abe24b0-9196-4e70-83d8-7fcbe760940f,1769617683691
16c3a19a-a599-4d8e-a976-f63ccb2025d2,1769617683732
dd8a03b1-54c8-406e-8d89-9e7b2256ec45,1769617683773
52b2d4e2-fa60-4db7-8226-48c2334b5f56,1769617683814
50f5785a-80f9-42ac-a255-230c3d1ef4ec,1769617683856
8f0835c7-3803-40ce-bbb9-819ee17d1433,1769617683897
be783733-62d2-4f60-a3c0-d47085ea366b,1769617683939
ad532584-e802-4e45-a8d1-ff109608e00c,1769617683980
2d6d1414-e5cc-4677-a962-8f7212414fe3,1769617684021
387dfd36-ecea-4f9e-a04e-9355a17b9401,1769617684062
44caa9b5-3eff-4ce4-87b4-6d8d53c003db,1769617684103
a6f3f21d-a40c-4343-890e-d7d535a8927a,1769617684144
0a62b048-0dd4-4e85-90f4-4fbeca574d58,1769617684186
8300339a-029c-4efa-8e45-6bf5e02b2b0f,1769617684228
8a5a7311-b0f8-4d6d-89fb-009b276af728,1769617684288
d6739f46-bf35-4223-99fe-4c722279f037,1769617684344
77bee11e-f07e-4c1d-af07-1e88bf1c9dee,1769617684386
549f9d66-5526-49b6-8095-c01e39211b83,1769617684427
2749bd48-e314-4022-bd98-57758d2613a1,1769617684469
396d1d45-98f9-4b03-9494-859935ccedda,1769617684511
4d723b01-d0b4-4451-b0ba-db5eb37f4eb7,1769617684553
bd5daa64-4ca7-430b-8061-0be008c2440f,1769617684594
03af6c02-230f-4b1b-be8b-baa8756127f9,1769617684635
fe15002b-dfe1-4487-808c-905f17a887ad,1769617684676
ef3ffce6-71ef-4550-b04a-c5c3300e963b,1769617684717
6d627106-3995-41aa-98d6-5233df95fd1a,1769617684759
b6adcaf3-b594-4770-ab09-e71dd2e50bd7,1769617684800
55735c2d-dc31-46a3-ab1e-8efd8cac525c,1769617684841
1e67a547-4dd1-49c0-bad3-acc82803c62e,1769617684883
a5b1b397-db7e-4bc5-ba36-ad891dc14edf,1769617684924
618278dc-55fd-4950-8a94-a5071281b8ff,1769617684966
de7a49ed-ce02-4885-9748-257f8968d034,1769617685007
b79ec818-bfe6-4bee-b3e9-548ccf2cadba,1769617685048
3f3b3cb9-c61a-49ec-ae44-ded17c792461,1769617685089
0d3b800d-4081-41cd-b1f4-4cdaf7a64f6d,1769617685131
test-uuid-001,1769617685172
731bb3da-619f-4cba-8aa2-90af075318e9,1769617685213
7970542a-f8ee-4e97-8613-ee7384cad549,1769617685255
23296d98-cf30-4e70-a4ae-8ecaf8f0a0ac,1769617685296
cf9fabc9-8e52-46a3-9934-134bfeaf7c58,1769617685338
7b6190ce-52af-4174-a377-fa0f45c4baeb,1769617685379
87e59902-cd1a-4682-8c58-85b9192982e9,1769617685439
90ab6cc1-369b-4b64-b171-6d691994e097,1769617685504
6f9e4183-b67b-4117-9c48-a5e55add0f9b,1769617685544
ed259948-ab1c-4bc2-a78f-dc4fcb26f35e,1769617685585
63e684ee-e8d3-432e-a47f-b0ddcd9af4db,1769617685627
0991a493-9ab2-4352-9844-64f6ad683784,1769617685669
b86116d4-636a-48b7-a159-b136ff02f21a,1769617685712
364194ab-2abc-4aa0-8962-940e3979e978,1769617685919
3be7e818-3bfe-497c-aae6-b786dbd5a87c,1769617685960
a225839e-5511-44e8-ae38-b6ad1f085b39,1769617686001
7e4d1600-7fa3-4fc7-9b9e-5099979f68d1,1769617686043
51b9bad6-10f0-4241-839f-856ba11e2ca2,1769617686085
ec486658-891d-43a6-811f-88fc1fa7a4b9,1769617686126
d49dfa37-f731-479e-a1d1-44c1949a5495,1769617686167
9923a216-1fab-4053-84a1-353bdd5efd6d,1769617686209
306bcd0d-0d40-4f34-b3fa-340e1b24c30f,1769617686250
bd36d333-a2e4-4c26-8d72-7034d5d120f4,1769617686291
88a1cde4-967c-4ab5-a0f9-2246db02a315,1769617686332
d2f14cf5-ac3d-457d-a8e7-09272b0d64d2,1769617686398
1e3259f0-05dd-4418-b093-a94da889eac9,1769617686466
9758bcf2-b3c1-4f1b-8fad-1ae622b6a75d,1769617686508
9f10a7db-43ac-4ddd-bdc1-1988add47a1a,1769617686549
12dc3157-7b0a-47ae-87de-cc27027dee5c,1769617686590
9f9cfd3a-946f-4393-b58e-1b8a6e2ef411,1769617686632
dbcbae9c-c957-4ef6-9a61-4810f861699f,1769617686679
20cfd628-5d29-4290-91d0-b970b4bf783e,1769617686722
b767e4a0-313b-44c8-9b02-efc61a8c4f12,1769617686763
a26baa74-5a31-41fa-ad09-dc44f0fbbf6f,1769617686805
42e34182-ebfd-419e-9412-217b06965601,1769617686846
cfab63f5-fca7-49b1-818a-7373a9ab2151,1769617686888
d78d12a2-699a-4fbe-845c-55c4efc48cb0,1769617686929
f564f981-8728-4b8f-b68f-e690e28e9514,1769617686970
d35b69ce-8b86-40f9-b36f-d732b4ae00f0,1769617687011
9d5b63db-8e24-4196-bee5-d000c964de23,1769617687052
5663a374-2fca-4e51-a15e-258d64e40ed3,1769617687093
3520f78d-2df4-4aa5-8485-0511f6dde102,1769617687134
963542bb-5467-4dba-8d04-f78392c75232,1769617687175
b20f9b97-f5d7-476d-9058-d42abd8d130d,1769617687216
5317996e-5747-451f-b159-1c670ee9e4c0,1769617687258
f0d59032-0efd-483e-a270-59cb84057114,1769617687299
889ab550-efdf-49b1-bb26-417b69d0f212,1769617687340
a2bf69d3-9746-439f-ac10-0b6f1c84e50c,1769617687397
3b7b0ece-2dfd-42f6-8ecd-b1271284f8d8,1769617687474
dbe8524d-c530-457b-8c1d-44c69d82f8b6,1769617687515
22a5c72f-946d-47af-bcba-31b0762b7d04,1769617687556
d8330976-1bc3-48d1-8c08-2e251217fb65,1769617687598
5150c811-610b-4739-ab8b-0cd036396b16,1769617687643
c7ad171d-6a2e-47be-a96f-32f3d4d616e9,1769617687685
d459bad4-3a82-4cf2-a986-b2780eba6673,1769617687727
e6bcf48c-d45c-42d3-b281-604e44b34ad9,1769617687769
c82c1889-407f-4d7e-9bb3-a136960fe779,1769617687810
173ee364-f9ce-4575-8695-0a8c82a5bb4b,1769617687851
f6645b05-2923-4a80-8fb8-0c6b2595beb3,1769617687893
b597eadd-793d-4ea4-8216-af16c9046968,1769617687934
6434841f-7c43-4699-b952-a4eb3eae9de9,1769617687975
c67126d0-1b6f-4b5f-9658-8465ae2bdd8e,1769617688016
b848f89f-d1d5-49b0-b55e-868101a98c31,1769617688057
d687f5ad-6c30-4b9a-ba37-dc7d176c16e2,1769617688099
6c0cf0c7-bced-407a-8ac9-3ef82d30d711,1769617688140
e85b1b04-e351-4ba8-b8b7-5b0138156524,1769617688182
8891bfe6-4ad9-4df0-bf54-cdccad3efba5,1769617688223
3dc3cab1-ce22-4f81-8b00-c1a7091b495b,1769617688264
64bc587f-905c-409e-9374-010d7286811a,1769617688306
a97ea51c-4cba-4e75-a175-8282b8c5de0d,1769617688377
9015d3f4-c89f-4a44-b97b-7611dfaad33d,1769617688422
f86cd276-479c-4d5e-a2df-323bd9918433,1769617688464
69f89746-d227-4ee4-93f1-3db547eb71e0,1769617688506
d9f2ca86-a30c-439d-b8dd-3359075d1500,1769617688547
6f422c05-35be-4f75-afeb-e4812977ae68,1769617688588
49baaa24-8109-4e9c-ba4e-452a7acd09fe,1769617688638
d18cd72f-a7a3-446a-9d9d-55ada2b62e40,1769617688680
45966986-aeb0-4756-8d01-7ed744331719,1769617688721
f0c4f9ee-a1fe-46c6-bc0a-cf65e8613569,1769617688763
2614851c-6330-4372-afca-cc0a8ece3768,1769617688804
7e797566-3b5b-4d76-a31c-1fa7cfb3b30f,1769617688845
0559a1ce-1c6b-4fbd-8811-f01bf922095b,1769617688887
c1afaf7a-77a4-4cc2-949c-bc7d5f2f12b3,1769617688928
54adcf70-160a-4f78-a0ac-ee865ef24023,1769617688969
aebad584-b2de-4496-acd6-ff00ef27471a,1769617689010
4434de7f-63ce-42eb-9dcb-21fa38da1eba,1769617689053
72af54f8-c5a6-4699-8bc9-d63cb2a03943,1769617689094
754e706d-d9fd-485b-8807-e335f7288160,1769617689135
cf429ab7-5de3-4f8f-8e08-9f035f6ca45b,1769617689176
fcdbec63-3d75-409e-aca1-8dc1a160cacc,1769617689218
9bdff63b-9d5a-482f-8002-97694abac1ae,1769617689259
efa9fd8b-a38e-4717-893e-bd93dcd56259,1769617689300
f0bad25f-ea0a-485e-8e04-e398d0a4c29b,1769617689369
ed6a7eea-74da-4530-acab-f48476bd1171,1769617689428
618833dd-b247-4bf0-ae18-60ba8b40a6fb,1769617689469
e0d38677-da81-45e6-965d-3043225538a5,1769617689510
07cb21ea-5bd2-4dc4-a0cb-8395302e1289,1769617689551
77135e41-1d85-4404-be06-b6f70a21f960,1769617689594
76bd6e06-40a7-4f1c-8943-888d9e69bd9d,1769617689646
ffe84fb3-1985-4d9e-a92f-c623062191c3,1769617689687
81ab3995-460b-4ba5-9871-d67d8baea50e,1769617689728
e11062c7-6176-498d-9594-0de4724b648f,1769617689770
04c51540-bc64-4fc6-89ea-ae5ed67f7856,1769617689811
b2f93893-3d1d-4388-a7ad-657d43dcbe8c,1769617689852
1bcb9705-7d89-4941-95a9-6814a0bd29fe,1769617689894
fc17305e-0356-4e6c-81cd-d50f1c1ad557,1769617689935
02000848-26c3-4be7-a961-d193aa8b871e,1769617689977
7f28e0a3-59c7-4248-82aa-934d95a77886,1769617690018
4d65e75e-6f42-4d27-9258-1fd378ecf4b4,1769617690059
86a61e56-d668-4efc-8e18-9da63ce1711d,1769617690100
c464ccc0-a55f-4f66-a3dc-bc048ce94df0,1769617690142
6a895308-dd50-41a9-b97b-c4a45fb4acd6,1769617690183
23b203ce-ce3f-4fc0-a5e3-168dc8bc9ec8,1769617690225
9b562b57-0f1b-4919-9af3-1028ca2bfc93,1769617690266
fc722f97-6655-4f1a-a0dc-79945fa61d89,1769617690470
0988ddfc-b6a7-47aa-b1aa-6d82bb083e00,1769617690511
652f369d-ac93-4c70-a404-e467d151eb94,1769617690553
5388bc9c-2299-4480-8771-4801d47a784e,1769617690595
cd82e3fc-79c0-44a0-93cb-cd49a7409e5d,1769617690637
084ad0ad-2187-45a6-8ad6-962842559974,1769617690679
80ec5b2c-26f2-4045-a374-c0f289d99899,1769617690720
e1953212-0669-44dd-93f0-35eea4a44262,1769617690762
619cb3d5-fdaf-4572-b0a5-3c8eaf2088ee,1769617690803
a63c2892-92af-404f-b04b-0a19f60f1b51,1769617690845
7eea932a-273d-4723-9cae-7dd76724e784,1769617690885
25517d79-3dfa-4fb3-bed3-ce228ae9c78a,1769617690927
26eade20-d92a-47cd-8801-aedcab341731,1769617690967
81f9dc87-d182-4b70-8a2c-deb98e69ebc3,1769617691009
530eead7-059c-4326-b86c-c5d629a31315,1769617691051
2a4df2ac-363b-4821-8b83-33dcbaf80926,1769617691091
1562c9e5-6772-4652-acbb-06dbad1fb0a4,1769617691133
d6e08937-2aa5-4d5b-9376-b4eaffce4a89,1769617691174
c3a4b52a-3b14-43ff-8f48-337e94d824c4,1769617691215
1ed6583d-4d29-43e6-bbab-f22730b0d223,1769617691256
6acfedcf-2c8d-4eae-896d-65180eda3401,1769617691329
44f69c90-c186-42b5-bda7-913c4fc8b8a9,1769617691381
3706ef8c-6e73-4a5a-982c-31b12f350759,1769617691422
e560baa0-3407-4b68-8626-2a75013dec71,1769617691463
d15da302-ef0f-495d-9537-30710b76ed4f,1769617691575
6c3c4f1a-06c8-4e1c-a80c-78681145291b,1769617691616
13f8b3d2-cf4c-47e4-8efc-9b7366daa55f,1769617691657
9fb5e31d-9749-4a9b-9285-fd8ae62537a6,1769617691698
1162aaf5-7ce7-452f-af2b-071781762acb,1769617691740
09bee150-cae7-476c-b028-24287314d3df,1769617691781
8b7cae0c-d1e4-4d59-acc3-fa03ee909b30,1769617691822
f1294583-99c7-4971-8dd2-bf530879a333,1769617691863
f1b8394d-3963-4150-872e-738407635877,1769617691905
11cd3f13-5575-4c0e-980b-fc461250e2a3,1769617691946
d4f828bc-1591-47d4-82b1-13adfe752fe2,1769617691987
e0d76c38-25af-444b-9c56-ec3fb75f50af,1769617692028
31aea4fd-6f20-456a-ba0e-860dc8767c79,1769617692070
cf226b78-441a-4583-a3b4-37e9d203f760,1769617692111
31aa372c-713d-4720-a2f1-fa4eff40fec5,1769617692153
d3d865a1-7e5e-4ff4-b70d-aea7332cfdee,1769617692194
66327f8f-8967-4c1d-91c0-d1493bfbd28f,1769617692235
3a66c222-b72c-47d4-9376-766c5f1b0ca4,1769617692276
cb8b724f-5981-4857-a438-f87e54563d73,1769617692318
7a700344-6968-43b4-a892-0f0381cf32a9,1769617692373
055cdd74-0c90-4940-a778-f3a1a2eb6073,1769617692436
49773e8b-4e5e-4a3d-b067-5fc498aa578d,1769617692477
6e8292f1-8f40-42a0-85fe-6ada147d3427,1769617692518
96b09b51-12e5-4a00-be0b-ec20ae1b705d,1769617692559
97348f1d-5152-4ebc-8521-7d9d6092b27c,1769617692601
16b54329-bfbf-4f86-8fb3-205d1928bce4,1769617692643
65ed4eaa-2210-4b9f-ac0f-2e8ff5e387d3,1769617692684
4fa7bd29-467e-4d79-9ad4-6a2940ec3212,1769617692725
7ae6f9de-cb5f-41a2-824e-8ff92d6b943c,1769617692767
405b9ec0-663f-4548-89d0-560851ee7581,1769617692808
3e7e30ed-f40a-4f9b-9b9a-fb8fa00e1836,1769617692849
bc28e97d-8dc7-45f3-882a-9884efff3baa,1769617692890
43930724-34bb-42da-8952-d708d44b7d93,1769617692932
672d083c-006f-42e2-84fe-e075d2e28cc2,1769617692973
6a66fa27-e195-495e-8899-5ab96dd2a838,1769617693014
0bf7da7d-0418-41de-9885-89ddabd4f436,1769617693090
8cef1d92-e3b3-49f0-b92e-b262bc65e658,1769617693148
837b859a-dc21-403d-b334-7831b9bb1e4b,1769617693189
0d457359-d41a-4ab3-8f82-91e6c8519f2f,1769617693230
ef5480de-431e-4855-a502-dc66194e5b36,1769617693272
73818f28-3af3-4df1-bc6c-d7e6f0b32bbf,1769617693318
a3bef4f9-cccf-4d23-81b3-5a8942415b31,1769617693360
a77f2100-b16b-438d-97cf-4c990fc0414f,1769617693402
0609822c-9e4d-4fb1-a358-04b0e1a701f5,1769617693443
eaccca79-ad05-474b-8e71-cc1cc5c140f6,1769617693485
f912a197-6542-4c7c-af4f-3b3633b59f36,1769617693528
9134a03c-908d-4288-97da-251b884be7ec,1769617693570
6c513490-2f9f-4512-8347-57a94f2f3d4d,1769617693611
a3460dc8-4f12-462b-a4f4-b84bf2f791e5,1769617693653
a2f4947c-e561-4745-819d-fc25c52776c2,1769617693693
d3658d39-9cd1-41f7-9979-bf27a9ca7dad,1769617693734
56e817e7-62e5-41ef-9c5a-64729e9be88b,1769617693776
81324c9f-e6c0-4318-9a8e-c68f204d006d,1769617693817
5c26db65-c144-4d87-bda4-93ae3275e375,1769617693858
7430039f-5fb2-4374-981d-bdda7b1d79b8,1769617693900
a7144f1f-b3ec-4dcc-9553-395b31fc25b8,1769617693941
1cec9527-6b1a-42c6-9de0-b767f156eeb4,1769617693982
e5d1a7eb-54b1-47c3-b515-b9cf609c9207,1769617694024
01517ea7-661a-40fb-92bd-4f57ad8c3027,1769617694065
941041d5-a403-42e6-903a-03f27498ad49,1769617694106
1b6b8a2c-5b1f-4b43-86a3-cfb74f750cee,1769617694187
092147e4-fc27-4b84-a44f-82fce6ffaac4,1769617694236
c6e0a2ce-fdfc-4da3-99cc-88693d393b1d,1769617694277
4ac0a403-c391-49bc-83f0-1c9f47b600f6,1769617694318
e334310b-2376-4c5f-afce-4c41cc54c62b,1769617694359
71301e57-c496-43b8-adf8-999a647b8057,1769617694401
e3a39f9d-45e2-4f7f-a69b-4c6545f753cf,1769617694442
f09f0dd3-4d96-411e-9995-1d8f74644547,1769617694483
d54b9492-8b25-4664-afde-53e874461f1d,1769617694525
d8d364e0-9dec-48dd-8c5b-695c5180b1dc,1769617694566
d445a73f-0821-4d34-818d-385872ec03bf,1769617694607
89a37df5-5a84-43b3-b225-e969ff2ad6e2,1769617694649
b6d1975b-fe67-4dff-a2c0-029083941e7d,1769617694690
f286e88b-550c-4627-ad51-ddbbf5542e82,1769617694731
2816621d-0409-461e-95ad-a5e34cc3d6d6,1769617694772
65db462b-75a5-4b17-bbe8-85f56760e45a,1769617694814
4ec38d7a-77e2-4652-a3f2-04f624024c0a,1769617694855
43d71644-7fa2-47da-9e86-1cebcbe94fa9,1769617695061
c3ffa8ab-5b34-4f50-a07b-aeceea04929c,1769617695102
341109d8-5c91-404d-8f38-c5a84a9a1c53,1769617695191
76ab95ae-977d-475c-86ac-9c03bc8d304e,1769617695232
97bd46b3-31bd-429e-b027-49e099267b89,1769617695274
df8ac02a-ec28-487d-86d6-b4e470c133b9,1769617695315
5111757c-45fe-42da-a74d-6339c930242e,1769617695357
7dd9da5b-943e-4a20-89a6-a243b16aad3e,1769617695398
2e4561ed-d103-454d-82ff-82908ec041cf,1769617695440
62e0d0a6-1789-44aa-9298-f108fb0aa901,1769617695481
8c65b3b5-fe5c-4ffe-ab3a-32ffb5d39edc,1769617695523
cba5b795-77f8-44c7-aef9-b0badc291190,1769617695564
8d2a9485-7011-458d-bbdf-bde7c0ad2024,1769617695605
a5dc9c2b-f38b-4f1e-a848-3b6e6a6dbe69,1769617695647
fba949d8-2502-4e56-a642-1ece77b5581e,1769617695688
8015fa0a-6db6-439d-a19d-b7625b6060c5,1769617695729
daeb0399-b40e-4f14-b55d-de274c625e92,1769617695770
9bfe320d-7384-4027-a824-a4b4daba81d1,1769617695811
be705ab4-c270-400e-a2de-bc86687a2f0f,1769617695853
6a4e2f9c-3895-427b-940c-c4ccf60bed6d,1769617695893
02dc4b0f-466e-44ac-9c2e-750a3c371a71,1769617695935
40f170aa-2227-4b2b-b34f-cbe41b946351,1769617695975
e5190a35-e655-44b8-b460-efd9f157486e,1769617696017
d83f7c3d-9c92-40a5-b5b7-ca90c8b71574,1769617696058
6ca6ea67-dce5-4881-a569-811559238ac5,1769617696099
57709754-93b8-41ff-a3d9-7f4165b0aeb3,1769617696162
fa72a56b-69e0-4774-b795-39417c0250de,1769617696203
1e920915-bb8f-4a11-99df-bfb1feea10a5,1769617696244
a8ab7f3e-dc26-4b48-882c-19fc3eaccd60,1769617696285
c99ae297-b734-4773-b240-b0f33d20a028,1769617696326
6a762514-7d9c-4e4d-abd8-55945957f34d,1769617696367
b81ad909-435e-4929-bb3e-22cc328fed7f,1769617696410
c3fcd5b9-1c20-4584-8903-ed268f4f3c3a,1769617696452
159eb88f-51ed-426b-9a0e-c2de824715fa,1769617696493
4a352101-f143-4220-9c86-6de0b5d768b9,1769617696535
6b585e45-5a3a-486d-bac8-e13ee4f99d9b,1769617696575
274e384c-8872-4063-b135-366859f47a92,1769617696617
43278700-18e5-4858-af3f-2abf6aa21631,1769617696659
20639463-4d69-4fc5-b9f6-4cc8588c0a31,1769617696700
c28be1f7-f031-424b-a4bf-f9d5d125363e,1769617696786
0375a31f-ff80-4759-a475-24d1010e51f0,1769617696827
b4d24835-06f7-47f6-8b50-7b012d63fa5d,1769617696868
f57f836a-5638-416e-b67b-d31a13c06525,1769617696910
94b3b551-e810-4a1f-9a28-c9781b340938,1769617696951
db4b8d0c-d97c-4a60-acbe-26b03a826b4b,1769617696992
8e011bec-22cd-4293-821e-25ffc41e18e8,1769617697033
e88a04f7-9741-48c7-85f3-4a5700605d63,1769617697074
5969c1e3-a291-45bb-87a1-4ee5394ecd2d,1769617697136
b7c51315-4345-402a-8575-1bfff93a1d35,1769617697199
568f6c5d-afde-4f39-84be-65c0943caca1,1769617697240
15753c2d-0ac9-492c-b06a-d86294110a8e,1769617697281
4744fb36-0b5f-4f66-9e40-bed740d8cc1b,1769617697323
a89fddab-c15d-4d02-b44f-16adb8a039ec,1769617697364
57a8ec05-629a-45db-9574-9b7033f15a13,1769617697407
c9390348-caac-4cc9-bdd5-89f274154c3e,1769617697448
f6e3935c-263e-4bdc-b4b6-c0f5be3dc7b7,1769617697489
fb8527d8-6d78-4847-bc7d-b7bc2575e974,1769617697530
3f784816-aafb-4021-9871-700899a316a0,1769617697571
32f9a3c0-e396-40ef-a105-fa61acc78c88,1769617697612
4296f33f-925b-4a2e-bfb6-2afb10d2a976,1769617697654
86595a33-34a1-4132-82e3-b957630be7cb,1769617697695
a9f6f052-9628-4273-af83-a4ceaf6d2993,1769617697737
709ea743-754b-4850-bf03-63b5370fb706,1769617697778
1ceee66d-321f-485a-8972-277f4e8afac7,1769617697820
16535d38-01bd-4f3a-bdaf-9a4650498324,1769617697915
38689625-d33c-448e-9bbf-345aec97292e,1769617697956
e0f15b18-9cb2-4c0b-9f01-04cd3d810872,1769617697997
bdb8aeb9-b69f-40a1-a8fa-38f29cc22c69,1769617698039
b3490279-f932-459d-9882-e659984862c8,1769617698080
c263d17f-7846-4c46-b0c6-8622477a5a66,1769617698136
2155785b-d505-4f13-9925-91f114d80e07,1769617698178
7ac4a2d6-9c58-431a-bf7f-27045d56c4ac,1769617698221
1a5ceb8a-3792-4a8a-aa9c-3da8868a2cc9,1769617698265
9d43d5dd-959a-4f9f-8042-cf3264c522ca,1769617698306
7ee351e2-4b01-47c8-876b-e43b6d34014b,1769617698347
1701b60b-6dca-4707-9e76-dc1672f6b952,1769617698388
b28d0fc5-7239-49d4-80f0-422e2fe1f95c,1769617698430
b73f5304-79a3-48b9-b82b-4df5a31fc3b5,1769617698471
1a92a3cf-8b69-4152-9de4-96a2cebc5686,1769617698513
9c56ca03-8075-4eb2-b44a-db7d77ae6ce6,1769617698554
5083e079-ecf8-4ab3-9f0c-2444712b9f45,1769617698595
62b70c4f-d3a9-4edb-837d-55135642aadd,1769617698636
6fd6d180-757a-46d2-b3ac-ad41941a518c,1769617698678
ca521341-3f96-4d11-851f-eeee99f69a74,1769617698719
6a1a6f5a-9142-49fa-9fd2-8e8e16618ef7,1769617698761
7289b522-995c-44d9-966e-9cc5400d0daa,1769617698803
b4d180f0-fa9d-480d-b3bc-396cc8a9573d,1769617698845
be00986d-9b95-454f-980b-6ce65b51e19e,1769617698932
7bba9703-7f0c-4316-b26c-b1467d74a1c8,1769617698975
0a96caa0-5a3e-45c2-9d84-af1f7f81df86,1769617699016
a3006693-28eb-42bb-810e-b8f709592ea8,1769617699057
40dbbdc1-6868-46ad-9d96-e385a54d72b8,1769617699098
f6cef2b5-ac56-4a9d-bf20-b2fc3fb3a984,1769617699139
0d1a25e7-016e-47c1-9bfb-a79d0d1057d0,1769617699181
d94507ac-9e35-4032-a1ca-ce8605ad1792,1769617699222
37c7117a-1b33-4db3-960b-5e1fd8db6219,1769617699267
9d8de0e8-027e-4617-baa8-eaca8dd5b4ec,1769617699308
7530270d-6ec9-40fa-9770-2b6800f1c109,1769617699350
c78b85f2-de16-4801-b566-2d170daed06b,1769617699391
2f06c812-9e04-4a21-b31e-767700ebf11d,1769617699432
6f8ac8a7-20c9-4649-896a-3e6a13c8a339,1769617699474
2fdefb49-c70e-4e4b-9b3f-a5233155955c,1769617699680
f9c89107-d3c6-4d92-9c09-ab83a8343298,1769617699721
1f0e9d79-408a-4344-80cb-1d5a71b24a88,1769617699762
02296cbe-97a7-4841-99c4-21d438a6358e,1769617699804
8715d362-07cc-4071-9231-c0267f8be990,1769617699845
a59619b8-9c18-4290-a1cb-a973bdc63ed1,1769617699919
98599e0c-d5ac-4490-a859-829e34dea46b,1769617699961
c519c4c9-80f8-436c-9270-0c4f15a24e00,1769617700002
a0ed9d07-282d-41f3-aa60-8dcd6a91cf83,1769617700044
0bcc918d-f644-41a4-b989-599bb5bed7e7,1769617700085
d18b4bcc-7eac-4072-beba-bf70c7832bfd,1769617700126
8a5d5865-4c1f-4524-9d05-1a536e503e65,1769617700167
8bb20ead-989d-41a6-8b0e-00c1b23b70a7,1769617700221
1c905597-632f-4682-a157-6f3306e251d1,1769617700263
ec50696a-1f50-48a2-854e-49f7f3599b67,1769617700304
6d38d6eb-5dc7-40a3-b2c3-a438f578d86c,1769617700346
d1abc32c-c399-4382-8c12-46e89e6226aa,1769617700388
9dc2f613-0c28-408f-8ff0-4cd942f0856c,1769617700429
4ad227a9-51f6-401f-85a8-4954bd223f60,1769617700470
405fc08d-efc4-47a5-ac98-97b79bfa570b,1769617700512
148ec299-f4ad-4318-994e-5bc6c17402b7,1769617700553
b275fc6f-bdd2-4ab2-ba19-ca984cfa18f0,1769617700595
73bba47f-f221-407f-bfc2-1639718e2b57,1769617700636
ac5be027-1e9f-4a89-acd1-16ef4c2dd094,1769617700677
f3ced9f3-4f33-4f3a-abbb-49ab7333faf4,1769617700718
85a9e968-f440-4b3e-bbd6-f7fa0b8981de,1769617700759
e1dfa9f6-11c6-4533-b98a-791ee5b56fcf,1769617700801
b3dc19fe-e3c7-489e-9a7a-af5245cc0ea1,1769617700842
77cd17e5-23bb-47ee-a3ba-a2a98e7a5602,1769617700883
9993342b-ab1b-41e4-aa60-0adddb9816bf,1769617700960
e3c93a75-b07f-4210-ba17-e19e49ea7b9b,1769617701015
394c19eb-8499-4f3b-bd1b-5cc2881bd0fd,1769617701056
3bee56e8-2e26-417b-9bbc-65bfbc6ad0c3,1769617701097
43f13032-4661-4e09-b6c1-13e32fcad262,1769617701139
759427a1-2c9e-43d6-bc73-2605e7808367,1769617701180
5801e18a-41a6-4ccc-af16-e224c0aad5ff,1769617701224
4038fe47-49c6-445f-95f4-21c92ad18598,1769617701265
56c9f584-c8ee-491b-83e2-dd57c7861937,1769617701307
ba310d19-4e83-413d-8202-d815181aac96,1769617701348
82cfff97-f32d-48d5-a1d2-cee388394ab0,1769617701390
a4126016-b61e-4c5b-a693-d4ba19637b21,1769617701431
ea6585be-8cc1-4bc4-aa76-d13c8f192bdb,1769617701472
d4b8cf55-5380-4b22-9ac9-ce37216c7608,1769617701513
47883719-6f35-4bf8-9cbb-57c140ca27f0,1769617701556
12f0dbef-f2f8-4091-bd09-a69075a5ff24,1769617701597
5a901ceb-7b2d-493f-92be-c9b36475dde1,1769617701665
1a0c83a2-4aba-41ee-99fa-201355bb108e,1769617701713
05c6fa71-74eb-4861-8aac-692a2a4a98a8,1769617701754
e8f1b529-bb3f-478c-a762-dfb0b12f3072,1769617701795
d67d903e-99bf-472c-ae24-fa7fe3148e9d,1769617701838
263de39c-77fe-408f-91f5-2dbc5079074a,1769617701880
8dd11c3c-54e2-4b4e-b8b4-1a36990ab70c,1769617701926
cf0e283d-3149-459f-9c46-809a895b80bf,1769617701968
5d1b4750-36bc-42d6-b458-6b867adbbed9,1769617702009
10e8f7ce-d13c-42d0-825a-dc179f449695,1769617702051
8dda9d04-e041-4c59-9b98-132c2a3528b5,1769617702092
40f56417-5ff7-4133-9ce8-20f9dda943e2,1769617702134
e5eb99c2-8729-4d51-8baa-bae06ef01d44,1769617702175
77def0c5-057b-4479-9c55-8ebbd24e94ef,1769617702217
6e0e1071-a1a9-41ca-8893-ce5fe24584b6,1769617702258
afca53a4-620f-4efe-aaca-e819fa47454b,1769617702299
52cf3d84-c10e-4f85-965a-895568fa1226,1769617702340
ec80c710-f6de-4e54-a6e1-21dbdbf357ac,1769617702398
8ebfd654-c758-44f2-918c-3a4f2e4cea42,1769617702458
2dac82db-b2fb-41e7-a1e3-74a0f390113f,1769617702499
8165b37b-55ca-426f-9dba-94f4eecfb865,1769617702540
c87ca581-4eb3-4813-a056-4f1d39df83c0,1769617702581
7197a055-a8d3-4d17-bcb7-b799c1cc577a,1769617702623
e0439e77-17cb-4edf-b05b-5fbf8f27721b,1769617702665
313915c9-eea8-4cce-abe1-ecda865baab9,1769617702706
502be103-52e8-4e33-8317-da4bebee063b,1769617702748
280f62e6-97da-43bd-9183-21ee4a2b53b2,1769617702789
d7d4f299-e7d9-4826-bbe8-60f8250b6fd5,1769617702831
8349d1c8-366a-409a-902e-050fe6ace34d,1769617702872
e3eaf1cf-8c1e-48e6-9860-f38139cfe8ca,1769617702913
9f78155f-d4a2-4b52-9cae-1aec7d12de9c,1769617702954
0f91c786-3d8a-4016-ac24-641e45ead510,1769617702996
f0276587-a760-4771-bebe-1a5c413d279d,1769617703039
d3ae585a-6eb9-4e0d-99ec-e7914f5576b3,1769617703081
d373d49c-032f-4daa-82a6-f81bcf825d8e,1769617703122
06159b3a-1b95-458d-8c38-dd234af2ca8d,1769617703162
ba574080-2499-4d2f-bf8a-5de3ef42ba9e,1769617703203
8be1d170-ed60-46dc-a788-be974468b652,1769617703245
ce29047e-4413-4a87-96ad-e20cd93cd904,1769617703286
4dc70d2e-be74-4a6f-960f-9258a7226479,1769617703327
839b06f5-6223-42f3-a346-dfd8c234c6b8,1769617703422
485978a3-a207-479c-93ff-4804db2c1dc2,1769617703464
9575b068-c2e6-4a7e-9440-1a00a53e079e,1769617703505
ed25e1dd-896d-4676-a793-d10df905a97c,1769617703546
0f942a52-f2ca-497e-a8dc-bb28776ce68e,1769617703587
af3ca815-6940-4100-b8ec-bb3fd61197f3,1769617703632
4e9530c5-54b7-49ef-93d4-c7b131febf5f,1769617703675
f4c00b0d-dc19-4f19-ae8f-8c1eb0c91658,1769617703717
1dbb89fa-992a-4f2a-a652-d14d124762b2,1769617703759
7b82a7bc-50c4-469e-943c-0db7dcc98412,1769617703800
195c29dc-0480-40fb-af00-f6cbe827a7c9,1769617703841
f6829c26-00a2-436e-921f-ea36cf365474,1769617703882
e79637e7-a48f-44df-9cc4-886d30243e4d,1769617703924
3472954d-f1dc-4ba8-b596-f72947a6c336,1769617703965
5531efbc-264d-4173-82ea-1ad03cd2fed3,1769617704006
398c7c10-3e9c-42f8-a3d8-66e1e03f0ac3,1769617704048
601683e6-c2c1-4016-9876-e4d63cef1d11,1769617704255
50a0149a-790a-4de9-a553-7653f0e6dbce,1769617704297
39c699c7-019a-46e2-8af7-2b923ec9491a,1769617704337
210b7f36-96d1-4afa-a927-f96ad52f8c94,1769617704396
bb77e2e1-4c51-4750-bf59-611f0f8f7937,1769617704470
1326102a-d3bd-4e85-a718-671646fe8d32,1769617704511
d3e8dd91-68e9-451c-8d60-c2348373f7f6,1769617704552
d75fbb61-c101-4d63-a324-911c83be505f,1769617704593
d6a7a731-3f72-47d0-8873-d435c1fe2f2d,1769617704634
b5f64818-387a-46c6-966a-1f3529e037f6,1769617704676
454d88cd-3ca6-4915-9255-5d9f0b8fc0f1,1769617704717
934f0e91-688f-465d-9154-9bdb22400911,1769617704758
41fd93f5-8ef5-4d79-a3de-e2f9713f014f,1769617704800
c8d8ee8c-0d43-4d76-9122-61d04201cf52,1769617704841
756bc49d-5083-40e6-8d65-f16bce8a2603,1769617704882
8fd7de1b-5f19-45ef-a0f4-217b664e0148,1769617704926
55231725-92af-45d2-9f26-33ceb4a452a9,1769617704967
f50bca5b-43ce-4608-bfcb-abf367c9837b,1769617705008
5ead1284-ca21-451c-8518-e69788ab95a3,1769617705049
ec911ba2-5558-419b-9051-680b5a0b482f,1769617705091
fef8a562-2a3a-4d0b-b290-4876d10f6458,1769617705132
4134fe60-4997-4ef6-b83d-9cf24c78ae79,1769617705173
f1407dc7-0c37-4bc8-bc44-0d857af4129f,1769617705214
4342efb8-4168-446c-ac6b-58908f5b983b,1769617705255
c9677d3c-9250-4970-97da-9750267ee486,1769617705297
1fd97065-3333-45df-b763-60032f7311a5,1769617705338
57bc7054-4d7b-4be5-9fea-e66bb8c0e3df,1769617705409
a5acc97c-21d3-4a7f-b356-88422a2ff835,1769617705464
782df1b7-ac14-4637-b609-7a6cbd0e27d4,1769617705506
683d51f6-49a6-4d8f-82ad-676781e63513,1769617705547
e773e926-1dc6-4149-9a4d-f20652f8954e,1769617705588
19d62dad-f5d1-41fc-89c7-5d9e7386c3a5,1769617705630
4da97ab3-5b69-43bf-84f1-0275b67a60c7,1769617705679
38841d52-2914-42ef-8321-1bd2f1a48a4c,1769617705721
1b143ae9-6e24-40af-8efe-dc5149211ff1,1769617705762
698ae61e-904e-4dda-9478-dbf89a488e90,1769617705804
5cfc4a6f-98a7-4172-a975-d3878620af2a,1769617705845
dd59be5e-ea21-4955-9204-b40c2e9e25d3,1769617705886
1acb8d38-5246-4caf-bc51-03c5f180f498,1769617705928
c33e8ac9-1aed-4405-8516-0fed1c11dc3d,1769617705970
10b4efab-ef6c-41f4-906c-92581e8b1f77,1769617706011
e7a35944-a622-42f3-8f57-74336f4ab8b8,1769617706052
3f534ac4-5696-4689-98cc-b239e4953ec7,1769617706093
422f6197-e6d1-428d-93f8-bc8ce73801cc,1769617706135
5bccc277-3292-4644-b636-fc57813423ab,1769617706176
47a6ada4-2854-43ef-9e76-28a3f03e3c4b,1769617706217
66ebf546-3d46-4141-bb0e-bf1de46396e8,1769617706259
c8f98d2c-c329-4dc7-8d6c-434e81608839,1769617706300
55a37297-c297-4062-a826-78adf8d07fc3,1769617706342
735e4800-3257-440e-93db-26c6718c4170,1769617706383
c5ca4853-74de-485a-bd4f-a43582f87f15,1769617706468
e3fcfc6a-e8d0-4724-897a-40e942b871e9,1769617706510
c4195acb-2707-45c5-99d9-a1af776fa116,1769617706551
9b8f0f3c-e913-4bf9-9889-67e51a8c6df0,1769617706593
bd4234ca-ea8e-4965-9463-b832a3ee73c5,1769617706634
b537e31c-61a7-450f-88d0-a39032287a39,1769617706680
b54f7b1b-d464-4f11-a47b-8f94ad730a3f,1769617706722
ca77f992-2fdb-415f-81fd-888ab3f9981b,1769617706763
87ef0d42-8fa5-4e54-94a5-24701efbdfda,1769617706804
36eeecb1-712c-48c2-b5fd-ecb8b843c03a,1769617706846
53c19a2d-6d51-4aee-b680-bd40b69e6155,1769617706887
ca763fbb-1a19-463e-8620-837a38dfab46,1769617706929
ff3065f7-3f8e-42b8-9fdc-11e7122fa7ee,1769617706970
26305b0b-6fcc-4ca6-bc58-c4d1df1c7785,1769617707011
2fb81969-587c-4a10-bfae-ecac4ff80529,1769617707052
40d40780-7c4b-40ad-b7d0-20c144dd659f,1769617707094
20e6bc90-28c1-4035-8476-f1af1777b82d,1769617707135
548aec6a-4400-4a56-bab4-d731e0caa219,1769617707176
19a977e3-9b0d-4372-b52b-cd159de852f9,1769617707218
d64fe836-ee6f-42fa-a763-ca17b7d03652,1769617707259
33e0f4c2-de51-437a-81d7-088ee1f23d83,1769617707300
a4757ae7-f4c1-40e3-b48d-fb7687c5a30b,1769617707342
1d68b8e0-9696-43e2-b2ac-00abb8cff6e6,1769617707383
d4561391-6e86-4c7a-8630-2a2aec08d4f2,1769617707425
d98eb2e1-6740-4b4d-abc7-031742f5b0a9,1769617707517
bcd4818c-6605-42e0-998a-e2e1d578219b,1769617707560
9692218b-27e4-4a87-870b-4d2b6022f45a,1769617707601
36ae4ffb-f69a-4f5a-a1be-af011a86a732,1769617707642
1df2a420-1804-4e70-bbd7-8b39e12b2a79,1769617707683
8c0ed46a-2520-4dc9-84ff-d1743ea5134b,1769617707724
5ed7ae28-855b-418e-8e5d-0caa914e2cd5,1769617707772
26493dd6-1dc1-425e-abea-f8f70bca555f,1769617707813
61b54769-b98f-4f88-888b-a063d48d5529,1769617707854
2af1d275-cb4f-42ff-b658-7788ad26a903,1769617707896
74051795-cd6a-47fb-8b16-08a7d4f67d44,1769617707937
3cab165e-ab40-4721-9711-eec927f9d265,1769617707978
cdd5425b-c8d7-4cbe-a9c7-2d768488aad9,1769617708019
f67b29f3-430f-4fb2-b271-ca26a95e5bc4,1769617708060
4fc4bb92-e8f5-428e-9e17-2e9be6ce60a5,1769617708101
67aaea21-42a6-440f-8bf0-938fd264726c,1769617708143
7b75fc06-4ff7-4f16-8b48-f80a535872af,1769617708184
234cf4a7-9d5a-4f60-8d48-926c93888feb,1769617708235
f2f31aa0-7c22-4ac5-b895-12708953054b,1769617708277
95ebbd2f-0245-4b51-8aea-a981d6c28e10,1769617708319
6cf8b662-3e4a-4b65-8a66-b3b010fc7d43,1769617708360
887e7ae6-fb57-4971-b8de-7d55c20cc388,1769617708401
da5569aa-985e-4646-a13a-4f1d4943544a,1769617708443
67eacfa2-73c8-4ff3-af57-64b86649534d,1769617708484
cbcaf115-3da7-4705-a968-da88c446a24d,1769617708526
19d18398-e7eb-410b-9ce2-d8b4ef4133b0,1769617708567
afffe0aa-55e3-48a2-ba07-d96f6dac65ce,1769617708608
5f6fe78f-d5cc-429f-b288-4314a8c2148b,1769617708816
8c899aec-56bb-41ae-a75d-2d2f315bec62,1769617708857
1cf245e4-35b1-412f-a585-c2fc3e19ea12,1769617708898
9a98b4c5-5160-43b6-bcd8-82b29b4bbf19,1769617708951
dd561a20-31a5-4b46-b09c-d450173a59ff,1769617709049
2c6ca004-a8ee-4a1b-a1f3-8500bf9c3f62,1769617709091
bc5aba2b-3bbd-4996-aa7a-18870041f338,1769617709132
3a5cc64e-d566-47ef-b904-79acc12a2396,1769617709173
3b8dd409-b233-4bc8-a537-c2bb2623c5da,1769617709215
3c6300fe-3940-46ef-baba-b8c4af60c627,1769617709256
770e4dcc-7db4-4c5a-8a1a-533ae35864e4,1769617709298
3d18a8fe-a11b-4b2b-9ada-35b2225ea76a,1769617709339
1682181e-4488-4787-96b1-ebab96810f1c,1769617709381
499e5d2a-76e4-4f0a-a5d4-44770e9410ae,1769617709422
059c6366-f0b4-4dd4-a9df-d4115647203e,1769617709463
3c09aa9d-1b0c-488a-9993-3ecfb010bcf5,1769617709504
553379f7-6451-4c14-925c-72ca60eb944f,1769617709546
859865f2-c6b5-4fb9-9f00-b7ff8e5e549c,1769617709588
3c92c04d-c6fa-461a-a8cc-8cf0e3dbbacd,1769617709629
c5f72a35-fc13-448f-87f4-747e17591233,1769617709670
69126f11-44ae-44bd-b011-67144313c84f,1769617709712
9352198e-a2ab-4645-81ee-9913350d7036,1769617709754
53bc2e17-5685-426d-afcb-23cb573c6db1,1769617709812
d4b00c55-cbb9-44dc-b466-1a2f394f0a15,1769617709853
be284f8c-4c43-4534-b838-e3e9c91f8b4c,1769617709895
298f8d56-ad3e-41b4-8fe2-7a0b9878e870,1769617709936
6eecc0ed-3571-481a-b5bc-0652f96a5e3c,1769617709977
c97e04a6-6db5-475a-8cfe-320b3ac5415f,1769617710018
15eefe6f-5bae-4678-bb50-40a0dad68426,1769617710059
57b87bb2-2278-454e-a83b-ba7be623bb0a,1769617710100
308f953c-3783-4ba7-9039-32b150a7c193,1769617710142
daa0e017-b817-48ff-8e6b-81c07821a78c,1769617710183
67e3dfc4-4058-411b-b19c-eded7cc714dd,1769617710224
d4dc901e-3a95-46f1-85b6-0f21b307a11c,1769617710265
1cab6acc-a366-400b-948b-76c6e088ede0,1769617710306
be7e5988-5ff2-4d3f-901b-9a033de12902,1769617710351
42cf8a0d-c9f8-46c0-9c18-7c19be4e4296,1769617710393
d6211309-8f35-4419-9b36-bc000d8d98af,1769617710435
ed476878-5538-49d3-bafe-e8c23aa6481f,1769617710477
d11bd2c1-3666-40d9-aaf9-31d2483fa0e1,1769617710524
6f7057d2-db81-4da9-affc-7b6fb97f7104,1769617710573
2acb11e7-7d84-48da-8b46-b3de0e05604e,1769617710616
d131067c-eda4-48c2-a5cd-b9f5661e4c38,1769617710821
5762f4cf-626f-4028-9be4-139ab0ef879d,1769617710876
035a45ff-6a82-4feb-ad78-c76919eba8cd,1769617710932
4d350f51-8e80-4b6f-9088-b683cb4a86dc,1769617710986
3b1593df-25e0-42d5-acd1-5c8724438992,1769617711028
bf5884f9-ba70-4992-8768-a4d90d99364e,1769617711071
fa776925-fc4a-4984-87ab-8e5625190293,1769617711113
6edd7ba7-6ecb-4ba5-a997-6ff9b7f34f8c,1769617711175
6aa48249-f4bb-4b7c-95a1-6d18cfe8e81c,1769617711220
4a9a3749-793d-4147-ade7-88e5581acc34,1769617711262
d56fad03-fafa-4fbe-9f9a-a16378872209,1769617711310
64dd8635-a709-4ea1-a93c-4664948feeb0,1769617711358
e77a3fc9-1d62-4d5f-bbeb-6f29688c5063,1769617711398
968bfe63-3362-4603-bf8f-df73aaf69a09,1769617711442
dc7e865b-d1a8-49c5-a0f8-06918c74eeb6,1769617711483
77747688-396e-4c31-a5dc-5ccd7158f47b,1769617711525
e5ce8cb9-1a24-4447-b633-60b93e04fba1,1769617711566
59988000-8fda-4b21-884f-6529ca6df0ea,1769617711608
a241296f-c3a3-42bc-94e0-89ff149f4625,1769617711649
6397a7b5-ea41-43c8-870d-8698495d5789,1769617711691
34082f9b-ecbc-4f2a-a0ff-507f7fb280c7,1769617711768
6bba24bf-f2e9-4cf4-bfcf-3653e9237f03,1769617711848
9e3eb45f-f0ae-41ee-80d8-37f1f93b8af7,1769617711890
4e97a140-07c0-4f04-9f88-53309966d3c1,1769617711931
20cbf00f-d42f-4741-8e65-17460a92e20d,1769617711973
bf9acd78-f5a9-4298-9c44-cc051ea21960,1769617712019
82b50fe2-0c57-45ed-a72a-f3f29265c562,1769617712061
3a199b04-48ec-4f4c-b8e9-569f4bf47eda,1769617712109
1df5164a-6b1a-4595-87cd-5957943b27b1,1769617712150
97414934-c301-4368-a1fe-660c92f169c4,1769617712192
23432c0f-676c-44b2-ab17-1a3e1cc512a7,1769617712234
530cb495-0aa1-4e11-b369-b8950115e43c,1769617712276
875be1ad-d59e-4b79-a130-e74f7996888f,1769617712317
345a946a-929f-44c6-99ad-958abb2d0ff4,1769617712358
14ba8560-6ca4-42d9-ab90-7535ef69ae72,1769617712400
671ce610-861a-4750-8ce4-7c7c5ac6632e,1769617712443
7f6a0ad6-a203-4c05-9201-8f305c0be4fc,1769617712485
3f15843a-200f-44c4-ac88-b4fd813f4672,1769617712527
554e74e8-c568-4ace-a3e1-06a33942617a,1769617712568
c18be7c3-1ac0-44e6-ba14-cff100ca3388,1769617712609
7510d286-283d-4e94-9a25-bd4dc89a009e,1769617712651
1dc83a78-a1da-40f6-92f6-9b5dcbf7dcd8,1769617712753
f6b10969-ad13-4028-9525-0192b5327a7a,1769617712819
452a3c19-c0c9-479d-a8bb-5d8d0acb6c39,1769617712861
b8fbdb05-7c7c-44aa-87bc-e9d0113caa43,1769617712903
29a97cfa-51d9-436b-8bfe-0a7c7defaf88,1769617712948
89f11f52-a2e6-4291-abc9-f6f22f95d8ba,1769617712990
e7ee3042-dd15-48a9-97a1-8cf57a24e1f3,1769617713032
bf3fa294-b983-4092-b428-3c0e9c4fde5a,1769617713131
3e0db560-d276-440c-a023-32aa91f2a577,1769617713173
62bf533c-5244-4a77-ab8f-768d94dbc8c9,1769617713214
da0af4f4-35d6-422d-9c1a-fa275883b0e1,1769617713257
f9ac531f-8430-49f3-b9d8-761cac7173a3,1769617713299
ec8e2428-14dc-43d8-be66-baa601b3cdb0,1769617713340
438625fe-1db3-454e-b0b4-aaf43952df9d,1769617713381
ad1d3498-771c-45cb-aad7-5b4fc4cb971f,1769617713424
baa7115b-91c5-44cd-b6ea-38efd1f66eb1,1769617713465
9ac67c98-6475-4f8d-aca8-cde8e3d14f85,1769617713507
9abef7fc-6fa6-426d-a7f2-4a4b1fdf6d1e,1769617713548
f35e6929-9c60-42c1-be2e-d0b22e963681,1769617713784
b888b372-59e8-4ef8-938f-fe45ad7a06b8,1769617713826
5d9659c2-7c01-4b75-9c01-4d78aac9feea,1769617713867
f390dd74-e59c-4d9c-85b4-2c075e894c11,1769617713908
f7c84903-38d5-4413-95cf-bfdcc033d71f,1769617713974
2165699d-c096-44eb-b1c3-63590400358b,1769617714044
d147a6d4-c706-4058-905e-422343f1407b,1769617714087
0cf99ac7-6d09-4c7d-85d3-c6455db31b6a,1769617714130
efd317d2-1b82-4d34-b0ec-b6ddd7fbed5b,1769617714172
3f7f5459-ad4e-407a-a5ff-40a07121a0c8,1769617714215
85c73ae9-9ab5-4556-b955-a04d568a3c83,1769617714257
505e7189-c9d1-450d-b835-b821c3f57de3,1769617714298
c944c424-4c58-464e-8523-692ec7b9ce2e,1769617714340
fa55d30e-761f-4a8c-a008-808bdd947650,1769617714382
b641203f-2b15-4ef1-ba84-74e365816ec3,1769617714423
e1ee5763-ec3a-41ab-a1ef-0c7853f414a3,1769617714464
8fdcb8f6-3d38-4b2c-b66f-2849c9ed8a8d,1769617714506
757e067c-05cd-45ed-9114-b23b37f36b5b,1769617714547
62ba093f-53ae-4153-a932-bc4e0e4bbf43,1769617714591
b7c599cf-31cb-4180-9ee6-193e64ab9e01,1769617714635
1004c640-2ae7-4ab3-b9ed-1ddbc6cdc51d,1769617714676
6db6defa-fb45-4315-a064-2996f8358c5e,1769617714717
963911b7-f76d-4e48-90c9-fade98f7f433,1769617714760
50ee5789-b960-4a3f-aea2-6c8fd9f79072,1769617714802
9b90a1c1-b29b-462f-816b-ee269a350033,1769617714845
32d6359e-6076-47d0-8afb-d5d8b01e4c41,1769617714887
37bca26a-f667-4403-8eaa-30d88d0670b9,1769617714929
adba8451-1e38-4b50-9dd5-770b30014b3e,1769617715052
be0e08be-537f-4787-b610-9b8fece897d3,1769617715097
ee2ba40f-0740-4716-88f5-4c974ee724f1,1769617715139
0001c8ce-87b7-4924-82a0-ffcc18e14171,1769617715181
7a9fadfb-17ce-4cd2-9c82-389dec6ed409,1769617715223
ae498a11-4a9a-407e-8f03-2f61652ac62b,1769617715264
85a1be43-b04e-4cb7-a0cf-98a7ae72d128,1769617715306
38bfc1c5-b384-4456-a01a-767216c5d5ab,1769617715348
773e332a-121d-4b8d-8a4c-1b11bf89b417,1769617715389
cdbce876-d9b6-4df8-8c97-8760ee92314b,1769617715431
75cab654-4314-4e76-a492-cda37a3e84be,1769617715473
d5fda277-ae20-4c5d-8a8e-5fe0484169ae,1769617715517
b527c007-7626-4b2d-bcc8-46445f84a600,1769617715558
3ab9f70e-e650-40b8-b28f-7b6be1db9690,1769617715600
23a5c3d4-90db-4907-ac77-7561e551ae82,1769617715641
d183e273-2c02-4c70-9e55-24c721831551,1769617715682
8a6e511c-1423-4bc1-b81c-23ad3c8f6966,1769617715724
5333f942-e366-40a1-83df-f1c4640907d5,1769617715765
8d1d5852-ca0f-4639-b37e-14d4d0982ba2,1769617715807
aefeac0e-b430-465e-ac43-9b614ab45922,1769617715849
2a99d48f-3c56-463f-adfa-0ccea20c1674,1769617715929
9d13d5f2-ed13-4370-af81-a28946ed4ec0,1769617716033
b8ab1cd5-de35-4f49-be7b-c0bb33c8f195,1769617716074
f135eaa5-df19-4bcc-b8e9-c66b10897d79,1769617716116
5cd309a0-9289-46bf-b639-f31d11e26569,1769617716157
1aca9a13-8fbc-401a-8858-c11adeb218eb,1769617716198
da906280-78c2-4a5a-a5a7-be6ee20dc15b,1769617716253
2b637bd2-c7f3-4dee-8101-a8793786b905,1769617716294
bd8d299c-1683-487f-8a51-269cbecec3b9,1769617716335
c5713305-d5c0-4a9f-9155-feafc727f122,1769617716379
2e425767-56ee-4469-ac28-c9734280bfa5,1769617716420
91677df2-dcfc-423c-b15d-55d463f4ff87,1769617716461
d09dd9f6-8a4b-4a55-aa31-9e62bce300fa,1769617716503
698d95c1-25e4-40bb-880e-940e7489c413,1769617716544
c3e32ac9-97fa-4a50-845d-407830d51e8f,1769617716586
51daccd7-0a6e-4172-9ac6-00a64f3b043d,1769617716627
04c95c52-eccf-4a6e-b3f7-4da9494ce6e1,1769617716669
b1ab6db4-765c-419e-b512-cf06412eeb75,1769617716710
504e8533-f687-440e-95c0-e374a0315336,1769617716751
1b3df786-cbcc-421f-9b26-9f2cdd4c28c0,1769617716805
0bfd6c72-3ca1-426e-acee-a1de892f3502,1769617716878
2d4b258f-5b68-485f-b948-f76ac8650ebd,1769617716920
14af9087-10ef-446d-a2e5-da61277f2376,1769617716962
792b8e87-3087-4fa1-8673-e0bd55fe853a,1769617717003
bbbdc2ab-da48-4604-b23d-8b44dc65f0b2,1769617717045
fb571153-0214-46f6-abe8-8d7270cf9968,1769617717086
06a6ace8-bd99-4c29-af12-f0967a37dd22,1769617717133
0ebb6af8-8d30-4a48-9b3f-60b624e518f9,1769617717175
b2b331f9-35a7-43ae-b50d-c833b8dbbcae,1769617717217
d32c6716-d32b-455d-9fd8-a1de02c4c9c5,1769617717258
ac16474d-264e-4c56-89b6-80fa14c827ab,1769617717300
79b4188d-cef1-4fa7-a41e-329f263f4944,1769617717342
1a36cd9a-a4fb-42b6-ac59-21c686059d38,1769617717384
1099faff-0c97-4f10-a0a4-f9d1600b889d,1769617717426
f1db4dc9-84ca-47c9-b7a5-f938c96b7a1e,1769617717469
3844453c-e12e-4f89-b9c7-0a177e2b1836,1769617717510
3415d173-9b4e-434c-95ad-8b1d214b8f44,1769617717551
16c4be7a-9e54-40c2-b135-c13725a010fd,1769617717592
0e921d2b-b51e-4fe2-a4fb-341d9d710195,1769617717680
b8187368-7b34-4629-8024-c69928db7ddb,1769617717725
bb0cfb91-4131-4de4-b958-9a94ad94902b,1769617717769
654c9a00-39fd-425e-bbd3-53d26fe570d4,1769617717811
cb77232b-dfbd-4f53-a6dd-d60c021ffa88,1769617717852
97d1ede7-e88b-43b7-ab33-eff395313090,1769617717893
6af55139-979a-4c8e-94a4-47d8db8d7aad,1769617717934
580ebdd0-7fc0-4b25-a072-ea62cb663935,1769617717975
6f3060b8-8ba5-4ecc-ab46-7b18582515ef,1769617718016
fcf4be07-0c9a-43b1-9dc5-48e8b6c281c0,1769617718058
24318cfc-cec7-4a69-86f8-eb2304c9d1ae,1769617718100
c7dac5ae-2bca-4747-9b18-f7b66afe003e,1769617718142
d068a90d-f7ea-4a98-84ce-451a21f45a5d,1769617718183
6e3548ff-17e2-4183-a4c8-e7686c551da7,1769617718224
36fa59c2-7f42-4936-8b75-57aa571cfa6e,1769617718266
a07be14e-48ac-4ca4-a097-4d7468d2f498,1769617718307
c791a779-534d-4fa3-a654-fec9a393b2a5,1769617718575
1ae371d7-4b23-453f-9afb-d63e3fc60797,1769617718617
bc1f387e-2cbf-4dc5-87d9-b40ea46327c4,1769617718658
d5231a65-d54a-41bc-bce3-2e001d48f9a8,1769617718700
a2d73b8e-f24c-4fd5-adca-4a24da68fde1,1769617718741
ffc9e0d2-6900-48a4-a043-fa73bc748d15,1769617718783
3729db04-7a50-4433-b1dd-3f8bdc03aaab,1769617718834
b9b26197-ba2c-4bcb-bcfb-703676297ee1,1769617718876
beaa38af-7941-4fd3-860d-321005d12b5b,1769617718917
f792c788-8278-4c10-809b-af1df98f962f,1769617718959
7d3c95db-f1eb-4a47-876f-e150651dc441,1769617719000
c8f36d10-4bbe-4ad5-8141-63486499ab23,1769617719042
57fd514c-aa10-4895-b1e0-71bdeb841732,1769617719083
d31bd2d4-7b4d-48f7-bb22-523ed550b645,1769617719125
ba2b08f9-67fd-42e4-b106-a08fc3245b41,1769617719167
52bd5616-07cd-4d0d-86c3-f99b5330c05e,1769617719209
e3702da2-5081-4f1e-8891-9b9b149c2a2b,1769617719250
eece5cf7-e9fd-4f47-8182-671af231b905,1769617719292
38ff89ec-532d-405c-b1f0-554d7ff41c11,1769617719333
6d355ae3-c3f3-4cf3-b66c-6d9991a9629c,1769617719407
2153b21b-ae3b-40ea-bb40-928c417e30cf,1769617719459
f36fef9c-421b-4023-8836-4685f20d2987,1769617719502
bed44301-3288-461b-9007-ccac4fddf9f4,1769617719543
cf28200e-c8fe-4d7c-95e3-a62e354fa849,1769617719585
3e6712dd-9a5c-49ad-8bac-37455b13981d,1769617719626
013673dd-6f80-4ff0-b945-8aaf7bfb2344,1769617719667
c43272f6-01ef-4988-9624-4be31b46c68b,1769617719708
e97f7f36-e46a-4e9f-9377-743586157b9a,1769617719763
c27e6a7a-47d2-480f-81b4-f767b493364b,1769617719804
2a0fc58f-348f-4f03-af98-bad2b5828298,1769617719846
1e9278aa-0f56-447a-be68-f420d54c76e0,1769617719888
3ffc9caa-54ea-4964-af0c-4c0719d3948c,1769617719930
67e98d90-2dc9-4825-85dd-20d9295385e0,1769617719972
59cc8649-4a36-484f-94de-2c896687969c,1769617720013
35f86207-8b03-45b5-ae50-c4ecd97b56a0,1769617720054
9e82be0e-154b-4f98-8bf4-a2c1a48ac6cb,1769617720095
d7f98797-4086-43a9-af15-75ef2a1f0092,1769617720137
d308c0b9-9157-4736-a7b5-da892aaae4d6,1769617720178
0a360cba-a477-4873-a656-4f30af984362,1769617720219
fbe887df-efa8-4aa1-803b-ef6a0c071eaa,1769617720261
d22fa2be-2861-4ff6-8484-9514c8f99a45,1769617720316
faaaf11d-6d70-40d4-b40f-5095ae9f23f6,1769617720381
8500f8f3-f8a5-4f69-a1ec-109d1ca7a04a,1769617720423
3e934c10-33a7-496f-8d5d-fe1bc901ef36,1769617720464
c8353586-ad14-4448-9d9d-24dadec13b4e,1769617720506
f1cc81ee-e8a4-40a1-a175-3a35c9ef00ed,1769617720547
7cf31cfa-48ca-439d-8f6e-968ab1636be8,1769617720588
9ab9b5ee-d7a1-4d66-9075-28dc7bf2ab7c,1769617720641
07efa1ea-0007-4dbc-9f90-c7808517c1b1,1769617720682
48fc2974-909f-482e-82d6-188d2fbbaa74,1769617720723
d9e56a89-5eee-4497-93ea-2c85db779bb4,1769617720765
c7d2ef5e-25af-434b-a6d4-b272ed5815b3,1769617720807
5a199fa4-c31a-48fb-acf7-88e238d0bd88,1769617720848
9c9e598b-fa72-4bbb-9e07-86caa0bff864,1769617720890
b837cd5c-f9ef-4b92-808d-cc3503bc1b9e,1769617720937
b7d854e4-054e-4669-8f51-8401fd5da71d,1769617720983
e57dce06-bb75-4ae9-858a-dbedba3ab37d,1769617721050
c5487dee-07a0-4f6f-8dca-9a4e118e2b6c,1769617721091
ec497bc8-9dd2-4ed5-bcbc-38a3e24f384f,1769617721133
92a78b52-914f-46bf-99f8-2d956e3d3439,1769617721174
70045735-ccc5-41f9-9f9d-8ebe325cd02d,1769617721220
e9974376-3445-4595-8753-4f5ec0d9b75a,1769617721308
a805736e-2298-48fb-bb93-c06661145348,1769617721349
6c1289f3-53c8-4eff-8f1f-87b7c20c32ea,1769617721391
f4e14206-51c6-4783-9abb-dfc319fd97fb,1769617721432
0b7f9e64-cd2a-44b7-a5c2-d7dce521aba0,1769617721474
6076be8a-8242-4cfa-9596-fbe7bfc1ea58,1769617721516
7f62930c-4904-43cd-91f2-4d2687f47e88,1769617721557
1145706f-b447-40e2-bf55-7c0f7f45cd12,1769617721603
7260481b-1ea4-4e22-9766-5247189f745e,1769617721644
ce53fafd-dae0-4fda-b226-77eff66f0a65,1769617721686
59858419-2272-4c58-82c3-7b86da7f9c39,1769617721732
81d2fc6e-31fc-4f15-9984-168bd62cbacb,1769617721775
84f7913c-f9dc-4765-aa9c-7eec3256772e,1769617721817
af506068-e469-430a-a091-20cf0abd6281,1769617721858
a7e31d32-5358-4343-b917-8fb6a89846d9,1769617721900
54735b1a-5d8a-4c02-85dc-d5637d181e9c,1769617721941
b4664e2a-8e95-4723-a2db-73672a95e7de,1769617721982
af0fce31-98bb-4081-a3a1-56b9b4a59b91,1769617722023
db50de0b-2a1e-4e39-8ef6-c5a3b7e889b5,1769617722067
e3ebaaf4-81e6-4c41-a098-47888090e059,1769617722108
641b9577-f32d-453e-86e2-8a21e4c0a556,1769617722211
70e775c0-58a1-4036-b2ef-85089de7e8dc,1769617722255
34f71364-819c-44a4-9eb5-bc2c4e6a4c33,1769617722297
0383c307-f11b-4a43-84d7-486e7aab2be4,1769617722338
8141ab67-3e75-44c9-aa1c-729357028588,1769617722380
64b1d290-3b35-493a-89f5-0e929a876013,1769617722421
683f2372-1a7e-4dbc-bb6d-ec62995d0e39,1769617722463
2b7f2a3e-f181-4db0-acce-abbe6ab56d30,1769617722504
47e199d7-ac5a-43bd-a5f5-01ef1338cb5e,1769617722547
96099b52-3997-4d04-b418-c1ee5d1a86b1,1769617722589
cbf317c9-7a67-4649-aebc-1433afa94986,1769617722631
e82c2089-1e69-4763-902d-80c31ea556d8,1769617722673
f7d35a96-f681-40fb-b856-df4029cd88ce,1769617722714
edfdfcf5-136b-40de-a6e8-6c46f1c15ea8,1769617722756
fc23ba4c-13ac-4608-a3d8-ee00fc848392,1769617722797
30eb4f5d-baf4-4925-b62e-591d3b278702,1769617722838
c4f5d175-7b5f-4ad0-a9c6-53433cf1e376,1769617722879
158c8700-a86f-4221-9b35-c6e9d08e0d4d,1769617722921
7139e399-1905-4596-934d-b14056d73031,1769617722964
b6e0be23-f2d1-4209-9db2-67dfb2aa8e92,1769617723010
b06675ce-8ba5-46b8-a5f4-f6be08397fad,1769617723215
078b9c83-a3b1-44c0-9c81-623d554b67c9,1769617723256
262140f8-1c19-4fae-ab3f-1612d727f0ca,1769617723297
6fc9bd03-0276-401c-962f-c9eea854df97,1769617723339
b8ef923d-7def-4996-9a31-0e4a34232a0b,1769617723381
9887be29-be7e-4378-bbb6-00596fc5c09f,1769617723430
41ff8900-c8ae-4e3a-80eb-5ea6e4c0b087,1769617723471
f78dcfa6-e894-4d5f-a425-6689c42d3776,1769617723513
15bb5af5-db4f-481c-8e8a-538fe3e1d17f,1769617723554
5bd53d3c-6401-44ce-9015-3b148ea055fb,1769617723596
4948430a-8dfc-4a66-ad66-cc9f985be9e7,1769617723638
94389c0b-2d93-4b17-bd04-f6bd62b580e4,1769617723680
ac67659c-7fb7-4e82-b3dd-c416ac638bb7,1769617723721
fc7cbef2-3aab-4a86-838a-a14e346bd9fa,1769617723763
9d8d63c7-3e6b-4e16-b9c1-995521a0055e,1769617723805
5799a9bd-d355-4df5-988e-39c140aab7df,1769617723846
d25c2840-2da4-4228-846d-4ddadd95c7a6,1769617723887
3faf717c-da44-4e7c-850f-7b5d45574baf,1769617723928
718c16dd-4627-412e-b712-e467a6c40163,1769617724039
2c39e311-0d89-4ae8-abc8-258c8b1cdc8d,1769617724081
8627a599-1c1b-420d-a53a-339acbc465af,1769617724121
ab726fd1-5402-48ef-b806-4bb098955f34,1769617724163
eb923efb-5265-41f7-95e5-aef513e2a035,1769617724204
d3710414-689f-433e-be84-08dcd9ee033d,1769617724245
02c52e2b-c078-4a39-ab06-ca72f3649025,1769617724292
376b509d-96f3-4d71-8712-183523e9ebb9,1769617724334
8a9842d9-112a-4128-943a-d472483390e5,1769617724376
10f0abff-a668-4819-8fa2-b36a5f538d01,1769617724417
9415dbef-fa6c-48dc-9267-b6fcfa820140,1769617724458
51eb86b7-fba4-4610-b978-33dd05c3f578,1769617724499
41d064a6-cd45-47e9-91a2-b163ad9ff9dc,1769617724541
940d5e49-7d02-4a04-bb9b-5629ca93abc6,1769617724582
1f074434-4105-45ae-b8f8-77cf38212ac5,1769617724624
6c44bc56-e4bf-405a-975d-fc974c02ed39,1769617724665
4fd91ebe-0ff7-411b-a813-0468646653e7,1769617724707
3ac08636-72f5-4343-8d28-3e2334327843,1769617724749
34e33582-c5f6-4bdd-a483-7e29073c6255,1769617724790
ba7838f6-61c6-4572-8a2d-f1b83c9a4049,1769617724832
ac7d27f8-b6a9-4bbd-8cd6-c1697e180d5a,1769617724941
24c029cc-37fc-4ca4-89b4-03e1b14be91d,1769617724982
855b4878-933e-4386-b350-22b3cb9c3629,1769617725024
1e7353c5-1781-4cf6-8f58-9f356a2fae2f,1769617725065
532e7be5-c153-4fe4-ab53-8394c2855d16,1769617725165
d9212b02-d67b-4062-af46-67ca1d1f336d,1769617725206
62bace63-2c3c-4088-91ce-c85c06cb3b60,1769617725248
456dfc04-5d50-40e2-8032-d903b68f0ce8,1769617725289
b5fcfc05-3321-4265-bccd-27142efb7f9d,1769617725333
e9995815-1c02-4229-b1d8-142dcb92190e,1769617725375
55c9e66e-a395-4de2-aa15-d56381cc9d43,1769617725417
9304dcec-0a86-4a7c-9fbe-29889491a27b,1769617725458
c3c8146a-3fdd-416f-97cb-506eb9d14d94,1769617725499
908cffcb-5f81-460e-84fb-643a6544613a,1769617725541
607dfc02-8f8b-466d-a1b1-1d4793e0a511,1769617725583
3574e57e-5b02-4281-9179-e4dd4b92cf06,1769617725624
1f6fbffb-d3e6-40f8-b51e-755566e42ee5,1769617725665
21111023-4f01-46de-aead-eda8bf5b3e1f,1769617725707
67ce95f2-d01e-41a4-a33b-edb24a0fb02f,1769617725758
74712449-ecc7-4acf-8d37-ce2f22c7c055,1769617725853
81dfd212-71b1-4ec0-a2b7-ff1e7b654514,1769617725896
5083b679-9427-4376-a5f5-039a6678dead,1769617725939
02efc232-8310-4897-8492-e5e43d35b2da,1769617725981
ade92050-73f0-410d-8ec0-1e617f8b6957,1769617726023
079103c9-c587-4409-b1f3-f5839e39d32a,1769617726064
be078577-c01b-4ef6-8694-1f4bf01f4714,1769617726109
efa8f990-4f4c-4306-b84f-72fdf66f4c70,1769617726150
f601d3ad-6193-453b-ad82-9b396b04a7d9,1769617726192
dee79074-86ac-4c58-ae62-3d48ff50a00d,1769617726233
4981040d-d8fa-44fd-ad0b-4219e5f1b1d5,1769617726275
bbd53e1b-8b50-446c-8492-d2c8d9cd1bec,1769617726316
fed89737-e673-48a5-bd0a-1db6c571243f,1769617726358
f9698bb1-8db8-4f8f-92d0-51835ccc007e,1769617726399
bbd779f6-bffb-4995-bfb6-5376e4870de0,1769617726440
6f8b3673-2f2e-431f-934d-c17e40ef0df7,1769617726483
bec4a622-aaed-4808-8bb5-73264b8ffb40,1769617726524
34f3ee59-c602-4753-a675-bb34191d1008,1769617726566
2de4104c-c045-413d-94aa-8abbd13433b6,1769617726607
fd1c06ca-521d-495f-822a-4bf8e54ef1fe,1769617726648
5eab278f-1722-45b5-b122-041b125593a4,1769617726745
d9e06ee8-54c7-42d6-bd00-4c4dc748d962,1769617726790
ec10401a-5a78-4139-ba53-1a00cefbca0c,1769617726831
6fb69b8d-f3e4-48bb-9b2c-d87169b6afff,1769617726872
629cb826-8dbe-434b-9767-2a01552518f1,1769617726913
be2baedd-d152-42a3-adae-09fbd1f8b026,1769617726955
e054b19b-15f1-4883-b5bb-8d967f8efd13,1769617726996
43922718-8c39-43c2-9404-466e6a73fcf9,1769617727038
5d351501-83ed-4860-b9e7-886ff6636253,1769617727079
00a4fec7-daa0-41be-a1b4-485f57fcf9a4,1769617727120
5d9f22f6-ef18-4172-944a-0f48515ac383,1769617727163
9c3c6067-c3e4-4ad6-a103-b475a508e46e,1769617727204
fb02cb55-f6e9-4557-8f8b-282022d77833,1769617727246
8179b3c1-fb24-459b-ab5d-ba8f8a4603fa,1769617727287
3f7a1373-2d6a-4423-81a5-6928dd50fede,1769617727328
e771d3b1-8016-4708-8a3c-416a04fabb92,1769617727369
ce4ee94f-4593-41ee-9062-c5faae83b53f,1769617727412
42bcb162-1cbc-43bf-9085-55f0df942c3d,1769617727453
f5ef59e6-7aed-453a-a854-002654cd0534,1769617727495
9dd58464-36a0-49e5-8afb-7d7b283f1e98,1769617727536
52b746d7-f195-4e0b-b8a3-a7d6c4b50cea,1769617727612
22d38014-e240-4896-9693-8f37b9adc6eb,1769617727665
b16ff8aa-6f19-42b8-8e43-3331617024c6,1769617727705
ce15680b-9b4a-4555-963b-ee3d479b9559,1769617727800
0100c0f7-ef6e-4f2e-901d-959407ba368f,1769617727955
c7434b22-98d5-404f-a449-1db6119fd563,1769617727997
046cf1d3-5310-48ba-86df-cdbe8bdef41b,1769617728041
e411e342-3e68-49c4-98e6-0fd1172a418c,1769617728083
654eca6b-23cd-457c-b9d3-a65d9907398e,1769617728124
e9556851-1a40-47a7-96d9-29a53b8ab811,1769617728165
a2d14945-92fe-42c9-9370-333758a41afd,1769617728207
9b0ca0bb-b41a-48b2-b553-7ee0fc2e2600,1769617728248
77f77392-6706-46fb-90ed-71c0e001ef44,1769617728290
eafb79b1-644c-4e18-a9e0-baacb94e119d,1769617728331
589e0912-9c99-48eb-b812-cc24cec36d28,1769617728373
2d36f527-ad99-476d-ae98-26e835a199de,1769617728415
2577c287-0f5a-40f3-b1ec-b7bc120d191b,1769617728456
8c511848-7137-49e9-b9b0-a3f436ff6c1a,1769617728497
519fc59a-3438-4a42-b37f-0726440642c2,1769617728539
bff618e2-a855-41cf-ba09-f60acc0e6830,1769617728582
431ba002-7e7e-4e3c-aa95-a077ed2efdbe,1769617728624
b4a16454-21b5-477f-a63d-6c2c068711d7,1769617728665
92de1216-451e-4d48-87f8-2727333b24a3,1769617728706
85300371-84c8-4fc7-af5d-42f6f02ded74,1769617728747
8bd04b97-057b-40d7-9d57-80256035b957,1769617728810
89dfe968-32c4-4395-a7b6-07be7d92fc0c,1769617728855
62727441-c8b5-4f04-bba3-93214d804e39,1769617728897
9e4e50d0-fc23-45d3-8328-5a24ef80fb97,1769617728938
f4f23b8e-2c5a-4980-942f-f067584415c7,1769617728980
1361446c-a6b6-4344-947d-9f5dcf9429c9,1769617729021
f293d070-b072-4829-8546-e96b36a5f897,1769617729063
37c02a1b-6547-4f6c-a61a-829ee6c263d0,1769617729104
4bd86e0b-1803-4e3d-bfe0-c5be2941eeff,1769617729151
96b8e99b-2922-48a5-8eab-e744596cc017,1769617729195
b0d43bb7-3087-4369-8f5c-936d726d313a,1769617729237
3fd2a8d1-17cb-497c-94d9-e6b8d495af96,1769617729278
bfc3937a-f5aa-47d9-ae3d-274fc7025659,1769617729320
7e0b7782-d577-4a6b-a45d-6cd47b0eb010,1769617729361
47638396-2e32-4e9e-a9bf-791d34d43e78,1769617729402
baf8cdb3-39de-4b6e-8b17-3b9c81ce2f36,1769617729443
e150d01a-4bc0-4d0a-951b-c2268e04c1c5,1769617729485
2a3b6787-3cdd-41b3-ae42-ff601524d480,1769617729526
5a094207-9c83-482d-b092-cd6736b2a4cd,1769617729567
8b8f7394-f42b-4dad-b6b7-7f919e760de3,1769617729609
31c8afd9-8c25-433b-898f-8740ed1efbb8,1769617729650
92cd44af-39da-4acb-80ef-3c93463f0498,1769617729692
8d32e912-d2d0-486a-b776-b07747b62911,1769617729807
f7df8774-1177-44fd-b807-7aa68b7668f2,1769617729851
b1b2b8da-e940-4077-9229-205255233793,1769617729893
fb6b4b57-3088-467a-9947-a41642408703,1769617729934
6f929bc4-ce36-425c-90c8-b428a890cb34,1769617729976
19ac4155-f0ad-4ef9-b264-841156088fbe,1769617730018
4eb84bef-ea96-4475-a8e5-7698da14568c,1769617730059
fbe433f7-cb63-47c7-b097-47afe094f068,1769617730100
74ef45c9-b9c0-4636-b368-8a5793a51a14,1769617730142
3289e9c8-61e2-494c-afeb-54a5a0aa376b,1769617730183
dac50ff1-f4fa-4653-a6d5-7e195378b6a5,1769617730225
bda5e3ac-f01d-4726-9db9-5f21185cfaa1,1769617730266
8633022e-0312-4f20-b9bc-a0d9f11fbba8,1769617730308
d43c4e91-0765-40bc-94c0-6c30bc6a78ac,1769617730349
ccd72e2b-eaae-418c-90e6-db2983f74045,1769617730391
438c8db4-635b-4ca2-a1a7-bbb44f05fe98,1769617730432
1c838b92-5539-42b9-93d9-6ae7338dbba1,1769617730473
aa50942b-50a1-4300-8736-d5bfd852a130,1769617730514
00e24897-d26e-4e08-8e90-bd75c4e3c796,1769617730556
131ee335-d6d5-4c6e-9bc4-61b31c717de0,1769617730597
3eeadcd8-4564-4e5d-adb8-5d839c602b8b,1769617730639
25524d6b-62f7-4ce8-81d9-a4b1e06b050d,1769617730732
4f847953-7eee-4605-9c11-e2c8b552e27a,1769617730773
b24b23a2-ee71-4412-a4e9-d1d2b9650314,1769617730815
172079c2-2164-407b-8a97-afc60aa8a793,1769617730876
83e9297d-94e4-47bb-b601-423aa4645729,1769617730918
21022c56-2d8e-4cf7-8f7f-c348936b1d32,1769617730959
bdf5b305-082a-481b-a5e8-a931443ade8f,1769617731002
54d5d8a3-694e-4e6c-9793-58c2c2034a6d,1769617731043
89cdf8ff-3923-4f14-9991-7f1ac4522e6c,1769617731092
ecfbbfc1-100c-4693-a267-cddd50c3031d,1769617731133
c0268fba-bf66-4fc9-8a59-204e517febb3,1769617731174
240fe749-0de5-431c-aad3-68dbfdc6c705,1769617731218
7a921963-6f17-416f-9071-311cf0efac28,1769617731260
1311e0fe-5f0c-4656-a3fa-551b700f4836,1769617731301
cad61888-db74-4835-84f0-3dcc0da3c219,1769617731342
6edef439-945a-44f1-820a-00714eaf8c71,1769617731384
85bf439a-2d0c-4674-a507-33150c8f2381,1769617731426
61f1c7d4-1a34-4e0c-a474-29320709383c,1769617731467
7548ee58-4bf2-4051-8d0b-e699027fe4a7,1769617731509
b79b6376-6331-40c3-b76b-a95feec3dc17,1769617731551
a8736a45-2ea4-40bb-813a-e98fb0a7fba6,1769617731592
be0408a2-1728-42f5-a566-12d0cfe2c0ef,1769617731707
5940f595-d41a-4b9d-afaa-582e95bc705d,1769617731748
5a6da806-5145-407a-8660-8e6d29334468,1769617731789
e00af5f0-930c-4478-88e9-62e374f8e796,1769617731831
9e927412-16f8-4e00-8e6d-0077b9794d3f,1769617731872
dfe348aa-863e-4082-99b5-872f968ac6c5,1769617731913
cade70cd-a34e-4a94-b102-4c5e713d7e09,1769617731954
0307ec0c-8ee4-444b-9b98-286e087b2433,1769617731999
411e3b55-f2f0-43ac-964d-4b34f2a44011,1769617732040
af113849-6075-4b93-a4a6-fc23993f9d8b,1769617732082
1ceb7b93-1379-4ea8-b6c6-f6e448cb4f6b,1769617732125
0bebed41-2cff-41f5-a63d-e7eaf76a922d,1769617732167
3b3d6e5b-918f-4653-9858-9f4454c9a029,1769617732208
48f9f9d0-94d3-4359-95d8-261b6bbd8f87,1769617732249
9276a192-7201-4dfb-9824-8ff144516531,1769617732290
8c13eadb-a78d-4ba2-be37-e57ec1726372,1769617732332
73c49d37-7412-4f1b-ba14-114d21d7b5ff,1769617732606
dfbf0c77-97be-4e19-a9c9-673c005a8a3b,1769617732654
15449f6d-db6e-4126-88e0-368558deed93,1769617732695
7378cbd3-bf4d-4871-bb7b-c994a34f42dd,1769617732778
a196c5ae-a329-4c81-9654-db3892b464c6,1769617732826
cf7b8f67-573e-4e9f-93af-325db27660df,1769617732867
42bd4e27-4fc1-4d02-bf41-4248f21a888d,1769617732923
4ea0fe30-e93d-4c35-ab42-1f8949e6e2fb,1769617732966
a2ce1c36-ff80-4d1c-afad-666c9b440ebd,1769617733008
00e2d0aa-b78e-4fb1-bcbb-dbccb17d31bb,1769617733049
50d85127-944f-4f69-be2e-3a4ce0dadfc7,1769617733091
0755fe73-8e39-44a8-b0f1-fb8a08bdb864,1769617733133
e8d67ba3-4ab4-4856-8fee-7e110a933ef2,1769617733175
bbca51ff-8428-47bc-bfe1-c98b9a6781a6,1769617733216
e44448c6-0a61-4bf9-a09c-a6abca9642a0,1769617733258
59f8a009-6144-4c81-a49b-324948c4d28d,1769617733300
ca0f49ed-8e3f-454a-94a4-c86b7197b80e,1769617733341
90129db3-8e9a-498b-b23c-b243e244292c,1769617733382
f579318e-5285-4cda-b208-77948089ff0a,1769617733423
b10585ad-43a7-4e4d-a3d7-e1e74bc30bd9,1769617733465
0ff8d3a6-c4a0-4077-8aea-282e3273e8cf,1769617733557
aaa89721-945c-4a83-84b5-99b7f9074eeb,1769617733599
3516b17f-3e0a-41c9-9cb9-285fab7ffac4,1769617733641
b50a4be4-4312-4748-ac04-e5faede27484,1769617733682
60d0b92e-9b83-442b-bb87-5d1c2ff7ad61,1769617733725
c5bbf133-df40-44bf-807a-0f9ffda39870,1769617733767
bdb35534-f8b3-484d-b23a-9ecf629df967,1769617733808
21e475d0-df1d-4a61-bc68-b86ca04edac5,1769617733850
1f80af89-e1dd-40a5-8cc5-7d146c970c35,1769617733891
a1d365d9-30c8-4de8-ac79-fd2b98b2b4ab,1769617733933
69180e6c-a6b4-4435-8cbc-7d82840ca984,1769617733974
5ff5f364-4486-49a5-8c63-344f18dec1af,1769617734016
0e39688b-267b-4e17-a07e-cdcc6dafa809,1769617734058
7fb3fce9-18d6-4f96-ac98-0953a77acffa,1769617734099
7d1494e5-ea16-400e-917d-001bdf911037,1769617734141
1b9aea3b-4554-42df-98d9-6ff5dc26d279,1769617734183
25278aad-965b-4479-a72c-a788bec0e8e7,1769617734224
86e73b85-639d-41ea-92a4-bd31062c0a3a,1769617734265
53b8eb59-93a0-4cd0-b70a-04419d8d26bc,1769617734306
6f172c66-0c16-46cf-8843-58ba25c4a3f8,1769617734347
20a275a0-c773-47f8-bab6-b946f3eac9dd,1769617734416
fffeec05-66b5-458d-823a-dd5e4bef9be2,1769617734492
62df887d-115e-46b5-ac11-f743054c84e5,1769617734533
101b9cfa-c483-411d-b6b0-88082b89c0eb,1769617734574
acbee2a4-2df2-48d1-bca8-629f6f908758,1769617734615
b2f54554-4b6c-4156-91b3-0e43baf862af,1769617734656
afde3bd0-ce04-4ca3-a295-fd9bdf5a4dc0,1769617734698
6162ffae-b61a-4105-b8fb-d0f78a829478,1769617734748
8f169ec0-1239-4bc4-959c-6eba3dc7f143,1769617734790
d551b563-2b8c-4d92-ac2d-cca10f7fb169,1769617734831
ec10f872-0182-4b48-83b9-3247471d0cbb,1769617734873
959fb8ba-2a83-4cf9-8dfa-a2c248ba9e28,1769617734915
20dcc69a-dbe5-4a6e-ad66-c2a80c3efa7b,1769617734957
2c43fc02-d7de-4c4b-9b5c-7611efd49520,1769617734998
7fce78b8-649f-4c9d-b2e9-ebf5aa41f89b,1769617735039
528ab0b0-8b95-4003-8eab-bf9d4ce19e6d,1769617735081
f6630700-158f-4661-9bb8-76dde07d4e91,1769617735122
5685acb8-3ba8-4402-bd78-4d9e58853bc4,1769617735164
93bbbfa9-f301-469a-ac70-1eedd1846597,1769617735205
78a606de-d470-432a-9a77-ecf031f99c3e,1769617735247
3d6f3e0b-1b32-449f-8116-c1bd0d0baff2,1769617735288
8bae7fd1-7209-4860-b4da-1be41e719cfc,1769617735332
392750c8-d8b7-44fb-89b9-8bbc490cfa49,1769617735423
c6c9d16e-6c30-41da-83f5-aef0436d92f4,1769617735515
b9715ef3-4b28-49c2-9f8d-61ff568546ae,1769617735557
1717740b-06cf-4bee-9e75-30472104498f,1769617735598
fc55ce21-a0cd-4d58-914c-916b9f190dee,1769617735661
8b423646-d5aa-43ad-a13d-49bfead45a28,1769617735705
ee70270e-fe98-4fdb-8797-ebca5bb8fba7,1769617735749
c9cb911c-af58-438d-bf5a-1d651c691d09,1769617735794
f6db6a18-dd63-4f9d-9daf-9c6c8be42d53,1769617735846
684c5293-0ea8-4970-8ce4-c19a42abc6ae,1769617735894
6416ad7d-1fb2-4b0c-a5a5-7ac7ffdd131d,1769617735937
54307038-db52-4534-b9c1-fd9b05af850c,1769617735979
4714906f-8640-475a-a84b-9892082fa353,1769617736021
8772022d-9499-43bc-9bdd-2ab3aadca344,1769617736065
9868a013-3a7e-488b-a225-8afe112f13e8,1769617736106
ac41728c-865c-4c9e-ae8d-7ac52dbb08f6,1769617736147
f655661e-977c-4bf4-8c11-972a3ddce55b,1769617736188
eaa93391-3e87-45bf-a764-c4a2d119cbfb,1769617736229
8d6fc0c9-f0a4-41bf-80b6-f7708c15ecb7,1769617736271
6c5b49e9-d893-4ad5-b9b3-078ad9cb77be,1769617736384
84129adc-8168-4bae-9d8f-f77474b9a1fe,1769617736425
4e8e3ab7-97f4-4184-ad19-2db907393e82,1769617736466
a826c796-63c6-470c-8cde-4147878967ae,1769617736507
ab178ff5-7735-4fb2-8cb5-5863cd9b3bca,1769617736549
0168ee2c-8b8b-4700-8dc2-2e61ff1d9d33,1769617736590
e7902ddd-a5b6-41d5-8401-bc6eca98a77f,1769617736632
b5e9f498-7a8d-4293-861f-7e87a487fded,1769617736673
16f46fbd-ce36-4173-967a-e1f717c69926,1769617736714
14cd57c5-1155-4256-ab36-5e4281c4063b,1769617736755
f20afaca-22ac-463c-9af6-e6c2f418aa33,1769617736808
3eb2dc01-f5ad-4b05-8032-ce4438b15ddb,1769617736850
cf541dd8-2bd6-478a-840b-bc73ac083292,1769617736913
e7567e60-2f11-4b7c-a2b1-1e8dc6aad221,1769617736954
f71f4ac9-ba35-447d-91a4-b5a66f1336fd,1769617736996
16d22198-50f1-49a2-b11d-6c67d3cd9d6e,1769617737038
a6319003-65c7-4000-9dc1-3345bfd91e4f,1769617737079
e462754c-0ae8-4966-b2bd-6a529d170af4,1769617737121
3d6fb5a7-5e18-48b4-903e-72516d598510,1769617737173
c3da1ba2-855f-4a21-801a-a41c50716f1c,1769617737216
dc45975a-b10e-4fda-8d66-674f4dd6a823,1769617737423
8898490e-ebaa-43f0-9a7a-39854546b891,1769617737465
342fb317-1458-4b72-968f-135fb1407792,1769617737506
40b6138f-5485-42e5-84dc-109af914d67c,1769617737547
862c2e7e-d323-43db-abf6-8177cd9577a3,1769617737589
31fb61e0-1843-4263-8daa-45298dd9cddb,1769617737631
aafa0a07-f2fb-4f99-b86e-1d0617994e0a,1769617737673
6f136759-c7e3-42ab-a0b1-d3e2dcd57cac,1769617737715
eae73c5e-ca75-4b35-badd-30c82b682382,1769617737777
e5a22800-c155-4036-9541-310f6e39df19,1769617737846
10c405b7-08b1-4d82-a221-c045842d89db,1769617737888
169cf3da-5c41-4de4-9350-5a0b92723082,1769617737929
4522b548-bb52-401a-8fda-ffd1eda3de6e,1769617737970
86c1a2ce-2aac-44f7-8596-2373126593aa,1769617738014
93f7ce50-7c1d-45ef-a9ce-dccb06ff8d88,1769617738056
8162755a-1fd3-4993-8e27-b6e3ba56deb9,1769617738114
eecbd5d3-47d5-49ed-9e6c-d6fad0bba5cb,1769617738156
833ca03f-0c27-40d6-b957-9726ad520070,1769617738199
a216928b-db5e-4a4b-918e-115492b1ec04,1769617738240
03c75674-3fa7-4e68-8793-15a0c987e4de,1769617738281
a61daa91-4793-40a9-a47b-4ee1b8c5f04f,1769617738323
3fbe3777-c0cf-4123-8076-d33fdad53604,1769617738365
826afde4-91d8-44d4-8857-61b9d27909e7,1769617738406
91748152-abe1-426e-be63-0b3343fce86f,1769617738448
6deaac43-8fed-4ed3-ba48-34d2a302c102,1769617738489
d100421d-4623-4e5d-8dbb-58da88eedd42,1769617738531
bec1ac98-f9e3-4a81-b24c-8569a794af14,1769617738572
7560d69d-2f28-41b8-b9be-a676c90b6e86,1769617738613
6e438f6a-96f7-4e92-85ef-ccb9e697948f,1769617738655
cb169ce2-7d12-4041-9155-3798541b9949,1769617738698
c8504a35-fbce-4558-b8d7-713cc2f26f17,1769617738743
35af2578-5009-41aa-abb6-d0e99350e99b,1769617738825
79458938-de96-4284-8c00-c758a0aa800b,1769617738880
88e51676-b3f8-4de1-9d30-c7b532320358,1769617738928
5e437c1f-3714-45be-b28e-3f04984fba1b,1769617738970
05fe97c1-780e-4024-abb5-a49f76a7dc27,1769617739012
c0150ac4-5b75-4691-827f-58e134e5110e,1769617739053
4ce1c2ee-6b03-4013-b26d-d8fbd56ed3df,1769617739095
26e7ac64-9f9c-4802-8381-940b490fe85c,1769617739136
ca5ed626-3616-45ff-91c3-61748caf7bc9,1769617739179
38d039c0-4734-479a-8328-5723616d6127,1769617739227
a2c123cf-46da-4e51-a3d6-3285dbc6fa58,1769617739269
02253a5b-e06a-495f-8b55-61559d53e9a8,1769617739310
2bc658c7-1df6-473a-8604-ee4c2e7ba31d,1769617739354
222ac5bc-96ce-452d-8f0e-51e33c0eec4e,1769617739396
689c62af-b68e-4f2d-81fe-2a3d854ef245,1769617739437
c71caa7f-a398-4d89-ac6b-d2ab563e9c52,1769617739479
7e9ab0b8-6b03-43d2-b440-d704c0d8a53e,1769617739520
c7dbc728-4251-4279-ad9d-b4e89f4bbfa3,1769617739565
5cdf0c10-409b-42e9-afb3-16dbcdfe4cc4,1769617739606
9806b553-8c00-48a5-99d2-7b53ad048699,1769617739647
8b2f6669-0912-4b2b-b3e0-c8a8fe160a57,1769617739689
95d225c9-9f67-4366-83ba-09e82a67405f,1769617739730
dd09af6e-a57f-49f3-9a2f-07a4eae116ba,1769617739774
410079fc-7743-4a15-9bfc-898df0b6857a,1769617739868
6d7785ee-9a12-4823-894d-bd14f737a4dc,1769617739909
d96afe38-5bb9-412b-8c5e-0db1a4ba2d39,1769617739950
0fabd097-0efa-4ce9-8b7b-9121c5ab0687,1769617739992
d16ba3ff-eec3-4d3e-ae08-f35223b6cc11,1769617740034
d62b49a4-e4eb-4de4-b9dc-8885aa837e2c,1769617740076
8265e8f2-793a-4510-8be3-5de52fb4859e,1769617740117
cd8ced0a-b3f3-48a8-ad91-270e68558e0a,1769617740167
b13e7e42-242d-4bdf-a76b-a6b6590554c1,1769617740211
864f0b70-f863-40b9-b72c-70ba4753a2a9,1769617740252
2fac372b-e455-4c20-bb32-691342bdcb3f,1769617740294
71f354c4-1556-40b4-9f56-aa6562cd710e,1769617740336
47667794-56f5-466f-ab74-430e8f176a32,1769617740377
c057a9ae-a598-43f5-afb2-ba2ba679a657,1769617740419
f2d82000-e8bd-42ef-ae77-05b749f20e36,1769617740460
04bd4ae6-141d-4651-aa51-42f139728d68,1769617740502
25e497f9-3e0f-4e14-b61e-115d3482ff4f,1769617740544
92344053-c12a-46b9-b658-fdf56d69106f,1769617740585
e4b9740d-6c00-42db-aba6-a3898aad988d,1769617740626
be9433be-f5e9-4c5a-b725-30450dcf695a,1769617740667
7b31cb1a-44e2-4655-8cc9-63490130adb1,1769617740709
45360092-dc26-4b12-a2a5-6e3e3fd70a7f,1769617740750
9c695a26-7266-4086-bfb0-64fdc28aff1f,1769617740827
e427d052-0afa-43ec-a210-ee374f7f61d9,1769617740918
e4f143c3-cc7b-45ed-93da-7fb7c6f3cdea,1769617740960
e4d6049c-6fc1-4d1c-8767-e9dc5ac0b148,1769617741002
7e03cb53-4f48-4a63-bb60-0a30bd5e0999,1769617741044
d7c7433b-2e0c-4121-816e-577a694536dd,1769617741085
b0f9ac40-9258-464e-aaaa-80357b75bc82,1769617741127
4fb65f09-3658-4c0f-9605-c5be8e27b322,1769617741169
b91f379f-2966-4f24-a358-a496c5a709c9,1769617741223
c329bbdf-8924-43e4-a532-5c06f5de4ce5,1769617741264
ed43ba72-63af-4b56-a114-4f0f776f977e,1769617741306
6864db9b-a147-4cc4-850f-203fde66524c,1769617741349
4ed3dcf5-3161-4668-8162-ff854ddd7702,1769617741390
afd6cde8-b0b6-448d-993b-563fefbe2f97,1769617741437
79b82009-9142-4a9f-b285-53892edff594,1769617741479
767c29e5-b7c1-46cb-bc72-be0ed2886946,1769617741555
26510f67-cc2f-4f48-b1e6-9811932698db,1769617741597
678f0775-2392-4f41-bc05-420ba82edede,1769617741638
c8aae886-c9a1-4a55-ae0d-026f759ff5a6,1769617741679
fcd1e105-3983-4e77-951b-0c1bd75b39d1,1769617741720
45819a8d-0870-4436-bb20-2254948f3f01,1769617741762
7dbff145-4d51-443c-8d63-3f8ef209f925,1769617741804
fedd3365-5c3f-418a-b7a4-230872971667,1769617741889
d01171b8-5abc-4e7b-831a-173423fa54b5,1769617741960
859a892b-47d0-452f-84cb-9728334458f1,1769617742002
91f0a6c7-62e3-4f14-8725-848504bf78a6,1769617742210
0aa1bcd2-bbcf-4c68-a3e0-a66e410b7111,1769617742257
076aca55-879f-4348-ae7e-72a6acd49998,1769617742299
7f613d10-d55a-49da-8f6b-343ce1ccb5f7,1769617742340
f767c0ae-6619-4b9c-abae-baedf1dd5dfd,1769617742383
17f9ceaa-8a03-444b-b06d-60a44b54e3a0,1769617742424
eba651f2-e4c0-4153-bce9-df4aba910535,1769617742466
49a3d120-7dae-47e7-9fc2-689594fdbf10,1769617742507
feb5416a-5f32-40ab-818b-a32d04a616ab,1769617742549
2bca7bdd-baa9-4033-9390-bf2da1811152,1769617742591
d1a93242-108c-448d-8d8e-b16ec71eaa57,1769617742632
335dea1d-4a92-48eb-9e92-717c085867c1,1769617742673
f793a443-f22d-4b3b-ab24-393da2ebb4e2,1769617742715
80614061-1157-4d3f-aa41-d2687c2cf8a7,1769617742772
a437f5d8-6ed3-4548-a9f2-cba15559efb9,1769617742814
a8687da0-1cbf-40b8-81a4-660ea64daf4f,1769617742856
ce0674b2-12a6-4b18-b408-9f737b64625b,1769617742907
3f9bd173-e6c5-4a8b-9dde-07dcd6949e15,1769617742977
1f6dd2d9-53ae-49ec-ac24-e1fd20313163,1769617743029
8b601d03-0e4f-45cb-8d64-c3ea432999e4,1769617743071
4668a03f-308a-40a5-8c33-f80df6c139cc,1769617743112
e97a1239-4944-4add-923f-2b451318de67,1769617743154
e4602177-adf8-499e-ad0c-54f883184061,1769617743195
77141a68-0548-412d-ab10-ef3d71f57857,1769617743236
f42dcfa1-9be0-4438-b276-a43bd4baea5d,1769617743282
820794f3-2037-4ccb-a8c4-3796716689aa,1769617743323
870490aa-f364-473c-a119-cf79c053f3d4,1769617743365
7300e983-05a2-4939-9f2e-f7289e2c18f6,1769617743406
8279ad3c-7c13-4321-97ef-3e1dc5312edb,1769617743448
20a2554f-9b65-4db5-8674-afc793304ea8,1769617743490
c5e734eb-b3a7-4245-9b43-b02a557e7091,1769617743531
c9914093-c7c4-426e-9114-a2168f917bf3,1769617743572
789ee8e1-0dfd-4285-b22a-4289157a295c,1769617743614
6fdee8b0-0e89-44af-8096-c332795b685a,1769617743655
553c0a45-16c3-4e6b-aba3-c9ddbf531906,1769617743698
7afa1a21-e1dc-4ae2-8d74-adaf8f5c954c,1769617743739
84563595-8c68-41f7-86e4-e28fbb351b5d,1769617743780
f6488abc-fe0f-4d74-aa1c-929b480f4157,1769617743822
99e9aa8f-b14d-42b4-a6cb-6f98326eccc2,1769617743864
228f61db-47ed-4c9c-97c8-0585ae8dbd3d,1769617743905
642d8866-599e-47ad-92d9-4ffb36ddb8ed,1769617743947
9799b87e-8e8e-4d66-ace2-b7b6f73f6a8f,1769617743988
f8d651b4-31b7-4e4a-bb66-51b921421bbd,1769617744029
80a925ef-96cb-40f4-8e87-12057aadff77,1769617744070
d27cbacd-c277-41c9-a973-fdd2b8db1820,1769617744167
fc15b7d3-b3cf-4ace-86cc-7e9032912312,1769617744232
cdd0a188-c49c-441c-9e1d-a874926e082f,1769617744274
766e4a9d-584d-4117-b317-61ae44eaad9f,1769617744315
a7f216eb-e3e7-4429-a217-331756c86a3f,1769617744356
8a85da0f-83b2-47fa-b8df-878482f9ea9e,1769617744397
e5ee3642-a73a-4573-8744-cf7eb87e7af1,1769617744439
d423bb83-f007-4deb-99ce-b5aad076d17c,1769617744480
398f61ad-d6a1-41ac-919c-7b7617c9f4d0,1769617744524
f1d70265-6ba2-41c6-96f3-f4d833a58c28,1769617744566
ca119890-e803-4d0a-a18f-9d8c13895ac3,1769617744608
63a061a6-ed61-4d29-90a5-8454687cb6ce,1769617744649
99bfae79-9544-4f1a-a093-39b3505c33d0,1769617744690
24701dc1-a8b7-4837-8137-a308da41ccd2,1769617744732
26d58d4a-f1f0-454a-979b-467a6c3c4521,1769617744774
a064c2aa-73e8-460a-9443-3e36d3125354,1769617744815
ca2f9503-850b-4a0d-8c74-96fdc1360a50,1769617744856
148b21cd-d83d-4735-9a70-242ea112a396,1769617744900
311bbffe-3b4f-4d86-9adb-e2897a4d2e19,1769617744942
d10eee9a-8cdd-4a3a-aeb1-417180741b31,1769617744983
29d3bf41-8014-4058-8401-acb36259877a,1769617745024
904dba83-53d9-45b6-810f-ae34ce241a4d,1769617745068
b9f78f61-eac3-48ef-b361-3f4edc049bdf,1769617745109
899a8004-0e6e-453c-b8b2-154df0c1f820,1769617745204
8eb870f5-4da9-42f4-8a04-174497bed2e3,1769617745247
c8de5741-8f24-4f83-b111-8d87a46c7dbd,1769617745288
9f4fcfa4-7323-4cf9-8d29-48e3dd77dde9,1769617745330
e73f3688-4fc2-4a22-b81d-f4c3beee0fee,1769617745372
9e54e31c-a5b3-4290-94f4-81bad2ad9188,1769617745414
80c8c194-f64a-41e8-9f53-52c2f2f5e364,1769617745455
b26ad29b-f338-472c-845a-a9678ef289b2,1769617745497
a1490b59-5617-422a-89a3-dc89b9a6479c,1769617745544
27b28e58-d688-4dbf-ac04-101845b13f10,1769617745585
0adf20a4-e643-401c-ab20-0caa03865ce0,1769617745626
724806b9-fa65-47a7-9aa6-85513e3b4f7b,1769617745668
741ff10a-a9fc-41e4-aafc-fdbf4af5de9c,1769617745709
79f9440d-c696-4564-a969-784f35c9ceaa,1769617745750
f88e033b-4598-41ea-876f-d5196c6c6d6f,1769617745793
ec8bec93-5a16-4edc-b57f-5b5e80248d03,1769617745833
80f0a7de-321f-47bc-8a3c-cfadfc5381ab,1769617745875
8cc0c17d-1c95-418d-b25c-b77b414177e0,1769617745916
9c0d2396-70e6-437e-9831-cf952cfee31e,1769617745958
2131ee63-ed87-4d93-9a8a-fa1cd0a834e8,1769617745999
acabca36-bd1e-4676-9a01-5cfdbae75001,1769617746041
455057d3-87a3-4165-b667-0fa272d2ab50,1769617746082
9c632431-0fc0-4c70-a2e1-b375c7c4a4b9,1769617746123
c36d7964-d70f-48ac-84a3-98d9fc85612d,1769617746165
52210413-b77b-49a1-b389-7478f0923efd,1769617746206
41699539-68d6-4de5-9e5b-3abfb9431a97,1769617746247
ea21d61b-bef4-4724-be92-922aec52927b,1769617746289
41442df0-8ba9-4cfc-8339-c7f554c54177,1769617746331
eda4d82b-cee8-4685-b125-d47ac005047c,1769617746372
98c605c0-fdd7-4ff0-8b0c-a5d7224a950f,1769617746413
1bdc0f57-5b47-4e1a-b3e6-4c16822adbdd,1769617746455
3bfa4961-f4a9-43c6-a18c-b0e0f0105778,1769617746497
49bd31f2-40b9-4638-89a3-2464fbb3a655,1769617746538
f87ffc59-94be-442f-a673-3154eced080d,1769617746579
caef19cf-7d33-4c86-9cf4-731c13bcb0bf,1769617746792
77a33ad6-020d-4b08-ad97-6c9ef805e062,1769617746834
f775b28e-11f5-4594-a62e-1869a319e1e3,1769617746875
43305429-2d7f-452f-8b95-e0667713bce2,1769617746916
22592942-7bd3-4223-858d-dff145253f87,1769617746958
68298899-8dcd-4d2f-902b-0c5edacf49df,1769617746999
f6316020-3d4c-48e1-8605-a930674ec9eb,1769617747053
f8e2a6a5-83fa-498a-8b73-ba504649c559,1769617747095
5902eea5-f042-4000-9663-4c76db0de5a6,1769617747138
088dfba4-9ade-4abc-8f40-131caa3b9763,1769617747179
fdf06b4a-e863-4098-87fb-413d6fa65bbd,1769617747220
68123d3a-c6f1-4ab6-92d8-399971a90455,1769617747262
9df22d26-97ac-487a-845e-5a709ffddc45,1769617747303
e1224542-f683-4e28-a53a-64316e1a935e,1769617747345
f863db9c-08b4-4888-842e-e66864681e09,1769617747386
c19885d0-19fb-48a7-8f55-8191b6d5473f,1769617747428
92729fb7-bc75-4814-aca3-fa9e98309fac,1769617747469
7e6b35b8-402e-465f-a79b-a14ff35a38b2,1769617747511
3351b70b-403a-410b-95f7-1010a28a44b6,1769617747552
271c38cc-e528-4260-8d15-eeac648a8e40,1769617747594
1becd6bf-d7a9-4b15-a358-b9880ed12871,1769617747635
a5bbf7f6-d243-4215-9d19-be2b7cbb92ef,1769617747676
67d78a4a-4623-42f9-a3dc-bc6ecb3b8c1b,1769617747717
ce4fe46f-958c-4d06-8aec-bb2171cc821a,1769617747758
1e4d4a00-daad-43f2-8442-15bc52248105,1769617747800
3662a1ba-b032-4090-b52f-3aaf2948cf4e,1769617747842
2b3a2298-fe27-40bd-865f-4f8654763a82,1769617747884
4f6511aa-8ad0-411d-aa6b-e04638c6b4bb,1769617747943
f604fb60-9969-49b7-b6b7-1611c8546fa5,1769617748008
0e008f01-4255-418a-b20e-fa84e5f65808,1769617748050
e6b9279b-7c07-4a63-9f87-967c290b64b5,1769617748095
4a4618ef-8fdd-49f9-ab67-af9314fa614c,1769617748137
fecd0cf3-2d4f-4307-b067-170e9d8d9419,1769617748180
4bf0af04-cb4f-4f75-83c7-2f070dc24e07,1769617748221
546626db-8fbe-4842-beac-c6820b80c583,1769617748263
6df818a8-a29a-43f9-aa4b-9ec037fac7be,1769617748304
f0feff8b-fdd4-4e63-94c7-ac96f647d300,1769617748345
749b759a-003e-4ca3-a8f0-288d684de16c,1769617748386
3d9bb025-8383-4ba8-9fbc-103d327ce942,1769617748428
ce22c7b6-1c0a-4cfb-91e2-2c944d3bded7,1769617748470
fcab5fad-d124-4c35-b61d-3967e3a08cbc,1769617748511
bca2d388-12f8-4b15-8e25-b1d10cc43706,1769617748553
650bb1c1-d40b-4453-9e40-18a65dd7c07e,1769617748594
581d1828-e637-4b8b-ad7f-21a4541c2f55,1769617748635
42d7bf3f-e9c2-40c6-88ba-462eeb7b1240,1769617748677
8e104ab1-0dfa-4670-9d1c-dff9892e9746,1769617748718
df0be846-9e48-4d55-87c7-2fd9a70a0f7b,1769617748759
ba6a3465-f3bb-4824-85c4-8cff3226afae,1769617748801
95e3cd96-ecec-41d5-8fe0-70fa2a982080,1769617748842
daae00f2-fa3e-4de0-a400-52cac5c5dc39,1769617748885
94bc09a6-4872-447b-8368-f66b69a5001f,1769617748928
3a478d3a-d581-442a-9e16-58fafb9ad2b3,1769617748970
2083308d-ec93-4d32-a94f-463e5a38bf9e,1769617749012
868f7b7c-8014-4ace-9e99-038d921c912f,1769617749054
48bc4fcd-eab0-4465-92cb-fbd3d166bb90,1769617749095
15fa90aa-ec30-4d80-9400-0beb853e5c85,1769617749164
5fe01276-217d-4d93-a127-2697b90bc9fa,1769617749215
749d2d53-fdc5-4851-8812-ecbab7d8b378,1769617749257
653bfa7e-dd42-44f3-9fc7-6e3be453a026,1769617749298
f4da92d7-2fd5-4ed6-96b1-780e3665752d,1769617749339
204814f2-2740-4317-94a6-96f7efd17732,1769617749380
27c5032e-a0e9-456f-9a9d-549dd68ec81d,1769617749422
3c0f0194-1324-4028-81bf-20da45752942,1769617749463
e77855bb-fa8b-4645-aec4-2d1236f2e2f8,1769617749505
b76f4ac1-b988-4354-9627-a6e9c4f5f88f,1769617749547
ac2da5e3-723e-4928-a4f2-a743a89e5eab,1769617749589
4df656d2-4437-460f-b11c-2bd036c4e7dc,1769617749630
ccdc3652-9bd4-46bd-b410-3b96907880d4,1769617749672
04b0ca8f-e662-48c2-9863-5ce8156610cd,1769617749713
9b1a4e1f-8885-4d42-991f-03f2f9db74dd,1769617749754
a7eee8c0-9631-4603-8863-b77e4e2b1fd5,1769617749797
45ec04fc-8591-4f77-a219-640756156a0e,1769617749838
872bdfd0-a709-493d-bdba-5e225f9e26aa,1769617749879
abd7d3a6-82e6-4f8b-9025-6136408538d5,1769617749921
8c890afb-46fb-4d67-8b4f-330e526d4c0a,1769617749963
52b5606e-0ba2-41d5-b02b-441763b90b75,1769617750004
fe2baa2b-5901-4f15-b84f-389f6c91d7fb,1769617750045
dda9bc8b-8f9d-448e-a3ec-dc35f1917829,1769617750086
648139d2-d688-4f3d-8934-743f845f3411,1769617750127
16ac9048-8185-4496-8510-d1c196bfeffd,1769617750168
57ac9f6f-5017-4954-a413-3483706740f3,1769617750210
210784de-d8db-4156-be47-8a9c81e4ef76,1769617750265
3d5fa575-9463-4fd4-bb1f-ec09f5661850,1769617750306
5d46ef3b-81dc-4fe8-ab68-c6461a7abdf4,1769617750349
521ea78e-bdba-4628-b416-89bbf6319378,1769617750393
4f4d6883-5c55-4dbd-90f3-24a210cb2b8d,1769617750435
ce7492f1-3790-419e-a2b5-8175f19ff2aa,1769617750480
9963bba7-9fe9-4a01-91b0-f64a15a849aa,1769617750523
438049ea-2808-41cf-b517-f9c9d381665a,1769617750564
6c01431f-e35c-4b63-af76-8d140deb1d48,1769617750605
d3aa4b18-d1c5-449d-89e9-b85d063b160a,1769617750646
608b37e9-6e99-42c0-84c1-7c8f8139cfe7,1769617750688
a697c34b-37e9-4157-a5d2-79f2cff89bd5,1769617750730
c3485b53-47ea-47c9-868c-d83f7e32da19,1769617750771
65dddc21-b79a-4abc-8892-4fa6b321f110,1769617750854
4da41c89-6706-4093-8be6-3454b39e5f1f,1769617750921
49bb5564-0285-4977-9fef-d04561efac37,1769617750962
9444ea5a-a9d0-497f-a5df-4efa1f7c7a27,1769617751004
2413ee48-07f6-4caa-9516-3c31565a1691,1769617751045
b1808e1d-e13d-4794-9ce0-3030ad503877,1769617751087
4809ad24-fe4c-4af5-bdac-dfce4e258b82,1769617751128
19b5c0a1-52e4-47f6-9d91-dd56ccc201f5,1769617751334
ca5977f4-c868-4289-b160-61be7cd6a03d,1769617751375
bbb041a5-af66-439c-b801-5f9b2d79ed0a,1769617751417
10ce60fd-6d84-40e7-9080-c7f8a441bd84,1769617751458
8ef4216a-f684-4364-9631-24116e6cacda,1769617751500
13472ce5-6900-4587-802f-74917a4e929d,1769617751542
808b119e-d40b-4699-a78d-4f3d5ffb4d9b,1769617751583
4acb43ac-342a-468b-a755-e56ba7385485,1769617751624
9d787531-94e0-43fc-bddd-37d394a4ed0d,1769617751665
04e13717-b218-46fd-9a10-edcc6176d741,1769617751706
3140a3f2-da7a-43e5-a985-d7b1fe49a15b,1769617751753
9a359420-ca99-4800-8f36-2b63ca45f035,1769617751795
dc75ee76-d11b-4e1f-867b-dff4acd5a625,1769617751836
8150d3d8-2792-4532-9c5b-9a0a8579b6b5,1769617751878
b4387f62-6bc5-4340-8e64-74d6e1a22dc8,1769617751920
2a92a574-d1d7-441a-8cf1-70bce84d977f,1769617751961
bbcba04a-93b1-45cd-93d8-cd3144cbb1ed,1769617752003
99bb5cb1-a26b-4149-b918-610797753789,1769617752044
13c7d59a-b239-486d-9e32-70298980ca39,1769617752085
90064d6a-5124-424e-8e4f-753c70ba2eb6,1769617752126
483f9387-85f5-4c3f-aa2c-2d06da96ce37,1769617752168
6953f7e0-a079-43f2-b041-3e3bf5cbd881,1769617752209
1826c88b-70df-42ad-a6a6-a1ba4758cdf3,1769617752251
ad858b35-5d64-4bf9-844f-ab1b3f061fb3,1769617752292
d31aee9d-c3fb-4133-9532-0208307b5aea,1769617752367
21110e8f-f712-4dae-a3a8-e9191948d863,1769617752431
b17e8039-cf66-4646-be6e-66f9f2372c74,1769617752473
cdd7b23b-4759-4993-90ae-5372116b5784,1769617752514
11c4861f-5c54-49a4-9642-a273971d455a,1769617752556
78880fed-6a39-4c37-b47c-52af839ee916,1769617752597
993cdd6c-97ae-4fb2-926d-f20efda36611,1769617752639
5101eeb1-6c31-4bae-921f-77a6ee320c18,1769617752688
0d1695b8-37c6-4852-9742-c4e443580daf,1769617752731
cb989b31-424d-4375-bed6-6b2f20d13413,1769617752772
44b3749f-8589-4360-813d-2ea0206f7a1a,1769617752814
f1a7c0d5-3a50-4066-bdeb-5bbd6e6d955b,1769617752855
a305b685-ec82-4d3d-a32b-ec16b5f3d3f7,1769617752897
324ddea5-cdc8-48df-9130-4d21fa603f7e,1769617752939
2cb666ac-6d8f-4099-9bf9-fbe403587627,1769617752980
a91a0840-e0e4-47f2-bacf-9a0255964364,1769617753021
38dc3b52-6ad6-4910-8355-749e1c4546a8,1769617753063
6ac25b15-0fe3-4110-a9b1-21aa7cf8be64,1769617753104
b1afa804-6d8a-4cd0-951b-4d29dde5d57a,1769617753146
89da05d8-c25f-4e48-b99c-49f8d347b7f9,1769617753187
c23fc1ed-2456-4128-93e1-4bb802d48935,1769617753229
6d2eb38a-b71b-41d5-9b95-d62642a37efc,1769617753271
ffb409e1-1f6c-4305-b37f-f52fc5c77b9c,1769617753312
1447d19a-07ac-4e8e-b14d-8cd101d2f382,1769617753354
41bebe48-ad82-4b64-be26-8d4eae3239e7,1769617753395
881ec4dc-be8f-4bee-89b7-78a3c84fdaa2,1769617753496
9da7c875-8757-47c3-ae59-559dd440918d,1769617753537
af60032a-0de4-4702-9d16-c2c960281f9d,1769617753579
9ab2564b-6097-4407-aaaa-b54231525678,1769617753620
a32493db-ba43-4646-9930-70aa255b2ad6,1769617753662
a0175992-765f-4cf7-ad8d-94330727534b,1769617753703
36a24528-4efa-4e4e-927a-9459eb18f5d3,1769617753744
2e10de44-e213-45ec-ba76-59dd2bf66c5d,1769617753786
d709ee8f-77d1-4157-946a-d82aa7cb1667,1769617753831
50f05835-2546-4ee5-a7ac-b8997751a276,1769617753874
ae764f91-b72f-4afc-8d5d-9383cbf97c99,1769617753915
236a89c3-caf2-42ce-8d41-b9a79230bb5b,1769617753956
63b3159c-c869-45fe-9e36-33c601d15caf,1769617753997
aa398606-7909-46f4-90c3-22ef5c4dffdf,1769617754040
91c5909d-ae97-4eb8-80a0-2d5230b4b4ed,1769617754082
9484a0c8-c71e-4e8e-94a8-f290893ae1c0,1769617754123
6048da19-52f1-48d8-abc8-fab6db1def0b,1769617754212
ac29dfba-ac25-4ad5-a663-bd5377f6c139,1769617754256
66d45a73-f28a-4572-a158-9accba77fe4c,1769617754299
5a1558aa-7f25-4ce7-8c2c-2269768b00f9,1769617754340
6fe00860-ae87-4dc9-9586-a74616dafc91,1769617754381
8190f97b-34a2-4845-85cb-47cd7b80dbad,1769617754423
0da41dc7-485c-4b02-b61b-3760f0071b98,1769617754464
00feaa7c-cfc4-4a8e-8694-3a214120c90c,1769617754517
8a31f278-cde2-4657-9cd5-7f319d7e0844,1769617754559
c713f6d9-ac97-4096-b57c-b54be3d52eac,1769617754600
bb916e04-7c04-4646-8616-a5ef30a4b660,1769617754642
3502f36b-e339-4e1e-b50c-b20170a24538,1769617754683
a483a272-2b94-4a22-9fc8-569cfe196016,1769617754729
aa2cf3e0-2bab-4967-aeb1-5c0a3ad8f179,1769617754771
d55a45e7-20ad-4d5b-b424-54b729de8586,1769617754812
b45869c3-db8f-4126-8036-b83295fd87d8,1769617754854
6195468c-4052-48f2-9865-e0e31b19ba99,1769617754895
18108649-f89b-4887-b298-82a1218b9c04,1769617754937
6d3ccaf3-f72a-484a-87a0-e12da7da0952,1769617754978
a0f9e3c9-0b4a-4089-bca2-a44ef49fb4b1,1769617755019
0633840d-6451-44e4-8873-a1c61f652991,1769617755061
d7322971-1391-4bcd-9f9e-0542e31aa568,1769617755102
f44d1ad0-9cf9-42cf-b79e-0ed72b7678fc,1769617755143
eb569b73-ad38-4ac8-aedf-2c58c7c4fb2e,1769617755184
6dbfb857-c796-4969-b74e-75c61863841e,1769617755226
b6b2a0a3-3e63-4e06-8ced-430396b69aae,1769617755267
f83e1fd0-db59-4da2-b8cc-6a3377a11a97,1769617755308
b67cb08f-85f0-4e2b-8196-e69fac357df1,1769617755349
82e044e9-fd1f-4481-aa7d-6f2c4151ce3d,1769617755430
ba021082-102f-4ec2-b16e-e2728b2cae27,1769617755488
967457e7-a204-4e08-8140-37c6893a39f0,1769617755530
38e58a48-94a2-4abc-ba7b-21322a525da9,1769617755571
064d4c33-f0b0-48f8-b86b-780923cab752,1769617755612
47eb0128-1a31-48c7-98b1-4c992511e8e6,1769617755653
27817a5a-6fa6-4deb-8a1c-b8d3006235d4,1769617755695
1c8da692-a46f-419e-b75a-5ed9bfd2faf5,1769617755736
183cf49d-3771-48ba-b77e-9a1b42ad80e7,1769617755941
cc01cba7-0369-44a6-a865-c132399eaf78,1769617755984
1215841b-0299-45b9-99e2-061b88ded66e,1769617756027
686b9ec4-abcb-436a-87c9-be01ba458d52,1769617756069
6b54af2e-9b88-4820-b8eb-de5475c6c67b,1769617756170
6ab3902b-e33f-43b1-bc76-aa3c26aaa75c,1769617756211
e2fb06f0-6303-421f-b6a5-c91ad6b00fb6,1769617756254
46320c6e-7cfa-40cd-aae2-7731925b8173,1769617756296
0030442b-0d70-4831-a93d-d6db846dbff6,1769617756337
9705f958-8496-4412-be32-f58adaa8ed5e,1769617756379
4a8212ca-4416-4a84-8a15-b960ad73b23f,1769617756420
0de263fe-06a9-4f3d-8e90-fefa1a4568e5,1769617756461
742447c6-2d05-4f62-b430-54eda4dbcb0a,1769617756502
7d7feaf0-63c8-44a2-a487-e33b79b2a13f,1769617756544
a997bb42-d067-49f5-a100-5fbe3f12eba6,1769617756585
e5033777-67f4-42c5-8d1c-b53fd467f3a5,1769617756627
64e60ef8-f618-4237-b68e-5c81969fa9d2,1769617756668
bcc9aa66-d254-4ad2-b05d-d4dc7fb54834,1769617756710
4c63100e-174b-42c7-9eb9-6a2ca663f477,1769617756751
7fe61457-7a29-4850-973f-aa7a3316cf6e,1769617756792
71cf6885-fc99-4268-b070-fc4697b9a0a1,1769617756833
5e162c20-1047-432e-86f1-f1cacff0956b,1769617756875
4a04b41d-942b-4a46-9839-5730e26322ab,1769617756916
defac3a9-5721-4df5-ad56-90faf1c18305,1769617756957
b254599e-1fc6-4d62-99f6-bed96d36be90,1769617756999
83038693-5fec-4e82-808d-fc1c20ee3eba,1769617757040
d03a8a29-484c-4001-8df2-2095695331d3,1769617757081
55330a14-fb2f-425f-b912-810c25fa4080,1769617757123
7fa79aa4-b5c0-42fb-b692-df51c9378bd9,1769617757165
610f9573-f765-4513-aa25-1d5d1b2f44d6,1769617757206
fc26ba3f-f6a9-440f-ab17-8ece07d257c5,1769617757247
e48e4bae-1275-4e05-a75c-6f8ac51a1bf5,1769617757288
cc05912f-7353-40bb-b4b1-4273d614b337,1769617757329
a93cf880-68c9-4f46-8ea4-ead3b55c2cdc,1769617757371
d0b974c8-fb5a-43a9-b0b5-9ebe04b9c3cc,1769617757412
29d8f319-4fbd-4b6d-9089-760256ec76a1,1769617757453
8994bc76-8ab9-47db-ad6c-1dd1ff9746b0,1769617757495
9fed4084-7058-43fd-a2b3-6ab815ac47df,1769617757536
23b39fe2-7488-4420-ba0c-3d7f05981f28,1769617757577
4145d7c9-aa84-4f2e-8525-2aa424246b6d,1769617757646
f69b7989-b288-4e9f-9b85-f69018de230b,1769617757705
2e9e1d5b-191a-4e90-af85-f3d946cfce06,1769617757746
a8c31859-f64d-49b4-a890-a58ee646fb6f,1769617757790
e4c6ad52-a6de-4fea-8bdf-270743dea8b2,1769617757831
d3cd5ee2-b391-483a-8f4f-2300abd246e6,1769617757872
97904295-c345-4af5-b555-d799f2d20dfc,1769617757914
76e87de6-b384-4435-86b4-3b04ffae6806,1769617757955
b05c1b54-c590-4642-8929-4fc38130ed09,1769617757996
adfff266-b722-4fc9-b065-0d06b84ea5b5,1769617758038
e80a8925-f5ad-40eb-b6c3-8c3f13946b62,1769617758079
6500aeec-ddac-4bd6-8228-17a2b71f1205,1769617758120
932d5d3f-ccc1-4763-ac8f-7f216243428a,1769617758161
31c34e4b-298b-4bf5-a281-5a082daedcfd,1769617758203
fc05235b-9b64-4d14-8fab-11ddc05c70cf,1769617758244
b218f0bb-de90-4d07-b8ad-ddc4f357fdd3,1769617758339
e006e3bf-902d-4423-a5c0-51751510f6ac,1769617758390
63686392-ed96-4a36-8fd2-1ab7538bcfce,1769617758442
fe87b165-67ec-4c67-8664-f82b8d4f2089,1769617758484
345cc42e-b40b-4de7-8d9c-a8921cfb8320,1769617758526
0343026c-d53c-4526-b8dd-391be807bf89,1769617758567
3c9d2c91-e297-427a-8593-433e4987efbe,1769617758608
87c6c383-73ab-41a1-998b-c659e1ef16e7,1769617758650
592b3601-1b30-4f26-8458-3cf96f23a755,1769617758691
42e9f1fb-0700-4ccf-bf7b-4f46c4b23669,1769617758732
93859ce9-c640-40f1-b161-ebb50f092336,1769617758774
b644649b-8e07-4cba-a08b-c2161c4ddc27,1769617758816
0b771093-a8c0-48e3-9efd-07e6837d87ff,1769617758857
27cfd4da-0666-43b5-8b5a-e332b6d7f119,1769617758899
286153b8-acef-41aa-80ef-c2b53bbda42f,1769617758940
5820f7b2-00ae-4782-a4cf-773b1ce97f4d,1769617758981
ab4894fa-c61c-4118-9333-55362f5200d9,1769617759023
3c38bd3f-2395-45d5-8786-ade5a28903ce,1769617759064
8ebbb162-38f5-4032-ad42-874d2ce928cf,1769617759105
4bb0519f-cb06-483c-97ff-fd7ea6ac06a6,1769617759146
8fdb64da-fa57-4c21-9068-6ad21952a15b,1769617759188
c357fbcb-ec86-4518-8cd2-14ce42a041f9,1769617759229
7a1de3e8-2994-4ca9-a559-542e7819a7ab,1769617759270
df47865e-b12c-4c72-9657-a7d25e59473e,1769617759313
e7d042d9-51b5-4562-848f-822f7c8611a5,1769617759357
ee37ce55-ef8d-483e-9f36-485c9a2034c2,1769617759406
0e66cd19-41cf-4ae4-a78c-4b9771db1092,1769617759448
b0587314-8d2b-4291-8e92-4aaf741f76b1,1769617759489
2adf4f1e-9bd4-40f4-990c-545e8766b291,1769617759530
266d04a6-559b-43a7-aeec-7cd428fe58e9,1769617759572
bfdb53d1-9d6f-47b2-aed7-57f1b117c341,1769617759633
5745f391-e2ae-4f96-b5c3-ae96a4d5ce02,1769617759696
f3f22167-c8f8-4fb4-91f9-575ab5a103c4,1769617759739
e1f281b9-fd06-441e-b903-02d52a244f8c,1769617759781
35ca5d82-bcfd-4d0b-9789-0de2c4782aff,1769617759822
e791024d-047e-4bd7-945d-2f2ca21fa9e2,1769617759863
d6cc38df-5e21-4844-ae1f-b3bc617e4c8a,1769617759905
9b46ddda-43da-41fc-b563-1cb7716bf758,1769617759946
31ad60e1-f3ca-4eb2-9504-964fc1355536,1769617759996
013e0cb0-43a8-475d-86a6-9e3684116eb3,1769617760038
35c2fe53-494b-4673-846f-380a203a012e,1769617760079
c5fac930-dfab-4d3b-8da1-d876a091c636,1769617760121
b1e4039e-9ac4-4a7d-935b-89b65b311545,1769617760162
36281515-7f7e-415e-b186-5f9681b9bb37,1769617760203
b9668adc-3c0c-486a-9b75-4d2f0c3ccdd3,1769617760248
375d39df-4bee-4b34-898f-4ae95aa57b4c,1769617760324
fd09e5cf-046a-4643-bfef-2c5d36329f5e,1769617760366
5932b1c4-6936-4ee5-8485-d78c2fc08393,1769617760572
eaddccff-bf22-4eda-bbcb-d14aded40ab5,1769617760617
54d1ab8f-c098-4898-b297-8ee50957ba36,1769617760663
a7bdc245-0655-4320-9ae8-acd5f5b4116e,1769617760704
ad602dd4-036f-496a-acfe-1791d87b1dc4,1769617760746
869cc7c4-24a1-46e1-9b31-61fe573cd31b,1769617760786
1bce2ceb-3822-4c39-be8a-168e8e1593bf,1769617760828
278b0c96-752f-4875-b404-907d6140197a,1769617760870
6d30fdc8-a4e3-4651-ae58-be8346d73a9e,1769617760911
be8f1b82-33e1-4437-b026-30c97c227142,1769617760952
34e6fd5c-df9f-430a-9f0b-0d34b0d880f9,1769617760994
3a0c1056-0e90-4013-a95c-b5e61aefb16c,1769617761036
f56e2483-48d0-4085-a853-fb8d2ea362b7,1769617761077
a3c89ece-b6e5-4cc8-a6c1-108c5cba53c3,1769617761119
f77287f1-d938-401c-aa5d-a0bdaca8e668,1769617761160
99e38a01-6959-41ee-acc6-196cb1bb11f2,1769617761201
e8e64cca-d2eb-42f3-8815-4bfd28b9c22a,1769617761243
6f4a7c0f-424b-4a9f-83ef-c2ed618f797a,1769617761284
67e08166-3570-43e5-8903-766ab0a55a1d,1769617761325
9585032b-f545-449a-ab1e-cacd11a5ef38,1769617761381
e142b8cb-bee3-4124-b1c5-279ce89df004,1769617761441
e8941a05-2c84-4e2e-b7e9-381a8a5bddb0,1769617761483
9b0dd857-fb87-43d8-8b1b-a0b642ec5699,1769617761525
5342b805-a237-44df-9d13-5c22442e8285,1769617761566
533a2472-0af6-4ceb-97a3-8cb58e0bceb1,1769617761607
9bb96e31-52b5-4166-a955-8fdbe8c24b48,1769617761649
d83f41a9-b534-423a-b60c-e6dc4bdace1d,1769617761690
58f31cd2-bc4a-409b-b486-73a9df7de181,1769617761738
7073a56d-629c-4604-9e8a-e8cdad1aef88,1769617761780
735902a1-c8b9-4b04-aebe-705c0df7d573,1769617761821
bbec734e-5192-427f-b512-cfe0fe001b86,1769617761863
2b68fad0-3df9-4295-bf5b-954a622e93e2,1769617761904
5d8eb507-f66c-415e-948d-62b092193db9,1769617761946
87cef54d-e5bf-4b69-b018-535165d1dfe0,1769617761987
fe296ca6-1a50-4984-b3d5-6df7ca20d92b,1769617762028
d79dfdf4-9c60-43d1-b3b4-828c44c87578,1769617762069
8f9567e0-6603-4e45-b3f8-0885f25ffe0a,1769617762111
cf74d999-3c8d-46d6-ba64-614320a5b79b,1769617762152
5d05c7a6-09e5-4e3d-82b4-f6b12eb39f7d,1769617762194
7c5e8f56-7cd9-42f6-82ee-24b5bf63ab08,1769617762235
c5ae66d1-b358-421d-ac56-05efcdeb80cc,1769617762277
cf6255d5-05c8-47c5-ad9d-34ea5468c79d,1769617762318
d07bef6c-8ce7-4ebe-bdad-7a9c268d6384,1769617762359
7669cd4a-8856-4bae-99ff-6f0d8c8bb0ce,1769617762401
ffb19333-0444-4afa-9d01-fb4dac6b5aec,1769617762442
83316c6b-6f9b-46f3-89fc-bbf4858ffccf,1769617762484
71eff32f-331c-4263-a7cd-b2243060490b,1769617762525
96865200-c905-4d0c-81d6-f0875da3335d,1769617762567
779c3d1b-39dd-48fe-9e16-ce340468093d,1769617762641
97521d7b-9fdd-4e89-9d4a-ee5f7ddf9c5e,1769617762722
f5f84c46-a74b-45aa-8ae7-71760fdf2d28,1769617762764
b2b19477-d9bc-492b-8e1c-3c03f073b949,1769617762805
fa518894-d2a6-4e35-b45f-b6c09555e3f7,1769617762847
cfdf9c08-1484-4670-86a1-d0ae0536dd46,1769617762888
40a571cf-842d-482a-92ab-a4c3ae71a099,1769617762930
9a9d8c50-1187-4c90-9928-2de0a20c99cf,1769617762971
59051ceb-88f9-4940-aed2-b5044d1ff1df,1769617763019
42789493-cab2-42ac-90bb-0d00fc8d7fdc,1769617763061
057f723b-4d32-4222-b40e-dd9770ff993f,1769617763103
1a80d703-6ad2-4c14-b5bd-10e83a76ca5f,1769617763143
3aadbe62-02ef-4a14-b82b-13af9f57b914,1769617763185
04f73b70-4ba1-43ad-912f-8855f430b86e,1769617763226
44e7e8d6-b8d3-483c-8a71-86237f0ea51c,1769617763267
e17ea326-2e03-467c-a015-396ce4e372ac,1769617763309
655c607c-f54d-47a1-b571-c2627b78f307,1769617763350
de97ef87-3e83-4559-9baa-1e3b20e8cae5,1769617763391
b8322025-30d1-4e89-9b01-e2ac8aeb3874,1769617763432
fe6954e6-ac68-42af-8987-a0c29a5343b2,1769617763474
43834ee4-6573-418a-9274-439df7c84029,1769617763552
bafcdc91-0108-47ed-957f-1372db290126,1769617763606
fe987518-a656-4c83-8480-dd0969fd0b59,1769617763647
c16450a2-c0af-44f7-9a94-1ae3eb7737f2,1769617763688
fcf3793c-91ab-45b8-9ad4-4634279e1954,1769617763730
9b3beb2b-8ea6-4617-89f3-a4977dada3b0,1769617763771
b5e08fca-feee-49a9-b44a-752d97f52a14,1769617763812
b548f843-12c6-4a5c-ad77-6f9b95831081,1769617763854
9ddf341c-ec68-4b4d-a37a-b69cfa845936,1769617763896
2c10feca-4f43-4063-89a8-279c15ce0c01,1769617763940
e587d104-1a18-4148-876d-17bcb1fc931e,1769617763981
dd17f501-e736-444b-b389-0b38efafccce,1769617764022
84aec39d-d79b-4b93-b6cc-e752bfc2262f,1769617764064
a0600c28-7812-4f39-8cd1-c86fdf864786,1769617764106
1295bb31-e528-4714-8655-bb7f8790fec5,1769617764147
d12c4630-3324-4834-8b42-83276ed8aa1e,1769617764189
5b84c869-5025-4e7e-832d-8704c2f10952,1769617764230
6878907b-397f-46ee-8311-d0aa9d731118,1769617764272
c47aca58-b822-4a7d-8993-ca0562db1117,1769617764312
fa7ae816-aefd-4170-b44d-b4391c1771bf,1769617764354
16f7ffda-26d3-43b2-a66e-f9d7a16444f1,1769617764395
1f54f20e-d236-4003-a4f4-2cb3aae498c3,1769617764436
efd89d8a-ae44-458d-9c93-a17d8a8504d1,1769617764478
f0823418-2841-429c-a050-353cccbda988,1769617764520
f3616eb2-c240-4727-b91b-f4452c9529a1,1769617764561
11da37b9-15c6-41d2-ab97-81ab175cbc7c,1769617764602
829e74db-e3ae-4f55-bf8e-d629907bf0ea,1769617764645
c298077f-1866-4cca-8eb2-926e99cb2f60,1769617764729
8fcef3f4-3ded-4267-9c75-78a284362609,1769617764802
6d58eeb7-1563-43bd-a578-3f3b7e608d2e,1769617764873
39cea9f6-7284-419d-bf58-23f1930767d8,1769617764922
227a04bc-f718-4f14-b16f-d0fc2fe38949,1769617764963
f81c4a7c-f897-49a9-9092-f230e6a57cbc,1769617765004
dd8e17f7-fd0f-492e-bd30-7038f6b5a2de,1769617765212
64da8c0f-f12d-4cf1-8edb-43219a436623,1769617765254
7e80df5c-18e3-47c5-a937-dc8a95d7a4b9,1769617765295
76b9e5b4-8873-44b4-9ee1-a8616835e1dd,1769617765336
3f0c93a2-15d6-4974-87d1-b16669246dc8,1769617765378
60d30169-4176-4f21-a8d6-59223b5db59f,1769617765419
e3073d79-d4c2-4913-87e2-39ba02294e04,1769617765461
20bc2b68-e8c0-4cfa-b0d5-645c9d0227db,1769617765502
dd49d536-271b-43f5-8290-5639b3ff46bb,1769617765567
2c807a4f-6f04-463d-96e4-91abc946f3df,1769617765648
fb9b1969-4ed4-42ae-869f-e2be7eca1bd5,1769617765691
ce64d8ed-0f21-4601-8c35-22fd29cabb52,1769617765732
20e37cf1-ec38-410c-866e-c6e75de1b3a6,1769617765773
645d8c09-0b14-4a9c-bbae-09078b362803,1769617765814
f60bb4c8-c8c0-4749-a123-3d9d27d502bf,1769617765855
416728f7-86fb-4472-860b-165d95609d36,1769617765896
93a11e62-7f52-4a24-bafa-2b0dc32efe04,1769617765942
0d0aba59-6179-4475-bc60-d3c9581bf7ab,1769617765984
9431cbf5-e3ce-42c3-9918-22d84dea60e2,1769617766027
7d3b7e58-9435-4ee1-81f0-fdafbf2b02f7,1769617766068
54337580-0189-4ff9-8f00-ee5f0c6f8cbb,1769617766111
b98b0a85-1d5b-46aa-91dd-d456c1948572,1769617766152
92567fa9-4b31-402c-86c9-879b2e78265a,1769617766194
b28cb0d5-fcb5-4f33-add5-6be1fb00dbd3,1769617766235
c434ecb3-b9aa-446a-8f50-a3da4e5e3d92,1769617766277
67c038b5-bb06-4eea-9a70-d573ee4e9dca,1769617766318
2a3f19cb-af56-4206-8e5f-8f45d1e4e8df,1769617766359
73ede2a5-5d94-4a85-8fe8-cacf3d6c13f9,1769617766401
0111be73-74c9-49bd-a5b4-574690f16049,1769617766442
a179c619-9074-4687-b8d5-2d851e4c5165,1769617766483
970e810f-edb4-4bda-81b8-cd65286904cd,1769617766525
84f0957a-55e0-4b55-8a60-c0f6b3d7fb24,1769617766567
a15ec416-67d2-46d2-b905-5bdea7472c8e,1769617766608
05425935-f2a0-4d37-bdf5-d51436ad6830,1769617766649
fab0c26a-bc18-4fd7-9d31-ba7d7249e048,1769617766691
4ad9f786-6902-4f3b-934d-a2558aebdfc4,1769617766732
37f139b1-7afd-4955-87a1-22a1d830dc0c,1769617766774
4c592a4e-d8b7-44d5-9b3f-5401d6b19a84,1769617766815
0bec2e7a-b6d5-4f81-8136-0aff83f51413,1769617766857
1fa42003-cbb0-44c5-9fa8-a8c4a54f386d,1769617766898
87c8b706-7f65-473d-a21a-53e26db1bfbd,1769617766939
e8e031f0-405c-4798-b686-d6c2cd1a3d37,1769617766981
181eacab-c8ae-4294-837c-4c7b113bbb56,1769617767085
535da782-fb33-44d3-affb-83e2c32018ea,1769617767136
4eedc9a6-5902-481d-ab54-eb855a4d8fb2,1769617767179
8549023a-7682-44a0-93e6-2b51fbf5d7ea,1769617767220
66b58bfd-7e1c-414d-85ec-c7370a1291a5,1769617767262
a5e50ee3-6a73-4020-911b-622176454b8b,1769617767303
3b3eb518-3a2f-4035-bbbd-0ca289a2c9c4,1769617767344
ed7967b2-4e09-490f-a848-b09061b05ec9,1769617767385
df78a4a5-1501-44cb-bc6e-0ade45e21326,1769617767436
834f5d5a-faf1-44bf-b64b-fe0a80b796ef,1769617767478
ff52a98d-7b17-4ea5-99ee-b9b897b05895,1769617767519
0be73aaa-dbc5-479c-be24-e6f02d32c066,1769617767560
132a6b7c-84c7-4ba8-80b9-4f60329990f1,1769617767601
d8980e3f-30f1-464c-9533-575f59a82f15,1769617767643
51795a73-3a46-48d3-aa2c-3f0aa534fe05,1769617767684
350b2aff-4735-4c13-b7c5-0ecce18bfbef,1769617767725
9af97fa5-8c73-486b-9bbe-ebb49fe07076,1769617767766
6d512d2f-1ce0-4ffb-b616-6745e8ff7b81,1769617767808
b174cca5-a15c-4eaa-9da9-903312c3b002,1769617767850
bc531f56-83a1-429e-bee5-a9624a814c04,1769617767892
f77d335d-bb82-423b-83d6-9b62804b0758,1769617767934
be650c9a-329c-4790-a138-f380ee5f1552,1769617767975
3992cfea-242a-4ec8-b543-b094b11df819,1769617768017
604816ad-47b4-48ba-ad6c-2e0d25f19243,1769617768058
def8eb4e-b40e-4ccb-b464-da0e66159238,1769617768099
a23b7edc-f1ca-4134-8c31-1b13334151d7,1769617768140
61612f77-8d49-48de-ad99-bd2c01985e88,1769617768181
fe144936-dba3-4d5f-8571-22a69a44c068,1769617768223
f094a1f3-d469-4d2e-9c66-6c4bb9d5c1b2,1769617768265
f481d200-1a94-4121-b9ff-32c1f5afb6ac,1769617768306
a5d2437d-09c5-4a01-8071-229bce386980,1769617768348
6b5ee121-27f4-4748-8f7a-7b112dc8dafa,1769617768390
2c6a5364-9f8d-4473-aa6c-6172527372ef,1769617768431
f7a1e5bd-6e50-4617-a50a-8141f677a45a,1769617768473
5ce6da49-67ef-4282-8195-5d5750fd6731,1769617768514
8d34b686-3078-4477-99d6-d0e1e41fed21,1769617768557
1a2f472a-872d-44fb-b35f-095938a152a7,1769617768598
c1bfcf9c-aabb-4f87-86da-f9b8e42f5380,1769617768639
720427ec-ebe6-425f-a720-83b98236cd9a,1769617768680
db5d1be1-ab83-4e26-b19e-61c14c6c06b6,1769617768722
822f42d4-f2ff-4db4-b441-171a98b3104a,1769617768764
29e81e18-9b2e-450a-8be3-5617e4f6ccf2,1769617768805
8bf7a252-b676-464e-89f6-d2237de40982,1769617768846
375e6cec-ff9c-40d3-b3f3-5642b926ccb3,1769617768887
4217f56e-ee70-4170-a77c-e4fc45793e3d,1769617768928
a0e8675a-d7c6-4cd3-bbca-4cf1d3d43d9e,1769617768969
d8040476-d92b-4818-aa64-6f7cdfb3ae6a,1769617769011
a10e62d1-6ba8-4e85-9d62-1b7200cfec69,1769617769052
556ba7e7-bf9c-4e64-a14f-4d2041efcd43,1769617769094
5b85c890-671e-4c2b-b9d9-ca2b5f6c1a21,1769617769136
3c0051f6-8c22-4071-a536-5bc11e93254f,1769617769177
7c37c22d-37d3-4933-a129-0d5c7aece298,1769617769219
30e64e72-8457-4d9f-98b4-06e7bb9ed4ff,1769617769261
e611481f-ef2e-47c0-b4f6-86f3dc67266a,1769617769353
0e41f41a-2c6c-4fd1-bf06-4305e545cf15,1769617769395
9f573194-f569-44f9-8372-696dda133831,1769617769436
1ac1711b-0f31-44b4-ac25-8c6915ed97af,1769617769478
9ce15af6-f4dd-4bbf-9256-a94b85b1328b,1769617769519
418c92e1-5eee-449c-8bcb-234bd1568db0,1769617769561
deafbb88-69eb-48d3-a36c-150dd32bad32,1769617769770
d31f67b0-8916-4e7d-9bae-e17ffe633f8e,1769617769811
4c46f442-1ca9-4020-bff3-d58df4c180bf,1769617769852
75ab4382-a9f6-4195-86ec-7ddce8a59ee5,1769617769894
d523dd12-eee6-43ae-acd6-f61354d3bd9f,1769617769936
e337b5e3-7714-4863-80aa-395804625c08,1769617770011
b80a96e0-9406-47c6-8a93-de81f557bdcf,1769617770053
9ba7ed8e-cfc6-41d6-82be-a4fa2b854105,1769617770095
394304d9-d3fe-4cbf-ac09-697b63172cc5,1769617770136
f78732ae-4ffd-4846-b5f6-f1c857f9c0e1,1769617770178
666b56af-0754-43ce-bd67-7934dddccdc1,1769617770219
79f74143-b2c8-446c-ba33-c65ba3254a65,1769617770260
56ee2c69-4ed0-4de3-9134-c6019dfd3e6e,1769617770301
5b9cdfc9-a92f-41a3-8306-58ad4e44ed7a,1769617770343
8acfef71-cece-4705-a26c-f2301006ed06,1769617770383
5ac89c70-0ee2-4fa5-b85c-eaf265bb47b7,1769617770425
c4ba962a-8a98-4ca3-bca1-535e6d89ea6b,1769617770467
9bfa8c17-8690-4269-be99-ea401fbebda6,1769617770509
a1725987-8782-419a-a1b3-038cbbcc667b,1769617770550
08110648-0604-4409-a608-870ebc28802b,1769617770592
b816155d-5486-4c69-b479-96598491a3f2,1769617770633
44cb0f63-b163-4b9f-bfd5-883583c85cb6,1769617770703
83c104ea-844e-4ac5-a9fe-ecbb6539a39f,1769617770768
5f2c25ec-ff52-4ae8-bbb7-9421c2dfa681,1769617770809
34a2a82e-e563-469c-b474-08b2ac23e5fd,1769617770850
18e8bdc5-7ec2-4ef3-9d1c-749051bd69ac,1769617770891
786efd01-a644-41ef-8b29-b91d765efb2a,1769617770932
2d9bb31c-bfa0-4d50-aadb-24c6a04bfff9,1769617770973
c6c5ed4c-be29-4c72-82fe-ee257ecdec38,1769617771015
4aac8d90-4b52-43d0-af7c-80033e7ee255,1769617771060
af91f612-e9c0-4f76-9ddd-99355e71b149,1769617771103
5075b2ed-9364-45ee-a5d7-78a3d4bbf7ad,1769617771145
aa69a8e7-3c5f-4559-bda9-ee14c307125d,1769617771187
b660a55a-d9bb-48b7-a16b-89525ed90c56,1769617771228
2abef808-68b8-4976-b1d3-08109ae37fe2,1769617771269
896d7f3b-b7d3-437c-b858-e43624000eb5,1769617771311
b3d2b664-c770-4a65-9d82-710dc569e789,1769617771352
a1754de2-d2af-4478-b10b-93457946c163,1769617771394
780c25f1-4d1d-4232-89aa-4702f9a2cc79,1769617771435
0835075d-5af3-4a13-835a-fb18936b8f41,1769617771477
fbf4058e-fe64-4b6b-9886-ea8e4d1d9f24,1769617771518
2374d69e-5a0c-48de-b049-56b375f40ec0,1769617771562
cb9d14d2-a93b-4435-b55f-853ef65334e0,1769617771605
86f3f08a-9414-4895-bdbd-b8babd50d9fe,1769617771648
b1bb58b0-444b-4682-8deb-e63382581a6b,1769617771744
1d301794-2a41-4d8d-81aa-9d486ee5dec4,1769617771786
8c0398df-2eb3-4218-9063-87981d41d9a1,1769617771827
123bd1a6-c27a-4d40-b949-aaf375df4788,1769617771868
4f1d3e8b-8c0a-436a-a67f-596a75659011,1769617771910
a917a19e-40e9-48cd-8c02-5d1c08e65887,1769617771951
697e0c24-55b6-4eab-8222-524f53ea2062,1769617771993
2ecfbb26-adee-4b96-ad58-f55772e20e68,1769617772034
c451da9b-8d8e-4439-bd39-483e4d759a08,1769617772076
132b8df3-39bd-4e07-a915-70ab62ff514f,1769617772120
c3d0cf17-bc31-45e1-9d1b-d411d1710fe5,1769617772162
cfecf7f6-b041-45b4-ba87-9b459e69f696,1769617772204
d581f94a-eaee-417b-baeb-e5ae8ac2b820,1769617772245
9ee242d1-da07-4c7e-b20c-0b44d2e2c438,1769617772287
144d9326-57fa-4ac6-bc0f-b961225d84a0,1769617772328
0c85cbde-1d16-495a-b48d-de105b56e1e0,1769617772370
768dfddc-4dbb-402d-8242-b67a9c732841,1769617772470
7e65e262-a9c4-4835-9dd3-701b539a657e,1769617772517
94057903-30ba-4fc5-ac77-78948ece9ba3,1769617772558
97dfbedc-86a3-45eb-9c6e-88d26d68f225,1769617772600
b1bb7f4c-cf97-4556-99da-a5c436535c65,1769617772642
dc6b2df6-d5a4-40fc-bf71-64777129a19b,1769617772683
c5c38f98-610b-4fe4-95d0-573e7259ac52,1769617772725
6b6b74e8-f5b0-4636-a15f-b60a2d6cea6b,1769617772766
fc5a06b5-8d32-40a1-8f00-5c8b492b25e7,1769617772808
814340a7-4d52-453b-8b31-665dd5c23cb2,1769617772850
d903dca6-af80-4338-bea0-b696337cd6ca,1769617772891
63a5a520-744d-4752-9107-60fe1809d85c,1769617772932
789bb848-ecda-40fa-8ef4-fd26ad0abf97,1769617772974
c3d9b0a3-4322-4839-a01d-e4367dfbbd9b,1769617773015
4c6f755c-14fd-4f6b-a1b3-8b3cc26e0183,1769617773057
2bdb7f7f-bae1-4dfc-8a83-917653186684,1769617773098
b709b4a5-01be-497f-8e37-d8528ce6c5d0,1769617773139
089c82a2-2bd5-4fe8-a0c4-51f3f427bcb8,1769617773181
ecb07b97-2336-4f25-8426-241e857cc2e3,1769617773223
a4a2ebd5-848e-45a9-bb15-e2023e98cb29,1769617773264
a3fbe620-1ea1-499c-8629-5bf6554934ef,1769617773306
6cd3b72f-fdfe-4fda-aa5a-02827610ae4c,1769617773347
87dc8274-ac90-478b-9c9d-2a2f04952e84,1769617773389
59eea15e-7c32-492e-9636-bad06860a2b5,1769617773431
6c05ffb3-7523-4539-a464-b00d881b6ced,1769617773473
2994c134-b7bd-4f71-aa0b-dfe5270cbf0b,1769617773515
0fb963b9-00ac-411c-96bd-d38343d90dc7,1769617773556
2055ac41-e038-433a-8bcb-7099f521c6da,1769617773597
3edaf112-2330-487b-86b5-a65e52988126,1769617773639
d6f6e18d-de54-412a-aec7-255e64256df1,1769617773681
dac6a365-eb4c-4f03-8d47-45beb916d0b9,1769617773723
6b938085-f8f0-4f4d-aa38-b8ff19882177,1769617773764
e9e193ca-04b4-4199-8dc7-4d46bfcf89c8,1769617773805
d0d84603-4858-4a37-91d6-01ab91d56859,1769617773847
c1194e12-95d8-4e98-9f98-252ef2c7b3ac,1769617773889
ed61907b-15b5-42b0-8c1c-18a2f5564de8,1769617773930
8798fad3-0c99-462b-9e53-422b7771212e,1769617774032
cc9be373-f212-46e8-848d-686c7717d5bf,1769617774075
7e1ce9fe-40ad-4df3-98fb-3704fdd53fa9,1769617774117
59dcd0fb-35cd-4e5a-9960-c570a4aa3e64,1769617774158
3f63b7fb-8d02-40ec-995b-1b755b8242ca,1769617774199
98073eef-8cfa-421c-a225-2be30302d17a,1769617774409
0bb48468-8bb6-4ca8-8021-d76a49bfebb4,1769617774450
860da76c-6c51-4fec-bd15-0639b66423ac,1769617774492
f36aacdd-2181-431f-b19d-2f74a5d630f2,1769617774536
f497bd31-fa1e-4ac9-bcc1-861dc1ff3da8,1769617774577
3c1c73d9-8b9c-4335-971d-cfdb6c85ed0f,1769617774619
96cae4f0-fba0-4fde-aa1d-c047bda7586e,1769617774660
c90d6e4b-6aad-41a2-b4f7-936139046cef,1769617774702
c11e5104-5333-44a4-8828-1edd87bbc4c9,1769617774744
1f1bfa5f-8a80-4bb9-a410-7415c08685ac,1769617774786
3441710e-0891-43b3-a361-0a7c937b71c5,1769617774829
434191c7-5629-404a-802a-01a63d6b1d94,1769617774874
59d1147e-9766-4c95-975c-f4bafd3f4f1d,1769617774916
fa486d77-4dd0-481d-9a0b-fe37a4ad7ac1,1769617774958
2d63c416-adcf-4661-a34e-80dc72d69330,1769617774999
431c0497-8c77-4ae3-8f06-e92a3fecfb47,1769617775066
f43f9565-2f54-4efc-8f47-e1460fb3f97e,1769617775116
0f41493b-20d6-440b-98e2-64e926e8c5e0,1769617775159
22469dd7-0b7b-4387-904a-368b3649508d,1769617775268
61c8c9b9-7069-472e-86e9-abb5f4764f56,1769617775324
5c3f1333-95a4-46ba-8db5-455607a98541,1769617775365
6f1fa6b8-ae3c-4d76-afa6-329b72241db8,1769617775407
e542d8b0-34cf-4095-9d04-00cdd4f897cb,1769617775448
e16803db-3311-41f4-952d-75ee638ded8a,1769617775489
331d7a9b-13c0-4e2c-8d40-71bd2ee9cf44,1769617775531
a17b9831-5d41-4f97-90ef-1ce5cd69119e,1769617775572
54e7fe92-8045-4807-8694-2c932248449a,1769617775613
50d9cf7c-1a60-4320-ac24-20cec7cdf274,1769617775655
cabad10f-2bec-44cf-b09a-a0cfcd1f9f19,1769617775696
9556a2ba-d2b2-40f0-8bdd-f224d8a268bc,1769617775738
07f5845e-1425-4f10-8725-341b5b95e1ca,1769617775780
36825387-f789-47e6-83b2-968853f88d61,1769617775822
8d9c6975-fb05-411e-8d54-f7d9543c57e5,1769617775865
ec96f110-3075-4309-8402-8484c6fb38a8,1769617775907
e69eec18-a0fd-4ee5-9c99-194a70d4afb3,1769617775949
f2e287ee-9fe5-46d5-afae-78fd6be01ee5,1769617775990
1952d79c-eaaf-4a0b-a888-2730f4dabbf8,1769617776031
25f3cc37-0687-4aa7-90fb-bcd51880bdad,1769617776072
eccbf105-a6f6-4585-ad2e-c3e440a7fed8,1769617776114
f5dae605-4d10-458a-9468-314bd44b8189,1769617776155
f527aca7-c84a-4aa0-8ecb-235f322ea0a8,1769617776196
0c3f9435-64b4-4ff1-911b-ef6ea8a9108f,1769617776237
3fa9abc8-3281-408c-ae32-476ac1c078af,1769617776278
e54b8c09-9d2f-4b3a-afd3-f81087a47ef9,1769617776320
19d6e905-3987-4715-aabb-5b17fce67ac9,1769617776387
c1345081-345c-4c79-80e3-8825be120b86,1769617776471
d5b4c750-493e-4782-a617-cb524a25ec6e,1769617776512
7ede4b0d-cc34-494a-b07d-e76b28bb573e,1769617776553
bed70844-3b95-4114-9229-772f4a92d90c,1769617776594
6f5c30ef-d0b8-4d36-9291-000f43d60af0,1769617776635
bda0a8d2-99df-47fb-bbe1-342518a333ab,1769617776676
470f4e8f-6351-497d-ba22-e040ca0df91e,1769617776717
a8709aa1-4771-4211-821d-10ad0d23d5f7,1769617776759
fabce62f-4ac2-48e9-804f-e050445fd9b4,1769617776803
1c4006d2-2f93-4594-acb3-50bd1e535d73,1769617776844
bc0f1de7-f019-47fa-baf8-2e989dd6329a,1769617776886
f3e1b329-b263-4a3a-9d92-e5ba7c2b27bb,1769617776928
b2b3ac9c-f0eb-41c4-aa23-e4f9f57270ee,1769617776970
99ee83f5-f5d9-4a46-9fd7-af1e949c5b95,1769617777013
072f39ae-2954-4100-8b35-15cec774d329,1769617777054
3796e364-391c-4fa0-80c9-abc0bea2701b,1769617777131
1eec39fa-f096-4817-b94b-47df407d738f,1769617777218
fbf170ce-f0ad-4470-b74e-bbd4e09539d7,1769617777259
5f512cb0-149c-4076-9f9f-44a87b3b49bf,1769617777300
2e21e576-5ffd-48e7-aba6-e9954b4a1f2a,1769617777341
01c9592a-1e1c-4429-9923-de13e59ef24a,1769617777383
cac965ee-d7af-40f3-90ae-cf6bebdcc4b1,1769617777424
f119e223-6404-4144-8209-7af6a883ca8a,1769617777465
a838f2d2-8a08-4f3f-93b9-4e26463b0557,1769617777514
948f5b74-5bb4-4f82-a148-1173084bb0ce,1769617777555
a783e8e0-41f6-4174-9e75-7715573fc4c0,1769617777597
c9e59e6f-b3f6-4ac2-aba5-4b2b6d236264,1769617777638
a9fc7a74-b9cd-4b5d-a68f-84b0e3703b24,1769617777679
4586400c-8c0b-4e40-aeac-d92cfd5fed10,1769617777720
4c844b7c-c82e-4b76-95c5-d54d9169c380,1769617777762
20714248-4dcb-404f-b719-8ef048de513e,1769617777803
c7963009-79d7-43ef-9178-f0907d849810,1769617777844
c23087b6-7d1e-4a05-9d89-beced5ad317a,1769617777886
748c1454-3d6e-4526-af76-1308338a50d0,1769617777991
f0dd589d-2fd5-4731-853b-b4c89bea0cc2,1769617778056
7553ce77-7049-475f-834b-56d3def79873,1769617778100
155ee249-431c-453e-b049-ad2579478a32,1769617778141
76dde949-5cb6-434e-8d85-47c9251f51d8,1769617778182
5eab6b1f-42f5-40f0-8992-71c983a4c07f,1769617778224
966e078e-88e6-4a40-8151-b1658249adcb,1769617778264
f0c68505-efd8-4dc6-a0db-79c179b308fa,1769617778308
1471998f-632d-4afc-9463-229e7f49ca23,1769617778350
c0cd8af1-d08b-456a-bcb5-a94774acfa08,1769617778392
57ab5d0a-ce89-4f30-8fe4-c21073fae9d4,1769617778433
aff4abbc-6f9a-4b93-92ea-080ceb4925a1,1769617778487
7ccc5290-be07-41f5-819e-9dfaa926f2d7,1769617778555
90c96cfa-0941-41cb-8704-d29b12539c29,1769617778662
4e44e7fc-68cc-4846-a2a9-94df219d8308,1769617778703
e635a22a-4e57-4101-bca3-05c611421e0f,1769617778744
17b149cb-5a99-421e-b59c-c6e83e754973,1769617778785
ebe2bb28-42ea-4447-a49b-807dd88c7182,1769617778826
8407b465-0dfd-4c9d-907d-4d5ae134f954,1769617778868
b8343877-665d-4c0d-8bc9-fa79b5fede57,1769617778909
0ecb7a54-98d1-4d34-a361-43ff066bd611,1769617778978
107f959e-709a-48bf-a77c-71a699df7993,1769617779045
eca447cb-9697-44a6-bd7e-81404a9777e0,1769617779097
a43ca88e-8325-4702-8d65-05dbf43da121,1769617779294
f51d6536-0f7c-4199-b5dd-71e3dc0236ad,1769617779336
ed4fcd2d-a455-4541-b658-2af49a16d97e,1769617779377
e77a0074-5800-455e-8fc0-a041a0032c37,1769617779419
6992fc28-0425-4be8-9c50-0ade4a7ff3e9,1769617779460
0a4a06e3-15ee-415c-99ca-70bbc1067439,1769617779532
df9b338f-f855-4a6d-b929-64c8ddc61aa1,1769617779594
1da92fd3-8333-40ea-9c13-6d5f04b6d900,1769617779635
387ba407-9672-44b0-b647-7bb697502913,1769617779677
fcf8728d-8003-4003-bba9-2b56776a743a,1769617779718
9f8bde47-00ca-4a6f-882f-b8086f34b0f4,1769617779760
a1edf504-1f07-4387-8a64-36cae717553f,1769617779840
e4a1d049-640f-4ef5-b6ff-c3c3f56b05eb,1769617779932
949c4f58-7563-4d8d-9b09-59dbfa5f57e9,1769617779974
75d3f198-28a9-423a-bfa7-4faf2ba1e6d4,1769617780015
74ab6b39-e3ce-43b2-959e-8680e75dd97b,1769617780058
1271ffa2-8280-4c66-8658-9e9d29063664,1769617780100
e6840ff0-36bf-4698-9b4f-cb6e14bc3b31,1769617780142
9b5cc4fe-72b1-419c-8efa-9cf5ca884e34,1769617780184
72f46a1b-7cd9-4c55-bc6e-fe49c61fef0a,1769617780225
f06d3ea0-703e-4ec2-83c2-64c87cd41da3,1769617780266
19f084f2-eb32-4a94-b4fd-e4a8759558c3,1769617780308
bbb1d433-5aa4-4a64-910e-d89e651100f7,1769617780404
83ad0e45-03cc-4f9c-b7fb-7142ab3a332b,1769617780446
d8b7dc18-c972-4a04-984c-236a9b82b64f,1769617780487
75d22d61-139c-454b-b166-1d2b520afbb6,1769617780528
c84bdc83-ce5d-4af4-aee9-78d68d046bc0,1769617780570
3f6540b1-4dcf-4c3a-90eb-dab6d55989d0,1769617780611
75ba3b68-3b17-47d2-8914-cc88d9aa5576,1769617780679
7f427d26-c0e9-4eba-bde4-19601ecb34a3,1769617780762
26e33932-9015-445d-934f-352eeac24d4a,1769617780810
0fd4cfc5-06e1-4f14-9367-06ab0eacabf7,1769617780851
fd78cb29-6400-4679-af4c-16b959691a90,1769617780893
5b97fdbc-31e3-483c-a810-ed0010709f00,1769617780935
a09163e2-b94a-4407-94d6-4b22c8db07e9,1769617780975
6935dc6b-87d4-4b2a-b83a-10c95adae3a9,1769617781017
61797fb3-0449-48f0-9936-9adfe9b84b45,1769617781058
b8a75614-e909-4202-becd-4aad7e468e81,1769617781100
f6e8e36e-4899-4c39-8e6b-9bc256753f4a,1769617781232
3172951b-32de-43c8-b94d-9c20abfafaae,1769617781275
1681e70b-bf04-41c6-a8ed-8a1781252c2b,1769617781317
fa8b8a4c-8fc7-47c4-b005-9a10fd9ab8e4,1769617781358
e5eb6acc-6e77-4fe7-a3de-2828f2873f02,1769617781400
c6974b5c-f381-4978-908f-ace7e8c33e99,1769617781441
39d071d4-8f4b-4d38-bbce-4298203aed99,1769617781485
9ed506ff-68c9-4418-9923-a15647973fc8,1769617781530
443a649f-c700-4de2-a9ee-72ad460562fa,1769617781584
c53379b7-32ed-4c3c-84f0-e33a1884d43c,1769617781678
762bd770-dd66-49e9-b747-6ef9d5431ffb,1769617781720
a8977524-255f-45eb-97e2-83712b4c001f,1769617781763
2e7da0a1-a00b-4ecd-b787-60955f47c7eb,1769617781804
a5d89610-2039-4d46-a954-04f7a663c338,1769617781850
0fe7c507-5047-4180-817d-35f4a7cd68b7,1769617781896
1f05337b-ba5f-4a42-8575-af29c4ce456d,1769617781938
492feb02-dffe-4504-a011-ac07a23ba71f,1769617781982
aad821aa-0720-49c5-a0b0-08d890b4864d,1769617782024
d19b1549-932d-4350-abee-55ba1a9be827,1769617782066
ca1882c0-22b6-40b6-86b6-fd54ad1b3dcb,1769617782109
a3c1b042-fdf3-4377-91a2-1425031444e6,1769617782196
98861c6e-3249-430d-818c-1768d11c4c67,1769617782249
cddc881b-e6e8-4af0-a775-ef5794f9f6f4,1769617782293
7e085f8a-d143-4950-bdbe-529168c610b8,1769617782334
8091ab0d-ee9c-493e-88b4-8b9c84779968,1769617782376
bdb91d50-2dd4-4cf0-82c0-7f0c07246a7f,1769617782417
d39a5d07-0e27-4e51-8d7b-d96792848c3e,1769617782458
6183a560-438b-4d5c-975f-11d9f80f6c51,1769617782500
57667dea-0bdf-4eba-aa7d-4faf4646ebc9,1769617782542
d9bf9545-7ff3-4614-9f49-38b76c86446a,1769617782584
54865570-aa50-48b0-bc39-512ccb6e5ea3,1769617782687
3857c2e3-d018-4d5b-a09b-8263e9138638,1769617782730
fdc5ab4c-8672-404b-93e3-1f6a6da6709d,1769617782774
84db3290-6142-43fa-9797-b726fadcf461,1769617782816
c58f12c6-aa5d-4cec-a665-729c752e813d,1769617782857
de860d93-88ec-4c0c-9dbf-6ad03243d867,1769617782899
f54ff166-c2c1-418b-828b-99da8611c215,1769617782942
b0b8a404-56f0-4364-87fb-d11be73209bf,1769617782984
004947e2-5a26-478c-8eea-a01b4db0e55c,1769617783025
d2d5adab-d3d3-4476-9f9c-c08fab12b72a,1769617783067
b6e449d6-6573-4be8-8283-34e27cfbe153,1769617783108
1bf213ea-2cca-4844-bb2b-5d1ffdf1b356,1769617783181
22a40559-27cf-4972-830e-c24a2d25e5d0,1769617783261
85aa1cdc-aa9d-4131-8d6a-430dc1517bbd,1769617783304
987ab2ac-cb7d-4e21-b523-e31064fa77a8,1769617783345
73ea8f90-ae21-46d9-ad45-cef85f81e5e1,1769617783387
e5cfe976-5b17-40fe-b9ea-216d849b7762,1769617783428
614fb846-b60a-4f4b-add2-a7cfa6438f38,1769617783470
a3e6d763-7fbf-4c21-b6ca-3b65ac21b512,1769617783511
a9d3eb9a-e81e-4563-a756-bd0e5b0f0326,1769617783552
0ed9970a-29f1-4fe5-b38f-d2b581d15378,1769617783593
701e5792-ef48-4c51-a342-c0e663b23172,1769617783635
1308ec7e-d6f9-472a-bc8a-cbee85dafaf7,1769617783725
7dca25ca-c10a-4ee0-8c93-641f9f739698,1769617783775
317a023c-94d8-43a6-b561-b0fcdf437052,1769617783817
0711c27e-2438-4b03-9434-b1af8bab32a3,1769617783859
0ecc1a6d-00b5-40e6-9075-3196621da607,1769617783900
cefeb611-49c3-43d2-84fe-ac2d2656186c,1769617783942
3ea12f5e-5c27-473d-87b0-24700e25314b,1769617783983
e86012ec-5ad7-480e-92cb-3af1870c6df7,1769617784024
3e6df8e7-1ea1-434c-bac2-93ceb0d6051c,1769617784110
ecb8f661-7d6d-4c16-a13c-425ad57f75c7,1769617784153
7ce72c02-d38f-4fcf-843c-cc604f2a82e5,1769617784196
af002fd9-125d-4a25-bc08-2c0b4c1cef1c,1769617784403
4bbc57d3-81ec-44c8-af4e-0164879be10f,1769617784444
f9049714-dd8c-4e43-842c-16bdbedbb186,1769617784485
9c1410bc-692d-49a7-a4dc-b57f93691fca,1769617784552
a3fb3a9a-441d-42ba-8714-554af3274ca2,1769617784595
17bcb439-8aeb-4050-ac86-17ce37a792b0,1769617784636
671c263d-2df1-4cbf-b3a7-d7169b4bf02b,1769617784679
7b98fc45-4fec-4427-8d60-f4c3c203a8fa,1769617784720
04834214-be8f-4ed1-9d18-bf18dba87ea1,1769617784762
cb19759e-b04d-4dd3-bab9-9901debc49fa,1769617784803
122d5749-8ef1-4d75-88d3-9070d630d8b2,1769617784845
7155e9d3-ef32-46d6-aa10-8f4ceac20ccd,1769617784886
e3c7bd9b-5283-4c15-b22d-c3463376d7ab,1769617784953
4b2d0dca-3e68-4ed2-8a6e-15bbe8f5ed7a,1769617784995
e5e298dc-5c55-47d4-af0e-a7bfce52ce73,1769617785036
7a5d5763-3857-41d4-a1c0-9607f18476c4,1769617785079
a21a5fef-3fe2-41f0-966a-8a944e9c9d98,1769617785121
3a26143f-e748-4fb0-a39a-1b92ac8c4356,1769617785162
55a2a201-84ac-45c2-b842-d58b54623736,1769617785204
1af353c2-7d2e-4b72-b4df-4237bc48c61d,1769617785245
95947121-2ace-4527-8a47-a5d1049a8219,1769617785286
02bc86d7-4736-4fef-b2af-a801606c4b0e,1769617785329
0749d8b9-828b-4532-9e45-9fd9ff40f3bd,1769617785396
4dbf22b8-7e7e-4abf-8300-6d9fa0bd8a55,1769617785470
3e94e90c-9ad1-45d0-b4c8-9ea03d4cf2f8,1769617785512
d93ca214-e110-4e4b-869c-a02860c54c4f,1769617785553
838720ef-60ed-4ed8-8f22-515c74064459,1769617785595
883110f3-b152-42ac-815f-125d2ab8eaec,1769617785636
7c01d3a2-32f6-400d-906a-065ab9acb6dc,1769617785678
d0e4e199-4746-4af8-9ae3-99dc1ac10e47,1769617785720
d443f4ee-6abf-47d6-bd7b-d0161c89ee0e,1769617785761
4fa0eb98-3615-44d0-9eb9-f5d0be44c99e,1769617785832
9a8c1b20-902f-488c-aabd-6fec4f78024f,1769617785881
f039500e-9d15-4074-a1c3-0519ed7b374c,1769617785936
223434c2-8863-444a-a669-83c579dcbf79,1769617785978
425501bb-c8f5-498f-9402-562d071d8e1b,1769617786019
623c8d1d-5bdd-4a39-8c65-ef897adb0410,1769617786061
0c81ff27-aec7-45af-9119-24c929204be1,1769617786103
67e05682-1b12-4674-9626-b33c617125d5,1769617786145
fee7671b-b896-44e4-9f99-2ff19e3f56b1,1769617786186
5f8d54ec-4708-4e90-832f-135294e23dea,1769617786228
71dbc2fd-7598-454c-9623-dfe176d5c74a,1769617786321
b9ff3c3f-53a4-481f-bb84-fafe2f3f2a7b,1769617786362
ff1f4990-5125-4df0-ac95-9489cc8302f2,1769617786413
8acb1f31-6748-4639-b254-817ece641878,1769617786454
e1a34a78-3c86-4d10-9be5-cea06155be8b,1769617786495
5fb230b0-0b3f-4d89-b797-c617b1e4283d,1769617786537
c04f5503-9e68-4b78-a381-62bdf4c504ff,1769617786578
0eb7384c-7fbd-4146-843b-c52acb619ce8,1769617786620
a2d99074-93de-47f1-9f63-dcc9ee62cf5b,1769617786662
22721a53-d918-4b54-946f-f4e4128b3569,1769617786743
90a46609-f682-4332-b5e2-65aadabd7506,1769617786858
abf0e9d4-cdf9-41bb-858f-1a863eb274d5,1769617786899
627869d5-0495-44d7-9a38-f469b0e75e89,1769617786941
af62a0e9-7a41-4d86-9722-094e384bcb49,1769617786982
4df9c24d-b8d6-42b1-b606-8cefb115240a,1769617787023
c60da73b-c308-45fd-a4ad-bc3187d4fe85,1769617787065
b10c12aa-629d-4881-9a0d-229288ec11fb,1769617787108
9675e1e6-30e7-4259-9de0-be36cf1b25da,1769617787149
19d5a501-0cfd-4893-b299-209b1a2985bc,1769617787191
275976eb-e3a8-4dbc-bc7f-7404721afb66,1769617787249
e80f90f7-f9ec-43b9-b2cc-2a4ed1108cdf,1769617787306
3f129fe0-4856-41be-a7e8-04edfb101ff9,1769617787354
1913fcba-fd6b-431d-95e9-e432d92ad9f1,1769617787396
682e47cb-fe20-4adf-8013-f925fd9773cc,1769617787437
3226f945-90c7-4362-9fff-1b09ff949379,1769617787480
d9c83aad-a406-4a69-97c8-821b99ef2597,1769617787521
dc879cd8-e2b5-4027-916d-d9ed261bb4aa,1769617787562
7679f14b-9759-4287-b54a-11f3438c84f0,1769617787603
14d33efc-6402-41d0-a97a-8b0f6476c975,1769617787645
45925ac6-2f69-47d1-a040-686c1524a051,1769617787686
5d3873ce-8df5-466d-b01e-edc64964fab8,1769617787797
651f6889-b003-4d49-b252-753631a5da66,1769617787847
e2412831-3ca3-4e41-8448-48476f903434,1769617787889
cac77f8a-c404-4529-8682-ee4f4790e5b4,1769617787930
7abbf40f-11a3-4f61-bd3b-f58e4c806569,1769617787972
8e23d47d-d2f0-445f-b174-646e67bae5fe,1769617788014
87898ec8-d605-4e57-970d-e9eead708c27,1769617788056
60216dd8-0d78-4e0e-b169-f612b01fe983,1769617788098
9db83ddd-4be6-4365-a0ed-c450b5e68782,1769617788143
107c32d6-07d1-4d6c-a8ff-0039c1975350,1769617788185
76f84fd9-fb04-4469-8115-acd8f908de94,1769617788226
bf87c322-0a22-4ee7-a6d8-52a657c38fce,1769617788267
1b55e25f-a4d1-4655-a0fd-d4226d12acce,1769617788310
511f1c03-e495-40ba-a51c-d20d7f4ee457,1769617788351
205e33d9-c7a4-45c5-a5ca-625e6baff21c,1769617788436
6b9a75ab-31f5-4454-b129-73866744c986,1769617788500
20133483-0425-40aa-82d5-ceb03ecb2836,1769617788542
ea22095f-82b1-4db1-87fd-b7c9410f5d4f,1769617788583
962c792f-dfd9-4711-b6be-6a3eafe40df6,1769617788625
b4dcbe32-1dae-4baa-b4f1-c3e1b91c04ad,1769617788667
f7203d31-2323-4444-85d8-b0dbc79ec4f5,1769617788708
b7da24c6-7d6f-434c-b348-ef5153285d4b,1769617788749
ed1f504b-1e40-4669-a257-0956d6993cfc,1769617788791
97a4caa1-71b8-4269-9af2-f4f4fbf335ee,1769617788833
6d6bd185-3ccf-4986-a1b8-f396e8549271,1769617788875
35c97be7-0704-486c-aaa9-b8dee6ffd338,1769617788926
19cf57e8-cd38-42a5-b5ed-03c7fc45cc8b,1769617788987
5589c1ba-6a66-4df4-92c5-62e786f97f26,1769617789037
671343d5-868b-48a4-bf7a-5b97764be333,1769617789079
ea44baec-6185-4190-a25f-adcfda13291b,1769617789121
2eabe055-15e1-45b5-a38c-839e8db6b5d4,1769617789320
2ff46a27-26bf-4a38-a4dd-36397963b49c,1769617789361
09c4f5c2-4d42-4661-9bff-8325f8904519,1769617789403
d996fbae-f21c-4e73-b41f-0b91060c5783,1769617789444
b822d9a0-145a-4524-949d-12f2faff7c7d,1769617789486
d033a4c6-0705-446e-a640-3b621372bd39,1769617789579
e7d9a149-f66a-4972-9556-52d2c3c5676a,1769617789638
884f5559-5a18-43b5-847e-cfb0e9430d88,1769617789681
1332f8ad-2e3e-4796-93de-049462dd1bdb,1769617789722
235f56a8-5d55-4f36-b7b2-ce109a22e832,1769617789763
64d3a597-8989-4025-ad47-f5819e1d6015,1769617789805
74ea3ab1-b163-4a5f-a100-d306e886d3f4,1769617789846
a3bd45fe-085e-456e-acbc-114d9ecccb0f,1769617789891
d64bf851-daaa-4c4c-b558-8764416f33ab,1769617789933
c9ac4886-caf1-4023-9cdd-d430d3a18ee7,1769617789976
cf458254-6484-4a7d-ad45-ede2fb4519c8,1769617790018
6bb2af81-2857-4165-b5bc-583b75e3a389,1769617790082
dcf0f95a-5d21-4ba4-850f-144061287284,1769617790158
29911045-b0f9-406b-8a05-5b5a6c690946,1769617790199
f1f429c0-ee25-4409-a64f-690919311973,1769617790240
a464ca80-5f82-4fd9-b9c4-3285ed6da1b9,1769617790282
5f05ee4a-870f-4518-8b24-f92e70cd3aa5,1769617790323
ec4407b0-be39-4139-bb29-1eae67f6112a,1769617790364
d04c62ea-d5ac-4af8-9501-b73605bb3502,1769617790405
462c2f24-adac-4e95-a027-b840d4144c0f,1769617790446
d3d30d31-37b8-4350-9032-6d7fa0aaefcd,1769617790488
c306007f-f90b-4ad7-af1e-8e3452ceb3ed,1769617790575
3d4b66df-b0bd-4686-a218-8b198e987798,1769617790633
41550c64-154a-457b-a2e5-b04539a7804e,1769617790675
0f9c758f-3405-4a35-8c51-9a34eb76dc7a,1769617790716
61b723a3-590d-4ce8-a239-5abbe3baae07,1769617790757
88d8a9bd-cdb3-423d-b707-9a9bb6a82307,1769617790799
408ef77b-188e-41ac-927b-47f92cf051b8,1769617790842
8e6d3e49-6838-4e8a-8b52-8f3e8ce29330,1769617790883
d895a943-2a0d-452d-851b-74f548b6ed04,1769617790926
e4a166d8-c92b-42a2-8214-ff747c1d8162,1769617790968
ac1340ac-1dea-4b22-93ff-2e4c539cb3f0,1769617791010
4497e85e-c276-4820-a192-ed4881ce8e9e,1769617791065
170e3823-1c33-4922-b3d0-dfb23309658d,1769617791150
3ef34cec-1d8f-4b6f-b85e-b59bd8512056,1769617791201
d565db3f-82ec-4749-833e-65c8ac6a45d8,1769617791243
2ad6ae5e-9095-4064-9df5-81bd18893e6c,1769617791285
64abb09f-de53-4277-ae85-910dcf438c45,1769617791326
ec37fcc9-e0a8-4a0c-8510-27066cee8203,1769617791368
4a8b2ec0-cdc3-435f-b6c2-a013fad5e1ab,1769617791409
f03214c7-6e4b-48f4-8d00-d977a148a6b7,1769617791451
b78534c7-15db-4397-9612-2cd3961736e4,1769617791492
724cd60b-21a6-4137-a55a-55bf46cd6d3c,1769617791533
cf06837d-be3c-4558-9516-03a2ce1ca235,1769617791575
b303c4bc-b771-4854-8e56-078bbb2ecba2,1769617791687
a974bf9c-7ca5-4c2e-b3d6-d8c30a1a581a,1769617791739
711e8a8a-c4d9-4606-9fd6-e7b12d2d0512,1769617791780
2e077211-8b9d-4cec-a4bb-6f96d429efe5,1769617791821
78714fe0-ebb5-4dae-9207-3fbddedad352,1769617791863
7f92fb8a-60cd-44ae-89dc-d0c59a631654,1769617791905
fece9839-cb54-41bb-9d33-45424669e913,1769617791946
8ef559a0-2b6b-4eb9-a051-dedcf6af8fed,1769617791988
2978bdfe-f17e-4e07-aa3e-c8443c0263df,1769617792029
cff1b675-6707-496b-b332-e463b481b356,1769617792071
66b8c623-0e85-4406-9641-86c399a2fb4c,1769617792119
59861ecf-3b24-4143-b488-47e4c215c89c,1769617792184
1dd4bde9-c4b7-4d33-81c7-83c3ab1aec87,1769617792231
308dfdba-5503-475a-ad62-83d906562b2f,1769617792272
9735bfc2-e1ee-4684-ada1-b3d5b8a78a5d,1769617792315
eb6bfae9-8411-4680-b17e-18295c1286bd,1769617792356
595a09a6-f76a-4374-b591-3011eafed438,1769617792398
23c53d8e-56d9-42ff-8081-1abb0ff503e4,1769617792493
419beab2-bdca-46b6-9126-915659f82a2c,1769617792578
a40338dc-1f1f-4b41-b660-651db1407fa4,1769617792627
5bfc1573-3bb6-444d-9efe-5a9845c087db,1769617792668
22b77f6f-4bc8-4369-8fe4-72c13f7a401c,1769617792710
92da4c34-b504-4c1e-bc73-3a77fe5664ca,1769617792751
655db0e3-7f80-4b84-82f4-41ba300686a1,1769617792792
c5c5cf93-7ba3-46c7-95fd-0e1c3dde0c4d,1769617792834
3c68cf32-a234-4c5d-8c99-d4c8ff6bd10c,1769617792876
239843d5-f356-402f-98cf-34d93e319aa0,1769617792917
c48f3c25-f569-4877-958b-1a08feb3cd2f,1769617792959
709e77b3-325e-4f20-8dc3-963f1e1ba841,1769617793029
ad791594-1e73-4dc8-8f28-672e891ed4e5,1769617793107
8a7d8291-bbdc-42b7-997f-d95bd0e7e4b0,1769617793153
7cc7b4f5-b51e-4b23-9ce6-73438e6a75b3,1769617793196
56835733-0f7a-4ac9-bdeb-0d9ae6391947,1769617793238
21371760-9c91-457b-874d-1490e0005427,1769617793280
8dcfdcc9-81dd-45f8-80d3-bc70c3d99c1b,1769617793321
1efab871-a413-4a7a-bebf-22aed0696b96,1769617793362
75f53051-e062-4de2-9300-39f5df866285,1769617793403
8b27deb2-b5ae-49e8-abb0-1bbeb265df7d,1769617793444
276811f0-36af-4769-9a22-159ea0e52ade,1769617793486
50aee386-a4b2-4dcb-b1a2-f895a05e37db,1769617793536
9a03e0d1-3c5c-4f0e-89b4-68520a8bdd08,1769617793589
59858004-7c80-4d6a-913a-1c4e17f9da19,1769617793631
e76d39e1-6674-47e9-9dce-761fe15c5002,1769617793672
0dea4af0-2976-47c6-88b9-eb1f832353e0,1769617793714
abce3d9c-2cf2-40eb-9596-8e5702604bd9,1769617793757
9763d970-dd52-44d0-b099-0ab366f6f564,1769617793799
939caadc-3f55-44d6-9d96-c2b5c5ca48ee,1769617793841
40a624f4-43af-4303-9650-d6f8d409a75b,1769617793882
f285362f-47ea-41c5-8ab1-d6db5347bfb8,1769617793924
6168b523-35d8-4dd6-b047-396e9189474e,1769617793965
575a0c82-144b-4dab-9f7d-fcc9d513edb6,1769617794040
5756cc06-2ceb-459b-8875-1fb1c11ea18c,1769617794090
adb60896-8b35-419a-8558-53b50f9daec9,1769617794293
640fad75-cf55-465a-ae94-01d452552c56,1769617794334
d617fa8a-8dac-45bb-9efc-307f56364c05,1769617794376
bf9eb54a-51d1-4f0c-9489-3230b6aef254,1769617794462
0fcbcb8a-72f2-453c-9fa3-b7541975bd0b,1769617794514
d5e34937-db91-4584-a76d-a6151be8e595,1769617794556
ec19184f-7588-4a6a-9837-a1fc63da59ca,1769617794597
ad4de41c-3514-4a80-a1ce-5ff21224037d,1769617794638
1430c54a-2e1f-4ce3-94f7-117db8de1d85,1769617794680
c810cb6b-43d6-42a1-86d1-5d0301c7687a,1769617794721
163fae70-551b-4786-b97c-40b759886de6,1769617794763
71396be0-0502-4709-ae41-73fa14e4193b,1769617794805
57064fee-0a6e-42b8-907c-c12847f4b099,1769617794849
ab4fd95b-9de8-4f9f-b0ba-69b00925a932,1769617794891
d146ba93-3334-45f0-ac68-c9094f8c604c,1769617794977
ceaed56a-766f-4a5e-866d-b223ac198e0d,1769617795022
735b34c8-8182-42a1-aaf8-088c0f174797,1769617795065
bfcaa4a8-4bf6-490e-a7df-8c3ae10b413a,1769617795107
b5571455-4b95-403a-9de9-0fec22dc5742,1769617795148
1d27b25b-c5a7-49d8-9b8b-c8df83e5c810,1769617795189
ab8c7622-2fed-427d-82a8-972718955856,1769617795232
e590face-4991-4a92-b1ee-abb06dc697c3,1769617795274
cff4f461-a79a-4172-a679-9585e038f7fa,1769617795369
6332bc87-b497-47a1-a1fa-be99b156442d,1769617795423
15c91d7e-f092-4e7f-a61d-ee75f849ed31,1769617795464
518ffc19-6103-46b8-aef1-48331367cfbc,1769617795505
f935c7fe-ff01-493e-bc8a-f50b259cbbf9,1769617795546
e4209f11-5ae1-492e-b488-04c49ca88f93,1769617795587
2fd3a8fd-d21d-477b-8622-13b358a52e97,1769617795629
e416c64b-6dae-4b1f-8f21-9be1009095d4,1769617795671
f2f0958d-57c0-464c-a462-17c9016d0444,1769617795713
811703af-1cec-4226-b269-872a8c8565f4,1769617795754
6d28bc5b-949b-48b1-af5d-4c353f6f441d,1769617795795
f7414622-2dc7-4780-a5f3-193a8f19ff3f,1769617795837
7c3bfd40-eccb-47ea-95b0-0e3d0653be3b,1769617795878
a5b339a1-e0ea-4f18-bb2b-ea04e95e09a2,1769617795996
f0b60a62-ee69-416d-a737-1861d4dd8f89,1769617796037
6f3f8a92-eedc-4035-81a4-5143c05c689b,1769617796079
bb3a4621-113c-4a95-ac80-4ec4fe222e58,1769617796121
617d14da-53ba-4f38-8dfe-609e60bd93ce,1769617796162
0b35c5b7-f896-4156-93bf-1156f0991561,1769617796204
a852f316-328d-4a6b-883b-54230834fd7e,1769617796246
91962694-e230-447c-9290-8a5049e515e4,1769617796287
dd5fd7e0-9711-479b-bb14-8f2d7a2cabac,1769617796328
2a3f5934-a847-47b4-99af-fa76063f33a2,1769617796370
e7d54b56-42a6-49f8-80f8-51ed41fb6b03,1769617796447
be0b66a7-63b2-440c-9b81-250978a6dfe8,1769617796509
463faf40-eade-4340-a48d-c1eb42451a8c,1769617796556
cd165161-e11c-49d3-9f5b-ba7b827da545,1769617796597
c5761d0a-92d4-4635-97ea-8251cfa607a2,1769617796639
a9fb5cda-1022-4503-9788-435189fd6d70,1769617796681
cf50e5f0-d398-495c-ba7b-694b18fab170,1769617796723
78500b33-164c-46b6-8053-a1af8e771b8b,1769617796764
3c3e464a-756c-434b-b3c8-92244bf97420,1769617796805
bf502e65-5858-4d0d-bb4f-3e29624cf30b,1769617796846
7b862336-b86e-4c51-8079-4077abf154f2,1769617796887
a0b8d2b4-ef40-4c6b-8e19-5fd5181c8c8c,1769617796928
a8f1a746-18fa-4de1-8c8f-8a51d92242b2,1769617796988
58242459-6aaf-4368-9433-f1aadb753dce,1769617797040
f9e5e682-a975-4533-b1a2-96975a95f622,1769617797081
38ba974c-522d-4c73-a988-920ff5b3f63d,1769617797123
2632cc02-df6e-4e79-84d0-731b2def4050,1769617797165
254184af-4cd0-42e1-9704-aebf37f7dca6,1769617797207
4464681f-3cc7-4581-b396-174f50902712,1769617797248
6d5ddfa2-34be-4ea0-ad6e-bee35c492748,1769617797289
77c5d3ac-23bc-43c3-9696-e7f3e4443215,1769617797331
1b35b8a9-457d-48b4-989b-5b002ea451eb,1769617797379
3335f33e-3576-49ad-b731-f269d9289e5c,1769617797422
aa85ae5c-b814-4dc6-be43-1cad3c958a09,1769617797463
417bfbd9-c9de-4a2f-8f97-bdd6f5c2238e,1769617797557
7cd632e1-2220-45b8-ba75-884d192b4bcf,1769617797606
8927da70-4873-465a-bef4-061c08fd432d,1769617797648
eec4d27a-f8bb-4bcb-b062-5480ff8f1f25,1769617797689
bee40a1e-c5a5-4228-af39-ffc47d551bef,1769617797731
5044e2de-cb99-44cb-849b-decf4cbfda36,1769617797772
68b59be7-d395-4f53-8e4d-7dbfa97de50c,1769617797814
c3461e5f-c18c-4c52-861c-012689b489e6,1769617797855
37958601-a80f-47b3-add5-b918c287bc47,1769617797896
d1756abb-eb06-43a4-b029-16c42185e360,1769617797937
f42c0aea-f40c-4e5b-95cc-72fff1d66515,1769617798025
c56b92b3-74ae-4595-abd0-783abb9e7df9,1769617798073
b1332b99-0fe8-4b5b-bac6-cc7f74451258,1769617798114
aeb8b71f-0833-4c80-a488-3341483f6e48,1769617798155
18b3d135-87d0-43d6-8d13-dfc73c764f63,1769617798196
e56ff759-647c-4548-ab2c-4b410a1c44f9,1769617798238
3805889b-9508-46c9-b036-53d556f50d2a,1769617798280
0429bb7b-012a-4d8f-a45c-e43c4512fad4,1769617798322
db7680e2-cc9a-43ed-b14d-7cb8c113d540,1769617798365
a70a6ce6-3236-465b-a259-39740459b570,1769617798406
18367c0c-85f8-4ff2-a807-4096871d5cf4,1769617798447
13159e52-3ed5-4b7a-bfd8-debd2d2f6c51,1769617798489
bf40182e-225b-4023-a7f0-960f42d78f0e,1769617798553
afb79935-7e0d-4bc0-961a-9a39c7b711ce,1769617798597
b5774f8f-ba89-4c4d-8d6f-593ec377d061,1769617798647
2ec5a41d-551c-430c-a206-0dbc5e36726a,1769617798689
2b606b01-969a-4510-98eb-41071322feff,1769617798730
c629f531-daf4-475b-af16-81d4ed263093,1769617798772
222d7aa4-f25f-4c60-abc9-5afd862a4b21,1769617798830
0d246d99-2d48-4480-ba7a-a127a4e40287,1769617798876
c3a8abae-f3e6-436b-975f-07f32ee0c9cb,1769617798918
b2bb201b-c003-4fbc-a288-be5dcd830138,1769617798959
03ff6233-e9f9-4a37-b54a-9bf9bd416f95,1769617799174
23fcd1a6-eaa7-4750-a93d-8da8c5b5b33a,1769617799216
7fe6e2d0-9a68-46eb-99c4-5e82401050c6,1769617799257
3ca112c9-c641-4776-9ad9-64d97c06a1e5,1769617799298
a618c34c-2197-4033-a72a-96dc35794264,1769617799340
cc815af6-61ef-4981-ba54-cf38bc4a7914,1769617799382
e692e3fe-696f-4251-8dc9-7527b8547db4,1769617799424
f3973a1f-a107-42a9-8453-3c0458514d51,1769617799465
3e731740-03f5-4ac0-bbfd-e5c718321bd7,1769617799509
aaed8fa6-0f63-413e-89c4-90c1216f572e,1769617799551
42a99a29-8caf-41c3-935b-a40c3dafd37b,1769617799592
d9642ea1-3c23-46b6-9af0-3d3d34a6545c,1769617799633
7ebf123a-aa4f-4bac-ab67-68c8d9e5ba81,1769617799722
48e9c784-bf51-440e-a9c6-9634d51cafe2,1769617799764
358c6d5b-ef37-4222-9c20-fb61503ff157,1769617799806
e494b5c7-7ef2-4c6a-a26d-8560be388fd0,1769617799847
83be0e7f-98f6-4f24-85fa-26dacaae3c3b,1769617799888
8fa94693-2f3d-4903-8ff8-39d461493e15,1769617799929
0086e5cb-0520-488f-9ff0-3c12a1872de3,1769617799971
c4b1bb37-b951-4e89-8203-0e2aaa5b39b6,1769617800013
4cf75add-2f58-46a7-8a02-b17b1c73b5d1,1769617800054
3beee5b0-d33e-4e85-9674-760736284536,1769617800096
d34c8002-d5cf-4ab6-b311-ae0d3ef40da6,1769617800139
b142e95d-0547-4387-9c60-a436af8fed83,1769617800185
012cd1f4-3552-43de-88d0-d3d8094b919b,1769617800227
5dcda875-b0d5-4ec9-ad0a-4b23d8ac4f45,1769617800268
8df78045-4790-4086-a872-25cec7a5502b,1769617800339
9835a27b-5791-46ea-b730-e673cb8c0df4,1769617800416
135ba200-928a-4dec-8e0c-7de11cfd777a,1769617800460
1b5841b6-1d32-4ebc-b272-ad99fa69a6c7,1769617800502
cd141578-a601-489a-933d-6e9fcfe9f5d9,1769617800543
4a0b137b-baa6-40a0-98c3-b3409099b88d,1769617800585
0b6e3a85-c973-4250-adcc-a1c864490002,1769617800627
7879dabc-0b8d-4e66-b3ab-d8b4f26689f2,1769617800670
6b95b8ae-d211-4c22-818d-231d4e97679c,1769617800712
ffbf8992-4581-4026-bd71-086bb81d496b,1769617800754
d6c510ba-e0d7-47a5-91ce-93466880129c,1769617800829
7bdcf682-9455-4c6e-a2d1-73992453a187,1769617800880
b36ca7ae-6402-43b7-93ae-470ee861fe5a,1769617800929
771b38f4-8969-46b1-8066-34635ec916f7,1769617800971
f9f9ad9a-f4aa-47ce-b3a4-8c28d31cf2b6,1769617801017
1feb898a-8f3b-4626-a3ef-559fa6892cf8,1769617801059
bc3030be-52fb-4fb6-9127-5b697af9409b,1769617801100
9f770833-b8c6-46ee-9a71-2347e3ab7078,1769617801141
12214a5f-103e-4962-991a-39ad4e10b40b,1769617801183
c24e66e5-c354-45a3-b1f1-36a145caa13e,1769617801224
833a8964-95af-4af9-9e26-6d6bb9d47010,1769617801266
6911b7b1-37a9-4b51-bb3a-e0a9ce141026,1769617801334
bb22935a-7c04-4625-b681-f3b669613db8,1769617801405
d3a7d822-ac69-4645-9adb-4c5940632a5c,1769617801447
de4187cb-aceb-4616-ba99-a808b61c2877,1769617801488
ef26a25b-3926-42fb-bf0f-678b15cba0c6,1769617801529
b7b4eb2d-1fa2-4aa6-8a8b-ef28a0b90025,1769617801571
ece96ae3-33cd-4d78-bdc3-a4be4d512e39,1769617801612
f023b846-52d9-49dd-9252-ffe6e554d6a3,1769617801653
fc51dd74-59df-4719-aafa-98a2e2c2e064,1769617801696
dade337a-6506-4342-aa75-36d046cbdcb7,1769617801738
be5bef53-fdf5-4cdf-84a4-fc50518e32c3,1769617801779
57a101f3-c74b-4e3b-9dcc-5d4b0df8b5d4,1769617801822
c90daabc-3ce7-4dac-933e-e2f231c90a2c,1769617801863
a9acfe92-c2d8-4906-b0c1-190057eff300,1769617801962
93901e85-7e1d-4966-8e4f-0589d576319d,1769617802046
6e7235a9-910e-407a-9dfd-65ba109b486b,1769617802089
980f2456-7500-408b-8d02-9bea1b8c06fc,1769617802130
5194cda8-ebdf-44d9-8345-b2c66e0c9e74,1769617802171
80eeef7e-5ac2-4dca-a762-37d93b3f57bd,1769617802213
9bcbf090-e255-47bf-83d5-d7030395a3c7,1769617802254
c49f64f1-1b7b-4b00-addd-38aeaccace73,1769617802295
22ce8080-337e-407e-8c5e-eb276fe93bff,1769617802337
2ade7c49-157c-47f9-a7a7-ac143955c4c2,1769617802379
57027e2a-135e-4620-9154-4a7a86948146,1769617802420
df4197e9-84e6-4841-9857-96137a3c0208,1769617802461
af702c61-03a4-4278-b851-e1a93953f2e6,1769617802542
d92914e9-9abf-469b-82a8-476a20a55488,1769617802619
b43d6004-5047-4bc0-a98c-7f302ef1a0ad,1769617802662
c009efc6-dda7-4a65-a453-01db66c24590,1769617802704
599494e4-41bd-42ba-84bd-436495ea72bf,1769617802746
3b6921fd-61bb-4122-8d22-c54a01f94fe7,1769617802788
9c13cd88-ef38-431e-84c9-de2a4215567d,1769617802830
61f92702-78d4-4e1a-8648-893a941ae7e1,1769617802871
b222aad3-1748-427a-9154-e1978c4c0568,1769617802913
f791c047-cf26-436c-91cb-4ddc17a3d1c1,1769617802954
32f28537-ac27-4179-adb0-a5af5fd69204,1769617802996
1aafe82f-df36-4e4f-8b28-815c9773a6b6,1769617803037
cb98f1c0-edc3-48ab-aac1-7056bcbb0a45,1769617803079
08f38fb4-b053-45f5-859a-8e13e00e3a8e,1769617803139
842c25cb-1aff-4f8b-aa7c-f6cedeaea346,1769617803205
02c899e2-0472-4465-86e7-f8e87629748c,1769617803248
d397d6d2-1aa3-4e47-9e68-ef614636f57c,1769617803290
4f8b9fab-6004-41ab-81ef-270737e36270,1769617803332
4f48deab-43b1-4728-b341-cebaa9702035,1769617803373
35937e87-7dc1-4132-8f10-bfa7e37817ff,1769617803414
d0e37faa-8530-413a-a1ad-7bafd1dfcc93,1769617803456
213db3b2-46ca-42b3-8b84-70be5bff90da,1769617803497
578a12cc-bc5e-47b4-8179-e12dd9102cbd,1769617803539
b252c332-a1b3-4a8c-915d-d94cb2d35f61,1769617803581
eea69488-f6b4-4165-8e73-73b4cfe3029b,1769617803696
a15c984c-4d42-4050-8c7d-83cdb82bcef2,1769617803737
70eedd84-ccd6-41d4-95f6-3f3047c18e89,1769617803779
3b785988-3ecc-450c-92d4-d0b76453d42e,1769617803820
a49e8240-17bb-46cd-b877-8dfd6e7a6088,1769617803862
9336356c-c5fa-475c-80fe-555ab1b629b7,1769617804064
6678e1a2-e4c7-4e85-b8f6-274cf04952fa,1769617804105
9a1b6aff-6130-4b7f-aa5d-30c98a14fe8a,1769617804181
0efafc33-2820-4274-8189-357a18ace665,1769617804248
8422e56d-9f4a-4f1b-a1e6-cf9bb341df02,1769617804290
1f4211d9-f7e3-4d04-b43c-a3d5f0620f1d,1769617804331
93dbe6da-ec37-44c8-8155-e2162c5e3885,1769617804373
50c2ebfe-b527-43f5-b650-311c6beb46ce,1769617804414
eff81292-e068-4e65-bf93-8779f5c9a442,1769617804455
a38f10ed-e883-4f6e-b2a1-523dca811e1b,1769617804497
3e3dec12-dd42-49e9-9c54-d7459c247e29,1769617804538
19b49512-7592-4f3a-b941-463af147724f,1769617804579
39b76892-ae51-4898-836c-87178fb03978,1769617804680
a25da036-3f37-485b-b429-3420d460066c,1769617804726
35c990e9-cef8-462c-b666-49c463b129a0,1769617804771
79813bf0-593f-4f66-91f0-9776ebfc387e,1769617804813
c88cc93a-ebf8-4d3d-88b4-b29685a4cb3a,1769617804854
6f98dfcc-c491-441a-8219-e770b9c6ca40,1769617804895
8eed31c5-85a6-447d-9086-fe7a915fa5eb,1769617804936
2b0a7840-1704-49d1-bb56-c209331de890,1769617804978
0395bcd6-5966-4c00-a0b5-2ecdd7913e9d,1769617805019
c6e57f76-ada3-4417-b37d-883e0fd8be3e,1769617805061
f44f45b2-3707-45ab-9d68-a26986611e44,1769617805103
ae5d7339-9fa9-4534-8ff1-8c10e085d13f,1769617805144
0eb0a2b0-b80b-4ea4-b9e3-fcdfd2235aed,1769617805191
d0f3bd50-602b-45b2-a361-ba521e68570e,1769617805239
25acaae7-e7b3-4e8d-97a9-ac9a6b67e139,1769617805286
5018ef44-78ba-4d38-a9bf-7107b22224c8,1769617805328
a89bcdbe-ec41-4157-97c1-33ee0a8751fc,1769617805370
4f1dfc6f-16ae-4a76-b6f9-2b876fe1116f,1769617805411
c11e7213-bbb7-42a5-a6ea-2d79d28b68d4,1769617805452
e74ce80e-d454-4cc3-8098-ec886ca0b04a,1769617805493
61155413-23e2-4002-84fe-e0d819346d77,1769617805534
1549d1b0-f8f9-4868-9d3f-da909f8cf30f,1769617805576
45215c6f-bd3a-4da9-909e-de653e23511c,1769617805618
c9277d5c-613c-42de-89fb-7102aff49235,1769617805731
cfa6ce11-bdc3-4906-8939-8f684349be6b,1769617805776
189cedd4-0145-4eb1-b2d7-761473bd536d,1769617805818
9cf78381-eeb5-40ca-bd70-b5680022c1aa,1769617805859
a653a4aa-d90b-4cf5-b7a4-104e7255c542,1769617805901
102c751d-b35b-4682-9f46-5d3aaae2f942,1769617805943
d046bd35-1a41-491e-9308-93d64d6cb1f8,1769617805986
9106414c-42c9-43dd-accb-27b411e10a07,1769617806028
e5d20c3f-2114-41b5-a375-7b152afdff19,1769617806069
8744dcb8-4d8b-4830-a3cd-20050e341246,1769617806110
f7d31c18-1e42-4a34-af54-5447582303d0,1769617806154
8ee6179e-3247-45f7-8ef5-ecd97f60437a,1769617806250
3d13246c-f97d-4d28-8ccb-7701a9f4ab59,1769617806331
d8b32f26-dc57-4327-91c1-c5ec6735f445,1769617806373
bb4b04e6-6908-493a-b8a8-e4bea1b1b21b,1769617806431
7b547b95-97fe-4eaf-889e-4460f9d6bb04,1769617806473
6968fa07-4f7b-4c1a-99e3-e2fae2d50825,1769617806514
a9f1e8dd-0eb9-4c7d-9699-429d6638cf2c,1769617806555
18f8402c-6a61-47d9-beca-208c8703b05e,1769617806597
abb18989-d5c1-4279-acb3-de741cf0dec7,1769617806639
d0cfd858-e3e6-4a40-804e-381581171b5b,1769617806680
e61ed810-4b87-4840-912b-208f357bb447,1769617806721
6a1e46c7-2d08-4c45-938b-a8e3b2bcc064,1769617806763
7d58b098-8e2b-489f-9a80-a5794fb72748,1769617806805
663445aa-42df-4ffa-b5b4-3ae57714df59,1769617806877
166ca1d3-9054-4883-8ee2-f7955f06f682,1769617806929
6c4650eb-a655-482a-a035-716c7e021e58,1769617806987
9d1f40f1-37ae-4aa4-ad6a-0fdcbb885967,1769617807028
bb20c80e-a929-47f3-898c-3a67f1a1e715,1769617807070
18db297a-434a-48e8-b0df-bb96296b0666,1769617807111
efdc17da-9eac-41dc-8451-4d77560f667b,1769617807153
600fc6e8-67da-480d-9cf9-e3962f284e5a,1769617807194
fafd10d8-acc8-4e50-90e4-a8337d24dea3,1769617807236
54c3c009-9d2f-4543-acd4-fefc108e8d7b,1769617807277
de7f7d72-8dec-40a7-a64c-613ffae287fb,1769617807319
cb1830fe-8fb7-4caf-bdbb-c63896ee2202,1769617807361
0c541ee7-36ae-4b79-bc4b-2ada78ec9bc9,1769617807476
6ecedac4-265f-4a9b-ac1d-76022221d34c,1769617807518
eca46d3a-ae14-4e7e-a2ff-a2c9494174a3,1769617807559
f672f575-8072-4f10-9154-e99c560adc9a,1769617807601
7f4104dd-f34f-4c01-b4f6-440e3e9d6c23,1769617807642
57b8136d-4f26-4e13-889b-e2b0f75a5fa9,1769617807684
caf9db6a-84e0-4be2-b70a-2196fa22b4d5,1769617807725
7942ff18-ae71-47c3-8f89-6bb4d5dfdcb9,1769617807768
914a2a5c-0c32-4867-9425-dd2884e8386d,1769617807810
8281e28f-0f8f-4416-9ade-62fa0352d2ff,1769617807851
50b1de8d-f9c7-4f8d-bfea-c14302fb6588,1769617807892
055f3c2e-da28-4c0b-9fac-9638105e244c,1769617807934
561ac8cb-a0eb-4665-8fca-8907224f0374,1769617807976
c257d151-4c2a-4c13-a6ad-f443f5e195d2,1769617808059
6295fb1c-1ad5-46f3-a3be-f5d9821e1a0a,1769617808100
94565e39-ae63-4b28-95e1-ef6fcfe41f92,1769617808142
463d29c4-aed5-4dd4-bc74-18e639e8f489,1769617808183
e7d9acbf-e881-449c-afc3-ea473693fa9f,1769617808224
eb59293e-f340-4fb7-bc32-5f2f18470971,1769617808266
b4150f37-c0c7-4547-be2c-d64169d171f4,1769617808308
553ba986-aa46-4299-aeb6-897c9d4f4f1e,1769617808349
f02d5d10-a0a9-4b93-a847-ac65e6bd7fea,1769617808390
785813e7-3cff-4803-8648-a25b6eab9ef3,1769617808431
d49c906f-4d03-4244-b6c4-859550e34014,1769617808473
077fa843-934d-4c47-aa98-07ca390fb3bf,1769617808515
75595f68-3d25-4a02-869b-0077f3519226,1769617808582
0e8dba8f-3df5-4812-87e8-58661824f49a,1769617808646
01095f1d-9b63-47e5-89e8-4a40ce97ec6d,1769617808695
c9f8033b-497d-4f5b-9956-54496abbb837,1769617808736
20ba2003-e789-4e5c-bc49-b1575a658c69,1769617808778
0623692f-0bf1-4aa4-944b-8d57b91aa968,1769617808987
c6a284c9-5dd5-4a14-b891-f749ab3210d6,1769617809028
f279b50f-2645-4bd9-ad8c-ab7bd3d78b1b,1769617809070
f018d8b2-e5ba-44d8-bfd0-aa919d92d71a,1769617809111
2e499f34-6f56-467c-984b-2066b4834008,1769617809152
7286fde7-b7e8-425d-9bfe-c595026b51b4,1769617809193
4c2b373f-25a4-4280-a592-2254afbd064d,1769617809273
7cfee276-b2ac-44db-8efd-e052651795ba,1769617809328
d5520045-b196-44e4-be21-2555cc61787e,1769617809377
7122f4e0-3404-4478-92a9-573db9ba669e,1769617809418
5737f541-d693-4a7d-8ec3-7538a5e77238,1769617809460
b68aa18d-a6ae-4b7d-af41-3ff538ff763f,1769617809501
4eead337-dc52-4779-a9d5-176663878774,1769617809542
80c6d08a-dfbb-417a-bc2b-9863b7412ccc,1769617809584
70a3b753-a3e1-4514-a1c4-569a40c8b940,1769617809626
6c6a5b67-4bd4-43c9-80d9-bbc6353479c8,1769617809667
5f847bf6-f7ae-42f2-83de-f9311c8fa257,1769617809711
f3c10abd-5c8b-46e5-86d9-40c7e593b34c,1769617809752
6e6ea2a4-62a4-4e6e-8048-a1d211646a40,1769617809794
6cc8cbfe-a157-49a7-be69-acea0251c4e4,1769617809835
53bf3742-fb61-42f7-b53b-5c6e991d3aee,1769617809876
76e31ab9-52df-44b5-baf8-c2cb5dcdfc6b,1769617809917
df24101f-f911-4380-8d68-75e38d05f924,1769617809985
20e7bd07-a966-4996-b1c0-eba90c92dcb5,1769617810042
6cd0c5f8-2cf9-4467-93f4-db9bc7741391,1769617810083
565e2a51-42c1-4c9a-bb44-3862cf928ba3,1769617810125
35c5bded-3ddc-474c-934e-c4714dc48a71,1769617810166
e2c3709f-60b7-4c93-b577-db8ac0d15a12,1769617810207
4c11824e-439c-421c-af53-56ac7d1d1094,1769617810248
62c0f708-bd60-4956-b5b9-66b881bbcb00,1769617810289
161a1728-9dfa-4c0b-a2c8-da84335cbfe8,1769617810330
de100432-ebfb-40ba-bfb4-c0afeee921ab,1769617810372
219ac6b7-eef3-4c61-929f-99192312083f,1769617810413
c77cb98e-4228-4b6f-8b5d-57179346b8e6,1769617810455
b8b948c6-0753-43ce-96e9-57aecc73c049,1769617810522
ae3dc287-1388-4e52-a0f2-777d43be3725,1769617810583
c6f4dffc-3347-4497-bfb1-054333db4ed6,1769617810626
dc6aff6f-6d46-4c1c-be6c-7ca032a9a3f5,1769617810668
08877e70-8233-4c3b-b6bb-2a7a59158d0c,1769617810709
5a9bf514-b4aa-435c-843b-09153d53da2c,1769617810750
78cba864-afa2-46a9-a0ee-40c7d4f036f6,1769617810792
b4cecbc0-de8e-4c57-a239-2d1b3c86332f,1769617810836
5f098839-b348-4dd3-bd90-566638e09415,1769617810878
7ffe9440-7c61-4746-b98e-ddd9be8a38d2,1769617810920
741fc330-1534-4bdd-ab57-08d276bcc675,1769617810961
746c5979-62eb-4e21-a7e6-bbdc855a350c,1769617811003
142a2e47-64a6-4ed7-953f-159a5a2c1b94,1769617811074
6de49539-fce1-4dea-9734-e72cd29a67b2,1769617811120
89dd7f80-053b-4f34-a4d1-0af9078db644,1769617811162
46a2f28f-dc9c-4ed5-89b4-c89a03d52fd6,1769617811203
107a4b07-1129-455d-a334-f0d1368faea9,1769617811245
da15e975-5c7e-4107-89d9-a57fdd52138d,1769617811286
597fc22a-33de-4283-a9a2-2e6b08f6a02f,1769617811327
f5d67409-8233-4ed1-8aa3-80b9be924b88,1769617811369
c7553424-a828-4db5-9e7c-7147bc8c80e6,1769617811453
3cce9ac6-7dbb-45ef-9e44-a44c99a52e68,1769617811495
a553c256-fd49-4bf4-91b2-5352114fb006,1769617811536
f73d719e-3e8f-4a65-adbc-d710914bd310,1769617811616
dd0cc04b-c997-4a13-8836-afa11a5e0882,1769617811702
25527796-4ca7-46a4-b926-9fb2aa1dd712,1769617811745
6ac324f2-2a8c-4476-9d95-db301fb157cf,1769617811786
49b82701-c887-4e23-8903-9a53cb15eacb,1769617811828
8bab2d64-5d08-4312-968b-9bc25c618348,1769617811869
addac978-9451-4e21-872f-c3d9732777f1,1769617811911
7a3516a8-92a5-4f0d-b1ea-75a07fa5d178,1769617811952
b7494fec-1a29-404e-9f8c-6188f1277200,1769617811994
2a0cc286-cdb9-4e9e-a48f-86fb0e07a677,1769617812036
7887e42a-005b-4257-b0ce-dcaeff954b55,1769617812077
78d9b2f6-afaa-4cef-85d3-b99185dba125,1769617812118
1e00c210-bfc8-48a5-8608-47b991fc49f1,1769617812207
0c5eaeaf-b049-4999-ab3b-6b1dd8317c24,1769617812252
5519daa9-cc70-437a-99cd-2abf272c9ae4,1769617812294
1c61ee1f-14b9-4d39-936a-9b118fabff42,1769617812335
cf6b2a9e-bda0-4e16-acbe-28ff49300713,1769617812376
03432943-2138-4fb0-87a0-a79cebbb6ae8,1769617812418
a26f6ef2-ab7f-4daa-b212-747e221ff319,1769617812459
4f20c8b0-f483-40aa-854d-8b9a8d526d0a,1769617812500
7b43d48a-408f-4594-afa2-2a4c4dcaead4,1769617812542
70f103ba-eb5f-498b-94d8-f0e3b427e087,1769617812584
b31aeef0-4de0-48eb-a276-c7e6e95976cc,1769617812625
d38bf2e8-34a0-4577-b29d-756a45938d59,1769617812703
1e6a89dd-8a80-4770-9dcc-342294d80894,1769617812771
c4e9c9d4-dda9-4fc2-8b4e-957295e2afc0,1769617812815
cc4d8a6e-c706-4657-b651-dfb89c30a3a5,1769617812856
60cc7c25-eee6-4a94-abd8-81ff97bc8912,1769617812898
44807f94-49b2-42e9-84aa-145608b9d50c,1769617812939
87f9542d-23e0-43a5-adae-682607412e85,1769617812980
f397f142-2127-4c57-85d4-8165bc7e6a8c,1769617813021
e4f2777d-0da8-4bac-a84c-76d8d342c67a,1769617813063
3a94e005-2374-4bd0-90cd-95d1329f0fe6,1769617813104
6ef50af9-0b7b-4ccf-a713-eb05a77ba58f,1769617813146
886e31a5-b35a-418a-b882-20015bf65773,1769617813187
970144ea-2988-4580-bb2c-d07bfb5d6b95,1769617813280
6b8815e0-e8e2-4ec1-9418-5fa0380c2bd8,1769617813325
65d41d7a-4660-43cc-8507-80f3ef2889d5,1769617813367
cce8f0fa-8ee5-40be-a8d1-d53aa3641fe3,1769617813409
e971cd28-0ef9-4575-a09f-329435da7def,1769617813453
0f06b2c2-b0c4-4a85-853e-f973d36464c5,1769617813495
7681f016-6e64-4ad2-9435-d07970fee271,1769617813536
55867d07-33ea-4986-be44-5461b6524299,1769617813578
7bc9fd2a-17c1-473f-b97a-b6f5a1fa1cf0,1769617813620
c71b9118-7c4a-4654-b12b-ccbc8ab5eeaf,1769617813822
ada7ec92-262d-48d8-81f9-678b0070ca1a,1769617813868
e58723ae-d08b-43f8-88e5-a01687a44e8a,1769617813909
5ba12beb-058e-444f-8fb3-05934f267539,1769617813950
6102272f-16a9-424d-963a-ec71be47691d,1769617813992
f5945542-e41d-42c5-901d-569cb7567580,1769617814033
360c3d7a-fbd6-4fa0-98af-7c25244761e9,1769617814075
02ac5e2f-9336-4b90-a927-09febb6d5ad2,1769617814117
3e001826-fbfd-4ef3-9de0-cc0a5502ba32,1769617814158
adc1effb-8fd1-4138-b743-c8de0cf0b6a9,1769617814199
057fb2af-24d9-4410-a163-7daaed5a86a6,1769617814241
f75d21a9-9d79-4f14-a831-5540e48d3902,1769617814283
fca331f1-3351-4253-8eff-5b79ee713f85,1769617814456
34c6de3d-c575-4569-8cf1-afc1ce6b85c5,1769617814499
c73291b9-ee5f-44dd-8c6f-a182ec139b49,1769617814541
ddd2a211-d4eb-4db6-9c46-1f8977439ad5,1769617814582
43099045-82a0-47fa-ab1a-ec930ceb8409,1769617814623
44c76cbb-ee6b-4c32-8471-6bce609d9848,1769617814665
6d5fd715-1a8d-44d4-8629-0374973b879c,1769617814706
383a4040-0dde-4510-bd37-e7286ad6a6ab,1769617814748
00b13d33-78d5-4736-a5d5-e82b4e7ddb7b,1769617814789
143efc81-60c6-4eeb-9804-53b86361c80d,1769617814831
13e1fb76-81c0-4cbd-80a1-49b07f3989b1,1769617814873
f3dfa96f-38a9-484d-bf5f-7ad1a49bbf4f,1769617814914
742d12a3-bcc6-4a61-b712-eefd1101c92c,1769617814955
47231e60-cc26-433c-ac34-1af68f52aad3,1769617814997
79523d00-9d01-42f2-8e57-c60a24093f66,1769617815072
7d8199d3-5502-459c-9a96-ef57e31f5d31,1769617815151
0c663d1d-e634-4539-b6a4-bebe5bdd07de,1769617815192
26f11e30-6ad4-401d-bf3f-e01777ef4566,1769617815233
f082d54e-9669-4cb2-835e-355c3bb5a31b,1769617815275
f69ae6c9-f80f-4ae9-abd0-2b7a8ce9afd2,1769617815316
58bbb549-a933-4676-bbd7-eb5303a6bfef,1769617815357
991ef660-7cdc-443a-aed6-c481b160c0ae,1769617815398
935e794e-e5a5-41ab-bea9-ada6465ef2b0,1769617815440
11014653-4a79-4ffc-b8e5-be98ad1359b9,1769617815481
e62673fd-08e0-4fb8-9a37-60997f2bd84f,1769617815523
7e6fa510-eff4-449c-96f6-316c11bbe6fa,1769617815565
cc4ed536-578c-4147-b132-709c1341c1bc,1769617815626
63a7a8ea-8438-4a3f-bdc7-9f8f0311e079,1769617815677
bbc116b4-5228-4e99-92b0-de9c0f5c6d9e,1769617815719
1896b94d-e6ed-42cd-a817-58d9828da795,1769617815760
d0fdc470-660e-4f61-9da0-d256ba50ce5a,1769617815802
fd5b217c-68a7-4b10-a2f1-fcf316bf0446,1769617815844
87f03246-fe09-4328-ad45-5a4b699ab88f,1769617815885
be8e11f2-50d9-4bcb-85f6-33e117d22f46,1769617815927
e32eef86-db30-486c-b2e9-52c4b216eb11,1769617815968
60f65888-9d82-4124-9b08-db26060eb13b,1769617816010
f1a00b5e-22f4-4d33-a667-04de0f9c6d6d,1769617816051
0800eab7-3ddc-4d58-89e6-504df8051e00,1769617816092
9bfca803-a955-4332-908b-db0c0b27b57a,1769617816173
00a93c1f-fcac-47e4-971d-1c3ce4afd8a3,1769617816297
97ecb9e0-9395-4546-aeff-6d22ff544a69,1769617816340
802bcd5c-887d-4cc9-94e0-797231da4c86,1769617816381
41c67233-9e8f-4353-95e4-97cde4d50362,1769617816423
4e41538b-c388-40bf-8fdb-621e424e77e6,1769617816464
98384f35-60d5-40d7-95f6-0d6fdbb94606,1769617816506
39f4f71d-4c44-432d-9f9d-3fdd0ab7a5e0,1769617816547
79b78518-08f7-4628-aafe-048f7927726d,1769617816620
782e3510-983b-40ba-bb1f-f2cc5f1531fb,1769617816722
301d3cc6-4adb-4991-ad6d-99469385adb0,1769617816765
53ed8d3c-c1d5-4980-9a69-307a46c16ec4,1769617816806
6782ebf4-131d-4db4-8745-da9798d802ee,1769617816847
70c6d0fe-dfb2-411f-a2ef-5384d6cb9b3b,1769617816888
cc2b1723-dd51-48a7-b208-c73c9cd8478e,1769617816930
6b91c09d-dd3c-4abc-adaa-7d09d65574c3,1769617816971
7b7f03c9-79c0-4d16-9ea9-3cbe934d7bc2,1769617817012
c1572de2-b6b5-47e9-9d47-15e18f8dbb8c,1769617817054
1087508f-719e-429a-85d7-c36c2d0e31a3,1769617817095
44689467-1858-45db-b4a5-79f0f0a78729,1769617817136
630be294-b8bc-4b7f-86b7-a4aadb7a2dfe,1769617817177
bd51c14e-a62e-44d7-b4b1-222c1d9b5ff5,1769617817218
82193a9d-53b5-4286-a5ec-9c8c6defc6f3,1769617817305
9569b0d5-ad54-4775-bf4e-cb297f9fd456,1769617817347
ef2aa975-e8aa-441e-bd2e-bf3955bf3dd8,1769617817390
51d6f762-04dd-4826-a4e4-6f263244e504,1769617817431
6f9d9722-aabb-4c50-8681-a839d22cfd42,1769617817473
b98e61e6-12d1-4dc5-bf84-8341a6bb7e68,1769617817514
1f83af30-a746-4d73-bc43-6d3bf2692079,1769617817556
3fc79901-d570-457f-99aa-b03f3c2803bd,1769617817597
3da52874-c61a-47af-9773-084b2874c0a3,1769617817639
7d36bdb6-6339-4782-8ca3-4908e8d981b1,1769617817681
8ecd5568-bea4-4523-b187-41215b85f400,1769617817751
45311881-3e4e-447c-a80f-6ecb58a80596,1769617817846
42bbe8bc-8a09-4cfd-be6e-936643f8b912,1769617817890
6f856c75-cdf1-4b60-ad1d-b32a2de08b8b,1769617817932
c685eb95-9b12-416e-bbd1-b6ac713a486b,1769617817973
f4c7a280-4ad9-40e2-8ffc-a30f7fb5d7cf,1769617818015
066d8de1-7b28-4c2b-9c04-d6347ed4de03,1769617818056
16fcb2ff-5256-4787-91bd-2929a41b87c3,1769617818098
7fdaab75-e541-4949-be11-576813b733ff,1769617818139
89797815-d417-4e84-92f8-ba76ebcd3139,1769617818181
f5fade6d-bdd4-4b5e-b3b9-e38bcfed6dcd,1769617818223
5f205342-41ad-4f41-bcd4-f558f289f7b7,1769617818265
696acc5e-b8b9-432f-936d-c74a13c8b799,1769617818307
b668479a-db73-447f-a915-0d8e4c81a6d9,1769617818348
9ec58dcd-9127-4082-84cc-cca8007f1bc8,1769617818417
8ffb3e5f-44d8-4d35-8d88-a7d8ca8671a7,1769617818462
2c2c16b1-a6f3-4ada-b00d-31c29902c209,1769617818507
9955982b-56c4-4acb-8e45-7c06b3ac1696,1769617818548
211fc75f-a2e8-446d-8937-b49f61d867ed,1769617818590
3471ded6-4c71-46f6-bf2a-78d4431ce788,1769617818798
03cad3f2-3da4-4a39-840b-b165ec089d31,1769617818839
26642209-8054-4854-a238-1a59ccc490eb,1769617818880
13a93aa2-8f29-45c6-b1ee-58389907ee78,1769617818922
028ce71f-2125-4533-94b8-8c9e9f224634,1769617819006
534fb501-7cde-494e-b72c-4498fd4fe6b0,1769617819075
ffcd1baf-c0cc-430c-8fe1-cdfbf57a838c,1769617819116
3570f0d4-147d-41f1-b14a-14cf6c266918,1769617819158
8838a704-3054-4339-92ca-0ee7868e26d2,1769617819200
b41f1e4a-2d10-4ecb-b497-b6a940f9c422,1769617819241
ecffa66c-8e0f-46a0-8ff7-92446702d89f,1769617819283
0f3e9945-fa16-4e0f-8504-13a90726888e,1769617819326
7717ccef-9d4a-4e01-9b3c-d857eed185d5,1769617819369
1822c956-413e-43f8-9d10-28e7de273559,1769617819411
a6a8829a-50fa-434f-b84c-504bdccb4be2,1769617819452
f3994427-0699-4af4-9cf4-0a949ad474be,1769617819493
08d7f70e-f29b-410a-ac2e-7326f973d30c,1769617819588
7e819887-2892-44d5-8a78-2240ae9c1c0f,1769617819632
0a20ba26-e137-4d0e-86cb-2918626fd65e,1769617819674
d03e7f0c-ab4a-4fae-8d83-ee997418fca4,1769617819716
4846199e-d300-4175-b4aa-0a8422357f66,1769617819758
63673b86-a1d4-4200-8b47-9ddf004af05a,1769617819800
5a534d58-d71d-40b0-a984-dafdcaac8a32,1769617819841
b6d35767-c94d-45af-816e-acbf3e5955ac,1769617819883
964e7d0d-2aec-47b9-a0d5-ef4fe8e65988,1769617819924
8aa618e8-588e-4cd3-b7bb-4b4651847750,1769617819965
d6b5d7b1-13a1-4f1b-bfc9-7f17c828cb9d,1769617820006
bc97e576-1995-4eb8-a254-9c5629aea21a,1769617820048
7f91213e-5736-48ae-9520-42b7171088c0,1769617820089
0b7f9533-fc90-4cc9-9d3c-812709f1389f,1769617820172
4c6d7114-1877-4c82-948c-02bdda044abc,1769617820221
1148f49c-d837-45b3-a3f6-2574fbb038cf,1769617820263
c26d6433-d11d-4a14-9f0f-30114a9a81d8,1769617820304
c7a1b060-9340-4709-9350-5cfeca1a16d3,1769617820346
a332a8c2-46f6-4174-a32c-abcd12f4ea6f,1769617820387
c34306de-c097-401c-9d26-1152087ee534,1769617820429
a9f84842-c5fc-4b05-81a9-2515058dca5d,1769617820470
ac5ebb44-24c2-4a00-8d09-bb10b9630968,1769617820512
5372138d-cc04-4365-a773-bd494927264a,1769617820553
4ef1d4cf-4d9d-4f86-aaa8-b62ce9b6e9ae,1769617820594
6076dea3-271f-4a0d-907c-5ff7f8d49320,1769617820636
79d27397-1aad-4fbf-bf11-22ba77f7a52d,1769617820678
38590301-070e-4ff1-b340-fbd3b45c9f92,1769617820741
c75321c3-9a1a-4c02-8898-baf5bcefc301,1769617820847
7f1a510e-ed3b-4697-aa84-b7fdd11000a0,1769617820888
058794a2-52cb-4c19-80a0-4393df58a5bd,1769617820929
5c9a1e57-9a2e-4e61-97cc-e4ce81e59e53,1769617820970
bb095ee0-87de-4a23-a53b-14e647c54a8f,1769617821011
e87d488c-d7e2-4fe5-80b0-8b5e21e3f550,1769617821053
7c98f2fc-9da0-4050-b0ae-56c6ab039898,1769617821094
457a93a2-c265-4685-8836-dc64f0cb877d,1769617821135
bf7c26af-6547-4a8d-b47e-c8dd5cfb3bad,1769617821177
4af389a4-caf2-413e-83dc-65b1d66c18b3,1769617821264
9f75cf42-8265-4f0c-83b0-514a6bf070b9,1769617821353
9775f0f6-56bd-41c6-bca0-250c92c7ed3c,1769617821398
6f56198c-4900-4dd1-b817-4f56fd2ae713,1769617821440
99f9aaa4-4eec-4413-9a7d-02590413bc00,1769617821481
3f88f45d-7597-49e1-adc1-490ae5ec0955,1769617821522
9cada0f3-6291-455d-9b3e-dd1a7e2008d8,1769617821564
482978b8-79d3-4afd-ae22-1ed15d959f28,1769617821607
1fa1422e-9600-4107-b0c4-ea00a296d264,1769617821648
7f1d9f4b-6c47-4472-af3b-5519208b7ca6,1769617821692
b9d7a795-a3d1-40d0-b796-7e1a4b9be38f,1769617821733
14c78ebc-744d-4208-9f4b-3c45cef2deb6,1769617821775
1fd983f0-6dfd-4369-b07e-f430d268cf0f,1769617821816
26262b5a-00a0-45bd-bd39-fad7cd8244e2,1769617821858
6020a985-76c8-4118-94d1-58c97c8f9fc3,1769617821992
7a5eb716-baee-46d3-9555-f50d4be8787b,1769617822041
12c1c459-fd01-45d1-b74b-d3795478152e,1769617822082
aecfcd3e-bdfd-4714-b8b9-052c7b0b11fe,1769617822124
bc56c3f8-0f20-4bed-a62b-7c864f174284,1769617822165
f5280205-1b78-4f5d-a269-ea2fe9d0a9c8,1769617822207
4880276f-7786-4dec-a5bc-59dcfe400d0f,1769617822248
bc314a44-c30a-463e-9f5a-819cc1badb25,1769617822290
2b9e6f17-e925-40d2-a04f-51f5c002c044,1769617822331
86a7cb95-9948-43fc-bec2-4c77be9479ab,1769617822373
49a5429a-16a3-440e-ad42-2d23de305e8d,1769617822415
4920b4ca-030b-44a0-8c7a-a4779a323870,1769617822456
ce40362c-6643-4882-a2d2-93a4a9a8c408,1769617822498
e68b28b6-5ae2-4602-84b0-5b5593687082,1769617822539
972d4352-8ac2-469c-8f39-53c241d18fde,1769617822627
6d65a3d7-8e5f-4b17-9359-506ed3666a60,1769617822730
4713b54f-47d4-437e-9665-687000ff76d4,1769617822778
4436d91e-8116-47af-b522-805f5a11fb45,1769617822819
3dfb13b2-a6f3-4f81-be8f-05cdcc8c5e18,1769617822860
45d53e33-6d18-46a3-a90e-993730c768d6,1769617822901
0904676b-9a9d-442c-8712-a0f737e54405,1769617822942
9ba87120-4f28-46bd-9998-f39a2dfc6f97,1769617822985
94963c2b-2c1f-4c31-96c2-e7293ed0fd4e,1769617823027
9315d6a3-5de1-4e61-a94e-9739d07715e1,1769617823067
1b78ff0d-8e72-4b29-a301-4508a20c5029,1769617823109
3cbd9d8c-9f87-439f-aa43-249d44d730ae,1769617823150
b5a490b4-c194-4d31-8001-4ef77e29a15a,1769617823192
7f1d2eff-121d-45fc-a3ae-2d846dcd71a8,1769617823248
cc52cc80-e611-4320-bfc9-188b181d9ba3,1769617823290
8272687f-193f-4c1b-9368-839af309308e,1769617823335
96ea0c9a-23dc-4687-984f-b4e23b485120,1769617823376
2e82ed0f-57ec-4f2e-849f-b54137f07021,1769617823418
4ef8c981-3116-48e8-8316-b28e1da1ddce,1769617823460
3c9e0475-a049-4382-b473-18d2c2ede211,1769617823502
86952aae-febb-4733-8ed2-c347e23443fa,1769617823544
875a8fec-ec85-42e7-8809-3a2d0226a941,1769617823752
57fe90c4-8f55-4ccb-af39-ccd8bcd10d3c,1769617823793
c95fd5e4-782c-49b7-8f4d-c7fc71778249,1769617823883
9ebfe3ee-ff0b-4835-b265-eda63217baf2,1769617823931
092a0055-0605-4f01-b249-af87a1db8ccb,1769617823972
674ca2eb-57b0-498d-b597-f4b44cd8668a,1769617824014
9bfbb9b2-b996-411b-ab7c-ee3e6e473d40,1769617824055
e9903bfc-8529-400e-8883-870679c08479,1769617824098
8a66cd4c-47da-4608-88e1-586ae70aac10,1769617824140
338ac846-6efd-44de-b239-aaa91a51d88c,1769617824181
676cd9d1-0249-4f57-9066-a14d543628b3,1769617824223
3f661f33-2886-44a6-878c-bb8cf08f4008,1769617824264
077b7ffe-58fc-4738-b76b-3b0fc7449332,1769617824306
7c3f898e-91a4-4b43-99dd-a90449a9317f,1769617824347
bd51a456-449c-4d0c-8ad5-5093f9d5b2f1,1769617824459
38a5f964-7248-45d1-961c-8f197b4f1e5f,1769617824501
53057ade-b6c6-4ff7-a6dc-9c4856a277e4,1769617824542
b661700c-7806-4be1-90d4-9486dde91413,1769617824583
471dc649-c869-4400-9d52-7c8513e4d708,1769617824625
dde8701f-5a5b-4cda-bc21-24e9a82abc69,1769617824667
f2e24765-26d5-4c39-b805-08faf9260553,1769617824709
4ce5ed81-a496-4965-bc87-f7dd70d3d659,1769617824751
706e2d5a-b1db-4ea6-afba-3653c95a56e4,1769617824792
1a46419b-109b-4276-8079-5bf9b62b1198,1769617824834
7d007657-b34b-4edc-9343-3427ab2d29fa,1769617824930
c0389e8b-89c5-40ba-a098-3a4d7402a4e1,1769617824972
5097ec50-e38c-46af-adab-857b9b1cff20,1769617825013
2242aba9-210c-4c68-a8a6-6c307f475e61,1769617825054
d4d10923-09f5-4b7e-868a-9c745023701d,1769617825095
bd50a6db-053f-4d16-9fbc-c88ec9864a2b,1769617825137
0400fb15-5703-410e-811c-7fbf4447dfbf,1769617825178
d908bad3-1e63-42b7-9cff-76af4d29623d,1769617825220
501d06eb-7eb2-4de9-905e-02d60e012128,1769617825261
59991a60-08a5-461c-8df7-4a2ed1862968,1769617825303
b7cba47c-8ba4-4539-87bc-1a82a37f6e4e,1769617825344
9be34e28-172b-4727-b3b2-b8935d0925d2,1769617825386
8fbe1e61-7f5d-443d-b339-1464ff2d696f,1769617825427
565c0e80-e082-4cb4-8edb-1f79af401ee2,1769617825474
1e88f644-4a23-431f-b960-c6039be80393,1769617825583
c82310e7-0fde-4793-bdfd-be6fa29b910f,1769617825624
931b8e37-05fd-483b-9bca-3193736e4d26,1769617825666
88105ca7-412f-4d2a-9baa-a8967b3d68ea,1769617825708
ebc880ca-2c04-4de0-9c09-199807c05d3f,1769617825749
b4245f7d-33d6-4f0f-bbb0-68a30f925f3c,1769617825790
853b8a3f-2dd1-4563-ac95-4a7e471e1cb6,1769617825832
21c3bb95-60c9-48f8-bcb3-3b96283bfb1b,1769617825873
fb374406-ca49-49aa-8f11-7fac43864a8c,1769617825914
6bc56e2d-7877-494a-b049-9738c73462ec,1769617825956
a08c806b-fc38-4b60-9a4c-efe30498799b,1769617825997
2b61a4da-9a6f-4013-91ba-3e8bcc9616c7,1769617826117
2fc3dc0d-8c3a-406a-9d75-206521662de2,1769617826159
8a83b498-1237-4daf-8674-c665987bbd8e,1769617826201
24f0db73-035e-467b-979c-400e281c334a,1769617826242
503a5b3d-115b-47ae-883a-c5e450edf299,1769617826283
3cc43f1f-c8f8-42d4-b9a5-558a4fa6297a,1769617826324
e0d3dccd-2aac-4bd7-83bf-96964e2b8ab0,1769617826366
7bdc913d-2359-4a6b-95e7-55fba0730ea2,1769617826407
de5d99c4-d5e7-458a-abe0-0e3e2a62fb97,1769617826449
01a8fd94-519a-46a2-9bdb-478b1321799e,1769617826490
b35683d6-704b-4dc8-a563-c353b7fedc8f,1769617826599
4ad2f1c0-ab37-4c3e-bcd1-68ebffe06b96,1769617826643
3a098518-cdea-431c-b581-d5ebf20eb107,1769617826685
ca3ae673-f97d-4291-bcb1-ee26deba01dc,1769617826726
0132bd05-320b-4d8b-8bf6-03b1600bfc35,1769617826767
1ea3ffa0-3416-4c33-8c22-f544750b049a,1769617826810
33e83c3c-30fe-4ba6-9e6c-4b1628b59f6b,1769617826852
b0fa9982-7def-496d-996f-218078365c05,1769617826893
db1a94e0-abef-4587-9eed-3ae9ff45fb6d,1769617826951
6d322e4f-772f-4480-a857-4f3f2ab75762,1769617827036
853d34d0-e9e7-440d-845d-d5fc0ee7002f,1769617827079
b1d338c7-4a17-49c5-acde-49e0f93214b3,1769617827120
f4cb8eeb-6d80-4a1b-a965-b2f36f4d54e5,1769617827162
623d9d57-f253-444e-a2f6-d872a529bf18,1769617827203
a9eafd07-e3ca-4c74-b4ac-ddac8b6275e5,1769617827244
3eb2583e-b810-47be-b9b2-9f3bfedabed3,1769617827286
9725951e-661d-4a8d-acab-df66ef57001c,1769617827328
7f4ee2c7-f0e1-4339-8473-76ceffeb4710,1769617827369
3fe31c72-102e-41a5-a316-e63dafb95883,1769617827438
d23ab1ef-3378-40fd-83ba-aa17839aefe8,1769617827484
138ae67f-a884-405e-b043-ab6362a56c03,1769617827529
402b92dc-c182-4681-a9a9-53e0422eeba7,1769617827571
c405467c-9a23-4ff5-9d57-5c7fd0e4ff4d,1769617827614
8a69d682-fff5-4024-90d8-f7c5036e6487,1769617827656
10797d69-0d8f-4565-a9ba-a63806a97987,1769617827698
25eff8b0-ad3a-45ec-b1e4-739e4725a777,1769617827739
dac03338-4ecd-481b-b4a9-b12c9f37658b,1769617827804
197ca419-38c5-4714-89de-0c2bce105d06,1769617827895
ad6b1381-0113-40f6-8c3a-e722273ac16c,1769617827950
e3f7eb9b-e54d-47e6-b9f1-3d448e716547,1769617827991
23ecfb3c-2782-43e3-975f-3a90e986d3bb,1769617828033
065d8420-2c06-431e-aa3f-a2406fc164e8,1769617828075
88a02834-4ce4-4930-9865-a7319050cd2c,1769617828116
b139c8d3-8ebd-4c4f-a18b-2943dbe1bbc0,1769617828159
be01cd86-b9ee-4365-b781-ef89f555b98e,1769617828201
c14e53f6-410d-4710-b37e-48704c6c6019,1769617828245
7ea425c9-3231-498d-aa11-cf032f4db26c,1769617828291
28a9f32d-221f-44fe-9287-534f3c77a96d,1769617828332
972b6095-691a-4148-9bd5-c6c257dd69cb,1769617828374
dfd05006-c507-4717-976f-9f9db55fb2ec,1769617828483
d9125fec-a30a-4904-9f72-b4cde9054d8d,1769617828529
a2ae8cfa-5e01-483d-b4c5-8a3676d37129,1769617828572
23e587b1-bf3e-4f7f-82cc-fc8b36631e08,1769617828779
fefadc31-f3e1-4d9b-882f-ee029076e209,1769617828822
60eb7548-a8e1-4138-8ce3-5aceabbf7c42,1769617828863
dc0cf23c-2733-48c7-b3a2-437a10c190a5,1769617828904
4840c5b3-27cf-4b90-b36c-376f8ef708c9,1769617828946
b8d121b0-30fe-4aba-b31c-168a0e72c320,1769617829010
4bb9e787-9c2f-4c13-be51-f6c7592428a4,1769617829068
56459fc0-dd5c-4e9b-8777-b780a0aa2dab,1769617829110
c8206f59-f4a4-41f9-af08-374fdbcfef0b,1769617829151
14f31f24-cb9c-41e6-b1dc-777042762f8f,1769617829192
9bc88b3b-3a7f-47c0-9f11-48c70f3baf1f,1769617829233
7d403822-108e-4608-be85-1bdadb246388,1769617829275
ac2b44b8-96bd-4624-bb58-81ba02acfa2b,1769617829316
5c919214-1f4b-41f4-9f25-47b88b0606f8,1769617829358
faba8539-fa48-4650-97bf-6a2d65fa0c83,1769617829400
87afcc68-1b30-4fc0-8338-460bebda3ab6,1769617829468
f170fe48-9ec2-467a-afa5-73cbdef73a04,1769617829538
1ae83c3d-6209-4e98-934d-3957b1b9f8df,1769617829580
a90b2fa5-6bb0-41c0-aad4-45dc30f30531,1769617829623
fda4aa03-7473-4c95-9db6-7f02508a3b5b,1769617829664
736c8fd5-3b29-432b-a0cc-5e8d44f1acb9,1769617829706
46b5821c-c134-4832-8de8-1d8878c78c4e,1769617829747
b1da7c88-4e16-4d0d-ace2-8ba144583279,1769617829789
70460064-c12a-4008-9c09-6c4875cc82c6,1769617829831
4372e58f-cb96-47e8-92b1-7fa336b939c1,1769617829872
549768c8-49b1-4964-951a-6d7c558ae5d9,1769617829914
9bf00b52-247d-4c20-a46a-13b3be647f7c,1769617829982
56e05cdd-28e3-4e02-a340-ac34d7e775cc,1769617830038
3815dbe2-a8e5-4c0d-ba5f-18a3ed268f51,1769617830087
250b16a2-2bd7-46ae-a207-40c5f26ba9a2,1769617830129
3bec6555-b3b3-4b64-b564-0761ff2f8096,1769617830171
ff57c334-5e32-4e58-95ca-fde4e7ca00bb,1769617830213
fb9ca3c0-b1d2-48d9-822d-02858a9b8cfd,1769617830254
a11ade93-2f89-46c2-bb0d-7b9e3d689c57,1769617830296
df58189e-ba7a-4038-9939-e2428cf5dce5,1769617830337
36fa808e-705e-40d9-a20e-cb0f7f6a7b1b,1769617830379
eabe5ec3-bc95-40f1-96e8-9724e8e038d5,1769617830420
4506937a-3c85-4db6-8b1f-942e7ea6ee21,1769617830462
bcd9e040-bb84-43bf-8ec6-049a8e5c33da,1769617830503
1cb0b33c-34cd-40ff-b293-30666613e6a2,1769617830600
3384fbca-7b40-44c7-b6b3-6434061e70b5,1769617830642
303afa25-a9a1-4a90-945e-e7d0c3e49bbe,1769617830693
1189e038-1582-4b7f-b9fd-4e314a41bff7,1769617830735
4194b933-446e-4ff7-9be2-7189ad79542b,1769617830776
bea0620b-a1d5-41f0-9854-b040b43274ac,1769617830818
d64b3f36-0d65-4ea0-8fb3-f66ed3dc7394,1769617830860
ea69c38e-5305-47f5-8123-4aafe56757a2,1769617830901
044a75b4-b413-4bfc-8f88-6f450e955475,1769617830943
32b1f3cc-faca-49d9-9e0d-39881a649da4,1769617830984
e3d86355-0857-4ba0-8a0a-c45eac03bc74,1769617831026
3bf14095-44af-46af-9782-452e5b287c2e,1769617831067
b0ed3dbc-5a13-49ef-8e9e-df5224c9082f,1769617831140
4315643e-fc75-4af7-a90c-f1ba3c3e4dd8,1769617831259
06760089-48be-441a-8ebc-044eccdca0ab,1769617831301
448b3d6f-617f-42ae-ae1d-178eaa2a8466,1769617831343
966caae7-0e9c-4be9-bc05-9f03dfc609a0,1769617831386
1e1a1582-2e82-4e06-a98b-74063b13a957,1769617831427
e2063de2-a8c5-4836-8c02-a464561afd36,1769617831469
59d73702-b886-4282-9b2b-bdcff24c1895,1769617831510
31cce711-f3e1-455a-93c5-af6e0bf04600,1769617831551
b3ba8473-5d82-49db-b5df-8085c7d30456,1769617831592
c65ef835-62d6-44a0-ac15-05277af4ea35,1769617831634
72256876-9bb8-45d1-9bfa-126fd4af9d27,1769617831675
d8dfe438-c9c8-4800-9e90-dfc5514eaf21,1769617831716
4204d596-d24e-4cc0-b15a-c4c82dd0d0ad,1769617831757
517b81f5-5618-416b-b4d7-3954acc3f314,1769617831802
8113b9a2-7341-4709-a584-7710163c0198,1769617831843
76ad79df-6d7f-42c0-97b6-555a78795326,1769617831885
e8ed4672-3db3-44b2-bde2-54aeb7620446,1769617831927
a386c9ba-b172-4154-bced-1865d63d1e46,1769617831997
b12b6b40-877b-4431-9c9a-c990ec995933,1769617832069
14dd6e44-4627-4ec7-bf95-a37719fce0df,1769617832110
5f0c736b-077c-40c6-b347-fe0169c595b2,1769617832152
59a8d815-c966-48bc-b85c-90ee2fbec096,1769617832234
9a7c3ca9-954d-404d-871b-f3cdce618df8,1769617832289
5f070837-65f3-4b32-aed3-21426f29b014,1769617832331
14ebf47a-d5d6-459c-8577-08ebfb907cd4,1769617832372
cbe78987-a37c-4697-9a52-db01dbc79b9c,1769617832414
50f7cbdc-ea48-419a-aefb-12caa085680a,1769617832456
bc75bc00-fc41-4338-9620-e5da74e28105,1769617832499
aa0e4650-1005-43ed-bdf7-8929bfcf22f5,1769617832541
e9cb9a27-de96-4086-a90a-67b7ee940fe2,1769617832582
0dbc9fcf-065e-402b-97db-f31ee9efb115,1769617832623
764999b0-7fab-4a53-ac89-7ea020521f42,1769617832665
a484335b-a63d-4471-9838-d28314c7aee5,1769617832765
4ad999b5-d769-41df-ac09-9d9feaf077be,1769617832821
cacb162c-01fb-44a0-8414-f2f711b7d155,1769617832863
509aec0e-0712-4dbe-95f7-7c43a8e45339,1769617832905
f962de64-cd0a-491a-8ae7-2157a0c93e7e,1769617832946
cae7e7e2-9410-4cc1-b3a5-58df5dadc92b,1769617832988
348d4ed3-12af-4d9b-a3f5-d2426f0d18dd,1769617833031
2e1c9832-4371-46d7-9e9e-c7f156548648,1769617833073
c8c9005d-0157-461d-be6a-ee466d1eb59f,1769617833114
e86a438d-8942-4ae1-8cbd-27101663b7a9,1769617833156
37f0b35c-3283-44dd-ae38-ebffa3db9f99,1769617833198
2474c06d-3d0d-4909-a356-d2c3df5e7250,1769617833309
510a7bc8-da52-41e9-b729-92999dfe1447,1769617833355
f1f45e3c-c872-4ff1-ab9c-5fb88697a38f,1769617833397
efe2fc23-4849-4d9e-bd14-013f6ea3fe61,1769617833438
e8863100-464b-47a7-895f-3849444adff3,1769617833479
e1a0ae1e-53a7-4c60-ac36-ec45821d6ec1,1769617833521
14901bf8-3b48-4826-b592-09bdcbabec4d,1769617833739
bd73b562-215f-47f6-a969-31fa05860925,1769617833780
6fb50c32-8bd5-4832-b824-b3c789e449dd,1769617833822
6c206c52-0bbd-4f24-abe7-528973449916,1769617833864
95ea20ad-ac53-4bc9-9376-0a63f0531c44,1769617833905
b183f8e7-494b-48b6-b3e0-4f22b5a9567e,1769617833946
baddcaa4-a756-4816-bf1c-49275c4f7491,1769617833988
e6efb78b-4ada-4b8e-abf8-9bc6d71a92dc,1769617834030
525d9e54-d811-481e-92e2-62250513b1cf,1769617834098
3a042464-2afc-482d-8273-5cc52285360e,1769617834187
cea507a0-230b-40af-83c7-922521120a26,1769617834228
59e72e29-1c19-40c5-8d89-0f5d94fb14bb,1769617834269
31af254e-66e4-40ba-976d-6bf73cbd3ceb,1769617834311
9d9c95c1-7bca-42ba-93a7-1bd3cf4fd760,1769617834353
90d6fafc-e496-4b34-8dc1-9965bf68ec56,1769617834395
070c14cd-6f6e-4e7c-8afb-e6eb73938f86,1769617834436
042a9302-8c76-43ad-968e-fb399e561c37,1769617834477
f9684800-a7c3-4f28-8a12-309a2fc147ca,1769617834519
45777175-12c9-44f8-a9d9-b7512d37ae75,1769617834560
ca3f19ef-6c2a-4e7c-959c-f8c60270003e,1769617834630
07d6fd39-99d3-4b10-b258-d41e560f908d,1769617834697
a28cf542-1965-4a82-9956-4176539b9833,1769617834739
5fd1b436-5c63-4ef9-96f6-a52e6749779f,1769617834781
134a1b85-2148-4585-8e95-fad40e8ce488,1769617834824
6dea5e41-dbef-4f43-963d-9d94da500099,1769617834865
e076030a-d287-41c5-9717-3c424a867590,1769617834907
0f60bedc-d980-45a5-88a2-05ec9365bf83,1769617834948
b0c35dfb-096b-4c75-a64d-c565ffb4e90a,1769617834990
6ee54ece-5c5b-4fc8-8bdb-cabfc5433453,1769617835031
179afeb6-f130-4bfc-b51a-54b4f4ebbadd,1769617835073
ec9cad77-0d0c-4c22-a6ad-20355a2bf9c5,1769617835114
d4823871-d4bc-4e06-a6fd-85b576a5a0e9,1769617835222
48be13ef-d89f-4799-9197-f858b12a5878,1769617835266
33ce24d0-a5ea-483c-9d8b-03ad56f6b7f1,1769617835308
2387b218-6f64-4d05-a25a-dc76c16dd049,1769617835350
9678c494-521a-4580-a1d6-f6be8746d06f,1769617835392
28b2330e-f3e9-477f-a6dc-be3a657828ad,1769617835434
7493a4c0-03d4-4ca0-9206-1badc373626f,1769617835476
23b01e7f-6cfc-4f8b-9e82-b633149fdd4a,1769617835517
d89ca33b-c7ce-4adb-b607-ea380d1b2663,1769617835559
3058f9ff-e4c7-4648-9462-1928f9590e47,1769617835600
a80aab80-d016-45b5-ae59-3dd46f170edd,1769617835641
a6074364-bd0b-4034-bac2-1fd1fe9fd7f9,1769617835746
40e20b95-58ee-4db6-9ae3-d76dd1404f33,1769617835794
4be7e788-3ce1-4720-ba9e-6064fa55f941,1769617835835
ca24701e-346d-486d-b1ae-1f16a7fb11cb,1769617835877
bf89852a-5cf8-4017-b4d0-33c8aa7549ba,1769617835919
49a954f4-87d1-4178-b478-4274d737bd1d,1769617835960
c6427bec-fcaa-408d-995c-565d19653851,1769617836002
ef4d6779-eec6-48f3-b4d5-a187d46967e0,1769617836043
4f82e73d-ef0d-463a-b540-140fe4b5ae25,1769617836085
37e1e824-ad7d-45c9-8e68-064302bee847,1769617836126
c6431d55-d0aa-4b48-8d56-6ee2dc76aefd,1769617836168
ffe0924f-e4d0-42dd-aa1c-f6400af44a3f,1769617836243
32c77d8d-904d-47a9-ac45-7ac4449e6cb7,1769617836322
5517b31f-eb48-48cd-9bd0-b7c91f1b51c7,1769617836363
48c5cd67-ed76-4a4e-b97b-44c82a926b9f,1769617836404
ca534013-4db3-452f-bb49-6d4b6d378a9c,1769617836446
05456bb8-6b6a-4566-8b7d-3e24a0f584aa,1769617836487
ecb4f038-e52b-4f72-ae1f-89140d09ce1f,1769617836528
4d0c71f7-22b8-4315-a7d1-cec403ad587b,1769617836569
80381591-af80-4a15-9f93-b3a76f15225f,1769617836611
d865d825-6474-4803-944e-05d655f02350,1769617836652
ef85f622-53b3-4b07-9e4d-a7783a75130b,1769617836693
fe75591a-dee6-4b96-805c-7d0fc5edf825,1769617836793
e4196f50-b231-4d0a-93ac-50c2fdd8a032,1769617836835
3535bb68-6bce-420e-9b20-49f9ba88e025,1769617836876
347252c4-5145-490d-bc77-88a2119c65fb,1769617836917
742d818e-b573-4f4f-86aa-eb655c4ea632,1769617836959
2c96bcbc-b0d9-4ced-95d3-d3441c8acc85,1769617837000
ae2911a9-e4fa-4f27-be16-9f8d20039189,1769617837043
ae2267ae-7232-4aec-9922-bbefb23f29a4,1769617837085
c203145f-fc42-4248-9c99-735b124c191c,1769617837150
2bf9d4f2-0b09-4bc2-a3da-cadce6d8889e,1769617837228
69c66dbe-4a0a-4eef-9ee5-bccb01047b04,1769617837270
25150a95-2004-4d22-b96f-96ab18804af6,1769617837311
5b05cab9-1607-4560-a9b5-be774b227f36,1769617837353
0dbce375-d9a0-4a11-86a2-1f131213509f,1769617837394
41bacb1e-334e-46ae-b1c4-d1c33043017e,1769617837436
803027ce-b50f-46bd-a93a-fc04fa49579f,1769617837477
95b3e1a3-bbf1-4978-ad52-7211b1eec2b6,1769617837519
7da278f6-f626-4323-bbf3-3347263330da,1769617837560
2cd20567-92f2-4add-be2a-89f450843bf8,1769617837634
784f19f4-ee99-463e-b555-452bb99d1fcb,1769617837679
1b77fbcf-2f20-4b4d-a8e3-c809a0fd5a32,1769617837721
19856cf1-cf41-4927-87f5-94b9bb41dc51,1769617837762
c6716aef-9662-418b-b312-bcf43249e745,1769617837804
998fa45f-178b-4a75-aa41-11d9a171217c,1769617837845
420ff82b-04aa-4646-9f94-7337ec8eff5e,1769617837887
dbd30b27-d98c-46ed-ad47-4db0213c8788,1769617837929
30673f7e-e4fa-40f4-a12d-384ef5aacf69,1769617837971
918e2814-e00f-4704-8609-8b9aae3b0ddc,1769617838012
0ec43349-7be8-4947-8d88-757447c58938,1769617838054
8158f38d-6ee4-458c-9ecc-055c8e75b4ea,1769617838096
546cc3b8-c6b9-4150-b610-6f35d86b29a5,1769617838139
4474fa05-3a8d-468d-bdef-66703110a4ec,1769617838196
8eaf0853-ea2e-4b83-a36b-b53b177d8996,1769617838304
d3970ed2-f3a7-470a-a0a6-6367ec4665aa,1769617838350
7ad34ba2-ce3f-4216-acb1-92669cb2f82b,1769617838393
d3caec76-3f46-4b26-b78b-e6fcd96bf23e,1769617838435
b1393cf9-aa53-4b83-ade1-7241b926a4b0,1769617838476
0e3e48fc-814b-4ce3-9c95-db3d3a61ae47,1769617838719
92d44a8a-ae20-40f9-9f5b-9e451bb094b4,1769617838813
ac78847f-9dee-4fdb-a1ac-de64670d941b,1769617838855
73098c3c-fea6-48e4-9e48-42d1fdf6fd22,1769617838897
f576e790-f1f0-4d32-af0f-fa76de118ece,1769617838938
def567dd-d372-46bc-b773-fafa2fee07ad,1769617838980
b067d704-48a6-4669-9baf-19bd6995e220,1769617839022
be611d8d-e1c0-4069-a537-5d54748a6d84,1769617839064
64a16e38-24ec-4150-8eb5-2bbd0252c5be,1769617839105
e0967a1b-8ae8-4fe3-a1d6-09c053ee6552,1769617839146
90eb660b-eaac-4d9c-839f-3f4fe0522789,1769617839188
9731425a-62b1-439c-85f7-01d63a33b641,1769617839252
3cbbf1f0-74b7-4ba6-9139-d5aface741d4,1769617839303
e0cad2e2-9f22-4423-ab79-3b3d8736ec98,1769617839350
40efbf50-2d5a-45b8-a27e-a8fbd10a728d,1769617839394
3fe83139-2b6d-4754-8a3a-1c593bf01f96,1769617839436
1be49810-000f-498c-98fd-3db5844e96f9,1769617839477
8da89dff-3d28-4026-832c-f54b6fbf7ae8,1769617839519
dab2d565-f81c-445b-b841-99c5f6c5788f,1769617839560
bef2e47f-58d8-4af4-b347-0fdae77c634b,1769617839636
33e72afe-88bd-4a81-a24a-3c7bfa91dd06,1769617839698
c514e07f-922d-4304-a584-1f766832444e,1769617839742
714d8733-31e1-46bf-addc-b6974b53c9c6,1769617839783
bf55c93e-8715-40e7-b56e-c36c932bd50e,1769617839824
bb725b41-610b-451e-8f06-7eb527679d77,1769617839865
20ac5d37-ea95-4dce-b5bf-08f42e32d77c,1769617839907
2e75be7e-fdd7-416d-adc2-8e8b62a49218,1769617839948
457dba29-3874-4dfc-b4db-f0160dc6b84a,1769617839989
67cc1141-8011-45fa-a9be-72e0d195664d,1769617840031
fc610cba-8888-4af9-a9ec-634696b6ebec,1769617840072
6e962e46-0d6a-4570-bfe6-c12fbdd0fbef,1769617840114
d421da1b-0b9c-429e-9d97-d9c0e4346f9d,1769617840155
7c2e3ece-5ab7-4f52-9af3-d1d8ff0740b5,1769617840196
619d7c7d-56ea-4a50-8624-0b73717426c8,1769617840300
868cce9e-6164-4636-9310-0013056f815d,1769617840342
c07682f9-956d-4f0b-bb98-2f1b9d234423,1769617840384
06ed7c2f-d1b2-4498-a829-836848d90e6a,1769617840425
814ae313-9755-4f8e-a03d-6c3e7f1d4888,1769617840467
29895aea-c6ca-4ed6-9634-2dd468f2f444,1769617840508
4e13b9f8-8b44-466e-92e3-26bf869a8f31,1769617840550
4ab33bea-73be-4869-9ce2-caf25e396c4c,1769617840592
d941ccba-970a-4521-be47-a816b1e640ee,1769617840663
521cd6d5-ca1d-4e41-bdef-2098888afb72,1769617840721
1d4e2649-357a-4ff2-be7d-ab091c6fcc7c,1769617840763
4a5993d2-fea2-44dc-a8de-2020e1a553dc,1769617840805
eabdc16e-97f7-4335-83d5-190b41a25504,1769617840846
85360392-d88b-4f4c-b7bb-b61e14ccf445,1769617840888
0842e439-5cb1-4a99-84e5-95d94cb854bb,1769617840931
3dd10e09-7a78-43fe-9c28-54848c6e2806,1769617840973
1d9e5c51-e045-41b3-8b55-43a39e0f5976,1769617841014
a69f3c38-5020-483d-970e-70ce7c3a99cd,1769617841055
cbf52d08-29f7-459f-9c7d-729a6d65d43c,1769617841097
aa3b6292-d65a-4eda-8792-160ab8e73f15,1769617841138
034ac37b-ded8-4692-930b-29dfd3b28c39,1769617841180
9397b352-9ca2-4fd9-8348-963966296fde,1769617841273
7f8b8ed5-fd40-426a-b845-d51da0e5ed10,1769617841316
29b4f900-f8b7-4e1d-9e3b-487096154ac7,1769617841358
9229e9b1-32d7-4dbd-9195-18c1e30dd826,1769617841399
28d6a7b5-e5e7-4237-9f2a-cd87efee0a53,1769617841440
b4fcae4a-d7a7-47e0-8b04-85c3db974842,1769617841482
2c27af18-8912-49f9-879e-f9149b596f83,1769617841523
e10d549f-d3b7-40b8-a3a5-61e816736d5b,1769617841565
dcb29129-ef3d-47f7-8e8f-247fba76651b,1769617841674
e6351a07-226d-4b39-a354-d1469dcd24e4,1769617841716
ce9e0b03-70ba-4f00-a1d0-ac7bae0aaf23,1769617841759
9734ae15-97dd-458e-8e0f-e9ebe9623aea,1769617841802
cda02ea3-25b3-4594-a8b6-3f5daf603f93,1769617841843
602542e6-cf8c-4af9-afee-775feef65bbb,1769617841885
7aa38914-2fcc-4875-b3a6-d7475e833717,1769617841926
9c867da1-409c-40ff-8dda-9e4b050d7aef,1769617841967
ee8fee7e-6c41-489f-a33d-78a7de75530c,1769617842008
261a99a5-2ad9-41d0-b2a5-a1307db15877,1769617842050
a550d8cc-da9a-4aeb-a96b-6161f60d154d,1769617842091
79851e4b-f7d4-4441-8959-7be2815d0eb9,1769617842167
874f2b83-53bb-4546-b389-54d5e36fbf7e,1769617842237
6d4211fe-f7b4-4cf2-bd74-995254f1ed01,1769617842279
4ed4d070-a591-46dd-bd22-bdabd61a546e,1769617842321
056f85b6-a2a9-4967-87bd-30b34d898a11,1769617842362
d86554a9-c572-4c24-9777-51d4e764e942,1769617842404
af1035b0-dea7-4401-96ae-8968ac90673d,1769617842446
c481f73e-b206-414a-b1dc-e9522ff691bc,1769617842488
5a1ee357-4724-4c5d-a370-eb80e3b716f4,1769617842530
3987ffe8-19b3-4f2e-8b63-be11e5453bcf,1769617842571
4b50111b-39c9-4baa-a904-ee9edaaef2e7,1769617842614
f402599f-6654-4ddf-a4eb-0774cb53c455,1769617842656
7a57a9ed-feb4-4a92-b25d-0431149da47b,1769617842736
b8c8394e-f65a-464a-89cb-df784d3ae8ac,1769617842781
c3121f5d-0048-4968-8f71-560257d2c77c,1769617842831
87201511-3cc5-4dbc-915e-ddc98a3ddd14,1769617842872
a96c540f-9a70-4a4b-a782-de36b6725b26,1769617842913
455a3c3f-4b78-4272-ae80-636a6313e9bb,1769617842954
2b60b71a-47c2-4500-a1b8-5917e260b037,1769617842996
f301f502-7b36-4901-8b60-42314fbdc204,1769617843039
c8dd3540-0858-4453-8b56-766b92a87101,1769617843080
b690cbc8-7164-4b70-a2d8-6506928aad5b,1769617843122
0c25c561-1641-4710-8430-e1ce7541b5d0,1769617843210
ca6be44c-e2d2-4fad-a3ac-52e14ef3c9f2,1769617843263
561a154a-09ec-47f3-b3d5-7f18e67e45d8,1769617843306
2623a9a3-4c56-4035-99de-bca0fa3bb43d,1769617843349
43f30099-5d90-48c0-a325-01dd292953b6,1769617843390
90347fe4-ed6a-4934-acff-f266a40415ab,1769617843432
7286c2d6-22e6-41f5-b6ad-5aaa7f6b3f3e,1769617843673
91b903e0-2ed0-43a6-9416-b499a444a105,1769617843715
9edcb123-b2b6-49c6-8496-053aa555131a,1769617843756
06c87635-0f3c-4bf7-a11f-b81d77c305b5,1769617843797
e22d69ab-e148-4ae5-aee9-2b2ef1567f25,1769617843839
c8ecfdd5-c40c-420c-8265-43d860355c21,1769617843880
c647ee90-562d-4f9c-9af4-039732263821,1769617843921
16fa02f8-7a94-4bc1-b58c-0e98d9527ae3,1769617843963
2cb0e140-8bbd-4657-90e7-f7009961767d,1769617844004
242c04b2-1f4d-4e28-bc5f-2de90c652574,1769617844045
551b0881-d1a7-473b-a6c7-d81cb9935b27,1769617844121
475fd800-5232-4d99-83f9-d37403b13410,1769617844238
a80f9402-f69f-4fb9-8710-5e362561de3d,1769617844280
c1a32334-c0c3-4493-9e1f-f8ad207a205a,1769617844321
82749892-94ad-4a35-b16b-ba625eff23ba,1769617844363
ff711b1e-8d97-4377-89f0-c8ff036410bb,1769617844404
c87bb161-634d-4420-8fd4-a64ac081cee7,1769617844445
4f1e3c18-e600-4cd3-8f21-c64daadb0264,1769617844487
6a26da84-6ad9-4b99-a073-e940c6515ab1,1769617844528
1c352dd4-3b43-4951-901b-825d3c562c96,1769617844569
5d351127-9015-4644-b991-c4eee87605fa,1769617844611
3d4bcfb5-f0af-4e8a-9327-97e9e6d18896,1769617844691
f6e6ad23-941f-475d-a030-f21b904278cf,1769617844734
a267e677-7aad-40b0-acc2-7e55d2c34a19,1769617844779
366614c9-ee25-4600-95c4-b9bc51eb9342,1769617844823
04609cfb-fc1c-4894-99e6-bcbb44e6f512,1769617844865
7f94c7db-e396-4901-b566-cfde8980315b,1769617844906
150bf210-1d2f-4bc7-931f-c6b7db03c5ed,1769617844947
7e3013e5-07f1-4b8e-a38c-2d02117f5e66,1769617844989
fe6a3d8b-02b0-4ed4-93fc-92e7babe8544,1769617845031
e94913ce-03a5-4414-bcc6-8d0c0755c2b0,1769617845096
8b55d72f-af8b-4526-8a07-32f22bcf6644,1769617845150
9e4500f3-d288-4dd4-86a0-ae28a515cb2a,1769617845205
439fef1a-3d8f-4ad3-81c0-833f6c2322d1,1769617845247
1838d74a-06ef-4356-94b5-0bcd38d72828,1769617845288
94dcb8f1-7786-4056-bb1f-208a1206ab39,1769617845329
cd37b34d-8919-4b13-84b3-ec8a50531776,1769617845371
ccc432e8-648a-4033-a7a0-925f9bb66868,1769617845412
cf6a8e0b-d0b6-4952-9931-c585588b9a8c,1769617845465
80968d02-8ba0-4779-8a87-ae4fdda8c9e9,1769617845540
c77755ce-f9e0-4503-8bf0-5d7520ffc8c9,1769617845588
9c1eef8b-719a-46f4-8af5-fae4f9e51fba,1769617845629
460d3c74-0de7-4aae-b8eb-63b780bc4804,1769617845670
3fd35ddd-d1d0-4af0-bb12-9d68b3112c64,1769617845712
4b71ea58-a041-4a4f-a209-3a35ee0c40dc,1769617845754
53339b23-1cbc-44c4-afb0-2c2304b118f8,1769617845795
5c21774c-4ac6-4afb-9b08-be65a65c1e73,1769617845837
4c22c5ba-4964-4c3c-bf35-1421a9ab2e3a,1769617845878
5bb24811-771d-40ab-935b-f2d1e62c87f7,1769617845919
d90b2fc1-3a2e-4488-81e1-d897333c553a,1769617845960
d18895e6-d8b5-447a-b1f6-94d0ecf454f6,1769617846002
3dc7acc5-982c-4634-9e56-b386c8116197,1769617846074
b36c8151-b647-4664-a021-56548e6d4809,1769617846134
b2a097b3-5726-46fb-9803-70f46cb14bb0,1769617846176
44fa6cf7-ef6c-428b-90d2-601ee471fa2b,1769617846217
d960f19b-c567-4b68-826e-bbb52bb704ee,1769617846259
1e46257b-8778-4206-9101-97b0048d95d5,1769617846300
837e11eb-9b6a-438c-8802-077c8b2c33b2,1769617846341
dfcc10d3-ba85-4497-809a-bb96d9f8c6f4,1769617846384
bc5c41a4-e1a6-4042-9b41-7fe5ff2701ab,1769617846426
d86a6ef5-e9b1-4d07-bd39-b84a78e44633,1769617846468
7cdf8d64-6477-4bde-9c3e-e9bbc6916660,1769617846509
29fbdb68-0b0f-42eb-8271-ed185e76d1b9,1769617846550
0a444051-981e-4eb9-9670-53bab597f604,1769617846615
493918b5-0671-46d4-90e1-d0663f305f99,1769617846678
2a2ae43b-8c17-42d1-9449-8d63f7c04f85,1769617846719
01171a84-1254-48ea-bec1-c9f89ccb79f4,1769617846761
9f881454-15cb-49b4-ad6f-6f88c63fdb38,1769617846802
ff0a5d80-d4b4-4cf9-af10-7725f7605c38,1769617846844
4b0fd93b-5889-4f9c-9b7a-767470aaf93d,1769617846885
05481cb7-a591-4069-80cb-cb169fdf6f22,1769617846926
2bb83dfb-2570-4f51-a0bd-e5f15fabbd58,1769617846968
ccdd725d-6017-4ca4-adce-7db79e9d0a8f,1769617847011
30646a8a-22d4-491a-b60c-2e24f1738ed5,1769617847105
2359a198-b6b7-4375-bdbf-58d2e40d1437,1769617847146
094a686d-75cf-4c63-85e7-9c49358f1ce9,1769617847188
9223b126-b877-4074-8c03-7ef0e24b8207,1769617847229
165557a8-d094-4ad8-b827-e99565a8911e,1769617847270
b3c5b16d-c630-4c3d-9782-9604917fcd92,1769617847311
977e2e52-8fa8-4b43-ad92-ece457af8f96,1769617847353
252283dc-0db9-432d-ab8b-0bdfb4c842d2,1769617847397
a97003d4-516f-494a-b0d9-5b541965b183,1769617847439
18c1a6ac-b6ba-42e5-a25e-b2b5be880a57,1769617847481
fc9b3e14-0c7f-41a4-aad2-93982d3e1c93,1769617847522
136b63fc-e979-4e36-a9da-f59539d0beff,1769617847614
6aba867f-2086-493f-8904-35dffc215632,1769617847676
6c776d18-8623-4a1d-bd0c-270128a98ae1,1769617847720
39640057-f35c-4100-a37b-566fd7985f1e,1769617847762
f563c142-e52d-4dad-b026-5d5cd2d794c1,1769617847803
aa05aa35-41d4-4ebb-ab4d-ece8ec50f5a9,1769617847844
1c8dfa34-5f7b-4f4f-85ab-501154dfaea9,1769618326832
ca7303e5-3997-4e57-8412-dd09dcde6d21,1769618327070
98bbf94a-868d-424e-bae0-2382a41a401a,1769618327311
a77f406a-44f2-4ed8-8f94-e0b859378ec9,1769618327529
beecb28d-6524-42c6-affa-54bae14d1d27,1769618327760
9c111fb5-9ebd-4d04-965f-58e7c93f7cfa,1769618328232
2da08bf3-1d6f-4fdc-a654-14037695b37d,1769618328466
b3f26ef2-f879-4f98-a723-d55a6be2e6de,1769618328702
e53c5228-f0fe-4357-9d77-536cf87f9d57,1769618328941
6a5eb564-fba3-45db-8e6d-3d4d10602029,1769618329159
8ba130ca-7e70-4d05-b977-86608c10657f,1769618329380
5b741b7e-a9eb-4fb7-899e-29897fb385ab,1769618329595
3eb96648-43cc-4bb2-88ea-fec5f235ac87,1769618329814
78e307e7-76d1-4e1f-b669-c43ecd4b92a9,1769618330046
9bf4c6f9-597d-4461-ae5f-6fd5f9961312,1769618330272
4e7fdeee-3cfa-40d3-b2d0-ca20b5832547,1769618330519
0de65d18-90ce-4473-8d15-6331c66c96d7,1769618330746
47fbc73e-6f12-4a72-90cf-9774d6239004,1769618330972
21381db9-ab47-4841-bc20-89256ef9c3a4,1769618331192
aa32804b-eeb4-48d9-a6e1-dbee4b7559d4,1769618331409
565985da-4d5e-4c44-9313-056dabea5290,1769618331626
b4e5f3c0-a45b-4bb4-961b-3f034056cc5e,1769618331843
4b262492-ad47-45e4-8067-cbfb8d08d31d,1769618332061
ac0287af-50db-4bcd-9872-d6e4928d715f,1769618332287
c2cf1edc-0ce8-486e-9d3c-65debdaa8df6,1769618332518
3cefe4e5-41d0-4341-aa17-8e157c64e677,1769618332758
eb50a3db-33eb-4b5e-a7bf-7f15c24bb698,1769618332971
d83c2d9a-f5c7-43ef-99be-c612cec3dfff,1769618333177
15d22af6-7a03-414b-9082-2df8e3ce8335,1769618334002
007efc6e-8f8f-4efd-9829-40180f7f400d,1769618334247
86574b21-0c87-4f30-a66c-9de4c737839b,1769618334480
14f30031-7fd2-4f6a-8d3e-84e30e93fb8c,1769618334720
f53872fb-60fe-46ba-8fab-7fdfaf4f2427,1769618334947
dcdb228b-c019-413f-bfc8-85e2bae46af0,1769618335169
15d4de7f-6f8a-4dbc-8c70-5fc196cc157d,1769618335402
833b3fd5-562e-4767-ba90-15a266a977d8,1769618335628
cb7fa279-997d-40df-a998-d2a32c98f191,1769618335851
9677a104-5d0f-4129-bbef-90bd55bc43b4,1769618336074
4136f7cf-e6e7-4c3b-adbd-f759b401fb5a,1769618336313
1b56f389-e136-4de7-ba6b-af9f30fd0019,1769618336537
4138db7f-27c2-44b3-b1dc-36b848bfa7d1,1769618336778
7e3897f2-e3bc-4788-afb4-e144e471f64f,1769618336991
359a8b88-53fe-4c05-aedb-c02ed2260a18,1769618337230
b030fd1e-a51d-4480-b6cc-ee7c3ea71ad8,1769618337461
584145a9-ef51-4107-8be4-a03fee924827,1769618337678
c8e31f1b-d2f0-4da9-84cd-684ff2e9c024,1769618337909
a9da824b-4943-4506-877f-9af7a5d7e09a,1769618338134
02184d0f-296f-4457-b62d-c6d533323bd1,1769618338358
6ec9e0bf-a328-4ad0-aa99-c39e19d39de0,1769618338586
651eb5a7-4ebc-4c42-bfdf-3a7ca620aebd,1769618338809
d42b9575-d4f5-41d1-b7f6-88c20bb15fed,1769618339031
fbbc0256-dd70-47c9-83b0-4f44d95ea8d0,1769618339278
a8021fa5-5189-4ac6-9d2b-9629822773cd,1769618339536
34af4c20-3c8a-47a7-855d-1b265e7b7187,1769618339764
6ce64bd8-55bb-4e94-8c71-f3c0fdf2ba14,1769618339995
24c30285-3ee5-4700-ad5d-1bca48339095,1769618340215
b8c20f81-fb72-44a6-81a2-70c8cbd12b64,1769618340425
7760908b-a335-44a6-8b91-d4ce319f9dc7,1769618340647
6af16552-165a-4243-8936-dcd3f35ed7f9,1769618340863
55249c4b-4de5-42b0-b1b8-79890119a0fb,1769618341089
b23cf1d6-47b9-4887-b633-31bbedc3440e,1769618341331
369d2196-cbb4-4f2c-b4a5-5fcb48c55b0c,1769618341550
ca0a07df-85fe-4513-9b08-2b15f7b0116d,1769618341768
e84659e7-e9ff-41a9-9d06-73c58ad32dfa,1769618341983
190c8552-3a78-4bc9-bde1-0075a30859b2,1769618342202
d143a87b-ccee-4379-8ed0-1e14aed5eafa,1769618342399
81c0759a-a05a-486b-aca7-d5a660863401,1769618342613
e6e03d9e-536a-4d89-a090-f2921a88c9c0,1769618342816
34a98313-b993-45d1-8901-449780548834,1769618343041
bf478ed3-16db-4fd8-bf93-2bf7a7da10a8,1769618343258
64a26d46-05c1-48cb-917d-2d88742c5c44,1769618343467
09d78678-7aeb-4ed7-adef-cec910f649d3,1769618343669
3a398837-059f-4588-ad22-975266c2fc46,1769618343878
e8740519-4402-4e82-8d21-1d928751eb2f,1769618344103
a7810417-17dd-4413-afb4-f68dee97ed94,1769618344333
d64e6563-9282-4e64-be8f-cea31873131a,1769618344544
a3f4b765-1f95-484b-b65d-ea88f2f57d87,1769618344766
70719de4-7715-4c7a-83ad-7a1075c30525,1769618344994
f10cf197-24c6-4e42-b4cd-bb8c138aeb02,1769618345202
d62d2837-ec01-4663-981c-83522ed8be4a,1769618345425
8a6841ec-d8e8-4cb3-b8cc-ec8e6c3ab721,1769618345650
d0f9a504-ce65-4714-8862-5f1a82cfb610,1769618345866
57ff3d2b-e567-4759-aa61-4ce0b78d09a6,1769618346092
176d3d46-0c1f-46f6-bedb-185d3b3d8654,1769618346303
127985e9-7ece-427e-8a92-8ee5491a407b,1769618346511
67d5986c-0bb9-496e-bd46-6b2824a787c4,1769618346747
43672b55-b666-49e7-b2dd-41fb51c17491,1769618346952
49bcad4b-2e2d-4ca2-bc2a-5899b2b0bf95,1769618347183
7af47867-b0a5-490e-96fb-c51bfba56611,1769618347375
4ab862bd-3c62-4ca4-b40d-8567ea4d8ad6,1769618347578
0e50c245-eb2d-40cb-afc7-995bb6228b40,1769618347783
5866eff7-b3a1-485f-a103-3370003d2da1,1769618347991
de2b3aa9-3eaf-4584-9ca9-819e0bd32b85,1769618348195
8958436d-c02b-4c17-8b47-d2ca2c2c88d1,1769618348422
1aafe2c6-cf78-4707-b076-42b6fa82912a,1769618348658
14f0dc99-d7fe-4594-8ec9-bda920e5f87d,1769618348857
9cd0605e-bc36-4912-a9ef-ba6ce035f840,1769618349064
cb669c0a-7428-4059-8773-466d489872ac,1769618349271
a4a1d487-dbd7-440a-805a-7683be7f6a8f,1769618349478
75905fd4-f9cd-4276-8e57-344aac34fd9d,1769618349690
5ee37cec-a9ad-40b2-8ee1-ed6b2449e85e,1769618349910
76f7c24a-87c9-425a-ada8-7ed93e415c00,1769618350120
72c800eb-d186-4811-9333-af816cedecb7,1769618350570
001d71e2-6a7a-43a0-93dd-64521adb751a,1769618350770
23214522-0f59-4d71-a947-bb4dc6fd9f5a,1769618350981
0ece4637-5b17-415d-a16b-6ca7ad1c450e,1769618351188
fe0fe308-d0c6-44e7-9784-787e190605bf,1769618351405
eb003b57-8177-4089-b359-42d280e265a7,1769618351618
2024f375-ee6b-4eb0-8f75-c4388898988a,1769618351840
6d5dba59-ccb2-4612-b7e9-a2bef18fe96e,1769618352066
30de1cdd-6557-4f49-ac6b-9f970cb33378,1769618352284
df042adc-2091-4927-8c01-a449ab9dfd98,1769618352759
55cb2641-e721-47d4-be1e-ec54c7f93a5f,1769618352973
8c74e4be-85a9-466d-ba09-849a60c7ae89,1769618353175
9c88ce48-5836-499b-9cf7-5ca69e187736,1769618353384
104ecf56-5b17-4330-8156-981da9cbcea7,1769618353602
cce877c3-3082-4b8c-be78-19b37334dc0d,1769618353815
5b798be6-3722-4a8a-955a-3d9f4bbcbe7e,1769618354024
00daf409-ba86-4799-8cce-4f63e08a6e37,1769618354245
e1fab5de-2ac4-485d-8b80-4aa76a60c4af,1769618354454
f5e855f7-d4dc-4ca0-a91a-92bfafe263ba,1769618354685
de1d195c-4d0a-471c-bb9e-2ca180b200ad,1769618354891
ed8cd97e-ffcf-4151-9c64-97661778ed18,1769618355088
9c83ec5a-3212-44d8-84a4-d61772ab78e6,1769618355286
66eaf42d-e48a-4cea-bc84-d3a837c12599,1769618355496
e96afa8c-1bcb-4dce-8000-7e1661d81d42,1769618355700
233c7b3f-97f1-46c0-9308-a260807e0c50,1769618355928
81af470a-0003-4ca4-886b-9ebda7c466d8,1769618356156
10b4e6a0-76a1-435d-ad58-dedd921591fe,1769618356392
33f0858e-d3a4-4336-817f-7813cf692c91,1769618356600
1a08c47f-a784-45e8-b348-346318c7da7e,1769618356811
d9aadb61-986d-4810-813c-91fbefda5e96,1769618357011
ec3db95c-be40-41bf-99d1-863231785b92,1769618357235
79a0a390-be1e-4a7e-a3d0-f278f4eb4f07,1769618357472
7ec1bacf-54dc-4a9f-aa51-ec6f776cb050,1769618357709
179c6b8a-da03-4810-8f73-52ca075661af,1769618357937
3bd06858-380d-4996-a226-1726c0c3e156,1769618358160
8a271a6e-7037-49e1-b141-32e1384549a1,1769618358390
beba334b-42fd-4755-834a-d9b34bf0b97a,1769618358612
4f089891-c3a5-425a-923e-1de65a574615,1769618358829
2fda731f-dd09-4870-8244-a8d84ff36d6a,1769618359065
ea0c3f4a-67a8-47f0-9304-c3461db53ef7,1769618359301
1af2dc43-85dc-439d-8600-0fb4a7632829,1769618359523
12c4dd8c-3f61-4bdc-95ea-d973e8d6ec43,1769618359755
8a0f4e1f-3bbb-48cd-a07a-88fbd1337bc1,1769618359987
be47b1e2-7b38-4ec7-9de0-b7c2e7920c86,1769618360206
32e3a91e-6510-4764-8d02-6b8260b3fb38,1769618360444
448b12b8-a956-4eed-aa56-4bf07e274bb3,1769618360671
22be172d-83b4-4d43-b7b1-7f1a967b689e,1769618360892
06c80aff-36a2-4697-bc6c-2730971658ad,1769618361110
a7c2b119-692f-4a96-9e9e-37462551f5c4,1769618361339
3f7d0e25-2591-4554-856c-f90785ce50ce,1769618361549
0c910671-e1f7-4bf9-b4c1-f8bd8e3141b1,1769618361762
b46d70ac-41c3-4b2b-99bb-4a790181338b,1769618361976
a9749489-5015-4e32-b804-22d02bf4976a,1769618362195
5a381c96-d000-49a7-832d-e232ca8502c0,1769618362418
f324b818-33f5-4541-aa1d-6bc92c33ec15,1769618362624
91751ab1-10bb-4b0b-9b79-da3b5927bdce,1769618362845
0e8dfa13-66c9-4551-b814-f617e1325754,1769618363078
0a0dd945-804d-4539-bb6a-d081f76e8716,1769618363288
94d934a5-612d-4893-be99-c940cbaa4241,1769618363534
e5589a00-6eeb-4fd8-ba6b-f5ed699af3ad,1769618363992
6678252b-45fd-431f-a85b-ecf178ebb33b,1769618364213
ea68548a-93d3-47cb-9a9d-0872003478e6,1769618364437
7ee01405-eb27-407d-8bad-887f8601f1d2,1769618364645
0f948efa-36c0-43cf-89f1-e58c2f426431,1769618364855
70ddb57f-9881-4645-8e1b-2059b0de0c37,1769618365070
afc67142-2045-45ff-964c-dd3738998f9c,1769618365288
861df26a-6082-48c7-a5fe-07964b6380fc,1769618365493
6942cebc-1c79-4aa9-9c5c-bf3a8c6aaf4c,1769618365714
b82e1363-7cae-4a3d-91a8-0908bba7c0db,1769618365948
5fbac542-ec02-4022-a5e9-a2e70cb0fb38,1769618366159
e97a2b7f-fc13-4985-baac-012bf6179ca4,1769618366371
44daa58f-22cc-4091-abd5-4a9e6013cd5b,1769618366587
223e0ec3-1a5d-42b8-a203-604510608576,1769618366821
9e094629-20ad-4e91-800d-243c52e1a667,1769618367024
7462a041-fc19-4b61-ba9c-b8e24aabdfb2,1769618367236
4c288fe1-43d7-497d-b2e8-969b2bd03f90,1769618368107
2b7a3c88-517b-4575-a3f4-771377f8d156,1769618368322
bf52b96f-7b11-41b6-8440-e07f27ef7193,1769618368535
d21b294b-721c-470a-9b38-a4d910cdfaad,1769618368761
72e6edbd-c624-407b-8ed2-ce7015a06e78,1769618368975
8576cbce-69b8-4f1c-9472-53ccc02519ad,1769618369185
1765dca8-3e35-45ed-a18d-f721d0f221eb,1769618369406
7941cfe7-a507-48b6-8b3b-5a4835950b1c,1769618369635
7fa662af-22cf-4e2d-97db-c5ba54753c02,1769618369855
d1fd8854-0a19-400b-abaa-158b888f67ab,1769618370067
1911b71c-1ce3-425d-b68a-44d94d82d914,1769618370295
facf2311-025f-445a-98e5-f8b7f030f55c,1769618370503
1c6bcf1c-dad5-4434-b8e7-941ddc95f569,1769618370705
41bddf57-82cf-478e-911f-62c6ca7295d1,1769618370915
d86d9d24-b922-47fe-984c-64ad8e7aff43,1769618371117
f6c889a3-321f-4f3b-ae2d-4f77a04eecea,1769618371334
6fae05ec-1a4f-4216-9f05-3045c72508c6,1769618371541
7cac3b01-c041-4b36-944a-4e0415b1a821,1769618371755
757713bd-501b-4f96-b527-f6ba605a69df,1769618371971
50476e1a-ccb6-482d-875a-f52a008710d0,1769618372174
50f38c4f-3f66-492e-871f-e18bc7206236,1769618372395
a78bc536-2566-4ea9-b9ad-82cb378aad6b,1769618372620
4dc555f4-ce8b-48e9-9266-96244c2a1252,1769618372837
84fe6267-e02c-480a-994d-502093e3eded,1769618373043
b1e379ad-7d4c-48c3-9179-5e3f46e3ef9f,1769618373250
0cef8dfb-977b-41f1-8eae-cf28b502c771,1769618373471
81ddc7e2-0799-46a5-bf62-7788829f778a,1769618373664
62a324e7-e35d-4bd2-89b2-29acf8fa295d,1769618373879
91be890f-f342-4a6d-8a5a-d528a230cbd9,1769618374087
1a70a6f3-6e02-4940-934f-310fc11d3ec9,1769618374302
7641f623-49e3-49a4-a253-2539ca348658,1769618374550
3605ba18-391d-48a7-92e3-4d14d731074e,1769618375024
00d6f118-a048-4f55-855a-666feac65aa6,1769618375225
b147ee1b-8c53-4234-a462-f5ce855321f5,1769618375426
48ddf3cf-b2e9-4868-96bd-c5c45cd5eb5b,1769618375637
5b05c884-8bac-4b20-8719-585311fe861c,1769618375849
8fe8d3f2-eeec-45fc-b1f4-3d6da76ba655,1769618376051
7f2039ba-a151-40af-8652-8a209e58e205,1769618376261
d5d16ada-bef1-44f7-93a5-d2662f259bcb,1769618376470
deb3a903-dd2e-4c00-849d-91154012a3f1,1769618376678
996879a3-5951-4ed9-a3f1-30ddb32d0b10,1769618376888
9e86f62f-07f2-42ca-95fb-adc32ce78422,1769618377098
e7446aea-d9bd-4524-923a-d85b638f4723,1769618377360
759188e0-2d67-4a26-98bd-e14f30a4f18b,1769618377572
02e2775b-b1e2-4b73-9a4c-d18b92aca56a,1769618377785
296ebe8a-a6c2-452c-acd5-20de917861f0,1769618378029
be1f6a00-fc1b-4131-b094-d08e40e1e082,1769618378251
ac38d36e-f9a0-4f6a-b1f5-526eec80d83d,1769618378463
4963d291-5237-4682-8392-930fc49faff0,1769618378690
a3736f25-0b37-4668-be79-3374e878c692,1769618378910
42257ea4-7ad3-4f4e-b1bf-714bc90625cc,1769618379123
869e3792-08d7-4085-b067-18ff3e3cb807,1769618379348
ecb3557b-3645-4711-8d29-18d3f203b813,1769618379569
0cdd5f67-e75c-4cf9-ae78-0c42abd26206,1769618379785
a9c3249c-83f8-42e1-bda3-59768efb017c,1769618380055
a1d7b617-6427-4d86-bddf-7b1eed1bb276,1769618380292
a867ac6a-6bac-42f8-aa7b-481cc1c3de2b,1769618380512
6c79ab2e-d315-4987-b43e-1ea626756be8,1769618380727
5d549a1d-637e-4c26-98ee-e18296e20cef,1769618380933
0b579fa4-1228-4af3-9a3d-679195920679,1769618381142
da04b231-0833-4fc7-9872-e489466b640d,1769618381368
7526a3c7-d21b-4820-a526-ea00c52da8fd,1769618381563
ea3b7e3d-1fbe-4a1f-90fa-685174428745,1769618381777
25e0b400-86dc-4b4b-ab11-47a8c5d9e0f1,1769618381969
642ce292-0148-4610-8cc8-75f222c9ef81,1769618382176
9f3830f3-f406-42a6-acb5-673e8684215a,1769618382385
bb1e9f0c-d15d-4daf-8ae7-0a6fcf9ed829,1769618382579
bae03fcf-34af-4306-872e-dbbd0a999a7b,1769618382799
81e8b6d2-283c-48e5-b4b5-68472a2892c6,1769618383014
22c30f73-56f6-4d25-81de-24e97328401f,1769618383231
ef01cba9-ad37-497e-9de5-0a12c8cc4aee,1769618383440
333c37a7-c62a-4247-80e1-379d6d7c01d8,1769618383647
3474e24c-2eaa-4b85-8eb5-ecd71faf8bdd,1769618383855
56613758-897d-4f1c-9f14-6f3109e21ea0,1769618384060
65a73536-7cd6-4c1f-afe5-200f4cb75990,1769618384276
3fef2ce6-1055-4cc3-9f8c-925f40d3df25,1769618384482
fe6d1956-eb78-45ae-a33b-3476fe7fa964,1769618384689
dec618b0-0388-40ad-a20e-0336d17622c7,1769618384889
adc3ef46-d3e7-491c-abb2-d63c67a50538,1769618385113
7e3fc2bb-f6dc-4edc-98a5-8a88c8bc766b,1769618385317
1bfa37c1-d032-4337-8386-f3685310649b,1769618385518
40e1198d-a993-4d06-8030-f8296d8a5f23,1769618385731
60dd06fb-e34d-435d-b35b-b6c67f6ef2b8,1769618385959
c60d6fd0-29d7-4de0-a3e1-4bfcfb4f178b,1769618386166
e76e6ada-d496-40df-9396-fb8bcb0eb228,1769618386375
55d41ac6-ff18-4152-8496-7f34e64898b5,1769618386591
f2276abb-01fb-4012-b5c2-8549d46c71b2,1769618386797
3060476d-91a6-424f-a70c-6ce572da5e97,1769618387019
33f10ac5-fc07-4e64-9c11-f6c9630e44ad,1769618387239
447b3515-f93e-4dfb-95cf-2dba74a821ac,1769618387450
adb297ca-a6ad-4319-947f-10a250e6762e,1769618387642
50f20b64-37ea-458f-9496-fa3a5fa81d1b,1769618387860
fc5ad03b-c1ca-4322-81be-16f4e45083a1,1769618388071
09aa7f81-e7de-4386-9197-78733e127105,1769618388289
7ab51907-8489-4f72-bacf-a698d833ab15,1769618388503
feb31d78-c893-47b2-89ea-46cb704d0b80,1769618388721
6952c7e5-272c-4fdc-9004-8e4e509d75ac,1769618388951
9a257f69-84be-4f08-ad07-e760d0c908ed,1769618389157
cfa0140b-cae2-4b2a-a1f8-c62397b7398a,1769618389363
10fcc5ec-e2ea-4b80-b9ca-6b685ae86e9b,1769618389570
14433ac0-4265-4e39-9777-ee1fce662c4e,1769618389797
e05b490f-2d52-4e3d-9b7a-067cd334e6fd,1769618390001
f0c0f662-4f7a-483a-bc28-f0ab93e70c78,1769618390223
3fd31cc4-49f2-4651-bf32-bf0b82d2c195,1769618390438
2c17090c-b032-4fe5-8940-b823cb33f053,1769618390645
2399b531-bc87-4242-8f84-acb0128e2389,1769618390849
3b177405-5ded-4513-8ca7-67b62aa74cdf,1769618391058
3a9de299-6b13-4c01-a81d-f3b163196a7f,1769618391271
f4716b91-1c45-40c8-8fca-609edc85abfa,1769618391478
477836bc-e36c-4d8c-b322-54b27b9c0116,1769618391682
1ac4598f-74cd-42b9-93ad-0f7322a00f77,1769618391903
cbc51164-530e-401c-a59f-d30be813a293,1769618392148
ffbef0db-e20b-46d1-b824-3627760386af,1769618392351
28fb4bfe-7378-487c-9359-8e33eb3066cb,1769618392573
1326f212-e726-47c1-8b06-c44b361ed0ce,1769618392785
8f2b743d-2b10-48a6-88c2-763e15eea92b,1769618392991
e28267e3-737e-4ab1-a444-78ff5adad79d,1769618393200
3ba56539-18c0-49ad-9fd0-3285dd8d8f25,1769618393414
0a328656-29fb-4964-9870-62096a25fad1,1769618393652
e700d27f-dba0-47bb-91f5-7f3c0bfbd642,1769618393862
38079066-213f-4b2a-8de5-40bc9c59cb4a,1769618394073
2d393496-ee44-434f-93c8-b1c0c0909979,1769618394277
0e39caaf-062d-4e79-98d9-ffb0fe56738b,1769618394505
73dda297-eb09-4ea4-b37b-5b36bff7395b,1769618394736
25878676-a398-4397-986f-4b39a33a583f,1769618394947
99eaaf4a-fdc0-4a08-a7cc-bc1863b6d447,1769618395144
e51f3045-d2fb-4cac-b284-ebae2b909700,1769618395355
967c8132-b144-4d90-8467-e693a529b933,1769618395567
425c7190-c149-49ce-8ac9-fb89f9c56dfd,1769618395776
88ae6f71-5e11-41d1-b534-23112eaae364,1769618395988
60c7feb8-1645-4a08-8c4e-2eebcd852d38,1769618396191
825d4c3c-dd2e-4a6b-aa5a-3e96c5c5dde3,1769618396405
46cce365-fce4-4365-8171-e4089664b0c8,1769618396619
7336ab38-a139-4a15-b004-7e434ac8a499,1769618397107
12721ce0-7466-4641-95e7-2556f6433fe3,1769618397328
4d5989e2-ab4d-4302-b03a-38f9a35d5904,1769618397550
61c5108f-b253-4d19-b929-fdf6973d43ab,1769618397751
e7e72201-7f7e-4a91-bccb-bb1946292463,1769618397947
f2d0ecc0-2bbb-4bda-9aae-63592ea22d3b,1769618398149
0f115241-8c0e-4849-bb3a-ed46033d6fa2,1769618398365
4d97ec8a-b958-4514-ada7-84d64065f0a5,1769618398568
dd1c94c4-4422-4f57-95da-da446dd1c713,1769618398782
92693025-a61a-4118-937b-0e5245743d29,1769618398996
2c314ad9-c5dc-4047-b264-94e5217870d5,1769618399202
5b0689ad-a008-48c8-a450-884ed50f9840,1769618399408
473d186b-7784-4b9b-8977-fe7c91fb93c9,1769618399611
359dfb7c-5e27-400c-8700-852df78b5447,1769618399802
ebcf311b-ea82-485b-a495-2b8f604d59f7,1769618400004
89abd309-9227-4018-921d-7dcbe6c65921,1769618400210
14ed0a85-527f-4490-8b47-b52bc9b5b134,1769618400443
608e7820-116c-48ef-8d9a-11c978c42057,1769618400664
8a34b01a-2515-44a7-91b0-1806afcacc48,1769618401450
0821557e-e565-4682-8407-60e0566a93b6,1769618401671
a72c0d30-d858-4f2a-80b7-4d98704c8764,1769618401891
1c7b2164-689a-4214-bf67-46eee6fd5d57,1769618402112
66cb0c24-a049-4651-b516-1958f0af5174,1769618402346
3e9d07f9-8029-40eb-a20a-7d368b49a8c5,1769618402572
786060f3-d11b-4c80-aa25-bb967c9e0d39,1769618402806
5ae856f3-1b76-4982-a4c8-2bd90b25006d,1769618403009
d6bd33ef-6c85-4a44-889f-570c5fcebc71,1769618403235
d8f039de-ccfb-44c1-afc3-3eae9b709d5b,1769618403456
654aef9f-4594-45d8-8a5a-1288d640119c,1769618403659
aa811ef2-c732-47fb-92cb-cbb4f94403e3,1769618403876
a741e932-7a5b-485d-af56-8c2311ffbd20,1769618404102
5be70db9-b2de-4ac3-86d7-ff5e82d54cff,1769618404322
d2c46a7f-0223-433e-8476-1a9247d490f7,1769618404539
52dd9892-e01e-4545-97b2-9f53c5f3afcb,1769618404997
b54e2b7b-6e2f-458d-95fe-47d0b06ff4e2,1769618405208
743a8c86-ffc0-4252-ab95-a000eb90ff59,1769618405441
a0c5987d-8c80-4e5a-855c-2f791f579ee5,1769618405642
b2fdf260-7beb-4bf3-8d1f-238934bc5e4f,1769618405861
dd4d0212-c984-4c42-9a6d-29b7b3aee156,1769618406064
f6b64021-858a-43b5-b046-fe8c8c8238dd,1769618406296
faab9252-c4f1-404a-b0b5-835d74026a27,1769618406503
c6360097-a267-484d-8f1f-13cd6023dd50,1769618406739
8f45d65d-8679-46ac-9889-4768b050d08b,1769618406946
6d48ad5c-8781-4228-bde1-49de4410f75d,1769618407165
8831d8ed-7c68-4859-a1ce-d1f36ec36881,1769618407362
747672b5-877f-42ac-84a5-a7c3f77e8f36,1769618407586
7cdf4bdd-8cf2-47bf-8122-ae1e10b93e90,1769618407792
7b949224-a53c-434b-bf8a-d13510ad6575,1769618407999
1fb0b3c1-1647-453c-ae1f-f084dc87e35b,1769618408216
e0f5314e-0368-4089-a36a-9d82024a6a88,1769618408444
cded88ab-2ca1-4b2a-87b8-c0313c438a45,1769618408657
ba643bce-92e8-4743-a620-b5d41e72600d,1769618408860
478445d0-9092-41e9-9645-cd4ee32dcc5f,1769618409067
08cd8625-10ca-4a60-ae1e-74e26d0670fb,1769618409278
ca74606e-c7fc-4559-b63c-5221d10266cb,1769618409499
adaf97da-334d-4858-b563-c0f7dd0b632a,1769618409718
8dadab88-a620-4038-adfe-e960b7709399,1769618409935
96a4bec4-2637-44fe-8e15-c3bb69d62a00,1769618410156
1757cea3-1647-49eb-982c-5284d0547850,1769618410349
1415891c-75cb-406f-af53-dad64ac7fc20,1769618410557
dcb758d2-9d7b-497d-806a-8a099a335116,1769618410763
77bc72b7-955a-455a-a7c7-f84b13048484,1769618410963
b860490f-74cb-4748-aa69-9672d0bb9323,1769618411189
d0f4a777-e1f0-4a3e-bf88-92927ec7e723,1769618411399
13dac880-1893-427d-9c5d-f9a4ef3d9ffe,1769618411611
002ef378-4236-437d-a494-0b153ffaa4cc,1769618411822
dae89c45-ce67-41e9-b2e9-edb557469ea9,1769618412024
92cd5fc2-f821-4ac8-bd18-a6da710016ca,1769618412229
d400288c-4ea0-4cd3-872b-022c6fac3795,1769618412438
61c652eb-64b0-4e1f-b1ca-47e6beb29a99,1769618412642
a4170d40-5d6a-41fe-9961-c81da7aab162,1769618412848
cc355c03-25f1-49d7-a306-ec0da354ca41,1769618413055
47db7ab4-9145-4942-a2b6-185786b98add,1769618413262
92f9e30a-0a80-4e43-8371-ec0ea9fe98ad,1769618413475
0b01259a-763b-4920-81cc-babaa3ab0532,1769618413723
cf9ae416-2ead-48e6-b257-0944120e34a9,1769618413922
f295d2af-2076-4587-b596-f4fab7146fcd,1769618414120
b2151c4d-d48c-4306-9951-33d6fe28b74b,1769618414324
a562019b-ef9d-4169-a3ce-3dfd14a98f01,1769618414529
1ca22033-872b-4351-aefc-dd6c11601071,1769618414732
b61639bb-f0d7-49bb-b68f-55cf6fd8c2b3,1769618414939
048be58a-6a8d-4d0f-bffd-373c5be2bea4,1769618415252
425808d8-565e-4067-b650-50fb46ce86f0,1769618415460
3015182d-21a3-41d6-8d69-84be231026b7,1769618415673
c954f462-927e-430d-a9ee-cab552b99db6,1769618415891
182d6292-e275-4403-85ee-06d4a3da2b24,1769618416104
59315349-9aab-45c2-a104-068d35675fcb,1769618416299
bb7b34ad-ac7c-479d-9488-85a2fc842ef8,1769618416520
bfe2998b-715d-46ef-8dde-b4dad4ea47d5,1769618416723
9cc97607-f1f1-4d5e-8815-437b4c0feb95,1769618416938
1336ed5f-88f3-4284-ac59-f8299d2a9030,1769618417155
a4c77fc9-1682-42cc-ae56-8d4ad4b6b76a,1769618417356
532b5ed3-2b66-45ed-bad4-ea853d2ca35c,1769618417567
42d63752-5840-4734-a57a-c38a9dfa30fc,1769618417783
bff38481-d9a2-417a-bbf0-cca2e615a147,1769618418017
319ae2fb-7a20-4651-a3ad-464a7e5194be,1769618418245
8ea8ba5a-0874-4e68-9a9b-81fcc30b7ac9,1769618418479
579c636d-fe22-4318-ad2b-13ce00558195,1769618418692
a81616bd-835f-4e97-9298-b95c554a5634,1769618418915
1a3d9937-f757-43b6-b39b-02b0c7af5b14,1769618419150
d6904a21-8f44-4357-8ba4-3236f8e820ff,1769618419387
49b22c9c-1af7-4887-9880-df4c248dac66,1769618419599
59d813c1-6619-4683-beab-6504159c167f,1769618419819
76ab1b84-1413-47db-b22c-0d2cee44f9fc,1769618420038
42dbc69a-686e-4991-9a01-f334a752e9c0,1769618420274
e37337f9-d06f-408c-9f87-f0984d8476da,1769618420493
aca2ba51-3aeb-4ee3-9a5d-2ae6c3ef2416,1769618420703
d510451f-3006-4d12-be30-72609ab77460,1769618420900
003aae61-e804-4aca-97d4-5d55aaf96654,1769618421112
fbd5a681-83aa-49a0-8919-2d4f1f28f035,1769618421317
1f81ba58-6c2a-4ecb-8771-e4461d6272cf,1769618421526
b99fe29f-1f77-4dcb-a2f8-84b217b1eff9,1769618421751
fc87457e-dfef-4365-b07c-50c20866f995,1769618421943
db1b5b03-2312-4da5-92b6-23b2e9829809,1769618422162
a7e23407-be7a-4f8e-93c5-04e761fd4d55,1769618422370
1a92e8ff-18f8-4834-945f-eace00f5b314,1769618422600
b5d9e322-5bc9-44ce-bd75-8ca49304141b,1769618422813
db5c231a-fe5b-43ea-af97-e000bf21ed6b,1769618423018
b9c79538-8fd2-49a8-bd44-7564b0a30abe,1769618423257
dccffdd0-bf54-407c-bb10-1e1b3b08e5ec,1769618423477
8151bc1c-efa5-489c-bc64-42fa353705ea,1769618423681
af33d324-88a3-4e93-9f93-4320b9bc7707,1769618423894
5c3ca8c5-940d-4179-b5ed-04ad8b37bafa,1769618424098
0e9b91d5-ee32-4700-b17a-d8331561abdd,1769618424289
0c536ff7-8a18-4df0-882d-cd361cdda875,1769618424532
3fdda277-26e5-491d-9c13-c48e5f5b1cd9,1769618424761
1ad5ea6d-31ea-4c36-845e-080ed722643d,1769618425205
31d93c5b-d14a-470a-b234-280158792d39,1769618425417
2f71b08f-07f3-415a-ae78-35ceb9b6e982,1769618425621
1c8547ea-53c3-4b23-8390-b1de395c4aca,1769618425830
0eedec07-d301-40f0-b006-c6df96be4c75,1769618426030
43a0b89c-1efd-43b1-a25d-23f09217a535,1769618426232
31723a38-3e8f-47f2-88d6-9a194eb102f9,1769618426429
1c1ff7e6-32be-47fb-b993-d70a6fac8cab,1769618426628
50f49e1f-47f3-4e0b-b489-499129561d32,1769618426837
f752e00c-377a-4665-b280-f9eaeff82a17,1769618427039
28f49974-c4c8-4d46-97b7-6b3b043fc07f,1769618427251
646e5b5e-e651-433c-897f-4a7201d4e491,1769618427444
ab1f90c6-a4a7-48a0-ab61-26def8842cac,1769618427653
d71680db-acdb-4960-89a8-c6698b2bbd2d,1769618427877
4132d672-27d0-42bc-a41d-33d72af0fcf5,1769618428072
29f17ca6-f43d-4648-be7d-6ae34a4ae01f,1769618428288
94a09caf-8643-4583-b1e0-cb4ef9a46ee1,1769618428487
24da0219-75d3-4b33-a7fa-4cec23fe4d53,1769618428686
e65eb341-2dcb-407f-936e-21b6174f9880,1769618428891
39aa1472-a85e-4e96-853d-bf1aebba3dac,1769618429098
993f3562-e386-412e-94e8-0c286984f05e,1769618429298
182792ff-f3bb-4825-902b-8d2a6d6390c3,1769618429496
2d4a4738-47b9-4a41-b368-91a580a0d499,1769618429708
7412d074-35b3-4e72-a33c-2dfbfe2ed081,1769618429926
4d5442cf-c03f-4172-9819-b8e2b2a17927,1769618430142
48fadfb3-9ec1-4d5b-a971-5a229dc65154,1769618430356
aa19e4ec-740b-4718-b12f-8c1769725433,1769618430569
fc7a1442-bdd4-40bf-8917-489095fa354b,1769618430760
f607ec12-2e4d-41d4-8adb-4672c4c0113a,1769618430965
a9312136-cab8-4b9d-bf48-40dd75584da2,1769618431186
cf4ce6b0-6e31-4948-830c-511dcd847c6a,1769618431397
3625e3b3-9eab-4a56-b629-909e1e9479b1,1769618431603
15f26d7e-f7f8-4d26-8cce-9d7597a8aa40,1769618431811
5bb68699-6944-4f4d-862d-c3cc5e430eb9,1769618432020
3c70b3ef-10e9-48c1-b02e-da0d3314ab09,1769618432226
811ea1d3-8f08-49ea-8d06-560c9a089f54,1769618432439
b8ba5cc5-b695-44dd-aba5-bea91289f62b,1769618432647
a6081567-c28a-42ba-98b1-fc1574a80c3b,1769618432847
95ea54ba-91ea-4e9e-a73e-376aafa28612,1769618433082
96d2fba0-2e8e-4245-9bd2-f818dd11d276,1769618433304
571e8ad8-5005-46ae-bc4e-02a4db0c3752,1769618433518
0aa3dc7d-2c65-4d4f-9c84-95ed43d32c76,1769618433710
c509a531-11ac-4106-80cf-a9f7863b39f3,1769618433907
3f0b91d5-ec46-4936-830e-529a7895e7ff,1769618434122
5625d314-4352-4dc9-a583-ddd8a0e41cef,1769618434339
15535e53-ed40-44a4-922f-73d8be29aed1,1769618434547
ed9505f2-4a7c-4324-8de7-4a9f5e7f49de,1769618434746
517c3db4-0ef9-4e0a-afb3-5177442ba6ae,1769618434968
10ce6544-dd68-4f9a-a5da-fd9169e67475,1769618435837
c6276843-4573-4bbb-8cfe-4f4cfb70ce26,1769618436066
c847740c-120f-47cd-ad2e-4fad217bc9d6,1769618436289
8ca16d55-2784-4fd7-aea4-9839fc4c0aaf,1769618436497
cbe245a7-bcc4-4508-857d-c23af45f5fd0,1769618436720
7289f856-f781-4055-83db-03166085df9c,1769618436924
11cbbcff-59ef-4b46-ba68-c4211f971c19,1769618437132
e5b41c68-86bc-492a-ac92-e2d67d6c8872,1769618437350
901c7aea-d983-48a4-b659-5896a661e0eb,1769618437564
28aaa4f5-3756-4f15-877c-df51a48a02ad,1769618437797
01835745-6354-4813-b6e5-551dd73949f2,1769618438004
7bdbe223-0c7f-4645-bec9-0bd690183d09,1769618438452
f0dd38d5-d1e5-487f-b0ff-ab60c9017233,1769618438679
1f22eb0d-67a5-4b12-9bce-34ef6d95926f,1769618438911
1ee55cbc-800b-46c2-b303-8c22ed407878,1769618439127
86a0bc88-1b8b-433f-bc45-4fafde2c7618,1769618439371
1b49151a-62e0-4daa-a563-3de7c06234df,1769618439941
c1ccbf70-643f-429a-b3e5-718189ae446b,1769618440118
5d1d520a-1875-4e8f-8469-595bd236de02,1769618440322
a7e4d1ce-3e8e-4e75-91c9-c054d4502752,1769618440520
0599182d-7cb9-405e-8485-845e3221ffad,1769618440720
fc74ef22-33ec-4734-a3db-c509d2dee638,1769618440900
929335a9-d8f7-4e8c-a5e9-d06b5010b99c,1769618441100
27d0d445-fbe2-48fc-8981-a99a104d75e0,1769618441284
43402d2d-d734-43e0-a629-c9d6f60c26cb,1769618441494
ff7ebec0-a760-4f1b-bc70-8a4eaa322bf6,1769618441681
a953e77b-a384-4735-8174-2af614ba8045,1769618441858
840a1798-86c9-4d27-9595-d75c6635e102,1769618442044
6a4e234c-5fcf-43d9-aa11-9708d19c3a80,1769618442223
a79b3ca3-ec62-40fe-ba2e-bdc57f449da7,1769618442409
cf11a105-0b5a-40a9-b311-0f6f744e7c85,1769618442591
e69657f1-9172-4475-81cb-47eb7c041a05,1769618442771
b218b606-da9a-48c2-8bbc-f5525021629f,1769618442987
1b6a63de-4bff-421b-9b2b-d3d10f33f3e8,1769618443155
bf226c56-1a92-4f33-92a6-94492453fa76,1769618443335
ea9c835e-b96f-4896-ba08-c7d05d277047,1769618443518
f51d0bc6-1d22-43cc-b4b0-03b662716452,1769618443696
88b56471-5771-463e-ae82-f35e34b2de7b,1769618443870
ae496233-1ffb-4b5c-b3e8-2da027ecead6,1769618444047
0b01a541-f1fb-40cb-acfb-a7d05ca41057,1769618444227
db85824b-7fe9-4578-affa-bad3de44c45c,1769618444408
a30c78b7-84b2-4355-8ab5-e9ce9004eb57,1769618444580
9256102e-3847-4f99-b907-559f273bc322,1769618444761
9ea7d443-aa62-4a36-a828-4b201cc9b7f0,1769618444942
dfbab9e3-32a8-468a-b21f-f7feab9a1af5,1769618445120
4b7b885b-1d50-43bd-a15d-d8f165d8f851,1769618445290
782b07ef-9a51-46c0-84f0-a32004772b95,1769618445470
ad12bfef-47f5-49d8-b9e4-726257432d90,1769618445642
a68a1ced-d2b5-45ee-b90e-9b86c9781070,1769618445837
fb5ef4e0-a5a9-4a34-870d-7d1588feb597,1769618446014
b24eec46-508e-4597-8d19-f679c7f08d59,1769618446193
8c9357fa-a25f-4bba-b844-583d126a8170,1769618446365
b4aa0ef2-be52-448d-a974-adef37b8d5c2,1769618446560
92dfab42-a19c-448c-a795-ec98cafcea73,1769618446756
cc0b3f09-acbd-4512-b53e-7207480e7947,1769618446926
adbe578d-04e1-4eb4-a10f-e4b17f5e36d3,1769618447104
6379c767-2819-4b43-b10a-0c92ac82d26d,1769618447278
67a6b68e-35ab-4511-b47a-31fc4d7aba17,1769618447459
056b6fff-bb25-405c-8e88-fd34127d1da7,1769618447633
36a59deb-ed91-49c8-858d-01b4b4b51b40,1769618447814
4de6f7b1-f012-4ee5-8a7b-84687e089bbb,1769618447991
4c238f75-0a97-48cb-b73a-328b8b13c3f3,1769618448157
25db3438-a43b-4231-a68f-39bbcd8ad8ce,1769618448342
67613c44-b94e-43f2-ad14-7b0dd34bb8d3,1769618448516
80ab704f-dea8-42a8-b182-613105161675,1769618448703
e7d67b27-e4ce-4dc1-9021-d3c4e1fc5b51,1769618448884
d347aa25-af32-429d-aaf2-d34c20642918,1769618449063
c39362d9-2839-410c-8869-ae4070a67c6f,1769618449239
f1173cef-cc1c-4039-91a9-d8930af0d233,1769618449421
ec74a395-416b-4687-9593-3d77c0c12064,1769618449592
824b87ea-3fad-4058-a9e0-e4ea2cb07a5f,1769618449780
c5d5edab-362b-4b0b-91ed-b4c047df2cc7,1769618449963
94d0714d-1f5f-456e-823a-034e51926c92,1769618450148
12ecd338-13d8-49ab-bc82-6899e6bb6339,1769618450319
cbcd6602-d593-40cc-8670-5a9c8398c935,1769618450495
8072a1d5-35ad-42a0-bc65-1172e8930fd1,1769618450679
d8c83003-0b18-4707-b497-ac8c67d9ea3b,1769618450845
bf352086-3557-4aca-a21a-7ecc45e2e570,1769618451032
c289acd0-72dc-4388-9d94-9cfb0bbca9cb,1769618451201
4a20767e-c91e-4995-9f3f-31c5229e6c9c,1769618451395
74d4fd4a-bd58-4949-b354-37fbb7c5553d,1769618451574
e044bf5c-96bc-4701-a02d-115d85edf80b,1769618451755
8812770e-d4e1-4bed-a138-c8008532b4d2,1769618451938
2ee443a6-603c-4e0f-ac54-27901b8090c8,1769618452142
c74d99b8-8130-4f28-990a-30a7715e9e50,1769618452325
00fa47a7-af78-4fab-8dd2-1db1744ecd9e,1769618452505
d37c5ffa-6184-4eb6-8816-6144a6aac101,1769618452691
05f6ec27-f748-40b6-82e8-3bb1f4257f0c,1769618452885
870af1af-a318-493c-bbb9-847482a65f19,1769618453072
68a0ba0c-7a5b-4e06-af83-f2cd5885c7c0,1769618453261
006cf264-d425-4e38-9bca-04a1a4d68f49,1769618453442
6ad980d9-922c-4643-8a10-5178ea6fb75d,1769618453635
8d62d0fd-9464-4969-ada9-2d35d9b4e110,1769618453810
4d9ec986-0176-48dd-8bf2-09de13960571,1769618453990
dd4d7a2c-f04b-41d1-889d-c21d79453a5b,1769618454160
dab15646-edbd-4638-b562-833787b9ee64,1769618454343
5776c51d-5272-48fd-8496-8ab83925a35c,1769618454519
4153995d-1752-45ac-adeb-83b90f5f8542,1769618454693
250e52ef-bb0f-4e13-8c01-67a583c2197c,1769618454876
eec44374-63f7-4abe-a9c3-15ce191b769f,1769618455069
230aa545-c63a-48a9-9270-0281cfd7201f,1769618455254
c8cf0181-9bb1-4524-b983-c89517a7e21c,1769618455441
009d9ee0-f2de-45cf-9e69-6c7cf8f05473,1769618455630
82c0d239-819c-4172-b4de-9369cb3df716,1769618455817
25743818-2a6e-42d6-95e2-d47f908b4ac6,1769618455995
8a26b52c-6b89-4e39-ae83-50cf7aee523e,1769618456198
7276a3eb-d8ea-4e87-80a2-78a56f09f78e,1769618456375
9f52468d-0ae6-4c2a-9568-630286819312,1769618456556
38ddc602-5463-4580-9567-1147a85281f1,1769618456742
d5e20d26-abad-416e-9bd4-55b8ac683016,1769618456935
6173200f-c4b6-4779-99df-e302210be0bc,1769618457111
29a01cad-1e82-4bce-a34e-0b416ea0c100,1769618457292
b31c1c0a-1bda-4ce5-a808-ab06730a6b19,1769618457512
18f3bdee-520b-4a3f-8b25-b4227feccfc8,1769618457696
523c82e0-fdf2-4025-bb90-6914c496cc87,1769618457888
2f5c9877-5b0c-48fd-9fd5-132f7f69542d,1769618458080
6ccbeaad-c80f-4b37-a099-4bd580caa568,1769618458275
dafae346-dc38-43bb-9c02-d397d79f7beb,1769618458459
10a4b4aa-9c6b-4cce-a548-11c20add2349,1769618458648
285fa164-c0c5-4048-a24a-ae0274c5f138,1769618458827
ce6e1edc-58ed-4bed-afba-b77ea353ce84,1769618459017
4b4d77f6-2131-4110-8fa8-7be37405acab,1769618459205
a3d67173-8531-4efc-9456-d4e16abe8bf0,1769618459392
016845aa-a6dc-47d6-be5a-a7d3d9459f49,1769618459578
428468aa-2669-4b65-9446-c6aa9eac7744,1769618459766
c18fd3bf-f39a-4109-b54f-2ab7d8b7116e,1769618459949
601412c3-78b9-4715-892b-6869a34008a6,1769618460135
75a091fd-9cbf-49dc-a69b-f8e543270430,1769618460322
2c1fa642-25eb-48bf-ac3f-0c439f5742ae,1769618460498
a58281fc-9012-4928-8962-21061ffe52bc,1769618460674
bcfe5faf-0716-49cf-8b33-d2d2d248d5d5,1769618460881
75b000ec-6dea-41ef-b8e1-bf07b1cfeed2,1769618461074
95a7c995-8a1c-46bd-9eda-c9e7899d79f4,1769618461251
7f5dd59e-ed72-49ae-8967-4754589ebb3c,1769618461446
52c78cac-64b1-4bdf-971c-f0a2b072f264,1769618461621
17ef4109-16db-4a73-8d2c-46beaf69094e,1769618461793
ecf01b7b-e109-43ff-8373-af3390f979b3,1769618461971
32838a7e-37e7-4ab2-a56b-34d538b00a83,1769618462160
28831eb1-0af4-473e-b9c1-e478bb45e077,1769618462356
5bbbcca1-8e7d-42d1-a12f-3a8c99ad3121,1769618462564
322154c4-3b58-4cad-80e2-e2cb0a0e5180,1769618462789
866e0182-38d6-424f-9a60-47f6f4c37ef7,1769618462977
7135d580-6736-4ad4-b89e-8c6a28b6c871,1769618463174
331625a9-d32f-44ad-b8a1-c74b9a14d716,1769618463355
7b42679e-be5c-4a73-a4b5-442ee6a59bc2,1769618463543
914d1d1b-9a39-49a3-8802-6fb8843d7fdc,1769618463888
b8165059-b4e1-4f3c-917a-5b01f27ea6e8,1769618464101
852a30c7-5ee1-4b92-9137-b35055f8fee5,1769618464285
fb0a193d-6e95-4398-8460-66fa13c7de0e,1769618464461
b91e0551-b646-4f9b-84c8-5319aae12672,1769618464655
f390cbed-e04f-42c3-a3f7-d24da94391ff,1769618464839
fccab7cf-dcc9-4298-b003-6de28f15312b,1769618465011
1c3999a6-357f-4f87-8c80-1d5d62da8bf8,1769618465192
c0738262-d1f6-46e2-8449-ba5fb237d424,1769618465514
40d1e9e5-a93a-440f-962e-7f23e22529dd,1769618466346
67fd103a-b632-44e2-9d66-9009bde3167f,1769618466560
abf015b9-1493-4721-bf26-db28a0b58743,1769618466757
ac0e2b93-6e43-4b8d-bdf8-65d8baa9547c,1769618466943
a696ace4-76a1-4dee-a891-e1323ffd1770,1769618467117
86827db4-5e4f-40c2-a97e-520bf611555c,1769618467298
f17dac8f-f33c-4b86-963b-2a374dbcfdd7,1769618467481
4a7828ad-34e4-4ceb-93fb-1f15022ead9a,1769618467671
f19aa087-bd22-4632-859d-cd1e67cc45f1,1769618467854
87d28d4e-d1d4-4fff-87af-e274c74b48fe,1769618468040
16305712-e874-4bf6-a3d5-bb4c170629f1,1769618468220
d45a6280-fca4-4a1d-8be1-98097074c56b,1769618468402
2b3af19d-782a-4132-a355-71d0d6e70c5e,1769618468594
20d37b75-7c16-4296-ba1f-f00e9a78cc8d,1769618468804
6b04299d-dff7-4c48-870f-c2bb56b9958c,1769618468980
1b2a55d7-5668-45d5-9f7e-53fca0420a61,1769618469158
f55b6b57-7a54-436f-a40d-dda6e41f9c4a,1769618469340
255ee53c-d101-4031-94c8-569fc132f05e,1769618469520
052586bb-dda0-4d52-8636-b3c1fedab335,1769618469692
03026b0c-573b-465e-b227-ad776701fbeb,1769618469879
ce531be7-6e80-4cd9-9a76-5769837e9c38,1769618470062
b3602c8c-a153-4a27-97d8-93a89833313f,1769618470240
e9700f7c-2c82-4830-ab82-96b67e52548e,1769618470412
7e27ec98-1018-42bb-890b-68b91d0d16e2,1769618470589
24b002aa-fde0-42c3-a8ce-d5ab73913e36,1769618470789
326d2cec-db88-4b35-b58b-c113c36a9dc2,1769618470960
d621bf8f-df1a-49d0-82df-bcb91612349a,1769618471123
94d1e28a-1583-4525-8d49-b9a05e59f6c1,1769618471301
0d44b517-0307-4835-a680-cae8ba24ccd6,1769618471477
4a3b66c3-3edb-4c76-a97b-fa49961e192c,1769618471652
da89cabd-223a-47c4-a44e-f1fd6409bb33,1769618471843
5133d670-46f4-4f45-bf28-7d52d05d37bd,1769618472024
4e08327e-d9c6-427f-865f-6d07190a59d7,1769618472215
5a476e7b-86bd-4bc0-899f-bfa80a5982a8,1769618472383
e112d2bd-131b-42c8-8f06-b516cdb71f6c,1769618472550
3c3f7980-85b9-4ea5-bce4-facbf64ce2a4,1769618472717
00325d68-092d-4113-ba60-ecd80a9a5573,1769618472884
207f8d00-93a1-422b-93aa-cc057e6678e1,1769618473051
449753f9-da04-4d62-bb39-997349aff823,1769618473222
8bdcb23d-b413-41ab-b34c-e4cd73b86125,1769618473397
c0cc179a-f714-4e69-8268-4efb313d4a72,1769618473574
32b3b359-ee56-4305-940b-320c7ecd0d6e,1769618473751
18c73cb4-0c48-4df4-a822-944ce534b3ca,1769618473925
f6dc2795-5c5e-4e58-b06d-d0f6b153773f,1769618474098
d07a91bd-61a4-444e-b215-11c3b972b737,1769618474292
28abe707-2329-4483-95ed-518a19a81af7,1769618474477
58d0720e-036e-4f29-91ad-b43b15bfa832,1769618474648
ddfc56d5-9d06-4fc2-a171-5b7488035cb2,1769618474829
fc0ef446-4c5f-40c6-b79e-b1e6fdf86c33,1769618475021
ad8c5b2b-90d7-4aec-aac6-504488abb203,1769618475208
28ce1222-b3a8-4b34-9a22-59e2a787a3a4,1769618475415
020d8d2a-e448-4981-9aee-cc8e163de78c,1769618475587
160c25a0-9bf3-4171-8898-76ddcc1e822f,1769618475767
2d6775f9-2f01-483f-a897-d4230317bfef,1769618475954
a59b4ea2-e1af-4ea9-9f80-66fed1b7a46e,1769618476128
60626c4f-0121-4d7a-98da-aff599ee1310,1769618476325
143ca6c3-87a8-4789-9978-f0e533a844e2,1769618476506
d7ed1817-41a1-4c04-affc-6aa8ecd78847,1769618476684
00000b07-8554-4555-890c-130249384dc0,1769618476854
acf4d5f9-a460-4040-9f5d-75e941289059,1769618477047
d4b79b45-c005-4c94-927d-8ad7202c9d4d,1769618477234
a2299b40-ba1b-433b-ba2e-06208fe71b56,1769618477411
c6d42cdd-2997-4e3d-84eb-6b6401a730d4,1769618477604
e821d9b9-e363-40b8-aecc-479ca777e837,1769618477787
c60b554e-b7b9-4bd2-bb87-684639ae57f5,1769618477959
b73395cb-cac1-4136-bd98-8e1417fd779b,1769618478148
c8c81e70-e234-41f5-be6d-f6d5ac102149,1769618478334
51d27871-e829-4917-9e87-73717a0edd88,1769618478509
9e348159-d033-4df3-8d99-a8b5bf6e55cc,1769618478692
0f61badc-8145-4792-b1ec-275a27b0bae3,1769618478888
bf991423-ef14-4238-b93d-1601ac84aafe,1769618479072
f3f26812-cd70-4ebc-bd1c-97364f169361,1769618479253
c8900634-a346-4788-9b3a-cb77bd287001,1769618479437
6a3e1b7a-50d2-488f-9daf-d749952b74c6,1769618479641
50052fbf-2310-4f57-9ee0-f88229acf324,1769618479838
9437aaba-54d9-4b7a-960b-d776e1efca07,1769618480026
0850dd77-4c7a-474a-83f8-3dc6d449e3c0,1769618480211
4a902e43-7b2d-4a92-8e6a-bb8a3fba57b7,1769618480407
025351d9-c9ec-4747-b758-7d458ecd97cb,1769618480598
dd1bfa3e-03e0-4a3f-bac1-cb2f80ed791f,1769618480770
0e372280-79be-4edd-b44e-8443f507b5d7,1769618480953
81fad579-2e79-4442-9e17-1e694ca67c80,1769618481135
f38a1668-008a-4fc9-9373-7d0a6dc80740,1769618481295
9313b5ae-ed62-41df-801a-b43264abbd01,1769618481476
31b8afcc-6079-4bd5-a7f1-0e4863d8b257,1769618481671
729c18e5-27b7-4b3a-98ed-501f8767efa1,1769618481839
d1b36d66-9c31-4e63-b5ca-f28456db1da6,1769618482012
83287c61-4469-4a7c-b59b-2f1a923278e0,1769618482204
d1ccc49c-c4d0-47b6-af69-2402fccfff8b,1769618482390
7dc830f7-d414-476f-b977-abd1435ea3a6,1769618482578
258a0dfb-b22a-43f2-91ea-9bfccfea9a4e,1769618482766
0833d2e9-85f6-47d6-b515-7ab14e751ecd,1769618482945
012db5ad-342b-4b21-a273-5ed2bf6139d0,1769618483132
192636e0-9caf-4e6b-8d6f-71e4d8eb833e,1769618483315
59527584-5aa5-4ff9-aea7-fbc28b6f9f18,1769618483494
b4bdc734-1ef3-4e0a-a86b-223f34d83cde,1769618483687
6729420e-6142-4ff7-8274-ed5621f84ce0,1769618483874
a5c95e4b-4097-4035-930c-bd47196143db,1769618484066
9b0ebb53-4d6c-47ce-8222-16d648600a31,1769618484252
f60feab2-81e4-434d-ac53-b52385177ed7,1769618484438
974545dd-b23a-42fd-8608-89797085359e,1769618484614
109899f2-c9f6-4040-9175-41046c7ab9bc,1769618484784
c69d600b-ffde-428f-aa48-71cb1977ed00,1769618484973
0c7dfb63-4b17-4af1-92c3-495758bcd6a2,1769618485159
c92a587d-28df-4638-b7df-1e8b337047ee,1769618485353
7b8f442c-50aa-4a00-a84d-fc404a99231f,1769618485530
b51728b1-6004-4d0b-ac4a-7f583fec32c7,1769618485724
78fa16b6-ba11-4080-b5b7-fe6215405c23,1769618485900
9201ba40-6051-4187-ba52-39de9b442c16,1769618486074
22d53391-b563-4d37-9a10-7f1c8dbdc852,1769618486236
7fb57257-c2bc-483f-97b1-840888003922,1769618486410
da68333e-3316-424d-bf60-b06f8495e867,1769618486598
686e1cdb-a8ac-4cbf-8ee0-ba964a9071e5,1769618486789
024729c9-327d-4a0d-ba79-d3380c5c8543,1769618486970
82cbda8f-03e1-48f5-949b-5713bd066403,1769618487140
e06ba7dc-5644-4585-8767-29635b2dbffd,1769618487311
a4d06efa-b91e-43a0-8c72-cd0614e0bfad,1769618487499
d82c463e-5d73-4144-b00a-1feb5ca304e3,1769618487694
0073a886-a62a-4ded-b5c2-6438ad0e2d4b,1769618487893
8ead9de4-dce3-4ff0-b30c-9e02e0f74336,1769618488088
58d33e9a-973e-4758-81b9-00a56a2ae0c4,1769618488270
cf07e9cf-2d45-48ae-974b-958c801428e1,1769618488463
19403a3c-cc7c-48d3-83a9-52599dd63e38,1769618488656
684997a3-dc06-4b70-a7ae-fc7cd608c255,1769618488842
8e0c77c6-b71a-4d11-8372-2f3c2f660388,1769618489018
d705dfad-64c3-48e0-9738-5319ff8f93d9,1769618489192
39e93dbd-afdd-4120-b0b8-b6d0e9e19afd,1769618489369
6f9a55fc-a062-496c-b3bc-ccf912ebb58f,1769618489536
6f9f1201-0b69-46be-9a32-d8ad510a842b,1769618489707
6991c0c2-b6e9-4009-854b-3c1aedf2d79e,1769618489866
eb20e852-006a-41c8-9863-eaf3cd4b2cbb,1769618490043
7af5beae-3092-4c92-b6c4-0d1013e915c9,1769618490238
3263a69c-7ae6-4933-bc36-b9d709f5db1c,1769618490412
d2d74699-ded3-4cae-a558-acd4febd58bc,1769618490613
dd248e2e-f2d0-43cb-80db-2b43bbf14810,1769618490787
db0a5d97-8900-4d8a-b791-7aef02758877,1769618490973
b9fee10f-1c96-4906-aee1-870091ba680f,1769618491145
ae59745a-43a8-4526-811b-489c23b043e2,1769618491332
14c19a8e-4ffe-4a20-8e51-6f80467d36e5,1769618491519
dc2e3f0e-8830-48c5-9dd8-27b1b4d1b7ea,1769618491694
0775d630-7435-4f89-89cb-c13b587d11ae,1769618491868
bbef0bac-faa7-4d0c-8735-1e7925868388,1769618492042
a15001b3-3dfb-43a6-8ac9-71c8181cd4ea,1769618492270
86a6c376-f7f6-48e4-a2a4-d0d40afe0a4f,1769618492452
ee8d8321-cfe0-49f0-a0af-9f19103723ad,1769618492622
7b0c0d48-5215-4654-a6d6-2bce0ce3f38a,1769618492812
3d785917-3580-4164-b743-255dda05e801,1769618492991
74eb69c6-8ef3-4a55-a7c3-49d9fb042ec9,1769618493170
2801a550-ebfc-435c-9f54-d14653c269bc,1769618493340
bf9adb6e-029d-460b-878f-95246b85ee99,1769618493514
487fe351-ef93-4453-b67b-3cba73de0f12,1769618493706
13bfd466-ffed-4026-9f3b-e43384c3b3f4,1769618493881
7f8035e8-19a7-4c5d-9464-b55cc93d52fe,1769618494059
379cc852-332d-4006-8f0d-6804ac8cd957,1769618494236
cfb17c49-650b-4d3b-98aa-dadf4106583f,1769618494410
2504ce94-6316-4bc1-bfbf-80437821709d,1769618494586
54e7c70f-c9e0-4a2b-9bed-1dea238f947d,1769618494755
1ded0c32-0772-4a18-a3c6-9b5d5a36ce37,1769618494943
78b099bb-f1f5-444a-a330-7334c1310ba1,1769618495149
86a7ed5b-328a-4b78-a3e6-71e23fcaee9f,1769618495334
b1027faa-12f8-483e-aa48-62ff3d4f721c,1769618495510
812caa89-af70-40c9-9524-f57c35073a6c,1769618495672
e0e05d39-e233-43f0-b1fc-7a36b11b46cc,1769618495864
7a90bba1-83a2-4152-bdac-2e2f82985398,1769618496034
cfdd2777-79fa-4ee5-9ce2-561b32bd58a7,1769618496209
66b9bfeb-6171-4504-b66a-c99ec54e1641,1769618496408
698d7efe-67a4-46d7-8e23-89c074fb1c43,1769618496586
c00ddd4a-7759-4b99-91b2-e94b7c93245d,1769618496771
626cfba4-5c25-4d2a-8c4c-1ab01bb6fd2a,1769618496949
65ceee88-e64e-4d0f-9ee2-eb38de390eb2,1769618497126
85623290-9ece-4b52-9369-a12a30d01fa5,1769618497325
7198095b-1704-41ba-a750-f116a37cf5d4,1769618497506
6dd8f923-4583-40cb-9ab2-ad4996d8ec6c,1769618497697
ebcf5be0-406f-4e14-ae20-45999064988f,1769618497875
4a08049f-3f1c-4acb-8179-311018715198,1769618498045
fd9b245f-9b47-43d2-93dc-e009dbdef864,1769618498218
83655097-3ec3-4e81-8dec-91f2b14bd63b,1769618499034
e8c0d2a7-06a6-4d4c-bb98-9ea3b5fb3d7d,1769618499222
3ca42df0-b095-447e-ab13-3ddac39a453d,1769618499410
ab7dfcda-5aa1-4e45-96e4-2606fdf095c0,1769618499599
0aaa05b1-87bb-4a62-b361-1efcf25efb51,1769618499801
d2cd0e3f-c455-4050-9d28-ef05e6ff498a,1769618499996
f5ba10b8-619c-4bbc-9965-c53e3ef654ff,1769618500171
e145d5c3-8dfe-4bd5-9fc7-d003ff94741e,1769618500367
9bab24d0-f6ed-48dd-9fd6-f22a6573374d,1769618500541
39c634f8-3efb-4895-9bb8-33472bf6bf0e,1769618500736
be6902f5-afc3-4bf0-973a-8cd424b80a8b,1769618500927
4e56d742-309f-4846-809a-dd00185d0878,1769618501119
3e46f6eb-2bc4-44fb-9136-4a20571a387a,1769618501299
d5b181c2-9676-46ec-b037-620ee78d669e,1769618501473
6e97e11c-9116-46db-a7d7-0e4b68801109,1769618501726
d3906db2-4998-464a-bcc8-9b66a0298c1b,1769618501900
7206e8de-7968-41ee-b07d-7ed642541037,1769618502079
9648f2d0-abc3-466d-a867-65ff3091be88,1769618502257
cd2b771f-2ed3-4897-9e97-bf5d3e026671,1769618502453
20240cdd-c877-4d8d-b42e-59e2178068ad,1769618502636
3dc89c0a-008f-4be7-ac49-b0fc9b7ff054,1769618502826
6fc00162-77cc-4ed8-8194-8f1b2b86da44,1769618503006
1bb736f3-06ba-429e-b08f-f8746612f550,1769618503210
2dc76bdb-eab7-4f3e-93f2-26ffb2941f92,1769618503392
77f0c0b4-97c3-49af-a3bc-55f6122315c4,1769618503576
f3cfb373-bf50-4469-a915-74cc616693a6,1769618503754
72bf195d-927f-47c1-8b27-e8085ab7f689,1769618503952
2b4c0cf8-3f4b-420b-955a-e7597cadbc5a,1769618504139
ddb8d93c-1818-48d1-93bb-e29d4581f49b,1769618504316
e4817050-0d86-4b43-8084-1b98a4eba0a3,1769618624834
05a6e606-3b93-4d01-83df-816ba13c5553,1769618625023
f5595aa5-db8d-4d5e-af05-b3b215f4fbce,1769618625224
e3507bfb-0084-4eab-afd6-2a015d036e0f,1769618625425
7ea5daea-3283-46c9-8327-9fe67c51671d,1769618625618
13b41c55-a3d4-4ecd-b623-a282132886c5,1769618625793
bc432961-0d1b-4f39-9c7d-f45e9746310d,1769618625970
500c19d2-0a2f-4a14-aaaa-120cd1307505,1769618626163
f2b1d8d0-9d20-464f-afe4-26206adc28ca,1769618626348
ba4fc5f2-6b30-4a08-87d5-fa403025a624,1769618626539
0192b96e-2e3e-4267-9b79-7bbc20515e13,1769618626720
0de45186-2637-4b24-91d2-2b2e8967c35e,1769618626898
59aac9ab-ca31-420d-a7a6-8e5c6b1ec7d5,1769618627079
3917499b-fe85-464d-b9dc-5bbfa8b18b2f,1769618627266
c8585d61-9bc1-404a-816c-8972f8f70daf,1769618627452
b612bd40-cde1-496a-ae3d-542f430f3855,1769618627643
53aafc20-3e44-465b-a16d-f496a4c8c837,1769618627829
905f6577-de64-48c7-a2cf-d3c5327c6bf4,1769618628011
a0470abe-7f46-4fe5-adc3-aa11d759297b,1769618628202
6c584920-8d18-4274-9f11-329ccaac10f2,1769618628377
3546bdcb-9567-4430-914b-26808d3d0f41,1769618628565
0f573532-4580-437c-b3f5-9705c71bb2df,1769618628736
98a2f2d9-27cb-418b-bb64-7ef195253fb1,1769618628917
f35090b2-786d-48be-9acd-f566560ab35f,1769618629106
54909263-cfd2-4991-b203-52f86c2b936f,1769618629296
aad9641b-6d1a-46db-b071-82cd81388dfb,1769618629483
e8158f19-0950-411e-9fdb-680f7de10bdf,1769618629661
79ffe0df-4957-4d6b-b08c-d31a506dfd3a,1769618629834
67e26758-e41e-441f-ad3f-207b4b2e768b,1769618630008
15c39353-7f70-44b2-b7fe-6df1d0ec6bb5,1769618630191
f1209eda-4387-4a68-b698-f0a6e44e7146,1769618630364
3e9a734a-55c7-4c09-b5d5-b013a50719d7,1769618630742
