msg_id,t_db_ack_ms
de2c1745-f4a0-4765-a4ad-0c0328a4eb30,1769615651390
9bc677c7-4d12-42c0-b867-6862d7c643ac,1769615651432
da5de95c-7f1e-443e-8ba1-6d950c64145c,1769615651473
20d6503b-6c62-47f5-a3e4-6f3b659a3fee,1769615651514
5dbc66c9-2187-4392-8c3c-3f33ba2ac2a9,1769615651555
784fcea8-50ae-4314-a2d9-61f3241b36c4,1769615652276
cac48fca-d388-4a94-9be6-6fbfd43d5655,1769615652317
4fa11d22-69a3-448e-acd4-e3fcc4cc31b6,1769615652359
c72ddf0b-2b4d-4373-aded-b863e539a382,1769615652400
0af451da-beef-483a-a2e9-a0f3d58c0625,1769615652441
3efd9f9a-cf69-404a-ac90-59fc46f1c0f5,1769615652483
d151f14f-a2fb-4bef-846e-46f4321f81a9,1769615653321
ac673c9a-6b50-414e-9ae0-3742de04add1,1769615653364
e94d5c74-9541-4e57-a28f-1634e0501376,1769615653405
8b736c40-a0a0-45c8-8ccc-b0ef80169785,1769615653449
65b3cced-6eb3-419d-afa5-3cc0d927189d,1769615653490
70f5365a-bf6f-4634-9c59-34ed881f21ed,1769615653532
fac73a6e-75f8-4c2a-ad61-66e6ce99b830,1769615654350
4611fe5b-894b-40ea-82a6-36e6027a9e90,1769615654391
951eb281-095e-4df4-94e6-2ef07808e405,1769615654433
4acd0ee1-f67e-4dab-8f8f-9bf1b2d77131,1769615654474
1d953b5e-1eec-4c2d-94dc-4c23343465ce,1769615654515
6a9c2af4-9d8c-443d-b948-c1f149d0f920,1769615654556
e25c564c-12b8-48f8-9d39-2e9cafc537df,1769615655425
fea5351b-6acb-49e1-87cc-be0e9dc3b30d,1769615655467
b815a1d0-70e7-49b9-b898-cd0d6f59dc96,1769615655508
dafe096e-cdf1-40f8-aa75-f5b457a3a31b,1769615655550
73fc5cc1-cc0b-4ef7-802b-14c91ed88396,1769615655592
e16f3df4-ca8f-422f-a1e1-f68d8f692844,1769615655633
c03e0a0b-4d66-4fe9-8926-8455a2fed783,1769615656780
14b86cae-1e23-4593-918c-c493e5317c38,1769615656821
5fd01352-8a66-468d-90fa-55a4fc4eca92,1769615656864
27b9a7bf-f279-4c86-bd28-b52d08799bc0,1769615656905
7097c3d3-b20e-4936-ac5c-030e7757544d,1769615657515
6a45a982-71d5-4be6-a31b-524561017b28,1769615657557
f9075fcf-1029-4d21-8012-defb1a4a9c23,1769615657598
6c368b19-eda6-49f6-8917-c585979322f8,1769615657639
b6cd98a0-be64-4c20-9e66-8005b4a9e48a,1769615657887
7fd5e273-f432-4044-a534-d0544585f400,1769615657928
960f5cd4-b6e1-49c6-81b2-490565e36d97,1769615657970
16dda217-f4d9-4182-b298-63eb13966422,1769615658549
f7219024-1291-4262-b5f7-0a76d4d1aba6,1769615658590
f7e4ad03-5605-4634-8eb2-828b41f858d1,1769615658838
a18eb7f6-92ff-4e46-bba6-fff8aab2ea51,1769615658880
4965c890-1ae5-42bd-bb82-7162104ec0d4,1769615658922
d865c63e-6b67-441c-bd10-4c2bfc20895d,1769615659592
1c9130fc-bb3d-493e-baf1-10260ebfa101,1769615659633
dc8d3de7-bb67-4a6b-84e4-01af0ddc4a52,1769615659674
49eccddf-3275-49eb-a1ed-11261b334286,1769615659716
9a34f78b-a74b-44f3-ad7b-57de719cb663,1769615659757
1723ffc9-2cda-4279-a0e0-619eeb784237,1769615660594
7ed7cb53-1fe8-447d-8a50-8e3730992d33,1769615660635
1e5cf1c3-4045-476d-8b82-d1c58914fec8,1769615660677
a247c7be-cc01-40f1-8041-84316d460ea9,1769615660718
b4d1642d-d76d-4a75-821c-bad42b7b0124,1769615660760
87152939-47fb-43f6-b445-91938d7dc4f0,1769615660801
8217e0b8-f24d-47df-8aac-83bcded2de39,1769615661597
1a386535-ec77-4c94-ad00-25fc9d752fd7,1769615661638
6c055f74-c797-432a-ba04-b974da006b9d,1769615661679
1995ed66-48a1-489e-bb0e-cbc8760eeba6,1769615661720
5d95f4bc-1dcf-453f-8a8e-e9b9f5fc5c72,1769615662621
bb993738-dc1e-4a17-8dcf-9d37d8426eaf,1769615662662
ccd6cd53-9a5b-42b6-98f4-07ac0de1a55f,1769615662704
ba92f797-57c2-4c3c-90cb-447de253613e,1769615662745
64be8695-4e60-411a-bba3-ad57d46e75cd,1769615663644
f034d314-84eb-4982-8fa8-ed0d341be6c6,1769615663686
9d31ed95-d468-42ba-b5a5-de51e3a33c2a,1769615663752
a2a69d77-b7ea-45e0-b5c3-08a2486561bc,1769615663793
74862fca-cc61-4c85-a161-ed8fe53ed8ea,1769615664650
a3b2a4ce-7b24-4a9e-acdb-6341c0cc7435,1769615664692
bfa00d1a-0685-4712-99cf-da6f2aebedf2,1769615664734
b73066c3-f130-4733-bde2-3010d19fbcf9,1769615664775
9e877fd4-c8cb-41df-859c-b80c1188f0e6,1769615665653
89cd1c01-52fa-4d09-8df6-6ade8625d287,1769615665694
a1cfd665-f7e7-43ca-9dcd-f738be731fa3,1769615665736
d2afb9a4-9477-44cd-9124-b7655a95b407,1769615665777
c1bf2b37-5f7b-4fef-937c-b93aac1ed6ba,1769615666646
03f942e8-1d87-48dd-b6f8-a08f34ed0e39,1769615666927
d1ddb5a2-2cbc-41d9-b1fd-307a3a4de131,1769615666969
2e2226e4-c2e4-48e9-88d2-6fa3eb6f9df6,1769615667010
fff2f579-7342-4f9e-9418-3da502c7f397,1769615667684
3f444204-0fc1-4f2c-90b9-92d13bd97ce6,1769615667726
0a169567-1309-418c-9f2f-da018d936fec,1769615667767
b0401885-c184-453b-aca3-bb61f0621041,1769615667809
6a8920e2-a5bf-4fdb-8924-c22f3b8c276a,1769615667850
a076d8c9-9df3-4f76-926b-c9531a0f1e7c,1769615668719
4a4540df-9291-4c3a-bd1d-08b7c5cceace,1769615668761
e4063a61-6986-4806-b4d2-aaa82f86ca7b,1769615668802
94cabce7-9593-4738-bad3-a6f15af9bf89,1769615668843
944a582b-bb80-4580-a340-147631664db9,1769615668884
c594f6a8-ae96-4b43-bd46-c974da6a93cc,1769615668926
df71dc9a-7008-49ad-9f8f-ca6279dbbc62,1769615668967
66c8b1bb-7db2-40b3-bc45-5ae43c20ce4e,1769615669765
bb92d9a4-d950-4358-b783-7a687c5be65d,1769615669807
ba350217-5bae-46de-9b00-639749c2f4e2,1769615669848
bbd3975e-ecbc-4cfe-8742-72a714ebff93,1769615669889
b1d1da9a-ec6a-437a-9107-67f567ec8c78,1769615669930
8774ddc0-69bc-40e9-9c04-31fb7da3ad6f,1769615670788
6a15bbd7-c3a9-4d7f-8566-c3eb5c707624,1769615670829
f5f44e0d-9480-4b8b-af1a-c78cf0613c3d,1769615670870
387ad6e3-b1f5-466a-98ef-db40688dd3d4,1769615670912
72b78598-3737-4096-8c21-de6b02b9bcbb,1769615670953
cbdb8c2d-ae51-466d-8e6a-490b0d59ce2e,1769615670994
3c004c2e-0fd9-4eb9-b1a6-1a021c11b0e8,1769615671852
bb34c8e5-0791-440b-9a04-78e282a104d2,1769615671894
1f7ae7c6-e405-494a-a7f7-bae5fa5a6358,1769615671936
a5408dbc-f455-4ec7-9b8b-af19ab864d84,1769615671977
092fec7e-f2a0-44ec-a597-b22641d2c142,1769615672019
ade37007-b8fd-40c5-aba3-a50cd8cc2e29,1769615672060
5b14e28f-9741-4e28-a68f-f962d6b5c399,1769615672867
19e77d99-aad9-4023-90a6-310d607347e5,1769615672908
acbc2ecc-5a62-4f48-8f7d-2f30e26ce0d0,1769615672949
edcc27cc-3508-4454-9bad-b9c2a3d7ece9,1769615672990
b9ce2213-cfca-4aa8-9e7e-bce66faa2e20,1769615673032
793c957f-a283-4e60-9739-f655ebfb1d1d,1769615673073
e1c7d983-2003-4320-a88b-6f2238423598,1769615673114
3f0cfd9b-b846-45e0-b2ec-8359c8879116,1769615673890
cef3cb61-bd2c-4311-a13a-ccc7ea7c697f,1769615673931
a6cd4138-637e-472d-b587-2cab15c9608c,1769615673972
b0f58fbd-9b6f-483a-90a1-61db019bb01c,1769615674014
be35ea0f-bea7-43ec-b9ee-69482a224592,1769615674055
d34bd9b6-b809-4ecf-bf54-e19aab080500,1769615674097
3a309eb0-58ad-4fd9-b500-270a4bde5861,1769615674925
c8673fb4-94f8-4603-94bc-79129cf00262,1769615674966
34048933-5cc8-4b52-b382-6ab524cef22f,1769615675007
6bfbf023-0b58-4b7a-a44e-7f8d173bc2bc,1769615675048
c119ac83-ad20-4622-8485-da78d23c7e17,1769615675090
4d9e505e-d3a5-430b-9df5-7d601eeee993,1769615675131
a0e5c889-5aec-4aa4-b622-cb3d143f1189,1769615675961
7de1134b-df5f-4d1c-a2c5-7c684cf20eaa,1769615676002
f4e2f2ac-80eb-4364-bf84-cb56b7f72ac8,1769615676043
06b9f1e8-02de-4595-b454-dae141d2705c,1769615676084
c3e30d14-a8fe-452a-b213-c0ae1e278dbe,1769615676126
2ce98911-f13b-4ef2-a39a-5ebe9438fbed,1769615676167
1a9acb3e-ecd0-4a13-8f21-ce84486bfdca,1769615676993
aebed828-4ce3-44cf-8e67-f1f50284681f,1769615677034
29a3bfa9-ef7a-42a8-a8a9-36db4d86d22b,1769615677076
6923ea64-1825-4a4d-bbc1-d69d2db255a9,1769615677117
be337076-0259-43ce-8808-2033789bfae9,1769615677158
a1092f92-73e1-4d3a-97db-c627d8973b51,1769615677200
ea81e7c5-d780-4a71-a25b-337ed5395450,1769615677241
9ddcae81-4cab-4998-8795-73a91b39d934,1769615678051
c1bac291-d088-4dc8-a837-0c9055797fb6,1769615678092
b55342b4-2667-4792-99bd-b3e38aefa462,1769615678133
c3d555d9-3136-4655-aa8d-88229cd26eee,1769615678174
146b1ec3-20b1-4e12-9c8a-ca66c81b174c,1769615678216
58b40cd1-3dad-499c-b0f5-aa1f5a4290d4,1769615678258
8596cdac-cb9b-4917-85f6-b6700ab80276,1769615679054
bd3bea47-6d8b-4d03-9968-f30c19c1065b,1769615679096
78e9a86c-ce60-4074-af38-b77e482d8f04,1769615679137
737b94a1-c70c-4761-8699-b5720841e3c6,1769615679178
a2026ed0-a8d7-4eeb-84c7-d20c10627834,1769615679220
74eda40e-3274-4a4c-9068-770ffba8a4fa,1769615679261
21c1903f-c2fe-4f41-bb86-8b1c2316e048,1769615679302
2f1ce5d4-641e-4215-9b09-513f2ddce7e8,1769615680119
f12b3fd8-cecb-43eb-97d8-9d0c72529e89,1769615680191
5c5b8fab-72ad-4f3b-9a89-e049d44ca8a7,1769615680233
239c6b67-6e2b-4227-a2a0-4b14b715f2ad,1769615680274
56056e77-b2b3-48f7-bbc6-7362ec5d2b98,1769615680317
7e7346b1-a6d6-4d2b-9255-508b64edc506,1769615680358
570a63fc-1152-4df7-8d7d-eebc5f0b1eb8,1769615681198
831d3fbb-3414-46c4-bfe7-72b9fa9dd977,1769615681239
a4db7673-cfde-44e6-95c4-6ff6bfdded29,1769615681281
928a48d8-e165-42b1-a79a-3bace5627819,1769615681322
b0996732-6966-4b5c-8972-6f524c32c872,1769615681363
d8de315f-38fe-41e8-82a9-1b3996585eae,1769615681404
16a41fc3-a276-43ff-b800-7853fadafdbe,1769615682313
b343cec7-c1d9-416a-bf71-f67600ef7fe6,1769615682354
681287dc-8704-41ee-9eba-bed2c8eaf34b,1769615682396
11a242fb-db47-4458-a8ad-11e848f5e922,1769615682437
33a8c622-9b99-41a3-843e-6b01ffd8bb11,1769615682478
d0b74fe0-a548-42a8-a7a5-4ff6c07df767,1769615682520
26f2efbc-f024-4e69-a7ea-50c645b849c6,1769615683400
edc25b5b-6627-4d2e-8e68-cea59ac12664,1769615683442
b9b79fea-c46d-4471-b5ce-c828b1139df3,1769615683482
5a23f697-802c-423a-857f-f7c3f8f41c68,1769615683524
7c97f422-f7ef-42b8-9004-f2a98ef817a1,1769615683565
973b0a60-be34-45bb-aee9-7fb2682e8750,1769615683606
8d4629fd-bb86-4b6f-b92c-32459989bff5,1769615684433
c862c672-df5d-430b-be1b-91940d7e2dba,1769615684474
a8cd6770-f41b-452d-891f-94d47af6533a,1769615684516
ad36a8d4-b034-467e-b926-217f9d494e57,1769615684557
529e05f9-a3f3-419d-b4a0-734078654711,1769615684598
80ecbbfb-591f-4d76-97b0-2d1229f065f9,1769615684639
62f8b9cd-8c9b-4209-b04d-732c685a3fc5,1769615685511
f19ff3cc-792f-42d0-a384-8c68ba877b61,1769615685552
2cea64a8-0c84-4d49-9de6-f614db3a857f,1769615685593
a19fa34a-81fe-49a4-a59e-906c8d6cf1a5,1769615685842
869843db-590b-4b29-a629-a9b3d3b2cc8d,1769615685883
3f83f591-8011-48dc-906d-840e7f003d66,1769615685925
b86c78b4-6de2-4212-beba-163adea810b8,1769615686524
f32e4fdf-bcb8-4651-8bdf-44705e3999c8,1769615686565
06f26e3b-e043-4bcc-bf04-9fc8175e50e5,1769615686607
0485ea2b-27a8-4dc1-960b-31aa88402677,1769615686649
4de590cc-4020-4800-acb1-f714e8af864c,1769615686690
06d5e2c2-675f-40bc-b3a5-06c4e5cc1bd7,1769615686731
504acf3d-e04b-4ac5-bc92-05721a6ad13d,1769615687618
4d4d777f-8deb-4ce2-a018-82102a2369ce,1769615687659
f17f63c3-ac3b-4a9e-a29d-79c590be3289,1769615687701
f9cf73dd-9ed9-4c1e-b0d5-a8944941337a,1769615687742
56e13fa7-d17a-46cb-85f4-fffb14c94ac5,1769615687784
cd8a19b5-a463-4d2f-9def-6f0388ed8718,1769615687825
b5059f22-264e-4f3c-b27b-a5ac6dd5b77d,1769615688653
1d2b1be5-d5d4-444e-9ae9-3eebb207b2ce,1769615688694
3a8f805a-6adc-45f0-9174-661e78b98ab2,1769615688736
a71a5a9b-6765-4b20-8e98-8d4cdca83db8,1769615688778
a5a642d6-d8ca-4594-9dfb-a15952f5d6e1,1769615688819
65d2cbe8-df19-43ad-8853-9941771dd8e0,1769615688861
49fc4558-8232-4103-8f8e-e3e1fa0262bb,1769615689720
9e76cf18-0b84-40a3-925b-08d46b86f96c,1769615689761
9e2af158-cd3c-4fcd-82b0-1e8ff87ec567,1769615689802
1d80ece9-92fb-4e3a-b90b-2c98745cf0be,1769615689843
5ca034ad-2695-43fc-bd4f-ec92cfafa621,1769615689884
dd5d7450-3bfb-42f6-adb3-39dd0572f2c2,1769615689925
e0503849-efc4-4c13-93db-427e4672a071,1769615690762
759f504b-77d7-4e28-ba0f-3a3a89415a63,1769615690804
cebaa2d4-2b83-4109-9f7b-2a9de073acdb,1769615690845
51d8bc60-3801-4e53-ba31-5d7645eafab8,1769615690886
f049989c-d9ce-44ca-9001-3572680fb2b0,1769615690927
9ecac9d5-f41e-4d07-982e-bed317305316,1769615690968
ffec6061-2a59-4fdc-8db6-cced5f8c4aea,1769615691797
7676355c-0160-49cc-86e8-97365dfb82f5,1769615691838
0d243db9-279c-4d03-bbdf-a07663892438,1769615692085
d7ef3e9b-10b7-4513-9137-556eb641877f,1769615692126
835fe5aa-1353-4c7e-8610-a8bfb4ce61de,1769615692168
3b61f2fd-2e3a-4a69-b974-674e977296e5,1769615692831
26a62e05-aa58-4c38-942a-c05cf54cd6b5,1769615692872
0e9581a8-1bbc-462b-a1ab-f703ccab3b3f,1769615692914
ec847dd1-5a45-4e1e-b4a7-0e51670332e5,1769615693164
e36a6120-d95d-4214-a0c5-e11260c727aa,1769615693205
2738d528-c628-4d17-a3af-26e5729b25c1,1769615693247
b354499b-94d3-4453-b670-3976cfcdb01a,1769615693918
b563d0f3-9b33-434a-95a8-917b8eb87371,1769615693959
3b57125d-e728-40b1-8674-4205e001d708,1769615694001
9fb7b6a1-ecf6-4fa9-82ce-6ff7da6654f5,1769615694042
c95d76bc-e792-4e13-9baa-146424663e6f,1769615694083
22fa9124-b4aa-4eec-b80f-e614bfc5f6c5,1769615694124
27c97764-d053-4346-b764-e979bfa10358,1769615694931
12fa2fbd-6297-4514-b042-4f6154424a9a,1769615694973
8d93b15c-65df-4115-9ca4-57fb510a28fb,1769615695221
70eddd05-59a3-4c3c-bab1-b25e92beb84c,1769615695263
6a2a58b4-d243-4ba1-aca3-b20625c35e42,1769615695304
2c2f593c-74e2-4347-9187-fedee6bfe570,1769615695938
65dac23c-ea67-49e6-9ea7-d2d9287f0508,1769615695979
b9c99920-d4d0-4286-973e-2aeb1e88dc4c,1769615696020
e3c05678-677d-48cc-a6ed-ea0019bf19ec,1769615696061
0f2a42d4-a6c6-4661-816c-1bd54fd9f4f5,1769615696103
84d1aa6c-b24d-411d-90f5-d2393efebede,1769615696144
f66ca17f-bb8f-41af-b852-932cf0561bb8,1769615697000
74d170bb-ef03-497f-b164-fa18d0dc13a9,1769615697041
d0a17a4c-ad58-4b66-80ea-531c060f1f8e,1769615697082
087705fc-b79c-4186-92cb-c1b5d0559267,1769615697124
513920e6-6408-4c1c-871f-c635fbb6bc4b,1769615697165
b9e25700-0959-42f4-8bfd-5f2fb809306f,1769615697206
18ac00aa-ac3b-481a-bfa1-39f887625da8,1769615698055
bd4b181a-d668-49bf-a703-e03ff025fd4b,1769615698098
573ae69b-7ff8-4792-bc06-9404a3860e07,1769615698140
b5868f73-b19c-4530-aa5b-0d26452d93b0,1769615698181
d5b94976-f4d6-46ce-8d47-a3fc3e4f885d,1769615698222
dc96db06-4c7c-47d3-b597-d97a694a51f8,1769615698264
c9468c27-cbe5-4bb7-8bd1-b8d9b6b9daf2,1769615699082
858b54c4-58c7-44b8-907a-fce5aa4e687f,1769615699123
729bedd6-dce6-470f-80b8-4ef0c4e08847,1769615699165
973818d8-6945-4744-9099-fd527ab10d2b,1769615699206
42c04fc1-89d7-4929-b28d-ae9f1e14476e,1769615699248
b1442d31-c0f0-4533-b930-c5bf9ef23a59,1769615700098
e7feabde-563b-4345-ad86-193151c84bfb,1769615700139
32439423-ff91-43c1-b40f-694009a9de94,1769615700386
9fc5be12-6f86-4402-b0a1-0e6a59ed62cc,1769615700427
67ca6aa9-88f0-4418-9858-001f8afb6f56,1769615700468
c7ac62fe-bbb7-49f4-8138-6bd497871b11,1769615701150
1c1b23ed-550a-4d43-b103-1da76893755a,1769615701192
0fb5eafb-6e03-4bf1-a8af-0d1999d5f15e,1769615701234
4de25dce-1ae6-4609-a242-6458c09ad042,1769615701276
36cd869e-a446-407a-a5e1-ca4a6751d260,1769615701317
1cc794a6-dbba-4b44-9a3b-f537d780ff63,1769615701359
47589591-ee7a-4305-9bae-88caaa514594,1769615702188
f4b5bf70-ee3d-40ef-9854-a1e6acbca2a3,1769615702229
ed540745-d459-4e53-b67b-46403f7d1cdd,1769615702270
5b6c7ef4-f2a5-4c5a-a39c-d4d4d4f92272,1769615702311
af805714-34de-4e78-976c-11f08edf3d44,1769615702352
158d2ed0-7b8b-485d-bde4-2144fe2c397a,1769615702393
8773e444-1b7b-4fc6-9c71-6e3e0ecc564e,1769615702435
75b73b5a-bf5b-4bf2-9126-3e011a192131,1769615703220
cd417bb3-e349-4fb3-a296-3529700cd84f,1769615703262
9773288e-61cb-47ca-ba50-2465a6915ab7,1769615703303
9922663d-a6a2-4faa-8f69-e92ecb2f6db8,1769615703344
b850f351-ba04-453c-938f-c90ed08b9241,1769615703385
4ab6a385-e178-4a0c-9fe7-e11abb591b02,1769615703426
d245c52e-ff2d-4b7f-8fe0-07e573152bae,1769615704307
727a15de-a302-47ff-beb8-c35ea303f3fa,1769615704348
b6905121-cf63-4048-8b5b-dfef6682d8f0,1769615704390
c66be119-1f62-42b0-9f94-02297c433f55,1769615704432
f4dafb6a-58a4-40e0-a0af-06b7d14766f8,1769615704473
021a0126-2942-4ebb-8084-41c89c62c078,1769615704515
38cb899c-eed0-452a-be8b-62eb411be2f0,1769615705345
6630adf6-7838-4af0-9c63-aebae2a7d2e4,1769615705387
5ba6892b-ddac-491d-9dc3-758db9a71eb3,1769615705428
1663d185-92c0-4ccc-b3dc-121615f4e844,1769615705469
cad685d5-33c0-4dba-8143-da622b2a03ed,1769615705511
50b402e3-5567-43e2-811e-81af7a3729b6,1769615705553
b10ebe6e-f578-47cc-8188-aa61062579a0,1769615706390
467546ef-c427-4020-87ae-3615eba34ad3,1769615706432
ae4d7780-2a47-4f7a-ad5f-7bc7a3be8ad7,1769615706473
04cc1ae7-644a-407b-95a9-c2bfa0fd6c0f,1769615706514
615354a4-9966-41b0-9c95-65f703442ea9,1769615706556
f4680aeb-4bff-4f10-96c1-5f9620ee8cc1,1769615706597
ba4bbf31-54ae-49bc-9d4e-be13771aded0,1769615707466
8a6239ba-5a17-4eb5-9a51-68486e84ceef,1769615707507
ffef1d11-386e-425a-afd9-afbb9d8f98c7,1769615707549
3b783d8b-7571-4cf8-8e49-9a9ae899203a,1769615707590
65b712ee-4256-4981-a328-146828abc8a0,1769615707631
2261e0d2-c4c5-4891-9159-9a64d1abde28,1769615707672
38605470-9288-4028-9d53-ae251ac87dda,1769615707714
e8da1bea-b740-409e-a299-b2ca017be579,1769615708518
86d638a6-8db5-4a4b-a438-c43cc5d984c7,1769615708560
844effff-be8f-492a-9d21-fba132a9e35a,1769615708601
d915b05f-b7aa-41d9-9160-ef3978186382,1769615708643
864f7749-1d52-4b72-b6a6-3e8b2a435bea,1769615708684
9bd64b25-5796-41d0-b7cd-431012a1de62,1769615708725
127e94e3-a85f-4b91-a3bb-3c067ea58fca,1769615708767
3669d2cd-fc05-434a-9231-875f18e73eb4,1769615709553
759fd25d-0d51-4e9f-9a4b-3bf95df60fc3,1769615709594
96347765-e40e-4487-a6ff-e2ec0b423787,1769615709635
d912757d-1ace-490e-b8b0-bb46f024d927,1769615709677
7ce32d23-84b0-455d-9037-f1d66dc52623,1769615709718
25844c0a-de86-4b2c-9d65-3ba8159fc3b9,1769615709760
fd90a1eb-ff22-404e-91b9-50e1b3d98126,1769615710584
997d23f1-8443-498d-887b-234f4cd513e4,1769615710626
a6f93b3e-fb7c-4191-a23a-2f2f46feefb0,1769615710667
38dc2b50-e4c3-4bdf-9b2c-5f066bb12491,1769615710709
197cf141-a2ce-4ef7-a997-b5032e3476f1,1769615710750
77efccd2-cd20-4756-8777-3ddea51c3bca,1769615710791
0d343628-cb63-4e12-94e4-5beb3da6a7f5,1769615711597
460b33e3-d0d8-4eb6-b1c7-0ce1da8f33e0,1769615711638
408a79fc-eeaf-49aa-a2a3-e8fd35d0644b,1769615711680
a73f5d0f-ae6d-4a92-939a-3c546c4fee53,1769615711722
ff2bcc22-9032-4550-ab3b-bc60db225cf5,1769615711764
63253c70-028a-4fc0-80d6-a8c7d6895001,1769615711805
7eebd74f-0aed-4ffc-a6b3-79a6ec6f2cce,1769615711846
52f6cdb2-d6ff-4a68-8c4c-4178b2b6cf5e,1769615712623
0005d9a9-257c-4f2a-abae-c1bb8fabc9f3,1769615712681
b2587d06-6d7f-4ad2-85aa-b3aef49b5735,1769615712723
ae057cdb-0f69-4916-b331-e514ae6b0415,1769615712765
c3b920c4-9753-4b5b-8f85-ebb6214e8042,1769615712806
de472f8e-ff87-4533-930c-dd6ed5e892d1,1769615712848
fa46ca9b-b22f-451b-935d-61f93cfc9d57,1769615713699
4aadb2b6-03f4-4c92-8828-a4918f5d9815,1769615713740
d814b1c9-74b4-4c0c-8109-ac963ae22010,1769615713781
20535320-0c2d-4545-8f7b-fd4ed94a5350,1769615713823
b5a2d884-cde7-4d21-b308-94f572807e4b,1769615713864
0be8ad49-8f36-4b12-9246-8ef79dc1e8d9,1769615713905
f4fd6773-6727-47cf-a08a-1d6891b16eb5,1769615714702
0eea72fa-0dff-487a-ab6e-ed8bccc1ed36,1769615714743
68ce8327-4591-4ca2-9a7b-f37aedbd5712,1769615714990
996b91b3-ac52-45f7-96cf-468977fe0a83,1769615715032
d0fc307d-6f5a-45dc-a151-dfb1bfa20c01,1769615715073
2088241d-3b04-400a-927e-c3ddeaa3e867,1769615715741
3657f937-1e64-40c5-9ce3-5f4227f3493f,1769615715782
0e9ebedf-3b4c-4064-a1af-709722d8d510,1769615715823
170a5b7f-287d-4bbe-b231-bf976af105aa,1769615715865
7807e6a6-59a1-4ea4-ad81-494c2d2ac85d,1769615715906
5326d9d6-baf2-44db-b0f9-74af3febc26b,1769615715948
269f401a-f9ce-4059-8785-944445734627,1769615715989
8fd05b22-5352-4584-8d3b-c32c08cea5b6,1769615716767
79388986-ff42-46ca-b660-c8edb7ade715,1769615716809
b663678c-4260-49df-ba56-e0576082a10d,1769615716850
b974f3c9-66b4-431e-a9d7-364598c357b2,1769615716891
7007844c-cb35-41c3-96b8-d6d04b8ab48c,1769615716933
16c7eb48-bc21-40f7-9728-e98d4588c794,1769615716973
3a4fa6b2-f190-4db0-ae30-c2ece3c275f1,1769615717062
01d9c295-e8f9-4323-b4e2-ab6b7e4f160f,1769615717787
d285aaf3-9b52-4432-b45d-e4749eb193c0,1769615717828
40aa92db-8e70-4f3a-a3ba-45dbf3dd8226,1769615717869
845bd88f-3330-4a47-a8bd-6b864de2823a,1769615717911
6f83300f-c3b8-4c33-96ef-959c16fcd27f,1769615717953
4c4b7d13-83af-4c9a-94e2-8c800e5c2a20,1769615717994
2f2dfa9b-78aa-479b-81bc-20708b6ba1a4,1769615718812
087db039-d6b4-40c2-a4b0-d0e9aeb67f63,1769615718853
3e272edd-9c49-4018-be34-7fcc2eb241a9,1769615718895
3e3e86d7-bae0-49c0-b6df-2e9fb6300ff3,1769615718936
18f8948c-10e5-4a5f-a2df-527a570ab68e,1769615718978
32938de4-e9d9-4daa-89e9-fad083d4f0a9,1769615719019
9dad9b31-a625-42fc-aefb-870365840233,1769615719908
8bda179d-8c57-4bb6-b6ef-0a49aa253125,1769615719973
b3e98600-c245-4d8e-bcd4-c0b82e988a1d,1769615720025
6d488107-94cd-4f8d-8b8c-ea29dff60ba2,1769615720067
ed8522f6-7bef-464f-b4e0-f05b609704a3,1769615720108
e02e8b67-9333-4b83-a3e6-539eec7072a5,1769615720149
9bb9acc7-0ae7-4e6d-889d-d022a6412b3a,1769615720933
001b909b-07b4-46f1-be35-a9c1cee9d042,1769615720974
3916779d-4f28-4f2a-90b7-847cc2f41e9d,1769615721015
02abd3c4-fd6f-43f9-9bd0-de5abc343315,1769615721057
4addc083-4603-4d90-83f4-653d9fe8f697,1769615721098
2593277c-9b75-4825-9e00-01460d6285fe,1769615721139
ac7f7f57-e492-431a-87ea-ab6034a34853,1769615721998
a8829132-8501-4e2b-8551-279a870550fa,1769615722039
0493f53f-41e9-4ee1-93ed-a6d77bfaecdf,1769615722080
91d55f79-39d7-4f81-ae0b-813a4ec79ba9,1769615722122
b0443652-b3e2-46d8-9ed1-f73f3dbc108a,1769615722163
21cec76e-5929-45ea-9a9b-901db84e2bac,1769615722204
931e5172-24e8-492e-91f4-85e7ba632b27,1769615723031
7ad87e6d-61f3-4e02-b5d4-8f5e573ffc32,1769615723073
662d802c-9dec-413c-a1da-b5fdceddabad,1769615723114
e7268181-bc13-40ff-a7a0-888b74642083,1769615723155
ae8d7a8b-d1c7-4929-8975-dfacd919acc0,1769615723197
17199b0f-c9e0-4f3e-b542-e50395aa8aff,1769615723238
96e512c9-5902-48fc-8fe5-228c7ab746f4,1769615724120
76bcf9c6-111f-4b39-acac-1605b495025d,1769615724161
b00e82ff-b0dc-455d-85f9-4396713a372c,1769615724203
a7870e9b-ce8c-41b4-a7cc-834d03a3aea1,1769615724244
2f6b8fd3-c255-421f-ace1-48ee54038a7f,1769615724285
57a95836-4452-4d96-b901-ed01875d8d92,1769615724327
b84a2053-f503-465b-91ec-559f8b85f6c1,1769615725151
cbc99f1a-7f1b-43e6-8e3e-a0726cd61bac,1769615725193
c1cc7d5a-383b-4933-9583-fa52edf772b7,1769615725234
73b65490-7ac5-4143-81d9-9a309ba65542,1769615725275
49c77d29-2307-4bc7-aaf8-819cc7e8ccd1,1769615725316
446a56a8-310f-417a-b232-98ff0109aa26,1769615725358
b99d7a18-9541-462c-94b1-315d95006b1e,1769615726222
490d9ff4-b37d-4bdd-b7a6-48ced0891bf4,1769615726265
0e8a6760-af50-4bb1-a916-be2b016651e2,1769615726306
ff60c007-ad95-4b73-ada2-20237ef193ae,1769615726348
1412c86d-d153-4926-ba3a-80daa84272b1,1769615726389
6a1db009-00a2-49cf-89a3-7eb9557990e2,1769615726431
90742a2b-4810-43e0-ab77-9e642b46360d,1769615726473
42c4b742-bdec-47b3-8348-1e7e052e8af3,1769615727321
fef2b183-4916-4ec8-9907-99a6b79d9f84,1769615727363
ee1e6664-07cb-463f-8bb8-350f063e7592,1769615727404
4f5f2746-4cc3-48df-9717-428fd34368d2,1769615727445
cdff939b-18aa-440e-b030-cb57fc1ea665,1769615727693
288f353c-2d5c-482f-a144-63a56c506cbc,1769615728416
a23d743d-e003-49e5-adbd-da1ae9cbafb5,1769615728458
0c272e93-0626-48ec-87e1-e0fca58b5cfa,1769615728499
6b964879-84d6-43a6-ba07-00a1edb7264b,1769615728541
b77c57a4-f1f7-481b-80c6-6fc7c8f342b1,1769615728582
f28c0cf2-1859-4f24-95aa-a74f7397581b,1769615728623
f794274a-b262-4f67-9f82-9f1fe6df0b03,1769615729429
834ec8f0-783b-450f-a54b-3433055efc76,1769615729470
c7d44489-b9b2-4b12-a0bf-1a4d540fa31d,1769615729512
af679299-9dbc-4106-8c12-4b9f160e3706,1769615729553
881a6b7a-aea0-47dc-824b-19bdc8d6c12c,1769615729594
0e8fe006-c2de-4daf-8e2d-9493b11e2a50,1769615729635
f7cb9657-6826-4ca3-953e-a17a85bc6ee3,1769615730465
4145de86-4b26-4744-9750-e4f4d383f5ae,1769615730507
8c7f8e79-412c-478d-b2ec-cb4452bea03f,1769615730547
7cb176dd-7396-4e69-ab9c-24e685959122,1769615730589
fc7b5c72-f364-4bbb-8c78-df4cf31c682b,1769615730630
01385ece-8d64-4a4d-b853-106b35d804e8,1769615731480
07e2c72f-9bd6-4628-9a2d-a128a7d73ead,1769615731522
4fbac7fa-9cbe-4815-a971-bedc086e5ec3,1769615731563
4644fb78-2f61-4009-9fe4-1b9ed84ed9ca,1769615731604
062b0d27-bcdb-408d-b4bb-78432d53cb6c,1769615731646
9cf9260f-fccb-40e8-9999-e31042ac4a7c,1769615731687
191dd706-a966-47da-a7ff-bd8818e2cdad,1769615732503
3a7aade4-a702-4fe6-bfa8-89b2baebffc3,1769615732544
2f8274e0-0d71-4cf1-8966-5480814ba45a,1769615732586
aab499a2-8f86-4ec7-a7b0-cd3c8abf9af3,1769615732627
346c8220-30bf-4598-b40f-075fffd38faf,1769615732669
81af047b-1d05-45eb-99a4-1acf23e33f1a,1769615732710
96e9ae53-149e-42b7-9c31-d06061775b0d,1769615732751
723cfe89-e975-4990-9a2c-a6fa48bd8e28,1769615733598
95f45406-0f35-48ce-b074-8314328d1dad,1769615733640
833fdaea-ac48-492e-9699-fa2dd5f275b3,1769615733682
06028021-79df-4b8d-971c-337534fdd3ba,1769615733723
c98aff24-84a0-494c-8fc5-75d5c1f28823,1769615733764
d42c2b55-0d1a-42f4-8e2b-f58a61214b84,1769615733805
5abdbdb1-24ee-4b0e-8ca6-c6cb3c4db430,1769615734601
5d1d7910-a190-4f52-93dd-c4fe061e3bf2,1769615734846
2b61d81f-1c35-404d-9995-deac161bf10b,1769615734888
6abd529b-dad5-4b01-ba47-abc155796805,1769615734929
a9e18001-ca20-4bc8-85ff-34af410c86e7,1769615735643
971645c8-3135-4975-afce-0c79b465bb26,1769615735684
d3b8eb1b-13e6-413d-9a26-e697c5972cf0,1769615735725
8087f232-8e37-4768-9f2b-aa3007d5440c,1769615735766
dbfdaa47-350f-4d26-8c31-d76b0f64878b,1769615735808
e2eaba2c-f6cd-46db-ae58-386d7576ae84,1769615735849
8e6bf804-b46f-4317-acdc-d0f0d8eb101a,1769615736717
42bdbf3c-9f1a-4695-8505-b0a8616093d4,1769615736759
d5453627-faf1-4c1d-b2de-e5c4267c610b,1769615736801
69a34935-0f6f-41a8-beb7-87baca266fc1,1769615736842
6a4a6478-68a5-4516-945c-9f8af21013bd,1769615736884
9a6dcd06-235b-407d-8522-c7322833a793,1769615736925
4023416e-d9f7-4bdf-8c24-a2eb2d48b202,1769615737785
4f483f92-eace-4766-86a7-669562b8b184,1769615737826
dbeb8a32-5424-4907-bab3-4dec04e8b15d,1769615737868
b7e7b619-6ca3-439f-b7c6-83cecf523452,1769615737909
1103990f-d055-4888-900d-a1375907b61f,1769615737950
172c8108-0681-4805-981a-98832949c7ae,1769615737992
7af6695c-44f3-4777-9938-ddbe80315002,1769615738798
1e79f199-934b-4582-96c9-10cf2bb3cfcb,1769615738839
e5a2f99d-8631-422b-9e59-1512cc4b9291,1769615738881
51bb5708-0766-4931-b0a4-960600696c1b,1769615738922
d14fb20a-6cbb-4a48-83c0-39dfd256527d,1769615738963
c9b775be-309a-48e3-a2d1-615e6ff68ce5,1769615739005
c04db371-656b-476e-b3da-03ceb3250742,1769615739046
342f9d15-8348-4d3f-b2f6-5fbe5e40ffd1,1769615739832
360646ff-4401-49f2-9690-fe103d8f9eb3,1769615739873
1f5e2b4f-757a-4efd-a897-a7d4199e8c87,1769615739931
b6aa1a26-173b-4dab-bb5d-b027282cb4e3,1769615739974
cebe33fd-5687-4a15-b174-39b45a6cd929,1769615740016
794d66e6-3a3f-4da2-bada-8bbe34b45d01,1769615740058
a0f5e1de-abf3-4a57-a556-429fa6361ba1,1769615740099
fbecfc72-e480-4a38-831d-bad31c32009f,1769615740896
1cebfc69-d9e0-4c99-a021-5f10f6c9e6c0,1769615740937
dba7d7d4-dcb5-4d2d-b477-c81b66cd37e8,1769615740979
e3fdcf2e-0f45-4c80-a664-29c4272ff4b9,1769615741020
13ac71dc-aba5-4a08-9202-baf2169d4534,1769615741062
21eaf903-dd33-42e4-8693-0040ff6a3c43,1769615741103
3d23734c-ff4a-4a02-bc64-3b4bd4833720,1769615741897
cbf0ac94-43d0-4def-9896-04762f88a3eb,1769615742144
20c41f2b-3d86-4f4a-83a2-bc3154c39a96,1769615742185
904e0c5e-0c11-4c22-b34d-93b73461d82d,1769615742227
8729ebd0-d447-4c19-860a-a63cb0659183,1769615742910
12b9c254-1ef8-4a60-89f1-56168da74865,1769615742951
f6dfd36a-eab1-4c6a-b4b8-71a1efdc774b,1769615742993
3f725c11-a6f9-4a84-91bb-cb5d1b49f1ab,1769615743034
a0d28344-7aa9-4d94-b0b5-8a1914d628f7,1769615743075
5ff041ad-8580-4a92-8f38-2b2bc187fc23,1769615743118
f0ba71e4-c973-47f7-8c57-faa3a7661fb2,1769615743160
08db098f-bb5c-4178-8e43-8db29aed4230,1769615743929
44435401-9511-47eb-8fd3-ee8c1871c2ea,1769615743971
0defda5f-4230-41db-a0c6-bc38c05ad50f,1769615744012
45d8ccab-86e8-4038-9ee1-5190e95a3222,1769615744053
f267c90f-572b-4c5c-99a7-86faf1f4782e,1769615744094
b3c797fe-5907-46bc-95ff-ebb9005eae0a,1769615744136
7bb1b044-38d2-423b-89b9-6b0299625ded,1769615744177
84f406e9-730d-403d-989e-55d837b4f14b,1769615744984
ef196f93-5333-49b5-8c36-de1790f84918,1769615745025
576b7803-8d53-4e1b-94e8-b5f53431a870,1769615745067
780a52ff-a24d-483c-a0a0-de1bc7ae2d2f,1769615745108
47832f51-1d0b-4240-a7ec-87015a312700,1769615745149
eccd4e85-a3b0-4943-bc79-811e3beb1d05,1769615745191
1ff20ee2-5c11-4103-af34-a3c4607dd5e0,1769615746000
a927875f-91a9-434b-be4b-4d0a5c90a45d,1769615746041
e46f8ab9-57c3-4970-a004-740face65092,1769615746083
ceccd2d5-7385-4f53-8510-2bb266e165eb,1769615746124
d6fcf274-bb58-453b-a8f9-ebb500cabad5,1769615746164
ee61dfa4-19d0-4ce5-b4a9-c499c907ba63,1769615746206
80b116c2-46e0-4784-955f-acfca224895f,1769615747058
4073c7b2-e0ed-4331-bc7b-7cc8114afa6c,1769615747099
28bcda3e-3b19-4dbf-8699-bac7c00fe6a5,1769615747141
841982d9-a867-45a3-b0ad-c473c14fc710,1769615747182
282e282e-e884-44e9-b7cc-2daba2e439fb,1769615747223
0d97b65c-7c4b-4814-8dff-f5b63bd786ad,1769615747264
718c8bf8-c311-4df8-bdcd-a3069b94c404,1769615748071
68c6165c-41e8-4795-914b-76f94cbec330,1769615748113
0070f14c-3077-4b53-86a3-80b050a2f8da,1769615748154
35ef4508-1883-44eb-b018-8778cb9d814a,1769615748195
cfca5b71-3606-4652-9f55-647bb368aca1,1769615748237
23b92de3-3fdd-4493-a6b6-2707ed1960ce,1769615748281
5804f7c2-db37-4420-a703-4b04a7a26132,1769615749098
dfa97920-0740-4a28-95a6-33e116f89c3d,1769615749139
88cddd02-e546-4ccd-ac33-9df3fb604476,1769615749180
de9752a1-5efb-4b12-8f92-46433369b07c,1769615749222
42f2756e-75cd-4eee-8098-7b022def8f09,1769615749263
a24b346f-b151-40ea-aec5-31872987d1a8,1769615749304
846cab3e-eadd-4fe3-8490-78f47abe0c2d,1769615749345
1156f4fd-840e-4021-92ef-ba6c668913d9,1769615750120
51c04917-fd94-4322-a329-ab9e89035df3,1769615750163
1d37db78-2e72-4793-86ae-fe7c05badeec,1769615750204
4f4b807b-adc2-44e7-b850-69aee8877bee,1769615750246
4cdbb532-6793-4a8d-943c-44e4fa930532,1769615750287
722f41a4-47b4-4ac2-8101-eeaf05028619,1769615750329
2f59f7e2-d1a2-4048-b39d-fcca702ce10a,1769615751157
6403570e-5ebc-4afc-b564-878c0924743c,1769615751199
19bdd99d-6957-4ade-a30c-350016371dda,1769615751241
6ddead43-257f-4fcf-a553-bdd98d23193f,1769615751282
6253752b-fe38-47d2-88f0-b836c1d772da,1769615751323
8edff34e-4e86-49fb-8864-3f22295bfe1b,1769615751364
5e3af2bf-a97f-4342-bae8-50684c37b074,1769615752233
e84e8501-ab58-4592-8339-0ce2acecf1a4,1769615752274
bd2ffefb-7e8e-47ea-875c-0d922729133d,1769615752315
7741afa0-be37-4f38-8963-600d1207bb7c,1769615752357
0ecce465-e1c5-4183-9277-2d30a631c273,1769615752400
7fc81882-e6e1-422e-a4e1-1cf7bb5c7759,1769615752441
6ea96741-0e30-4ccc-9cef-a0f246dc02a4,1769615753256
9db561cb-9933-4293-98c1-c03733ddece7,1769615753297
64ee1ba8-adf6-4b93-ba6d-3faf3b778897,1769615753545
312b1a82-cea3-48a6-ac52-48474ca3a72c,1769615753586
5abf4817-7168-46e5-b728-59ee6c46dee4,1769615753627
6c7b82b7-1c0f-4616-9f3e-98023a266576,1769615754279
ebb9300d-5f01-4aef-b68f-2d6229836ee4,1769615754321
27a7a6bf-b158-4125-813b-254deeb5ab42,1769615754362
8f71da1c-5353-4a04-9e54-87049adff5d7,1769615754404
63f86c41-535f-45b2-94c9-dc94a20ecb1f,1769615754446
18fca844-0459-4358-af66-5626779e435b,1769615754487
b5134d06-132c-4a53-b0b7-0e3ece0658eb,1769615754533
6b1ceda1-67ec-4bbd-9947-14aada8fbbcb,1769615755347
47756ddb-42f5-4f86-b9b4-90302914b2f0,1769615755388
532be7d8-24de-4724-9c6b-51c2dceed3b9,1769615755430
8ca90168-c043-49dd-a169-f50504a407e3,1769615755471
12b144d5-492b-46f4-bca5-07ccd0251cb6,1769615755513
fdaaa466-ffd2-4093-bf0a-d66b62846123,1769615755554
38aec24a-0489-46eb-a1db-b6c224e59194,1769615756390
e3378f15-1a43-4e59-b20c-97d168c80fb8,1769615756431
1836b322-309f-4353-95f9-f8abd2074db0,1769615756473
0351938e-427b-460d-9540-a5f00506cbd8,1769615756514
a247546b-841e-42d4-89a3-333d06b55617,1769615756556
73a44b83-a235-48f3-a45d-8f09a20e2029,1769615756597
a1a1f5a9-01a0-4ec9-82ab-19a2c08bb25b,1769615756638
b196e795-29d7-4106-a088-79439ac6d76d,1769615756679
6a8a8206-6704-4bbb-8d57-fce609d3ab00,1769615757406
556cba48-2b4f-4a2f-bce7-25430009f0db,1769615757447
9e45fabf-3271-484b-acd2-f4f021e77851,1769615757489
770ed96a-0d8b-431b-b890-5076d121e826,1769615757530
7da2e56e-b8d1-4b16-8150-c6e31bd09d2f,1769615757571
f4328ec7-4017-4908-844a-717f96ee38a3,1769615757613
b55c9c84-c1ba-47b5-abb9-940d2e19c376,1769615758493
3e2df760-2e0c-4fb5-b48d-80f9e436da4f,1769615758534
0dbdf363-9b4e-4535-83a8-9bcbcbd67c59,1769615758575
c93c4b86-a4cc-4ec9-bbd7-9d6a7b84b074,1769615758616
8259220e-781b-4af9-b8ff-5f21cde1d7c2,1769615758658
0040e38e-93f8-41d8-9236-0b710733b3f7,1769615758699
810060d9-a3b0-4d9c-82fa-38afec3a6b78,1769615759578
8840aeda-e704-43f7-b6f8-88ece50a6c72,1769615759619
dc1563cc-07cf-400b-bc68-d7863e9f38e8,1769615759661
38a226e1-c823-4555-b94b-5444eed415f8,1769615759702
62f2a76e-2433-4f43-9184-f2d33f883a82,1769615759743
05185b6f-27d9-4372-baab-df6dd206d0e8,1769615759784
8a96990b-8353-4da1-bdd0-f7a896dcc7fe,1769615759826
d42893c3-93f4-4963-b0e4-6ab1f788344f,1769615760610
819d94e7-255a-45d6-9a46-59e4f3ea4175,1769615760653
c5ec67ee-c7ad-4b21-8e04-298066cc4ce0,1769615760696
e13151d9-76ea-436b-a4ba-0037054980d0,1769615760742
5b6d9f88-269e-462b-b2a2-aad7f407119a,1769615760783
3fe76a7b-c896-4940-91cb-3ce024572430,1769615760825
07509b96-bb03-42f2-a7dc-c5355117a6b0,1769615761696
9e76a509-6a6c-4af2-8f6d-caa8579061e1,1769615761737
1b185b1c-04ad-47a0-a270-c00edb0bd13a,1769615761779
439fdeb7-2109-4af4-8fd1-781f641a72cb,1769615761820
f8179627-56ee-484a-8e0c-d8198146e0da,1769615761862
e7925047-54a8-4bc2-b412-7f6c994f138f,1769615761903
8509773c-ef12-4274-b3a6-4ce89879fb0e,1769615762782
e45bd137-3f49-4f72-bd42-453bafaf56d1,1769615762824
7532730d-8510-4188-8511-df0ed3ec2dbf,1769615762865
9c7a817e-19fc-479f-a028-fcebae870e51,1769615762907
c01a10d5-f860-4e4d-8826-0ce614ff3f97,1769615762948
0a719864-f533-409c-a951-d6c3e0993534,1769615762992
1ebdfb8b-ee55-416a-8430-3ed563b45c08,1769615763830
f0fff868-eb9e-4917-97c3-89a17a438f10,1769615763872
9009732b-fa4d-4719-be4f-fc007636466c,1769615763913
dd590a59-3f3d-46ea-b71c-92a7456ca1ff,1769615763955
c0577ff0-10c9-47fa-83c4-d394e12fb554,1769615763996
ab3a8dcd-d9b7-4d69-a790-7a0a7324fb9a,1769615764037
0a091ef6-4700-43f8-80fc-5b8d45ce9917,1769615764899
f6f0c8f1-f6bf-4dbb-9085-aa7703af77e1,1769615764940
72142c09-7b63-4cbb-b309-8ebf1644446d,1769615764981
aba15ca3-ace8-4049-85d6-ee332ac2eb31,1769615765023
219c353d-4cf0-4957-a8ee-a7cf401498ae,1769615765064
c8c119b6-f999-4267-9823-ad3aec5d7185,1769615765105
a7d01f01-80f9-4d3c-9b05-3023e84476c1,1769615765932
e219929a-23f4-4f52-838e-7a894727bf75,1769615765974
19c43db2-fddf-4884-b073-dab67e339d6a,1769615766015
c139b010-314d-495c-a381-87b19f393044,1769615766056
87cee2d0-e24c-468c-a944-6d3ba956fa00,1769615766098
ef52d8e5-4c7e-4bcf-bf42-394122628cd1,1769615766139
5f1f4874-a8b4-4baa-9e77-d37bd1500690,1769615766997
9eab715b-6c21-4e54-a21d-0dabb8736544,1769615767038
0e648b8a-1b1f-47ad-86a4-1c815c6f4312,1769615767080
e65c771f-b015-49b1-89a6-df67f51c22ea,1769615767121
a77e3eb7-bbdd-4719-970e-43a8bfc09af5,1769615767162
79b5fa1d-2e29-4655-b2be-c059db461349,1769615767204
f96ede81-ba45-4908-a792-e5e8409d0f18,1769615768021
1ce0df9c-5fcb-4a72-9a19-e1d699e0df70,1769615768062
74fff69d-6aef-45f2-adbd-50fc665da2a0,1769615768103
2a57f341-119a-48a0-a908-9f5d16593d96,1769615768145
847e9dbf-66b1-4749-8737-ce622b9262bf,1769615768186
df706b05-0918-42fa-b52e-9bedf522c443,1769615768229
3b632cd0-8a99-4cda-a609-d5dc48059247,1769615769117
59b47593-fbc3-4730-8284-edd72727fe30,1769615769158
9fce8d1e-87f3-4ac8-921a-91b5b4e37674,1769615769199
b46782d0-2a9f-451f-9217-841c360b7999,1769615769240
812e57e2-1e59-450a-ad21-9349d2feb9fb,1769615769281
52d9888f-4b97-40ca-aef8-c491a7bdd1c9,1769615769323
6516ea5c-7bc7-42fd-86fd-699e3a00effa,1769615770140
dce9802c-5d94-4a62-9261-2ca7fea3b5cc,1769615770181
2bf49552-c3ef-4664-9764-6e9f5a4d5b2a,1769615770222
4d7239ec-c55a-426d-9aad-b8dc597efb12,1769615770264
dbc633f9-249f-4f6c-8d77-988cdc8934a7,1769615770305
fe6455be-c35b-427c-b321-44c01b41513e,1769615770347
7a3b42b1-af31-4b0e-9817-2df405eb2eb4,1769615771227
83a385b3-f569-4a1b-be6a-169c04b0edb7,1769615771270
88e18375-6bd9-41a5-b203-98b1da0b75cd,1769615771311
a17b34ec-bf09-4f42-b4b2-3eea181ad9c4,1769615771353
713d1fd0-3be5-4a87-9f92-63387ebe2ce1,1769615771394
298d87be-be2e-4f1a-b198-0cd29e46ecac,1769615772301
e43f1907-b8c3-4e5e-be4d-5ee44c9037a7,1769615772343
c634d089-8506-4b8a-88c8-d9949a20c091,1769615772385
ea8dacde-4276-4ad9-b130-5b19bd90457b,1769615772426
89b5e3a7-e29e-4206-85fa-423a060d3fb4,1769615772467
0123fac5-53a5-4fcf-b693-c5bb347d0099,1769615772508
3bfc99ae-2e08-4e5a-8106-3a0b84c34345,1769615773345
542c4a85-3497-4746-8c2c-050eb463aea7,1769615773386
f943a881-50a0-436c-8181-5d5f5100b9c3,1769615773427
65c03cba-bff8-4182-bc3e-baea1520686a,1769615773469
27918457-17b1-4f7a-95b4-9486041acc89,1769615773511
a5175262-48d4-4761-ae03-210233777329,1769615773553
02c90bd5-6972-4d64-94df-68efc1bdf53d,1769615774432
878c9fa0-48f4-4b52-ad85-ccd2a7c78c49,1769615774474
1c0346bc-db92-43af-a693-ec1011ed2f63,1769615774515
0015abca-2455-4e6c-9536-72a814b7217e,1769615774556
f754ae8e-53c2-4f18-bb54-451a9eae6d36,1769615774597
79fb3983-0df1-4d67-a211-4ce13a425772,1769615774639
bdf4fefc-d23c-408b-8838-2d42d0c4413d,1769615775455
6b762ef3-6c9e-4002-abd2-e31d4ea4b2c6,1769615775497
9b56ba96-c9b9-4c39-9e0e-8cf038417a7c,1769615775538
f1e4d0f5-15fa-4c04-93ae-9b9a9fb513c0,1769615775580
ad614aad-df3c-4840-9e63-98eea41f816e,1769615775621
cd293ec1-f8a3-4561-982e-4f00b88b94ad,1769615775662
bf18b049-470a-4938-8b15-3bdc10bd2d6c,1769615776548
23a14674-1c9f-4ad5-9075-7c19acb39111,1769615776589
37bac5f0-bac8-49de-b428-72cdf2092f94,1769615776630
d45439ee-bcff-43fb-bb37-118710c81437,1769615776672
7df6fe64-ef56-4080-8565-c7f93a92e7d4,1769615776713
b787e0b5-88ee-4576-a270-2b429eec0bbd,1769615776755
83838462-a530-4c0d-80eb-5a407218c052,1769615777563
63d73e00-0973-4b26-91e1-0c66b1e3489e,1769615777605
a90263b7-696d-41f6-92b0-762b78f5d579,1769615777678
26048bc0-0d56-4b84-8fdb-8840a704ca5a,1769615777720
58df6f4d-c658-424a-b2e7-31bb87af2e25,1769615777762
a2d91049-da80-43cb-9743-7fb864645289,1769615777804
8f2a412e-f46c-4e93-b5d7-40bcc793130d,1769615778590
69198d14-c63c-45c3-86f8-46340fe593d9,1769615778631
fb2ffa47-ba54-4221-bfc3-8fad9e67e903,1769615778673
1906e913-3564-472f-96e4-53642910ba81,1769615778714
debfbe71-5e80-41e3-bf8f-e26b7f091a82,1769615778755
5f31673b-72df-4b8a-81a5-a8d6cfd8d43f,1769615778796
6fd4973c-d401-48ea-9b40-e6dd94b8a625,1769615779653
d9b2a9a8-855e-477f-ab78-953e0694e01a,1769615779694
3bac0666-afc5-43ca-ad6f-0e47292058da,1769615779736
d635842c-a344-42f0-a210-eb91d47be8c3,1769615779778
134d3214-21d7-47ca-8954-9d063ccfad9a,1769615779819
6a3aee0f-e715-49e1-9e9e-48b1cf7b79ca,1769615779861
df66ac1c-4121-419f-8393-ad398982c5d7,1769615780667
65017a23-e611-4d4f-ab29-5980da1293f3,1769615780709
6209828d-62c4-4ff2-a6e0-c558244b16b2,1769615780750
06049005-800f-474d-a0a8-517cc54f7c29,1769615780791
892b0a71-8fdd-4bb8-aae2-a5aea183b873,1769615780832
87be499f-2e4e-42c0-aa01-946a401ac322,1769615780874
d820626c-76c9-485e-b4c2-bb5f845a42ef,1769615781711
a8cbc2c7-3910-4e6d-80c6-f6a1989be934,1769615781752
69614dca-f148-43b3-a8a4-41dfd81af2f5,1769615781793
294d7aa2-3e61-473f-89f3-8de2a0dcabaa,1769615781835
329b5566-4228-4fe0-a4f8-46fb373fbcef,1769615781876
9f5b87b0-b5b6-4c95-9d68-d53a2842c3a3,1769615781917
2dea437f-10f5-4a34-9e86-9e8e53a09d3a,1769615781959
0777f02a-8a8f-4b27-b4bd-c8a1f186b5f5,1769615782720
abf54e2d-b530-466e-b4f7-695c85464fe9,1769615782762
7da739d8-2e5b-4da9-8139-314f3b078068,1769615782803
64a9d02f-adb7-4d46-911f-fc7d8dba9b1c,1769615782844
0ec693e4-cd3b-450e-bd60-04c36fa16c0f,1769615782885
72d48663-167c-43d5-add7-1008430fc0c2,1769615782926
898817cb-063c-4133-bfb6-982ba073a01f,1769615783734
264cd10d-db27-4005-ab1d-adc29c2f8cf9,1769615783775
205b453a-a792-492e-bdc7-c39091cd5719,1769615783817
45947e27-fb66-4476-84e1-8583de36b081,1769615783858
ca1772b1-b616-4f96-a087-60902f0d7722,1769615783900
6054e7d5-d0a4-4e5a-b77a-c3c59466f0d8,1769615783941
61a29472-8dfb-4e34-9383-fa062635f451,1769615784829
59015c00-42a9-44ca-90a7-b232604d4600,1769615784870
369c500c-33dc-4bb3-98cd-fd5c5c9264fa,1769615784911
4873f2a0-76af-431d-964c-bf69c95bb453,1769615784953
b896b15a-ca1a-43d8-ac90-c7dc46faf187,1769615785020
f76941a3-037e-46cb-afcd-c649b705482d,1769615785061
a6724026-a49e-4b8d-87f9-a34034c48708,1769615785851
89300b57-aeee-4fdd-9de8-49d62a000aff,1769615785893
ac072d14-28a4-4666-a4e9-fb098760dc75,1769615785934
f2b06451-e8c7-4f18-bd78-68acc08f24fd,1769615785976
7dbd160b-0411-4154-8a10-0f476fc05bc7,1769615786018
01e7084b-8e39-4843-ae5d-00361840cc2a,1769615786059
3f374196-b391-4e71-bcf1-b68e5ee902ba,1769615786880
28ac5d00-fd3c-4ebc-8862-c59e5f75baff,1769615786923
850c42fb-4732-43ac-a033-1c65796c1b4a,1769615787171
36632766-28f1-4440-8064-aa26eb03229e,1769615787213
83f0a264-e27c-4a82-8743-3544adb1e246,1769615787254
64295f73-43bc-4dc1-9c6d-16aeab784c01,1769615787931
b67cd5a8-e00a-4273-9065-cb40ac8d4542,1769615787975
a97f4320-c8b3-4fd4-8ebd-e85653e125a7,1769615788017
cc821e80-81e0-40f0-b901-cbd0ffed5952,1769615788058
eff9debf-4201-49e1-a76b-6e83f1e61aa7,1769615788099
2035c5c1-4c35-4b97-95c3-fd8982af53b9,1769615788140
81adc089-a37b-4609-a13a-9f316eaca413,1769615788940
eecc56c4-fcca-48f2-9d82-0c060b48ab02,1769615788981
19ad5923-2422-419c-8fcc-35ea4fdeeefe,1769615789022
5850ea76-017f-4f3a-b0bf-c726795ff0f0,1769615789064
2088f30f-38a9-47a8-aca8-7162131256a0,1769615789106
62f4560a-3201-4170-8da8-d3d54e3c98bb,1769615789147
f271b376-e13d-4748-bb41-59587d18bd86,1769615789189
1a4f179d-bc39-4c22-929d-42e92af0a266,1769615790006
d5ae1962-a201-4c7b-8cd5-bf708a6dd5ac,1769615790048
45a3c4b2-8a68-4a16-baae-b5f62345e1e9,1769615790089
3a65b2bc-10c3-4002-97ee-3fc7de1ee17d,1769615790130
ac4e66db-4a4b-40dd-81a3-5666417cf806,1769615790171
b8e61687-9809-4467-a2cd-1df2330290b4,1769615791021
12fd60e1-1026-45c3-a8c5-b48e7c9d8152,1769615791062
c7f633ce-9ace-449b-bbf2-9e249f002daf,1769615791104
0e57d17d-c713-455b-a9b5-309378bd82f2,1769615791145
f9aacf66-d7b2-4a2f-9437-3db27147b58d,1769615791187
2c040575-0f2a-4d91-983d-f9dd28765571,1769615791228
882df36e-3202-4bd4-889e-6d743c2e9488,1769615791269
95fe263e-344c-4fb3-8ae2-9403856b3e48,1769615792085
14171c2b-16fc-491d-b878-a4f1a45368e4,1769615792127
b44e462f-7d16-47f5-ad44-0500382d68cc,1769615792168
1dfb1273-08c8-4b39-8b72-08b5a2aa94ca,1769615792210
332ed0fe-b7e1-4a7a-b1c2-3936a7f4d381,1769615792251
3acc859e-bdeb-4494-9d7a-e16e5275a45b,1769615792293
af6946c1-dc67-4da2-a214-e936cbbe5542,1769615793140
a8fa690e-a2a5-48bb-9819-3c1117e87ee2,1769615793181
16e757a0-bf5f-4388-8b84-949714572bde,1769615793223
229cd3b7-fea0-4f80-a6b4-283aba751537,1769615793265
a37316d8-3cee-438b-a89c-adcd46ce6807,1769615793306
2e1840d2-7653-46ee-9233-db92f7bfde26,1769615793347
e3eef50f-b303-457e-9ef3-4509c1a15b81,1769615794174
e00c9558-0b6b-481c-9116-3a1f76219349,1769615794215
b2cc5983-12d0-4531-ab96-a5f968464410,1769615794256
fa88eb06-7cb0-4c6b-a24c-8dd66bffa826,1769615794298
ea3ed4f2-115a-48b9-b2fe-964dac795ecd,1769615794340
b1f2b589-48cb-4a56-a623-8aef849709d2,1769615794381
044b7c58-d3b4-4d4e-b05a-3ddca1e0730e,1769615794422
4dfb31f2-b3ea-445b-af1a-e539934bfe66,1769615795207
43bdfad6-4c02-44ff-aa80-2b8c571dee03,1769615795248
b8b4104f-5cfe-4282-ab23-cd5d6156fd73,1769615795290
821ebfbf-e599-4d2a-a81e-914e8dab3c08,1769615795331
3f0bfbf4-e358-4c2b-84dc-e25e5b88c5e0,1769615795372
6f3934ef-5286-4ae5-8779-c303b8af37c3,1769615795413
d5b269db-9224-4207-ae08-9799d01f1f03,1769615796302
cbc4e519-0ebb-418f-a949-0469c709cb34,1769615796343
706dda69-0b04-4bef-9f69-daee94a28aa2,1769615796385
12968986-366c-4bb2-9b89-036f941c9b03,1769615796426
41d210b1-5091-4c28-8bac-9883f6b2de6a,1769615797347
fa74ee54-80c1-421e-9207-a37c9f771c16,1769615797388
0a590049-89c3-4019-92eb-3e9c70f764a7,1769615797429
24472c03-2dcc-452d-a96e-1e80d885b140,1769615797470
29fd1cbc-9de7-4e9d-89d7-96884089013d,1769615797511
d931254f-adc7-4318-944b-d59fac1d8f66,1769615797553
57e0d0a3-1c18-48d8-8823-999d05351f49,1769615797594
80523f6e-cfeb-4ef6-9825-b970d8cc08a0,1769615798383
324d0e88-1293-4a0b-b0f4-3af032ee13d4,1769615798424
01fb31bf-e3ad-4742-9b0e-e7c58853f313,1769615798466
b6ecd618-468a-4ce8-b8de-9ac47eec922a,1769615798508
dcdb8eb9-64b6-4fc0-8e8b-54c44228370a,1769615798549
de547811-d4d5-412e-b2b9-d748268de0ee,1769615798590
e45cf087-d138-4627-bf26-8d7e1cc8ff74,1769615799406
922fa427-7889-409b-96d4-77c3ec4fc7f9,1769615799448
8fcbba71-f705-4a39-adf0-3924de5a9ccb,1769615799489
771caef5-d676-4948-a82f-8bf2043e2d23,1769615799531
62c6e6d7-70a5-4cd1-9837-3fd90c93d7cc,1769615799573
50f06ea6-33de-4ecf-b342-2cb542a3587d,1769615799614
8eefc045-a0db-4513-b91e-9b449cae0b6b,1769615800497
276fb3c5-2163-4381-8b7b-5823188a2ccf,1769615800538
2fbfbb8e-fd14-4286-b619-17754511a54d,1769615800580
22e79b42-131b-41d3-a487-13b9ca9f2087,1769615800621
980a726e-baf4-4996-b8b1-2ced1aa08877,1769615800663
06417bd8-b4f1-43b5-b3fb-3c877871bb83,1769615800704
0946956c-eb48-498d-b834-43c22aec7c14,1769615801586
f76d9ac6-a0c4-481e-9a0e-ae7e4d48f1b1,1769615801627
7fd63e33-e773-46f4-94e7-eccf55137635,1769615801669
c515b711-04bc-44a3-9ab0-87731759ce9f,1769615801710
20708378-76a1-430c-b283-40941c9a5f08,1769615801751
aad2f0ad-5c69-4960-b5de-9b81ea71c2ae,1769615801792
9a62dd4f-592f-4c71-ade3-99a1abd99251,1769615802626
318017f0-3f81-4763-86d5-c22b7e4a7f61,1769615802668
14977371-6659-4744-9d4c-0da0e93470af,1769615802709
a5ab6fe4-5fc9-4868-ac18-75f924d6c995,1769615802750
a635f285-2d43-4d30-828f-0a0eda81e3e3,1769615802792
be1f7d02-8c1e-4771-be47-cc76839c009e,1769615802833
4ba25690-05b8-4f60-8c09-e210a07d50d2,1769615803701
bbfa4272-a5de-4c24-9d0b-f9d87a3da4cc,1769615803743
81f635b8-7c93-4bdd-9a82-7daf940b4484,1769615803815
2becc7dd-26d9-4c17-8af0-22bf39fb14e3,1769615803868
6cbc1679-50c6-4fd3-8303-ee358e40c0c0,1769615803919
f94af2e9-75d0-429f-a920-3ca1f0e6080b,1769615803966
237b517b-b6dd-4986-81a8-b88000b34d70,1769615804784
4f1c3614-1bae-424d-a4a3-9c97b671b791,1769615804826
31b2ded6-a45f-4009-b191-392bc0c2b33a,1769615804867
23872a82-d44b-473e-b388-53e472a6f0a2,1769615804909
98c0650c-5090-4578-bcbc-92d156cdda54,1769615804951
739df7bc-042f-4222-99b8-b41af2278a99,1769615804992
d2803e28-173e-4bda-ad1e-8a2c04bbd2bc,1769615805787
a18938bc-3978-480d-9f0d-937fbeb2db48,1769615805828
eec54825-6388-431c-ae1a-221a7ef09037,1769615805870
a20790f8-0cf0-437a-854c-aac85068e6e9,1769615805912
8d45b6f7-c16b-480b-96da-51ccd303edc4,1769615805953
49d5ec8f-0119-49b8-bdb2-95cfdf3db466,1769615805994
b42fd95a-38fa-46a4-97ce-9aa68b901ea0,1769615806035
611d9c16-feb3-49a6-b613-e808ae46fc97,1769615806834
a672f996-3bd9-4052-bae5-64f46440fb1a,1769615806876
17722d95-4565-443e-b96c-609d4b3a090f,1769615806917
8ea7e12a-eeee-4d19-82c0-2fec2ed7410d,1769615806989
ddf69403-ab9d-49ed-b8ce-cb729d8eb991,1769615807030
b5442665-b01a-4ca2-8889-5e7a05e6cc97,1769615807072
d9422e39-f70d-4430-8586-f18b3d2fb839,1769615807114
09a1038b-5165-46bb-9fa0-a32f587e8a76,1769615807871
496c5eb4-cf0b-4602-a60e-4327d4d7a6c3,1769615807912
9939fe0a-1d02-4b74-be78-f1270ee15396,1769615807954
56ac01f0-e551-412d-bc54-c7a9be4cadc5,1769615807995
e5744925-7aff-4cec-b45e-fd2fd253518b,1769615808036
e241db63-7cb2-4ab4-bda3-23f208cb7f44,1769615808077
aea97c25-1142-470d-9058-d754ba7774e0,1769615808958
81fdbc1c-6599-4966-b726-4582e116d28e,1769615808999
991569a4-1143-466b-85c0-2ab7aad28e3d,1769615809040
50200426-de08-43ad-854b-cda31419517d,1769615809082
ed89ed43-2a38-4e3b-aea7-85c167b5e81d,1769615809123
fe08941d-1c7e-4684-9f37-868043de04cb,1769615809164
7112abec-0c51-4f34-a803-2274efb8a7bb,1769615809982
4f8387bb-3ae5-40d3-b939-85d70663233d,1769615810024
fcafc094-142c-4ae1-b89f-5a005b16c085,1769615810064
f3946c9a-da11-4c86-b653-5908e4cb762d,1769615810106
de4df8b3-68fe-43ed-a434-6e78046cfd47,1769615810146
0d7d0589-da9e-46c4-bfa3-18991c5d861c,1769615810187
5904f0a7-69e2-49c8-95b4-129ecfb13783,1769615811066
2ea65d10-4e32-4a68-922c-a8171e21d114,1769615811107
60c94410-1e26-4441-9e14-cc63e4290e46,1769615811148
27cd6d6e-0e3b-4b99-b1a8-b3a7c49d55f1,1769615811189
3f47b5e1-cbf6-41f3-bd0b-50210f74325e,1769615811231
1278b501-443d-484c-a7af-6cc6de8fe459,1769615811298
b3b7c2ac-faf9-4ff1-b18e-f92274a927fd,1769615811339
66af94d8-6275-4354-8e8e-537659349175,1769615812105
35181ef6-b46d-4e64-9730-1c3f03f02a69,1769615812147
1eff2735-cd66-4213-803a-8633535674d4,1769615812188
7bf3b36e-87f5-4249-9ae4-aeb5497df8c2,1769615812230
77eecbcd-ea2e-4ec6-9303-84e83d0696cc,1769615812271
8d0e2ad3-e9ce-469f-b75c-e39c01c46464,1769615812313
f0cf5e45-dbd1-45ee-b7cd-c96f2e3238ae,1769615812354
0a92edd5-017c-46fd-bea1-19676d01c3dd,1769615813120
0db81a28-544d-49b6-a034-80858a71966e,1769615813161
b243dc18-c69a-4169-ac49-c0839ffb6f78,1769615813202
ba603b7b-a471-4898-993a-87fc3e86f07c,1769615813243
588d2e41-f391-42d5-971e-f07442a1b5ab,1769615813285
91690f95-e94d-4f96-8349-48a29053dd8f,1769615813327
07b86d3c-84b1-48ae-8322-11f2bb027c9c,1769615813368
708a27c8-ca8e-4555-a23b-6211ed9d2936,1769615814156
cb220184-d07b-49c0-9bcb-d604b538fbc9,1769615814197
05bfd224-4055-49d3-810c-330c362ffd81,1769615814238
ff766764-3f3d-4e7c-8549-cbcf1f25bb68,1769615814279
2354909f-78ea-4a2b-acd6-8eaeb841c2fb,1769615814321
e72abac0-64dd-4f32-817d-043bf12a6b69,1769615814363
527d1c32-6f36-4d25-a335-943726767c3a,1769615815179
79e9257e-5958-4df3-afc6-e8ce8f67c786,1769615815220
6d22fdfd-c86a-4d85-b3fd-05cb9ae45707,1769615815261
5329b3b1-b130-4d53-a713-5b58190bece5,1769615815303
9d1045a1-4a09-4a86-b97d-1b54fc5dd7e4,1769615815344
149ace48-252e-4367-b0cc-0032db4b1d39,1769615815386
45e138aa-99c2-4c39-8407-8aeec6ab59b6,1769615815426
8aa5e409-98a6-4ccf-899f-bb17f6b989b6,1769615816213
6b45a25f-c204-43d0-8c55-a88eb3126f1d,1769615816255
9df90a9e-f06e-4f11-84bd-d5ae9d2e2e0c,1769615816297
e5c53265-82d2-48b4-8634-d9b5e9eda487,1769615816339
93a4336a-605b-4adc-bf9f-ab4528956a29,1769615816380
98976d70-7b71-4e51-8fb5-22ca3fcbf8ee,1769615816441
4f5e9468-0b1b-46e5-9394-5f6bc669653f,1769615817234
48290464-28cf-4a0d-b8ea-7dc827306ec9,1769615817276
bb5ea892-c22c-4cd6-b65c-d16c079aac97,1769615817524
5b7633a5-9c37-4484-b7db-15dcc5e0d523,1769615817565
0c2d141a-9a8c-4a70-a539-8a77ead4d7e6,1769615817632
7a5b2ab8-c788-4a90-8038-d6a32bbc10ce,1769615818243
f12fdc12-a7ea-47dc-9b37-cd648e0e2f8c,1769615818285
59bbf32a-ddda-43bc-88b6-adee2cc3061f,1769615818326
2a76aac9-6fe8-4f7f-b401-21e1c9d1e010,1769615818367
a92ae875-ddbd-48b5-98fa-f53851b9ee19,1769615818409
dd4b2eaa-f2cd-4de6-b568-e3e826e0b175,1769615818450
55e6d5df-33fc-4e57-a677-00ae1a2da69a,1769615819256
e17a0a2d-d14b-4526-b0ca-885f8595ae69,1769615819297
9ba681e0-91d4-42ff-94ba-b4d0496bedee,1769615819338
d725e8bf-01a1-4295-9f9c-3dc99f82fd16,1769615819380
8e9ff2fe-3276-4a49-a969-5f48384db333,1769615819421
57598040-8ddb-49a6-b0f9-f1d044e005a1,1769615819463
ab38634b-a063-46d2-bafa-99801ec281c0,1769615819504
f828aa0b-9d8f-408f-899f-71fbe292722a,1769615820292
b99c5f52-9423-4dce-bff6-596b969066a1,1769615820333
9a224064-5591-4ad4-96a6-a869f095fa8b,1769615820374
9083a0ab-192a-47ce-b0b2-3135946871d8,1769615820416
500acba6-3d97-47e8-ad66-1e7ff332a3a7,1769615820458
00d1582d-5a9e-4896-97e9-3df7814084dc,1769615820499
64c54564-cf42-4c77-b86e-d42065585890,1769615821309
c30d562d-5d2a-4629-a9bc-bd492028a05e,1769615821350
4bcf127b-2010-41b2-8043-6faef073e9db,1769615821392
a744130f-992d-4696-8517-bee2b1ffef5f,1769615821434
030d1d3b-015a-4e4c-81c1-6f466b0f9e06,1769615821475
2684a936-b83b-43d2-a4b8-60b1d567247d,1769615821517
30df9c72-91c7-4d8d-a168-f769592c66c9,1769615822344
98c94f62-e0f9-40fb-ba57-e380eeb4c3be,1769615822385
8b0d7c33-f9c0-45e5-9980-19d3d31d4ffe,1769615822426
3e6346bd-8990-4526-bcd3-b4ef288660e9,1769615822468
6b39427f-df43-46bc-9b38-c45fc53571ac,1769615822509
30453d4a-85f4-4464-a3a6-d63c5c42e6aa,1769615822550
fb0f581f-b3d4-442e-b339-a5c7daba3321,1769615823357
1bad5e9a-2d4f-497a-94c1-1c5f0dc80491,1769615823605
4be797a6-c658-43e3-94ce-9a95ce752a4b,1769615823646
037f6d18-9f31-4372-bdc1-e271b69f0502,1769615823713
1170d43f-5fd8-4583-852c-1b1693208034,1769615824364
16d76271-0202-4e46-b3ef-964a778c8608,1769615824405
34bc4629-a4c1-471d-8a7e-ee9394378aa2,1769615824447
c3cb12b3-dd8e-4ebe-b50e-f143508061a5,1769615824488
84895b1b-0cb0-412f-8d0b-4cbffe853a43,1769615824529
1449d5c4-11ec-4bdf-bd81-3f5cd6b1a8fd,1769615824571
8d032c26-21e1-4203-af17-31fbc6ea3421,1769615824612
1ade6c73-8748-43fa-8533-68bcfb8f7583,1769615825410
dbed6a0a-9d07-45ad-91ab-c246c3555f93,1769615825451
e0c19f40-dea7-438c-8df8-c3f0356948fe,1769615825492
d79a7898-1f3f-40c0-899c-4c74d40e3464,1769615825533
4ff085b9-1178-4f83-922f-1482dc2df09c,1769615825575
cd5e923d-d4a9-4e25-922c-f793b1dd2d11,1769615825616
e08e636e-c3b9-47a3-b29f-d3f4c2550dc8,1769615826423
03dcf434-4d74-406d-bd91-f4772afee183,1769615826464
4bd0b545-d950-4599-98ae-b44efa8f83e8,1769615826505
dd7e4e0f-2507-4243-b9ba-34afe575cfe0,1769615826546
0893b70d-af16-4699-b91b-c7dd3ac8c349,1769615826588
b5972b95-ba5b-4a63-a7a1-3259650f2cb1,1769615826629
f1e74414-e761-449f-9ebd-307d5a295b85,1769615827435
2bc00e48-9105-4841-b40e-fe8d6cd2a9c2,1769615827476
7106da9e-d3fb-4ea8-aa4b-3a325e36f18e,1769615827517
6abad4d5-6ffa-44e1-ba7a-2d9225ef2557,1769615827558
a56f2982-966f-4155-8c08-d90ce82b42d0,1769615827600
fd7bbe1b-9854-490b-9b35-507a48143ee1,1769615827641
8f82f1ea-6b4b-42dc-b168-5963074f84ba,1769615828542
82d04e92-3207-4d74-b38b-7c778918c547,1769615828583
ade9a7f4-43e4-45ac-bdf3-1ed3e5e4bcd2,1769615828624
63728567-c7a6-4e6d-8194-44d5e5b01923,1769615829371
2489c67a-c78a-4992-810a-e8437b2cd8c2,1769615829412
d4220d07-33a4-4c61-b0f7-4b948d0be641,1769615829453
2bd42d8f-60fe-4ef0-88f5-4d6dedc6ea61,1769615829702
99fc953a-8838-48ba-9d53-dbf29ea34ed6,1769615829743
cf00c9d1-c1b2-4e01-8baf-9ad5d59e0022,1769615829785
13c0bda8-0d64-4791-bba2-be0cc3ca9220,1769615829826
770c8fbd-32e6-4bea-82a2-7a8588297905,1769615830561
0f0d0e39-b018-4429-af4f-befb7c3eb7b3,1769615830603
f2f771ad-6dad-4d88-8a62-1fbc5b95dda6,1769615830645
ff40d000-4a8e-4cc8-85a4-ff56db2d9a92,1769615830687
d5aa6cb8-1efa-497f-a5cb-34d8d3676da6,1769615830729
0998e2ff-40ef-47d0-a434-6bd531c0ae7a,1769615830770
98e585d6-e1f0-4a2f-9579-3bd05611e0bf,1769615831568
699a1ffd-296f-4b57-aacc-c3ac1258effa,1769615831609
c22e98b2-74a8-4d85-acaf-15bd41b669d4,1769615831651
82df98c2-65bb-41f7-9990-e41fecc39ffe,1769615831692
f5e18180-6fab-4de8-88df-51e81a11796b,1769615831733
7f0dda3f-a233-4b0b-b09c-be6fe5bf0f43,1769615831775
feb2a26c-907d-446f-a6e7-59f933ce37f7,1769615831816
d6dcc264-36b4-49fd-adc5-6fa115ce2787,1769615832617
2dd02194-de0d-4d2c-a9ca-19b2b0f52926,1769615832658
9c9e89fb-df5a-444d-aaac-138e654be2ae,1769615832700
15e300c0-a99c-4b8e-9d51-864bb8c8ac9f,1769615832742
08fb51a7-efad-48c6-a8bf-8bf2bfba91ea,1769615832783
ab32bd93-6430-4fb8-a453-d4f98c4526b9,1769615833651
4620eba4-2843-480f-8b72-771757af3f46,1769615833693
77d66155-99b4-4fe0-8ff8-f3b0d9a0589e,1769615833734
79193e8a-d6fa-4e60-a1b6-49758c5cd2b6,1769615833775
0c3e2c81-bbfd-4ee7-b75e-1fbeacc53025,1769615833817
178e5d4b-c7a0-43a7-bf1e-20346dd2d625,1769615833858
38056bc3-e222-458b-a844-a491e6e88f36,1769615834687
0a4bb2a6-2664-44ca-924b-683e3b66fb37,1769615834729
4e927f0e-0d9e-40ae-86b3-fbe4772a833b,1769615834770
883e53ca-3034-4c32-8b0e-6130dd2f3108,1769615834812
4ad7678c-6fca-42c3-9a3e-f3bd47c6a493,1769615834853
1c65aff1-6669-4a49-82a6-af48fee83e45,1769615834894
90fdd0d6-8f03-443a-a322-118e8395ea5d,1769615835722
7c3f68a2-f54d-4ad9-9344-ab5f63cb94c7,1769615835763
905084b2-5237-48e5-a746-8a0bf784a542,1769615835805
f660f223-8968-4675-aa21-e96f9bf3a251,1769615835847
f5a290d4-35ed-4edc-856b-f4130bf58d65,1769615835888
4f6a7287-0ffa-40e9-b678-f9863d2df390,1769615835930
380101c8-b7ba-46a2-a367-1ad20d717a4c,1769615836777
46aeb90d-a86a-4a16-b5c4-a512fa5bf16e,1769615836819
7f40caaa-e725-4b28-9f5c-c5a3b0628d55,1769615836859
0229aa4d-a0c3-4082-affb-47fea0e006b7,1769615836901
28b5d9dd-2d3e-42df-84aa-720234024ad1,1769615836942
274317e3-d3c4-4baa-9bcd-998d047779dd,1769615836984
e4cd0b10-bc8c-496d-94a4-7286832560cb,1769615837842
86d6f2c1-590d-438e-8c20-98aafc4187e0,1769615837883
df34b3db-a151-4a29-9a72-a0f5fb28af1a,1769615837924
8d9950cb-64cc-46bc-b06e-9a8f9a932213,1769615837966
1729bbf1-5d32-4614-a556-be9fe19b0f8c,1769615838007
a9c5d5c3-f776-4635-9a43-dee6cb8e2bde,1769615838048
3f058a54-a822-41d2-8550-25cd42659186,1769615838090
0a82127d-b89e-4b62-aa89-017016bcad97,1769615838873
afabf1d6-186c-4bc7-a802-00ef6dc513c0,1769615838914
dee57aae-5fda-47b4-8ccb-b5da248d84ad,1769615838955
37f235c7-bc9d-446b-b438-5469dd7a1f16,1769615838997
9d72bbfa-8675-4ef4-a1a5-25511a8d9c9f,1769615839038
c7046c09-97fb-4092-a21c-fcffd48715b2,1769615839079
ce67e7a7-fc02-44d3-8136-d18298c3de09,1769615839120
7796bce6-7b43-4611-92d4-3d7eb00ad0ce,1769615839902
5eacb220-4e08-423f-b3fb-30c11fc84d32,1769615839944
18a5f46c-042b-4137-9a6a-a7a9ca5398f8,1769615839985
f6dc2f50-1baa-4a39-bc71-4bd60d6cc220,1769615840027
980d2c45-2790-4a3b-9054-54b28bec3527,1769615840068
d725c98d-f41c-4eac-9728-8987aad4c805,1769615840110
8737a6bc-10b5-43ab-886a-8e740d5eec14,1769615840151
738bdc9c-4627-484e-80d5-102f00f33b5e,1769615840917
d1f888d1-ffd5-48e4-92b3-6e5f4c3a73d3,1769615841165
1846a446-08df-4d25-b9e1-814c3caf5f49,1769615841207
2d9a3022-d167-44cb-a7db-e4c638b7b88c,1769615841248
4dbf138b-3855-42e4-ad48-d6cddc078290,1769615842004
6b9d70bb-4c3e-4b92-9bb6-4f8acdf49887,1769615842045
77fc287d-677c-41b6-a962-49a54656bd90,1769615842086
739a5370-c011-4fae-a98e-1ed328706d03,1769615842128
cf417ca5-ddaf-4a9d-baef-4fa178eef46a,1769615842169
0191854d-b671-4a5f-80f4-3f0835c6c655,1769615842211
e52e7cba-c92b-4647-8243-b110bc5b7c8b,1769615843018
a2a505bf-ee09-4cd4-a564-33a49a58ad76,1769615843059
9c7d9dee-95d2-4ea3-ad7a-2706ee6cd448,1769615843100
c7b60782-7f10-4a7c-ba5b-9b80f7c9e999,1769615843142
deee17a8-21f6-4ba7-8d78-e5154a23642f,1769615843183
27918e86-4333-43a1-97ad-212fc3aa7b7d,1769615843225
3556a867-4799-44df-97e9-aab1332f71b1,1769615844063
16fbc685-c090-44ff-b593-6946594216aa,1769615844104
850edbb9-0532-422d-96b9-8e1a44abd482,1769615844146
b1401d59-429a-47e8-bbf7-f73110b84396,1769615844187
9909ea96-8283-4baf-b625-82b973cc72f6,1769615844229
ea33f620-d860-40b1-b519-d07efcc408d3,1769615844306
8897950e-dae2-4407-b419-c7ba4222fdfe,1769615845082
9768edcd-d509-4350-9db6-70630b8338a6,1769615845124
dd60822e-7994-4d0f-bb19-fb271094c0e1,1769615845165
346be866-7234-42ef-8fd5-9acbf6972ddd,1769615845413
6c50e99a-fcb6-4d8c-b0f1-4e093d680162,1769615845455
c46ed529-57ad-4120-9590-e9e3a9965dc4,1769615845496
09e7cb40-d8b0-46d5-98b5-e8676149837b,1769615846158
872d0b3d-3066-4453-8a0b-6d3677464ab0,1769615846199
49622ae7-3f5e-4e83-a51c-47dd71149c8b,1769615846240
6c3f2bb4-9a8c-4fda-a7d3-78330b134dde,1769615846281
6a715357-5560-497d-9590-e6bdd21aa7fa,1769615846323
cdef7c7b-5966-4bdf-9248-9c41c0b2eba0,1769615846364
0988c2f3-060e-463e-b260-0ad8f9a30bbe,1769615846405
42c264c7-82c8-46b5-806f-2e6ddfe975d9,1769615847222
b2204f6b-f693-414b-90f1-533916396ba5,1769615847263
49a6fb29-f2cf-48f0-b7c9-071fe0a64c40,1769615847304
e8ebba01-1f60-4ca0-94c6-bdea031d0f8e,1769615847345
599c588f-5807-45ef-b897-b4ed7a49c035,1769615847595
4744ff7a-7d2e-4b51-9059-fc1c3b1e2e75,1769615848236
ce846407-c461-403d-a6e5-426f44f642fd,1769615848278
d2b4767c-5625-4ef8-ab24-1632e409c723,1769615848559
8a0483f5-3177-44ab-a469-aa3871ae00b6,1769615848609
b74c4cbc-ed40-4132-92c8-6ce579d25357,1769615848652
9989e95a-0a27-45d8-8ba9-c0a2ec745fff,1769615849265
e3cc122c-2bc7-4359-9a36-46715700d401,1769615849307
a1b85dd5-59ce-4990-87d3-31556adaf294,1769615849348
9dd6d3da-595a-49b5-ba70-15bf1737c423,1769615849389
249d0a3c-298c-4674-9814-af24a47c1a56,1769615849431
3abcfac5-d0cf-49d9-a383-0bc03976b969,1769615849472
b1f65bb0-4ffb-41fa-8c0c-21497689a4d9,1769615849513
5f60f18b-d783-4f14-9706-92e74de0b065,1769615850343
86cdfd25-cb91-45d0-a8e2-d07f208ae27b,1769615850384
30bebf3a-a9ae-4aba-8161-d8d62bb3d6c7,1769615850425
15886b5f-1013-484a-b822-5618532650be,1769615850466
b0409ada-b031-423f-a2ec-6db1f8ef830b,1769615850507
6c341fab-6a5b-4928-b146-17268b1f1a36,1769615850548
88ae3e29-2e90-4ec8-9dfa-4e1df0e7ecb6,1769615850589
9b276d61-3318-4af7-9c92-d362f9983767,1769615851388
137180b5-0bd9-4661-bf83-7562410fadea,1769615851429
2acf0500-77ca-434a-8fd1-d5d6a89e9beb,1769615851470
2f96da9e-5616-444a-9d2e-6d641b28c39a,1769615851511
1e2b65eb-4afb-4d6f-b6d3-2f8ec6eee2f4,1769615851553
121b7ba8-8475-46d6-8e88-3d4e028b983b,1769615851594
dde07e65-fa62-4991-a18a-c99b4baac215,1769615851635
95a90434-cdd0-4099-b119-627cd929465c,1769615851677
1d7a618a-d04d-4b8d-9e89-57f8535d5aa2,1769615852475
bdb72ba2-5e06-4c8a-8736-77db4091eb10,1769615852516
272b5937-492c-46bb-910c-872c1a9db5be,1769615852557
34de9249-15e6-406b-853e-0993d160f540,1769615852599
6f2104ad-0085-4b12-864f-8e34227f3e96,1769615852640
7a910317-5961-4a3e-b869-798f46c15097,1769615853492
a7648ec6-a733-424a-bca2-c60459b0a342,1769615853533
2d12b12f-f4d0-439b-b603-3976c7a24356,1769615853575
23f510fd-a1d7-4a32-b287-b5241fea568c,1769615853616
eaf73c4a-d109-49ec-a291-3697d07bce37,1769615853657
b98d9c15-c7fc-465f-ba49-94875c7d986f,1769615853698
f06588e9-97e1-4745-a264-a6543da3b6a5,1769615854524
584a0d38-f6c2-4967-b2a4-502705e615b9,1769615854565
d19dae53-1a31-4827-9477-5acfb4317cb6,1769615854607
5a593125-ae0c-45ac-9ccb-9faea2d282ff,1769615854648
17e98cf9-457d-4355-abdd-be5b7bbe1b9b,1769615854689
c15ffafb-98da-4d8a-874d-8f038610b783,1769615854731
ca54ec10-9d9a-4fbe-a335-590fc9e3ec57,1769615854773
6c4d0e94-3d43-4505-bb90-501e9a17d5f2,1769615855559
333c30e7-a0af-4c3f-9e27-e329175072aa,1769615855807
1e6d0e44-54d3-4319-8f82-2661c34c8c1b,1769615855848
1baf7ea5-4193-402a-863d-103601cdce9c,1769615855890
e0987d48-46f1-430b-a1a7-70989312a75d,1769615856604
b065a4cf-fdb7-437c-9c12-87bdd38e4a79,1769615856646
31a1005d-20bd-4b3f-af75-eead0f8375cd,1769615856687
52a04ccb-45fe-4449-b49b-1c4aec38ce7b,1769615856728
5a8e5c9a-07ef-4e6b-8601-1ce493681070,1769615856770
6edeece9-01a3-43a9-88f5-78738ec0f0a1,1769615856811
4339ca3d-1a56-4840-be6c-16adc2b536a4,1769615857656
6867b7e6-21ef-4fd0-b352-6fac263faba8,1769615857697
0deecbd7-3c09-479e-8d16-8155e0f96945,1769615857738
adaede6c-00ca-4bff-8581-99cefe3f0ea1,1769615857780
f0c267c4-60ed-49bf-930d-8a647fd7c73d,1769615857821
4c80911c-f079-424e-a2af-8c9a8956d952,1769615857862
e1f23c13-f83b-49a0-bfe7-314b6bcfa103,1769615858674
30b53ce0-cf14-461a-b22a-c19f06e6706a,1769615858716
12df6f1f-00fd-499e-828b-0830e111e1d2,1769615858757
f8b4ab9c-695e-4a83-93f0-77b99773c28b,1769615858799
154ba5fd-23e6-4fbe-befc-ebef29dc69f6,1769615858840
74b41304-fdf6-4962-a857-90b02c8c7fd8,1769615858881
79cbde06-2f7a-4b63-9ed6-34b92121ed7b,1769615858923
1d19345c-4801-4ed3-9d86-3e60256e18b4,1769615859745
61d2448c-d708-48b9-a517-11318c9f9aa9,1769615859787
7a9d513d-548b-4db4-bd7e-1e6c1de95dcd,1769615859828
f97b892f-89da-4dc9-a218-1d75b8dda1c5,1769615859870
673ca8bb-85cf-4811-bd8e-64c642975ea0,1769615859910
90b7e710-a5cd-4cf4-83e0-417f42c21f40,1769615859952
c366081e-61f5-46fe-8646-1397a347400e,1769615860747
45a79c82-3235-4062-870d-5d7c7cfa24d7,1769615860790
99e074b1-7405-4a01-9340-b3b9c9094418,1769615860831
bf09783e-2c1d-4c6a-b5bf-792899840326,1769615860873
add8f8e0-aae4-4c90-8496-ab7266229642,1769615860914
a83d52c6-abd0-4ea9-8ad5-2dfca0d652c4,1769615860956
7950c836-f052-4675-a7b8-3a49bd0227f0,1769615861796
d0c9feef-1b00-417e-b399-27d2785d1b87,1769615861837
bfd786cc-89f2-4979-a232-5f2cb152e1de,1769615861879
0d9c5cbb-1594-476f-b837-1935863c5c85,1769615861920
ed5dd39f-efcd-41de-a2a6-3d25782a4309,1769615861961
4fb51129-c98f-4005-9a5b-992dbd4c7640,1769615862002
4b2d6303-148b-46b5-badb-63eff84d732d,1769615862861
11defcd0-6985-4426-82b5-579628fb8224,1769615862903
cef163e8-593f-4e7a-96ab-9cff05051497,1769615862944
dee22825-54d6-4ad0-85af-864115a18975,1769615862986
81e363c1-6f29-46ab-ae29-b0429d18957b,1769615863028
aea79428-a68b-4bd9-91e9-522157eaf3ab,1769615863883
5541bde5-381c-4d61-b1c3-ba13eca9c99e,1769615863924
d58ebbeb-e7dc-4b5c-a343-803a8f950a66,1769615863965
dac840bc-f252-405d-bdd3-f2756fea69b2,1769615864008
5af47081-316c-4cba-95c1-2a1c2a164d9f,1769615864049
33489280-a559-4a92-85f3-15f9fbb09c84,1769615864090
ec26d152-b5fa-4dbc-91fc-878467608dbf,1769615864917
a950e73b-11f8-4d11-9603-819de77ca36c,1769615864958
1856d050-f7ce-4a01-969c-4c26fa34718f,1769615864999
6390cb8d-81df-42a2-ab16-60cfaa9f5741,1769615865040
596c740a-291f-4f62-be43-71d1215a5333,1769615865082
07919122-388f-4d8c-9dd3-9ddd79d2c6db,1769615865940
b23e8eaa-0591-4d0d-9bb7-689fbcf0b120,1769615865982
194b0be0-fc03-49c9-8d2e-b86fb193e58f,1769615866023
a3959b5b-28be-4a43-b761-b1f480a4e6b7,1769615866064
3b00f7c2-f7dc-4949-a1f6-7e683277b0d3,1769615866106
22f2931f-530e-48c3-a507-84b7b0fc45cf,1769615866148
87a05124-d5dd-443b-b34f-b2612941bf3e,1769615866972
88f1ac24-2e08-400d-a158-45b3ca46d66c,1769615867014
3f763ac3-7501-4ed7-a7bc-53d27eb65e77,1769615867056
37824845-96c7-4881-9608-94e90d23ab10,1769615867153
a846367b-1628-44d7-a0e4-c75a4c7cca08,1769615867195
ce133061-4660-4a24-beb7-8ac852ec166c,1769615867237
3b0f5deb-2a24-45bc-af23-6208a2f0ca26,1769615867279
6fbfd846-6c8c-4458-ba02-4beaf2809393,1769615867980
ff38d1ef-cb69-4973-ba69-c96cbbd05284,1769615868021
b93f5a8c-cfbd-4ad5-9ca3-6439bf63559f,1769615868062
6c37c0cb-e982-43b4-81dc-e37c0cd948c4,1769615868104
4f83792b-6c6c-45d2-8f43-c44ad33082bb,1769615868145
c2341924-db55-4914-b87d-d9476b063507,1769615868186
450a567d-be86-429f-bc3d-73e2309c56ea,1769615869012
a7f05595-e5ff-414a-bbde-4f9822949ebf,1769615869053
fdda52a2-2da1-4637-9530-78ed8c236791,1769615869095
f823b916-f3e5-409b-8282-dfeaf3eb8d37,1769615869135
5009194e-8912-4231-bcbe-7a03c69971a5,1769615869177
83ce54ad-fea0-4f90-ab56-de3686fd8d6e,1769615869219
099ed56c-f5e9-40ca-86ac-439dc735f939,1769615870107
9774d43f-4927-4676-8f67-0d98029e1ec1,1769615870148
ff05b555-b955-4c16-9b15-652075b8630c,1769615870190
4d0a2c6d-a3ad-45db-9321-171044539797,1769615870231
a1afe48c-1227-49df-a9d0-42e709f9f83c,1769615870273
fbf7677e-2d2e-4b45-a7a9-bcb3ebbae861,1769615870314
d3fd3b16-26b9-4704-91cd-a4a521df197e,1769615871133
61869869-1c86-4438-bd17-2c06b9541572,1769615871174
7952b05c-c166-4327-a299-e8cc82075bff,1769615871215
274a5192-2231-4b48-9547-ddee36c7f22d,1769615871257
2c1652d7-88c2-4187-bc5c-a73a8acdcbfd,1769615871298
56aa3f44-f4dd-4a81-9eed-647e169cfc2d,1769615871340
6802a82e-bd6b-4b92-b34d-434f0f53b2cc,1769615872149
903169b1-54d5-4e31-837f-9dac47b20109,1769615872191
06649743-77d9-418c-b50c-fb4a8342d0f9,1769615872440
f0f76973-a007-4c38-a30d-55f4fdca17b4,1769615872481
95720fc4-2a12-4a31-8bb3-3b29a095ac32,1769615872523
ade193d9-62be-45c4-a389-fb51b3b28204,1769615873175
f0f87618-38b8-4fb9-910d-0b2af0af8eb1,1769615873423
72f5ab59-b6da-4006-b833-524dffd9b2b9,1769615873464
42140547-1221-425e-a6b3-c13edb1b35d4,1769615873508
9e79c6b0-2da3-42dc-a47b-28988f2f2b38,1769615874202
91e4510c-68e8-4449-8c87-ddd18ed55e47,1769615874243
ac63723c-9e19-464d-89b9-dbdea015d65c,1769615874284
3d3f0413-2d29-4b19-bb8f-f79bbb8ea251,1769615874325
bce6757f-536a-4c96-a4a4-a6c5e5c50416,1769615874367
a0adad29-27dd-4a49-b6ac-fee229bf632e,1769615875216
e1f243e1-76b8-4514-9fb8-88e30b250f78,1769615875258
774afc68-8d6e-4ae1-b5cc-85bfcf64d2cf,1769615875506
b60b9d6d-df74-40d1-8f49-0d0405069bc5,1769615875548
61d05123-81c8-410a-baeb-23bae8eeed6e,1769615875590
2087d3e1-6e40-4bb0-957e-623539b1cc22,1769615876249
cdc2ae8f-924a-46ee-b207-fa0b035814e7,1769615876290
bf955b36-5246-48ad-adf7-346f5187bde8,1769615876332
5b2928a5-9dde-42dd-ae3b-a5e6531683d3,1769615876373
093b2da6-4fff-4fa1-a1ab-e4bbb5316da2,1769615876414
d0fe4c7d-505e-48e9-807b-fa57891f6664,1769615876456
8091e285-4a0f-4576-aa97-41b7e1c870e9,1769615877285
0dae2021-711f-4b46-8f80-f7903f453bd0,1769615877327
4b162b34-94de-4844-aaba-6bfb6f70d54a,1769615877368
46e53972-6f6b-46ed-b90d-ce3387cbd010,1769615877409
fa9d2bc1-8ba6-4208-8e36-e6238f62bd64,1769615877451
826f9fc1-9e33-40eb-90e9-ed7f578eb002,1769615877493
e2b6f876-f44b-4d8f-bfa0-d853a57ed1b3,1769615878320
04bca67d-e01b-4be2-9a23-92dcf53db3c1,1769615878361
0882f180-3c5f-438d-ae72-0cb48a381bb6,1769615878403
68cc660c-4611-4289-851f-ed362bebfbbf,1769615878444
b23566d5-f365-4206-9874-69adbc0e63f4,1769615878486
30beb469-865a-4eeb-b3bf-b81199c81801,1769615878527
d4cf93f3-2349-4620-88f1-b0ed8be23166,1769615879345
7d75376f-23c8-41ab-b5ea-4f01bdd53f87,1769615879387
ec4e945a-c504-401d-bfa8-76ab6a500a29,1769615879428
d5a5ff1b-93e7-4e54-91b9-fdf660a16873,1769615879469
fedcc5d7-1aaa-470a-9bc4-2871f78e5ed6,1769615879510
bea436a6-4e1a-44ff-94ca-04f08f90184b,1769615879551
1e971098-77a7-46b4-bdf3-528ed1ebf1d5,1769615880386
01cd4ef5-5c97-42e1-8be8-ffbb52c3a4c1,1769615880428
08f154e1-11d0-4b87-9997-75ac7f74f13b,1769615880469
f4760ff7-b24b-43ff-ae3a-c01f49f44909,1769615880510
e758b640-846f-4923-b2ab-106d9f2a64cf,1769615880551
bd750ba8-c07a-4469-b9d7-25adf3a60167,1769615880593
f7984e08-e648-40f5-9858-3ced7d195a55,1769615881389
9014ccf9-9a05-41a9-b975-279b1ee0d85c,1769615881431
aa872625-1566-445d-b3fc-6aab6744ea9b,1769615881681
3fe7e27d-9499-492c-9da8-416a20d2328a,1769615881723
9bf87964-7af4-4a5f-812b-d177da5cfcc6,1769615881764
7a081afe-8d68-4398-a524-7b7359a22a52,1769615882427
25d41fc1-71cf-4067-ae4e-e189f9ab39f3,1769615882468
52a0224b-1b6a-40f0-b7a2-628f16c3eee3,1769615882513
d756005e-6cb4-4d75-b46b-2511fa9a1a3f,1769615882555
5ccc3ca2-524e-4b9d-865f-ba3ea9540f02,1769615882596
ce322b7b-f5b2-4368-9197-d7de7e3f682b,1769615882637
f808c627-9f28-4609-8877-acae1a677b47,1769615883442
a24a1efc-46f2-435b-8739-4d1f6c16d132,1769615883483
af90832b-39e0-4bb2-a440-78e85092dcaf,1769615883524
6c8fbb2e-8b46-43ae-8904-08d33fcc7383,1769615883565
b47b245a-204b-4a97-a443-0c5764cba689,1769615883606
03b5a532-8cba-4ff6-a41d-7a82c26ae2c5,1769615883648
8bfba4be-a713-466f-a325-bc1b6bf06b96,1769615884476
dce593ee-dbfa-4c54-9351-a9ede69165cc,1769615884517
d1aef877-647f-49f2-aaf2-c414b6127678,1769615884558
f5347d1a-db1d-43cd-879b-c43ca532e2b4,1769615884600
6d25062b-30a8-4b66-9d6e-dce8299bf952,1769615884642
50abdfae-b47b-4c57-aa25-18a35ffe9604,1769615885491
352085bc-a589-4d8f-af60-157759e75ef1,1769615885533
6cd5d935-261b-41a1-bb52-eec2b870a168,1769615885575
7a767721-d7af-482a-8791-ae71a69a179d,1769615885618
1030be03-34f4-4152-b1e1-3509a496fdf8,1769615885659
4d44f3ec-bf50-493b-bede-3c373cd658ee,1769615885700
2a1b115b-a5b4-4ad7-9451-0b6294a1f599,1769615885741
d1ee25c7-0330-4975-823e-66a2ed5b364d,1769615886545
b957110a-716c-49da-a4f1-cc8a5e49bf72,1769615886586
d9646aaf-72a7-4d15-bb13-016522e712c4,1769615886627
afbbb270-001d-471b-b5e1-6b28272f39dc,1769615886669
94269b2b-6d26-427e-8463-fd6d683619a2,1769615886710
14bf8886-f4d4-483a-adbe-9b697a2a12c1,1769615886784
abd822e1-0525-49c9-befb-1c59237163b8,1769615887559
df928d33-4cec-4da1-86bf-1b4cdc5b0eab,1769615887601
e769dee6-b248-49e9-aa15-de34c671b37a,1769615887848
b245dbcb-bbc1-431c-94b3-b1007f567aaf,1769615887889
dd57bcc2-c54c-4a71-abdd-f3334f3e393b,1769615887930
a8b76015-b483-4f06-b891-dd806db76aa6,1769615888580
0c47a84c-c5af-4fe3-a61b-1e75cf2854e4,1769615888621
b382064b-c311-45d1-a290-c78440320368,1769615888662
5dfc8865-8fba-4daf-a50a-8ca4e1f41f69,1769615888704
127684ed-30a2-4fae-b8ff-22cdc2070bfb,1769615888745
786ed0c4-87c3-4d9a-b71e-3c4a9d8a676b,1769615888786
b23ab2b2-6140-4e9a-bf36-03078ba8066d,1769615888827
84fe699c-fb13-4865-9c60-d85a8b4b7e74,1769615889616
94b4059d-02af-445b-9e3b-aa98be3d60d5,1769615889864
a8946273-b93a-49fb-80f2-526ba82b1645,1769615889905
cbed1a3c-7efe-41db-95ab-1fa5fdfdd1ed,1769615889946
097cf930-0ef0-4e2b-894e-a2b490223ad8,1769615890663
f391d29c-06a6-40c0-9d28-b07ed91156b1,1769615890705
6a327e56-58f0-4a28-9c4e-2c64a19a8f94,1769615890746
4aff4a71-d9ad-4563-97fa-432781fe6265,1769615890787
3c0fefd6-f9b3-45b7-b5b7-ae079f5303ca,1769615890828
e332918c-b070-4b0b-98f2-49b726d73fa2,1769615890870
7bbdb04d-b48a-4cc3-9f3c-3a64a5474a89,1769615890911
44a9f361-4570-4951-8681-0f6100ce60fa,1769615891685
fd122f53-6cb1-4191-80cb-59c627715f77,1769615891726
1d5edb76-0855-4338-9162-6ab891ea34e9,1769615891768
3bdc4a1a-fbf8-49c4-83af-7e1f08478ae2,1769615891809
ad38f7c5-d58e-41a4-842f-7d186965af27,1769615891850
4380a7e5-8fef-4687-9f83-d5929700db3d,1769615891891
5d0914e2-0439-4290-bfb2-08929e4e8998,1769615891933
d2e41720-5d19-47f2-a21f-4b1bd7607830,1769615892725
94860689-92e6-41c7-b670-c11127beac95,1769615892766
548656c9-c328-4ff4-aa21-086625ca24f6,1769615892807
7281f433-7c7c-4806-b367-0985c64a5bae,1769615892848
b78fd347-2528-4d2c-9d8e-855a6bcf17be,1769615892890
548fdcd7-3010-47d3-821e-1944893ced05,1769615892931
150ea4be-5779-4114-abca-a9ec1dd29e42,1769615893759
046c7557-fbf7-4298-85dc-70878f94536d,1769615893800
752dca38-4f88-406d-86ad-c759e49ded71,1769615893842
cfafebe0-93e5-47a4-ab7a-830d587c6ad9,1769615893884
9933c801-296c-4276-beeb-525eb2d2b42c,1769615893925
e2469cd8-a1f4-4223-979e-3bdc520d9947,1769615894834
515c3631-f390-40b5-8be5-17f8356e5657,1769615894876
51066c94-13bd-48a7-8dab-5f1e74b6d09b,1769615894917
f0c630b3-3025-4e72-a6bb-3fc39d20789a,1769615894959
ed0012b8-e0d1-41d6-84f0-4ca79f82869d,1769615895000
25f9b4b3-1c4c-41b0-9c44-415e522d9fde,1769615895857
c38f3f08-dc7c-4362-99af-9fb28a5c84fc,1769615895898
356dae42-3c5c-4247-858a-3552836ef279,1769615896146
dd90432b-d9cc-47c6-8537-ea06b476fb41,1769615896188
95eede72-8a12-4122-8c5a-cfc8eb9768c5,1769615896252
814d2345-56fa-4dc6-a834-8ce68da1a9ec,1769615896888
13359970-48a7-4b28-b9f4-f02f30c51b26,1769615896930
006c6c04-58fe-4cbf-b134-7dfe6433d454,1769615896971
3bd491e3-f5b5-4ed7-beb4-32e88b697d41,1769615897012
70a70fb2-91c4-4e32-abe7-df23c753752a,1769615897053
46443117-c975-4f59-98c1-d366ce866983,1769615897094
1e46f0a0-4d0d-4d77-b2e1-cc469dded336,1769615897912
4f97bdb4-5b7d-4338-b7a9-f5b5adb798d5,1769615897953
113ed90b-2526-4f05-9a24-7ddf2f63d070,1769615897994
4d16db69-7233-4db2-a738-05d746d060d9,1769615898035
1ef8db4c-618e-4177-80b6-ae96a8c4220d,1769615898076
d30de1a3-f658-4112-a1e9-5eb84b8848b6,1769615898119
2e20cd09-8a9b-448e-a329-fbc10969e292,1769615898954
c7cf0ad8-7680-469e-b967-61b7857e6947,1769615898995
04a631f9-58ed-4c0c-957a-d01409cb8ab6,1769615899036
7f6ea0c3-2abe-4eee-b79c-f4a0c7751c9b,1769615899078
20a024a1-a192-4043-a887-d349b2d82aae,1769615899120
4fe0a0a3-db15-49ec-8051-ffcecbc69b69,1769615899161
5a3be1b2-a5dc-4245-970c-7e7d873013d7,1769615900000
58c0ba14-99c8-4810-b554-3d1c34c4863c,1769615900041
1171cf67-69a8-4aed-b59b-609b0ecbf552,1769615900082
392982fc-055f-443e-a4b6-b894c876bfd3,1769615900124
f1a9bfcf-70ca-4233-b5a6-b51bfb596430,1769615900165
c2dcf139-74e2-4ff2-8c43-6306886816a7,1769615901018
9472f4c8-07dc-4764-8ee2-953959fb2b53,1769615901060
aa8caabc-18d5-47ea-ad38-89f276f903e4,1769615901101
524d6fb3-c9e9-472b-8292-6c902d8d0e85,1769615901143
1ad2f493-d277-4334-abeb-51f31c8de076,1769615901185
6735892d-8698-4c4a-bb39-b23edb3d3d59,1769615901226
de3cb451-d35c-41e8-a626-7da81b072f19,1769615901267
f4fc1073-cda0-4be1-a5b2-89c99f634bc6,1769615902075
82be6120-8419-4c50-89fe-85792dd49d2e,1769615902116
0d6701cd-456e-4b60-853d-151f037eca96,1769615902157
662afd7a-2e83-4279-8170-5c50ee352d7a,1769615902199
5c29e832-8780-4318-a7e1-136952af9e50,1769615902240
56f1bee7-9466-4b8e-a658-84ef49a49005,1769615902281
b3872453-317f-4f79-b8ee-6b7956536526,1769615902322
a73d4f4b-c694-4cc0-94e4-76fe69b1429b,1769615903195
a7d75aed-baaf-4fad-b7e6-add7d5c5eaa3,1769615903236
4d718007-f4a2-4bb0-9223-ae0824490bbb,1769615903278
96e84397-f05a-4cfb-af19-e240947521c7,1769615903319
fb27cc0f-ed19-495c-ad27-3ec17349b561,1769615903360
1e32d44a-a557-412c-a575-87da86c722ad,1769615903433
2eac27d2-c97d-4205-9f2f-332d275bb28c,1769615904295
0f6d8e4a-a6e3-42dd-b930-815d0c6a9ae4,1769615904337
9da08b58-04ad-4844-b52d-205feb370e60,1769615904378
251589c8-2e81-42c5-83a9-91690fff5f7a,1769615904419
233efc82-a0c3-490d-a510-c550500a179e,1769615904461
bb3c6ee9-e83c-4335-b919-e3fdb58980c4,1769615904502
56b1870c-de8a-4d95-99d0-b016438b2dfb,1769615905384
59c796e6-6486-4268-b2d9-98d123e93798,1769615905426
6bc381dc-066f-484d-a467-4dbbb97172ce,1769615905468
54e98809-1d3f-4c8d-a424-65ee77679684,1769615905510
0403b799-3502-4cef-88b5-ffc99cd9abd5,1769615905551
256c6729-f7d7-4a43-9577-7a18112dc47a,1769615905592
bb611c22-b810-44a5-8f6e-0832092232e3,1769615906432
eec78a74-c281-42f4-ad49-9d1ff2ecd0d0,1769615906473
bf52b437-200a-4169-a433-1b6211e2cea3,1769615906517
240e7d01-f9ea-49d1-8bbf-c936b6572fa6,1769615906558
a6469263-1ef6-4a24-bc1c-f3c7bf8d3dc9,1769615906600
a1668617-f754-4083-bf16-f502f1f9d0df,1769615906654
f486bb5a-76ba-4a8d-82ac-3d95050ee4d7,1769615907497
af085b7e-c743-4227-a6ba-b8b23cb66c20,1769615907538
9fc7d786-86c7-47ac-bbe2-698b521dde2d,1769615907580
8e8b4883-61b6-4095-9649-0acfde1b8e78,1769615907621
e5a76756-b9c9-4bfd-88d6-f14132d5d1d5,1769615907663
32773760-69ef-4da5-b5d5-b004bff5abad,1769615907704
19e73d2a-02df-43fb-a209-faa6acc92436,1769615908542
64d25191-824c-4d85-8ee2-5f68b55565a5,1769615908583
b2ba5660-dda6-437c-9656-07da5f26beb3,1769615908624
28eedb61-0ae8-4f7a-9b72-0f21fcfc0d8e,1769615908666
9ad806f9-4e4a-44d0-98c1-670605f88ad7,1769615908708
8b220d02-6b7f-4004-8069-d55b5bcb2ab6,1769615908749
d10aadb5-cb27-4ece-a5b3-d2a890409af3,1769615909588
fd303c0d-72f5-4737-b141-e0ad1b529032,1769615909629
22fee7f7-1cf0-49b1-ac63-9180347f157c,1769615909670
a3595263-798f-4ea6-817c-67204575e19a,1769615909711
8e7c03d2-feeb-4173-afd0-0279634ba04a,1769615909753
bac9c395-b801-45e4-8556-24eee303560f,1769615909794
668001e6-3790-4a18-a0fd-126458b43b90,1769615910632
dffc0727-7db7-4aff-b9d3-8e563b0bce06,1769615910679
047a6c3e-da04-4f97-a8a0-e0edb126e4da,1769615910745
e0ee4e93-61ce-4a87-8181-ca46a1271196,1769615910802
49367b11-923e-4087-858c-5b9eb740795e,1769615910845
0e3a14ab-621f-4be4-97d9-afea65a7e77b,1769615910887
f64043fe-e363-47f4-aaa0-4e6a75df885f,1769615910927
776a8d02-55f6-4312-84c7-545126b5d5e7,1769615911641
ff4c2c28-ac41-42e4-ad50-3be3d61b9f1b,1769615911884
33edcc23-e36e-4c1d-8474-bc8e6e63cf89,1769615911926
65d56479-b7a4-4fc6-84db-f01fef303995,1769615911967
434bd38e-a15c-4566-95d1-15a73d650b34,1769615912664
0c36d938-0d4b-4668-bd6f-0347ee7579aa,1769615912706
d03d13e5-a450-4b40-8e57-2ad66395e439,1769615912748
08541c8b-45d3-471c-b93d-ef9a00895768,1769615912789
a249baa3-8ff4-4aca-b03c-70f005e0cb5e,1769615912830
8e6648bf-dc63-4b97-9812-8d1f8214bb33,1769615912872
e1aaec68-ae79-4aed-99b3-f841d8a26b45,1769615912914
92a5f7ff-8b51-4e11-a4d6-f7d3e64f2477,1769615913697
d20f8e3f-dfad-4a9b-8d13-ea9c95ef52ed,1769615913788
3e37cea7-a4f0-4ea8-a9ee-2f6a0d0f3c1d,1769615913839
82d36f20-be58-41c9-9b9d-ff515b7195fe,1769615913881
72e96715-7624-45d3-8374-b558527843b0,1769615913922
1e6d273d-58d8-4868-8db2-e70ed0a27758,1769615914741
3fbe809c-c618-47da-84af-e7c903690cb3,1769615914782
7eaa8524-1146-4431-86de-6c286007b70d,1769615914824
1fc44123-9099-48c2-8119-661867878521,1769615914867
b48d9b10-7bd1-4d3c-ae31-a0cdcbcd6d1a,1769615914916
826e0410-8c9f-4098-ab8e-7fc408dbfdda,1769615914957
6391386a-8d7d-4b75-89b8-a402e9aeeb64,1769615915755
8ed5dc46-f4bd-4981-bb65-2a717f90b90e,1769615915796
d7794f80-a749-423e-9e6c-ed7022de6e8d,1769615915838
6f3b14a9-8c2f-4cf2-908e-3608bcc968dc,1769615915889
e549c885-488e-4b50-9f35-46d5f3d231c8,1769615915949
2cededd7-d340-4b66-a77b-87e132cf0d9e,1769615915991
74d9e2f1-70ce-4ea3-b5bc-9ba261ad33ed,1769615916756
b9018ccd-88d6-4fa2-9de0-1da176597eff,1769615916797
834d1be5-5fed-444d-b663-af1946c8fef7,1769615916838
b76097dc-defb-4cd0-a996-8c6ac10fc3a2,1769615916879
b870fa13-8b3a-423d-8396-428f3f67ff94,1769615916921
24d217b6-8349-44ac-b4f8-115670824937,1769615916963
40168ef9-3b9d-4956-86e7-dfd08a503271,1769615917004
87ba17de-a7cd-4726-8af0-cf254e6aaa83,1769615917829
46f4d583-02e6-4abc-9814-c97535055c87,1769615917871
044f3d3c-3bc1-4883-a5fb-145c5b98302c,1769615917924
3f0a4af4-18f7-4690-834d-eaebfa33f06a,1769615917972
083e03ae-3e93-4050-a3d4-790149597f3d,1769615918018
b68d5872-7e01-4876-965f-0348a7b443ff,1769615918917
eb09ab40-0d9e-485c-8887-5c508716f24b,1769615918959
fca93e48-ebbb-4eb5-b4bb-814cc315e6c0,1769615919000
7650ae8d-3918-4e9d-a041-2983d3daf3ce,1769615919042
3d2c9d74-aa7d-4572-bb80-b6922c126a19,1769615919085
220b59ab-3ded-4226-8d5a-4ddd59668a41,1769615919126
58f8f46f-0192-4e37-b842-a25d7acb0488,1769615919951
653c978e-5cb6-42c9-970b-3fc7f30ea6ad,1769615919992
cc43fe63-04f4-400b-8a6c-e98f72f3bf78,1769615920033
ed1539f4-70dc-4a3f-bd93-fb7bb2e65b81,1769615920105
30d3fdd5-e6dc-49cc-adb9-feaf9793a404,1769615920147
25664bf7-d816-4b48-95d6-ffebd8b99dc0,1769615920188
dbd73736-b1ff-4d6e-8399-b1bba5a1d917,1769615921006
255a963d-06cd-4c90-bff0-2e3a968bddfe,1769615921048
334e50a7-983a-4f9f-8011-60e92d86359b,1769615921090
25afad85-0e74-4aa3-8dcf-d97c6725499d,1769615921132
3290bddd-1e27-4ea3-b3e5-cec8602080d2,1769615921173
c9213620-b988-4129-b2b8-44e60a4bd42b,1769615921214
cf113183-6aa1-4c4e-96f4-b0f8c0614ca2,1769615922053
f563ccf7-0031-406d-9bac-30b9ec9d126a,1769615922094
44419452-08d9-40e3-8ed2-95f4da8e2edc,1769615922135
a13d932b-71f7-493c-963e-9a778f9a8050,1769615922177
4aa2e588-094d-4554-bc2d-e62a9f6f2d40,1769615922219
267e3bce-130d-4b1b-a8a7-4ed25dfd283d,1769615922260
e8b5b1ec-f352-45fc-a634-d82a62d8757f,1769615923078
863b9b9b-28fa-427e-8df9-cec99c9c30e2,1769615923137
7128567c-398b-4d1d-9f4b-5a16f0f4da00,1769615923185
efec99ae-32c6-4b89-bc42-433ec6e689c4,1769615923227
84ab0e6c-7702-4dc2-b2b1-0daf81f490e8,1769615923268
2a69f933-13c5-4a3f-8961-80215cd7fa67,1769615923310
7a35513a-4f3d-484d-aede-1a4b9d45e239,1769615924107
7975c0d4-bb6c-4421-9d79-6d03faf922cc,1769615924149
3aa58b1a-c791-45a5-870a-f4cc1ca0e906,1769615924193
535d81c0-e233-452f-a8d4-7d26bbc83cfe,1769615924237
e5a51218-48eb-460b-9669-8a76c2c3d225,1769615924278
b8de6403-2c7a-4e81-bf4c-14b7cba65134,1769615924319
f1bf10b1-faea-460b-8acb-f2ad2e7f1376,1769615924360
c065fcfc-0eb4-4b94-b439-6f9192d67c08,1769615925137
fbfff0cb-f9be-4c26-b248-befbd2476d4e,1769615925178
06ce7bbc-bc98-4602-9847-5a8b0ad5ca4b,1769615925220
60d22765-e145-4421-876a-6a65e46a78f2,1769615925262
b57f1264-853a-4ee7-bc98-9a576af167b1,1769615925339
88c5bbba-4dd7-4d83-9c3a-c7ac04d5250e,1769615925382
d2729cba-868d-47ca-b840-f3b38206711e,1769615926169
ec94093b-ca6f-4338-8712-9ead09c2e972,1769615926211
fefdaff1-0d7d-4b42-b103-69551830a6cb,1769615926253
c335c280-13a7-4b32-b1c0-36ed8e1578c3,1769615926294
82aff463-18ff-43be-a4d5-3817754b5e68,1769615926337
7da3b3b8-ec31-4d2a-b99c-1f86022a222d,1769615926378
e1ac151a-ff6b-40b8-ac44-5bb1d488f87e,1769615926421
3e529762-e0ab-4709-bee8-856556d9ad83,1769615927218
6726178e-b66a-4848-a6a4-be756e2d42aa,1769615927259
e030d12f-0501-4c8d-b377-b772992f06b9,1769615927301
c5a6a6ae-5dee-4a37-b0ce-fe5f9095133c,1769615927343
668be70d-450f-497e-8701-9e3fafcd2621,1769615927431
199b53f9-384a-4d37-965a-61cfda90cf75,1769615927473
d15a6d70-d53b-4a8f-8540-8a076aba2588,1769615927514
29ae54c5-fc5a-41dc-83e0-87993839fa19,1769615928279
6fdc279c-deba-4e2f-9007-6ae7872a2eee,1769615928320
d1ddf8b9-34a0-42c2-9de1-4760410ce2d2,1769615928361
e96e56df-8fa3-4f71-9093-e64a9ef5270a,1769615928403
fa19ec92-8b30-4d98-81af-1ec0d18d666b,1769615928445
26c8fa26-6aa6-48f3-9153-9faa4b033f95,1769615928487
0ae09ba7-578c-454a-bcdb-79fd0b27ce35,1769615929377
d1f59eb0-fc61-4ef7-8524-52fd4fcb5de1,1769615929418
bc507c6e-2531-4559-9314-ce4a81475617,1769615929460
4e5ad522-cb82-497c-a4a3-8ce5a24fef0b,1769615929501
56f57215-096e-4026-bd22-4d71409b5264,1769615929542
631c6059-aaa3-499a-8490-2a7a38c9455b,1769615929597
22954ca0-3f3a-4c1c-9761-beeebd004f76,1769615930400
346b7abd-551a-470b-88a4-edb9b061a7e9,1769615930442
d1822c7a-2c92-448c-8c1f-660ab14d3c72,1769615930484
bb95b8ae-0205-4fed-99f4-80e9b8f5f881,1769615930526
40e566da-ccf4-48e6-b834-134e5d9f5c5d,1769615930567
f4283aec-5cbe-48d0-8377-578a08acbc24,1769615930608
c84c6d09-5d9d-4da0-97ca-43a6ef19096d,1769615931441
ce3c738e-4f25-4151-898f-e7ffd53307ff,1769615931482
a6f32b4f-5344-4b40-8b1b-f02ef912d39c,1769615931524
eb4faa05-969a-461c-94b7-0bca1556ffbb,1769615931566
57c2afc0-9be8-46fa-b801-f6543f3fcff9,1769615931609
cb36a193-452a-4fbe-8f0b-8d80b9f7e848,1769615931650
848ab6f3-8a88-4cc3-8381-f10975ad1077,1769615931718
56e36f8d-b948-4fb1-940a-ed85fc8921dd,1769615932487
93212524-33ab-4141-b533-01a2a53431e3,1769615932528
34038f0d-cc2d-4027-a2c0-f1dfed89ddbe,1769615932570
d5b4c9c2-7088-4a0d-8f91-1baaed3d79dd,1769615932611
72707546-4eb9-4a11-b1bb-d90a289e4a7f,1769615932652
ab90d428-77ea-4aa6-a68f-14b5548939b7,1769615932694
9ea21ce5-154d-481f-9ad4-73deeab701ff,1769615933522
12fd2183-7d53-4e78-a9f7-8115998f50e8,1769615933563
d6013b73-a2b8-4efb-a700-00efe9ba7139,1769615933605
c7e9b792-2994-40b8-86d4-6a50909c7253,1769615933646
8858b578-a459-4a86-a6b6-a1a13ac22586,1769615933688
29720341-eff5-430d-87b7-bf37ac3ca9c9,1769615933730
89767acf-60bc-418a-a3d9-823938b5567b,1769615934547
7eddc246-bcfc-4830-85be-2397a96a7d11,1769615934650
44d655e8-9752-4699-8dd9-bc70137cfc89,1769615934692
40a1bb62-125d-4ded-8c6f-8494fe6af962,1769615934734
c6452bad-92d8-4e33-9fbc-8c17e19492e5,1769615934775
3c35ea06-1e57-4790-b87a-7e75c11fd335,1769615935613
7a4a3138-07c4-4686-80d0-68ebfe14c973,1769615935654
15ad2bc9-1151-4483-8623-e1c18e0914a8,1769615935696
060be2ab-cffc-4481-8a9d-0b9a0c99b9ed,1769615935738
9449dbde-dffa-4d7e-ab56-e3d2faf14e90,1769615935780
f97706a4-7b13-4ce1-a4a3-1b586b90d11e,1769615935821
055bebdd-bd28-4a5b-8b07-85104383da12,1769615936698
17d19fc3-c850-4ee3-b5db-5540236ee8b3,1769615936740
e825c4b4-2bd8-4691-960c-5a0dd84c8637,1769615936781
e5fbd342-ec5b-4e3a-ad44-d06927858e90,1769615936822
120e57d4-110d-42b7-b2e0-6ad63afdcf0e,1769615936864
a9a34b79-8aa5-4a3f-aaff-50e87c973f1d,1769615937749
ca30e3ef-60ba-46ac-8576-e63a67c88cea,1769615937830
e29f7ad4-048c-4412-a165-e4b71b54a78a,1769615937880
e3b87b23-77fb-43be-9d66-71d3a4c129a5,1769615937922
93f33143-ffca-446b-bff5-129967a5f4fc,1769615937963
f1b565ba-bf36-4d71-9e19-2eae042581f1,1769615938783
2a7b853f-7dda-4aa0-a103-84d9ad68529d,1769615938825
8c86bae6-cce0-417a-b060-f9539c911fda,1769615938866
42c70e07-4afd-4a85-9d8c-e175eddd63b3,1769615938908
16b28abc-9e0c-4c27-8d28-7f94fbad44f1,1769615938950
7678bb30-8fc8-4175-b898-09a99391531d,1769615938992
cef92b35-0207-4ab7-801f-a79406e34664,1769615939033
29a6e8db-4206-454f-9eeb-e4f71ea90af0,1769615939773
eb4801a1-6e22-45ea-9db9-da6a82d66bc8,1769615939816
31664e40-1517-4911-b19b-1e260a200e35,1769615939857
856be6a4-0351-488f-b98b-89b591e8c2dc,1769615940115
8289fff2-4ad0-4d70-9baf-63a1ea113c49,1769615940157
f675b767-53d6-4409-9d16-58f52486bfde,1769615940200
b887df0c-491d-41cb-aea5-0892ec41f87b,1769615940866
fdd8f031-4f1e-4065-be0b-c944420ea8d6,1769615940908
16ed6e47-ca3a-4fa5-8f4e-a5175850e2ec,1769615940950
d7f8d62d-b3da-4979-88c1-96d83055a4bf,1769615940991
473806cc-7739-4ee4-99df-ac17da3c26f1,1769615941032
b299f19f-3517-4ec7-ac21-77d988f184ec,1769615941870
c31c4590-407a-4b79-8ddc-991811646a3c,1769615941912
e993520f-dd98-44bb-a92d-088276b70c39,1769615941955
5cf2c803-ff5d-4ebe-9402-9d11855ae2e5,1769615941999
cda7fe6d-54ce-4208-ac89-f4ad24fca5e6,1769615942041
6650cd0f-2716-40f4-b770-0d2798d1ba69,1769615942082
9cecb870-fcf4-46a5-ba39-6021229be3eb,1769615942912
53eb9736-b80b-4dac-b410-321ab5e99dec,1769615942954
1bd40f84-7aa9-4fa1-a2dd-e24cfabe5095,1769615942995
11c89c42-092e-46fe-9735-77da4c4fcee9,1769615943037
ddf72020-c560-4c11-b156-e2b18db8d3dd,1769615943079
2a597dd6-381a-4d53-965f-b53eae19a946,1769615943121
5b39a2fa-cca5-461e-9c04-cdd1d5b2ab2c,1769615943950
d36fa5b8-4a40-420b-bb95-a188ecd07521,1769615943991
db7755e1-b647-471b-b0d1-44b377298cf6,1769615944032
df1c57f9-d6ce-47e3-86aa-18f80f62395a,1769615944073
c4e4fe2d-208f-47bd-9fde-5d7b7bcea914,1769615944115
a0fc2b12-b326-444f-8dc8-cedca06c491f,1769615944156
f05f9def-6ec9-43e5-aa69-b003f5fac99a,1769615944975
3dc73f20-275d-4d63-a67f-898abe6d15f1,1769615945013
6544bc4a-5ff8-48cd-978d-51ba8e52a1a3,1769615945017
6544bc4a-5ff8-48cd-978d-51ba8e52a1a3,1769615945055
16238b8e-2115-49af-9f19-bb8978e5f67b,1769615945058
16238b8e-2115-49af-9f19-bb8978e5f67b,1769615945097
a3e8a524-1497-4981-9a1c-f282936779fa,1769615945099
bd82b7f7-a8b7-4afc-9630-151fe0f24692,1769615945138
21a8a210-5fb0-41cf-9c18-4f3e169a8aff,1769615945140
a3e8a524-1497-4981-9a1c-f282936779fa,1769615945180
9c2499b0-3898-4a55-8153-bbbd6bc3dd80,1769615945182
70a1d92e-b5ca-431c-8a01-60adceb16096,1769615945228
aa10d130-6e72-4400-8096-acb3ab679be8,1769615945235
c5ab6b16-5561-41a7-8fc9-970a8bdf8120,1769615945269
608d26ca-ca8f-4525-bb31-e94428d89328,1769615945311
04aa0ecb-309d-4df0-a383-01989cca6dc8,1769615945353
6c167268-5475-449c-bbd6-c55eba8160e9,1769615945395
04aa0ecb-309d-4df0-a383-01989cca6dc8,1769615945432
aa10d130-6e72-4400-8096-acb3ab679be8,1769615945436
efa9dce1-a6c6-49f6-80a8-a823fe43fc32,1769615945474
6fc38b7d-bb4a-4ae2-a69a-66525cbbe46f,1769615945515
b0abf4e5-bc01-4119-a4dd-5206f329187e,1769615945557
b0abf4e5-bc01-4119-a4dd-5206f329187e,1769615945643
efa9dce1-a6c6-49f6-80a8-a823fe43fc32,1769615945684
6fc38b7d-bb4a-4ae2-a69a-66525cbbe46f,1769615945725
db30fbda-6e4b-41df-a0a1-e0db25c9e450,1769615946012
bfe722a2-ca85-4d02-bab8-005e9a621ba0,1769615946106
db30fbda-6e4b-41df-a0a1-e0db25c9e450,1769615946108
7e77e8df-e3cd-4fba-82f3-efe6af587cd7,1769615946153
833f9138-1079-4c1b-aa4c-8d5758852d56,1769615946199
17393492-a56f-4958-a7eb-cdd47a1ab83d,1769615946201
7e77e8df-e3cd-4fba-82f3-efe6af587cd7,1769615946240
833f9138-1079-4c1b-aa4c-8d5758852d56,1769615946250
a735c421-83d6-4bf3-82cd-3e413bb304a6,1769615946282
a735c421-83d6-4bf3-82cd-3e413bb304a6,1769615946291
4e41d98c-d7b0-4c90-9821-8ed76bab1579,1769615946324
b9a55fc0-5d40-4d9a-b1be-c91bd5685c15,1769615946333
b9a55fc0-5d40-4d9a-b1be-c91bd5685c15,1769615946366
d125df41-7736-4e41-ba50-c2d330fe7981,1769615946374
d125df41-7736-4e41-ba50-c2d330fe7981,1769615946408
4e41d98c-d7b0-4c90-9821-8ed76bab1579,1769615946416
c85ea54a-8406-46e6-8f5a-c5a8d0bc13cc,1769615947073
78bc2912-9037-47e9-83c1-958987497cb3,1769615947115
c85ea54a-8406-46e6-8f5a-c5a8d0bc13cc,1769615947117
ea7b5aa9-376f-4b9e-a684-6b9b0a0e949e,1769615947156
78bc2912-9037-47e9-83c1-958987497cb3,1769615947158
d38c5938-9fb1-4fbb-8031-9bda5b2b8d6b,1769615947198
ea7b5aa9-376f-4b9e-a684-6b9b0a0e949e,1769615947200
96816dda-91f6-4dbf-a8ed-449884df50e0,1769615947242
d38c5938-9fb1-4fbb-8031-9bda5b2b8d6b,1769615947242
7a9b76fb-76ef-4a42-8349-dff2459b176a,1769615947340
e8d254f7-89b8-47e1-aa6f-c3fdebaff1a1,1769615947341
3f1d2723-e526-4b6e-8832-52d63b18adba,1769615947383
b08087cf-8bdf-4f71-9dd4-2d70f35e434a,1769615947392
d7ad745b-08fc-471d-b12c-252c9129d39a,1769615947426
d7ad745b-08fc-471d-b12c-252c9129d39a,1769615947436
e8addd74-db34-4088-ac03-1324e23ba5ba,1769615947468
62228512-82ee-47c3-b70e-28a6ad7578ac,1769615947478
35f52459-6327-4422-b627-91f62936bc7f,1769615947510
e8addd74-db34-4088-ac03-1324e23ba5ba,1769615947521
62228512-82ee-47c3-b70e-28a6ad7578ac,1769615947551
35f52459-6327-4422-b627-91f62936bc7f,1769615947563
fde596d2-f541-4718-b6c6-caaeb36e4748,1769615948102
1d9728c8-4f55-4b1e-9b04-ff29c84b4995,1769615948146
dc6f2789-53c3-4f48-8ac7-adc0708152ea,1769615948150
dc6f2789-53c3-4f48-8ac7-adc0708152ea,1769615948188
1f7ebe89-71b2-490d-ab94-751377f11f35,1769615948192
1f7ebe89-71b2-490d-ab94-751377f11f35,1769615948229
b8a745d7-1f06-4e92-8ae0-aafe1cec3a93,1769615948236
e6f627c2-6085-4c81-89dd-2399a6d00d27,1769615948273
c6b630ec-0d00-46f9-a5b9-c0e37002c4e6,1769615948286
14d67184-eef4-4811-ae13-fb0044c6c5aa,1769615948318
72f49ffd-98c2-44a7-8ec6-eb67a3831754,1769615948327
4bffa5ba-16ac-4b87-a833-225c2ea77b03,1769615948362
4bffa5ba-16ac-4b87-a833-225c2ea77b03,1769615948369
01a74553-8f12-419e-be26-3350d4a1708c,1769615948403
f840018d-3504-464e-81eb-74f93b2748fd,1769615948418
a63955f3-f619-421c-89e2-fe76d49d43a0,1769615948450
a63955f3-f619-421c-89e2-fe76d49d43a0,1769615948460
f840018d-3504-464e-81eb-74f93b2748fd,1769615948518
01a74553-8f12-419e-be26-3350d4a1708c,1769615948549
0e4eb78f-9eab-44b2-ae56-26672ab25c83,1769615949160
8b470da2-4825-4b9a-a14b-a3a1e624cee1,1769615949202
0e4eb78f-9eab-44b2-ae56-26672ab25c83,1769615949203
cb8874e8-7c32-410e-b35c-11822e17a6eb,1769615949244
8b470da2-4825-4b9a-a14b-a3a1e624cee1,1769615949244
ac14abfd-864d-4c54-8134-d25d35df549e,1769615949288
9e25eb6e-7240-43fd-bc33-7b74c3b7adce,1769615949289
9e25eb6e-7240-43fd-bc33-7b74c3b7adce,1769615949330
ac14abfd-864d-4c54-8134-d25d35df549e,1769615949332
39ef7534-d6bd-40c8-8f6f-e32ab45ec3d8,1769615949372
407b8e09-4d33-4c04-a0e4-c4acc0793ede,1769615949374
82b149af-1103-4588-86ab-237e42621e7b,1769615949415
610450f9-033b-4786-b7ff-e477b0a32e44,1769615949416
809643a9-2032-4e5e-9832-1a37e1ec750d,1769615949457
2288e5c4-79fc-4a3b-94e7-8a3c19e85306,1769615949458
2288e5c4-79fc-4a3b-94e7-8a3c19e85306,1769615949497
809643a9-2032-4e5e-9832-1a37e1ec750d,1769615949499
610450f9-033b-4786-b7ff-e477b0a32e44,1769615949539
7eb8bfa8-c5be-4962-8eeb-a2901a18c684,1769615950194
d7c174d7-0da5-4f0b-901b-c811dc5b8f10,1769615950236
6b11313e-d6de-4ab4-9f87-7e51d9fa2cc2,1769615950245
36a55979-45b6-4b6b-a2ad-1206866068bb,1769615950277
d7c174d7-0da5-4f0b-901b-c811dc5b8f10,1769615950287
bced4005-93ec-41c0-9e3c-349c43cede19,1769615950319
36a55979-45b6-4b6b-a2ad-1206866068bb,1769615950328
756d57f9-80d2-4297-8b9d-a8d0977ed0c8,1769615950395
93dc3c92-f4f2-431a-b1ee-d4bf196a9f4d,1769615950396
419ae8ca-0bfa-4317-8bf5-307a391b604f,1769615950445
0f4d19e7-f272-4643-b146-a60b649f8bb0,1769615950446
419ae8ca-0bfa-4317-8bf5-307a391b604f,1769615950490
1fdda8f8-3e1a-412a-8c91-64fd9be8e0e6,1769615950491
093e376d-7ca4-4c1d-8f48-76ede6eba39d,1769615950532
e1389b7f-ef72-4b16-8c68-fbe9d41da030,1769615950532
e1389b7f-ef72-4b16-8c68-fbe9d41da030,1769615950574
c309a5ed-9bc9-4bd3-91c5-182c4875abc2,1769615951224
d8776d02-0a4f-4544-8a7c-04e9b6c29b73,1769615951265
c309a5ed-9bc9-4bd3-91c5-182c4875abc2,1769615951267
7541d183-7460-4292-834b-052e19870e75,1769615951306
d8776d02-0a4f-4544-8a7c-04e9b6c29b73,1769615951309
86a5ffb5-2d74-4fa8-a9dd-403c1c1ea4b7,1769615951351
ba32e1ff-ea45-4df8-ab6b-ae911d093720,1769615951352
ba32e1ff-ea45-4df8-ab6b-ae911d093720,1769615951393
86a5ffb5-2d74-4fa8-a9dd-403c1c1ea4b7,1769615951394
f526424b-f2f0-4e65-a2cf-9138069ef931,1769615951435
f526424b-f2f0-4e65-a2cf-9138069ef931,1769615951436
3515314c-6c87-4129-8519-4d794e1d9f4d,1769615951477
3515314c-6c87-4129-8519-4d794e1d9f4d,1769615951478
22168041-0617-4ca0-93b1-e45842a37943,1769615951518
22168041-0617-4ca0-93b1-e45842a37943,1769615951519
916157b5-5b27-4b47-bc2e-5f9db8e1e3bb,1769615951560
916157b5-5b27-4b47-bc2e-5f9db8e1e3bb,1769615951560
fc39f971-f71b-4378-8818-20b7638ecf37,1769615952338
7080d5a0-5711-4f51-b142-06654d1dc8d4,1769615952350
196f44ff-5f85-4155-8bba-3022be2e2ffc,1769615952380
196f44ff-5f85-4155-8bba-3022be2e2ffc,1769615952391
8349b8bc-bce7-439b-9015-27be35a94155,1769615952421
8349b8bc-bce7-439b-9015-27be35a94155,1769615952432
ce661d32-a987-415a-a0f7-34dd76a7bb21,1769615952463
ce661d32-a987-415a-a0f7-34dd76a7bb21,1769615952473
b938b7a1-526f-4864-993e-50f3cf636b3c,1769615952530
b938b7a1-526f-4864-993e-50f3cf636b3c,1769615952542
8a8e6bfc-8894-4ab3-b7ef-22a774a493c5,1769615952592
8a8e6bfc-8894-4ab3-b7ef-22a774a493c5,1769615952592
c21b83a8-b4ec-4804-9db6-68dca7b4e1a9,1769615953368
0bf6fdc8-7940-45a3-bf72-34da1f07a3f1,1769615953388
6aeee8be-dbf3-41db-bd54-2e4b076bda27,1769615953411
779fb9fe-fccf-42b9-87c4-77574003822c,1769615953452
539d6398-80f5-4fdc-b132-b863958d7e28,1769615953494
fb39d3cb-54e1-4930-90a3-152bcf5195ed,1769615953535
dadb5385-9f6b-4e77-9345-fac04b4e2afd,1769615953593
deec063d-3425-44ae-bbc0-c944ff3c44af,1769615954378
940d82a2-1261-4441-9cd3-9db9de69ed5b,1769615954420
391bab05-f281-4e6e-a44e-7ebd427bce3f,1769615954461
a85536a1-a115-4065-9cd0-03aedf71b585,1769615954502
a135cef7-5685-4824-901c-f0f8e26f9ca5,1769615954544
9924e7cd-e8ab-457b-b6a1-cbf44859714e,1769615954585
c8cf2889-9288-40c2-a245-59bfb31f3bbb,1769615955383
2e8e4c4c-dc92-4162-9c33-b294482918f1,1769615955424
f30cf384-91e3-4458-94e4-34189189c629,1769615955465
2efb897e-8035-4edf-a92a-59a1ccad047f,1769615955507
5af64745-f2f2-4cdd-b74a-d784c917af04,1769615956394
7f258960-e0a5-4d6f-a338-b8c56c65ed2f,1769615956436
2e8d0f3f-6502-4a67-9a66-d800330a028c,1769615956477
570f2afb-defd-432d-a03b-f570aed4cdda,1769615956518
a37c72d1-aec6-4a87-a6c6-9ce06ea61d18,1769615957417
346a7fb3-f7bb-4803-bdbe-1bcd075c2dff,1769615957459
fa27f8c5-fc71-4eb3-83d2-297ad74917cf,1769615957500
5ae617f5-6a60-418f-9486-6e8fb69cfa52,1769615957541
1c368369-9591-4b70-badb-e9fdfc084656,1769615958420
fb2e2ead-b8ed-4cfb-b501-dea0d9958e28,1769615958461
a4b1f431-0590-41fe-ad8a-5874e2e7e3ad,1769615958503
7e038048-5cfd-4063-8556-4b8cc3d82d4f,1769615958544
75af24ff-b01b-458c-8677-ece65d8814d5,1769615958586
b40cfb5b-cbb9-4005-9af2-899cfcd416a1,1769616020499
10250634-24d0-42e4-a51c-0944fb0436b5,1769616020540
34e4670d-9ec1-49df-a83d-0aee1632d6dd,1769616020582
e3b1612c-6242-469e-9f06-36fdf227f5df,1769616020996
f12b0532-8a69-4e02-92f7-276492b6f7ac,1769616021038
d058a3d4-f0c9-4dd6-abb1-0bc39d20e991,1769616021079
6f27e9e3-dd52-44ca-b2ed-4568ba71a468,1769616021152
f6628f14-6ed9-477f-945c-ce60541a9865,1769616021397
c5346d49-520c-4504-8434-cfd561435f1f,1769616021439
ed85b9f8-d8d3-481e-99f3-2e024061a415,1769616021480
e067ae98-cd3a-42f5-9041-a9e0144cbd00,1769616021521
7bfd669d-b8b0-4da0-942f-d012406d6919,1769616021562
4d5e7489-829a-42f5-b3dc-43bd48839c8c,1769616021604
102a45a9-68bc-4706-a008-cd7104bb7029,1769616021852
82df81f2-7c75-426b-a670-570a63b902c1,1769616021894
d5601a5a-86dc-49fb-b537-9a5ce3d754ef,1769616021936
8d128f42-901f-4757-bf5b-604ea0fcae76,1769616021981
3a998641-369d-4299-ab67-f128dae372aa,1769616022023
b5a8081a-4672-41e6-9b45-81a17f4e5d49,1769616022065
7b861f3b-8ed5-423b-b1fc-a7f2d9e0e94f,1769616022108
0036afd3-bcca-4cb1-9309-ca0cabad656a,1769616022151
1e54c9f4-774d-403c-95a1-0951e640b46b,1769616022193
4989fac2-12b4-43f9-b76e-7f96a7a1e694,1769616022235
a112b742-8faf-4518-b71f-7a2000ea5278,1769616022279
c8965e41-bf8b-484b-be2d-edf76e823b09,1769616022537
886a0282-3571-4839-87a4-5a6a143787cd,1769616022592
6d2edb29-cd1d-4f12-be5e-431e96ffa927,1769616022633
65b80c01-0b9c-47db-a649-d253092b0699,1769616022675
e2b517fa-9b62-4d63-958a-3998caaf28d7,1769616022719
e2b69ac9-2e8f-4031-9525-34c0cac16577,1769616022970
502cedbe-901d-4a67-b9f0-fcd7445197b4,1769616023012
9a308d9e-fb0f-4df0-a5a3-c297b99a1c37,1769616023053
6bb4bd34-734b-4f75-887b-9d3a6bd4fa80,1769616023094
fd89b6d8-732c-4701-ab0c-ab5ecbdf4f5b,1769616023136
a1eecbb3-29b9-466e-ad61-d53e894a2e4e,1769616023178
0a02fdeb-b60e-4b4d-9637-5f6487e858ae,1769616023220
bc27e4e3-e009-4a82-8338-d1a19525ad71,1769616023261
7abdc987-cc57-498a-aa59-66a025747ac4,1769616023302
1dc0f3c3-f3b2-4965-b9d0-05f4c8221843,1769616023344
e47e141b-e433-4b7d-bf08-b19596272d5b,1769616023386
7721c9ad-28d2-44b6-8fbd-7e234d354f5b,1769616023430
ea1cb32d-9524-41c6-ba9e-45d779f27994,1769616023501
ad383ccb-395f-4422-8710-74475dbdd2fe,1769616023833
65618e54-821f-4c00-b0ec-443b1b25b2e9,1769616023875
e707f819-a823-4593-9ea9-f44832153a9f,1769616023917
cdde4329-a40f-49a6-b498-de1a44a9676b,1769616023958
27516c8d-c68d-47e7-a346-461918146ad2,1769616023999
8d9b87ed-1208-4577-8abd-f3d29ddd2f52,1769616024041
e34268d6-b202-4bab-891c-677f9bbf3884,1769616024154
05d51a74-5451-46d5-af80-ab99448c067e,1769616024198
39a5e694-9897-4f92-a813-8b8bc368c645,1769616024240
d411d7b0-c623-4ee8-bfc6-81a53b589ad5,1769616024281
2750dc14-139b-43d3-b2e6-5d0a84e19b85,1769616024323
3f573c4d-4608-48d4-8d0a-d1cf4e25f613,1769616024365
7bb467ef-d902-406a-bff2-bfeb310028bc,1769616024406
2a82eb59-3c09-45c3-b0b8-f620b7fdc1d3,1769616024447
6513b691-4a7a-48af-b580-0a65208712c0,1769616024488
adc1dfd9-a994-454d-8f58-0814c0c4280e,1769616024695
43ddb24d-6643-471a-b8d2-efa5461bf7fa,1769616024738
a27be614-67b4-4088-8eb1-8985e3531b3b,1769616024779
9feb6d09-5d41-4333-a2be-07021d4c9465,1769616024821
a5d04aaf-fafd-45d1-b1bc-e2952246d061,1769616024862
e404405e-69d7-43bb-acf3-997a698c801e,1769616024905
2d8cb86f-34bd-4be1-bbe7-06e029d3ad63,1769616025722
9e96b7cd-8bb6-4b28-aedd-ae3dbf935e6c,1769616025764
b8441e2e-39e1-4963-84a0-ebf85f182384,1769616025825
d3fbadce-7610-4edd-a238-86b7eeaba02b,1769616025881
13d817ac-1888-4692-9fb1-0e4188204790,1769616025928
ad2babde-5d27-4b4a-97e1-9de49e87056f,1769616025971
e30ddf0d-f5f9-4daf-a22e-bde256158829,1769616026769
4ca5d159-976e-4f39-8cb5-045c9b2419dd,1769616026811
14017421-86ee-4524-90dd-8c4e1670bbe9,1769616026853
7ec75e03-f685-4b78-b772-b195a65be624,1769616026894
ecf47922-9590-4d78-b1a9-6b14ff2f9a49,1769616026936
47110ff3-a04d-4365-9b68-6c9d09a90590,1769616026977
b69928f9-798c-4cbb-9105-a18a16c8b8e7,1769616027775
f50efcdb-7b93-440e-9018-d266eecdf670,1769616027817
49adfc64-df33-434b-a6fe-38fec02a0099,1769616027859
d4557e9e-7fc0-436d-894b-97b1aac437f9,1769616027900
cec75c3a-05c8-49d6-9ff6-7eeaba5b4e49,1769616027941
f04d5615-7bab-423a-83f9-f3878dd739d6,1769616027983
2daf67be-55eb-4ef7-991e-3aadab677f6e,1769616028789
f41c215e-6d43-420d-be90-e20468b440f2,1769616028832
57c1c13b-0179-4a9d-af27-00cbf1050da5,1769616028873
c0784fbe-d21f-403a-957f-98138b0621c6,1769616028915
f5bdeb2b-b6d9-4b3a-aea3-f54e25720b3a,1769616028957
ba80b8f9-694f-4c72-a708-2ce049f95a49,1769616028999
e029453e-0afc-4baa-939d-c7419d02273a,1769616029805
00505239-c2c5-4260-bc8e-43a0bbf5aa5d,1769616029875
1bdff133-452a-46ed-95cd-adc34b701b41,1769616029934
c43aec22-cbfd-417d-b368-d914d2e1902b,1769616029975
a7141284-ccec-4e64-bedc-8fed6d43a923,1769616030017
73d7b5b0-9966-4982-9b83-fbc4bb457684,1769616030091
421b1620-9f51-49b1-9661-1c45b6f2d5c9,1769616030825
ec144d95-cb6d-4a31-a27a-04a04e4cbb47,1769616030866
f37d1e02-cf0f-4443-9bbc-c06b7043f189,1769616030908
eef2b7cf-3dcf-4d28-a30f-4bf6aa55996e,1769616030949
9d55517c-4b6a-4fff-94df-77194c8197a9,1769616030991
85e4af1e-d0c4-47e0-a707-84bd074f3479,1769616031032
33747a9e-9759-4be0-b731-2deb9ecb7017,1769616031074
e22a9713-c9ce-46d8-abcc-b830129bdc3a,1769616031115
c2fc79dc-d78f-4870-b274-390308798a87,1769616031915
fd0bfdb8-bd46-4dd8-bf02-ce20fea188fd,1769616031956
88761b70-66b3-460a-b3bc-c558f1921568,1769616031998
c481e2ff-2d1f-4050-8bb1-04e16b0afde3,1769616032040
a001fbb9-b414-4d05-8b8e-b7f564aa27c4,1769616032085
b1498e52-6d3d-41ad-a898-79052f7fc413,1769616032129
adb8e827-81fd-4338-aace-9c0b1bc55889,1769616032946
d3a5c4b1-65f9-49bd-97c0-0157df01e1b8,1769616032987
abe40545-a788-4eb0-9aaa-956bd6652951,1769616033056
18ab12f7-e58a-4d27-a97d-b95da8d6d85f,1769616033098
249d1e77-e033-4d2a-8745-d2e2fd32bc97,1769616033152
04f03546-61dd-4d87-8c89-05adbd2e3fb3,1769616033194
d1fa501d-7de3-4226-b494-727353f96656,1769616033992
1e1028fb-587f-4b40-bdec-b96c8c000c73,1769616034033
552f161b-6493-4a38-bf4b-eee8c942395f,1769616034078
d514a88a-3d97-4c86-8478-de8f9bc791dc,1769616034121
b50f839d-5e23-4688-a39a-0a101c8d1ada,1769616034162
ca515e52-8254-479d-9a6c-b80cec758bba,1769616034203
1b50d86b-8fdc-4e05-91ed-85437a99a918,1769616035001
16f88571-107c-4c67-8410-6f215aaa05a5,1769616035042
788016d3-d32f-49a1-bc4b-d97a799bbf0a,1769616035084
a468b08c-3f89-4fab-8d4f-a6b303e93b17,1769616035125
6d90303c-6855-46c6-aa76-e9eae130ad02,1769616035167
cacdcc60-6c60-420c-a5e3-46d3388be23f,1769616035208
3ef5dbfa-cb51-498d-82f6-35aff790611c,1769616036014
3211070a-f367-457a-8e00-829f6a8e7d14,1769616036056
1f5e1ab5-6d5f-4dfd-a71f-7ebfa26ddf6a,1769616036100
abff7d16-ad27-4800-b2e0-e34fac949a27,1769616036141
ce9f748a-a5c2-4877-bf66-00df16fa1204,1769616036183
e83aa28f-780e-46bf-a0f7-1331842136c9,1769616036224
05b853c1-0693-4d47-bb6d-8f2776fd6230,1769616037025
37e6aefa-b7c2-40d9-8073-1a2f3436b4d3,1769616037066
359561f0-da22-4c4f-afff-060ff96ddf01,1769616037149
2bfbf830-d0e9-4e20-a814-908d179b0ca2,1769616037207
05d26926-89b4-4536-b185-b141261d29a0,1769616037249
c5ae2446-fae4-4644-acec-2653f85d6349,1769616037291
0a364023-06c0-4ddc-b9c8-cabf8654e3c1,1769616038087
28ac6b71-9a7e-4d81-82a4-6717ba7c330f,1769616038128
63785dce-3666-48ff-80f8-06a08dd2b2dc,1769616038169
a790ccb4-86ae-457c-8ba0-98669f5f0224,1769616038211
fa5f7936-6985-4895-8dd7-81bc3aef902d,1769616038252
f9b30673-d137-4292-aac3-081f82efdd63,1769616039112
fee09d45-62e8-4fd6-83cc-346a08eb9326,1769616039153
c0604aed-6200-4f20-b809-2af078a1ea89,1769616039402
b2fe890b-844b-466a-9aac-4f9dcbb5d3e8,1769616039444
578e2f32-bd18-41d7-9ecb-5d873114624b,1769616039485
0ffbf94a-03e3-44d8-903a-b5b76832a6b6,1769616040118
a399627d-7477-49f2-beb4-0db3ee647a27,1769616040161
0ffd27d7-7290-4986-a817-23d89640dd53,1769616040202
096e680c-047c-4f05-b84b-fafddc78ceb1,1769616040290
99746255-51bb-45c2-bd18-35e1551116d1,1769616040355
4d708cbb-3d19-4a7a-b972-d6c3b122f19c,1769616040397
072afa66-e534-406b-9c90-486724f034d7,1769616040440
8f036786-d84f-46a5-9443-31f6668d582d,1769616041144
f39c4377-33df-4f56-87a4-894f31846f9b,1769616041185
41af05ae-ac5b-4d91-b8db-d575f7ba61e7,1769616041227
48770190-fc0c-4d8d-8e63-8fe143ba2599,1769616041268
21f9138d-8eeb-43fa-9fb9-b15bc141514c,1769616041310
8e86738b-f1f5-44b0-a338-0f80afc14609,1769616041352
18627c02-317a-4df8-8a04-854f53a189ae,1769616042168
767c5360-fdd4-42da-aded-22e9f80901ab,1769616042211
39476189-fe77-4c72-a68d-cf9531f23c3c,1769616042252
b01d4e84-9718-4200-8180-e85491f2d82b,1769616042294
a54345df-b7cc-497c-a1cf-28c9328173ac,1769616042335
84436440-f21f-4e75-998a-6a864d898e84,1769616042402
1aec92f1-7812-49fe-8c78-863f728e7da8,1769616043176
6988b6e4-566d-4ad9-84cc-8c690060479d,1769616043218
5c79df91-5831-440c-a823-03d3b029cbe1,1769616043262
664f8020-abde-4449-82ed-f47e29e4cc0c,1769616043303
cfac1257-122e-4a1a-a236-46aaa641efbb,1769616043345
f24e99ff-4c41-4332-a442-26c186f4af8b,1769616043387
be2c52cf-ab23-4799-b7e7-189a9c818ec2,1769616044206
6751899a-b53e-4efc-8797-2d49c8a2c341,1769616044248
0dc985cb-06d1-4fef-8aca-6b8a6790b160,1769616044291
94ae0ac9-74df-4361-98ec-7458a5c33c83,1769616044336
9f7d1caa-74e5-46e0-8db2-6e7b4c2aace1,1769616044377
8d90fede-57eb-4f00-b098-9ad68d4a62fb,1769616044419
e538a54e-f4d5-4202-bff1-e64efcd2f3fc,1769616045227
70777192-74ce-418b-816b-d3c1b692c6cd,1769616045269
9dc0ea5c-e3cf-4db4-a199-d40381f6b8ca,1769616045311
6041e3e8-88ca-4f6f-b534-c716de3fdc64,1769616045352
7a170740-d09b-41f1-936e-b6e3b2f884ee,1769616045394
5cb486b3-361d-43c4-85f3-07b1de48209d,1769616045444
2e8b5e1a-6eb5-4da7-bccb-a17262246929,1769616045504
327392c9-9117-4041-a957-f3ab6ef89280,1769616046259
e5a53dff-b1f3-4871-b2e5-1ca6214d0974,1769616046300
64957cd7-3833-4d7d-bb96-0aeb7f168181,1769616046343
671a52ad-60b3-4835-a876-2fa8dd8970bd,1769616046384
ad477df4-99f3-49d9-bb41-69d5e81d692c,1769616046427
ab655aea-f820-4433-83fc-ce20072408da,1769616046468
f419418b-fca0-4d58-9af7-70f898aeffb1,1769616047273
5ebf5955-c7a4-4f3d-849a-7ee681036ec7,1769616047314
455deca7-88df-4ee7-ba70-44b0f9193d28,1769616047356
6cf5aeec-5a1d-4e31-a017-5b0441051f71,1769616047399
75afc7f4-82e6-41de-a9de-b0e6df028584,1769616047441
be33523a-0e3c-4ce0-bce0-24aced0f0f2e,1769616047482
58bcffe5-39bd-4ae9-9e79-e0d666073dec,1769616048294
a0d267e9-f5e6-4f01-b630-89edb4021e56,1769616048335
6bea14e0-2b35-4dd3-98c4-673fa4d3a34a,1769616048377
f7f5f9e4-3a25-43fd-bcdf-143b9debb1a2,1769616048418
e63a614b-69bf-432f-bb58-22680a510a35,1769616048460
681218f9-d8a2-4442-9dfe-e33587280096,1769616048501
b5aa5243-af4d-432b-8499-f43ab4d28d24,1769616049309
ab8685ed-8e96-43cb-823e-16c0220613a4,1769616049350
d41195ce-ccce-4c16-8b2b-cfa3fbc60ed6,1769616049430
21f61315-08f8-4fc9-8510-1b1068176e71,1769616049481
ff26e94a-60d1-4076-8c84-17cb400ab04f,1769616049523
ba94f60a-0616-410f-a75b-6210e261164e,1769616049565
8aafdb12-56ee-480f-986d-ef6ea7f35c06,1769616050331
cd26b45a-0dce-44f8-a596-ab3ff3df3d8b,1769616050372
ad72ce2e-a50f-4f2b-ace1-3988d5b20e9a,1769616050413
f720a356-67a4-42b3-bad7-d464595da6aa,1769616050455
c70a7d3b-163b-410f-9b76-cbf350b1d99b,1769616050497
a737b65c-a1f1-455e-add0-d110c2eca69c,1769616050538
33229a0d-47e0-4f21-8a95-092529a7758a,1769616051389
0703d5ca-14df-4dd0-b04f-ff074c5b859d,1769616051431
45ea7ba3-29c5-46e0-b393-0ccb9807ef8e,1769616051477
b6254d6d-45ab-47ca-9aa8-af7a488cc8a5,1769616051519
3875dcda-40d1-443e-abdb-9fd32f259eb1,1769616051560
fc0e0faf-29a9-4344-b26b-97678d4caa64,1769616051601
9a8b016b-e751-4346-890f-36472cc0b086,1769616051691
b9d5ddeb-14f0-41f1-be7d-3c2c8c07b6fe,1769616052418
65b5508b-02a6-4251-9529-77e26e87394e,1769616052460
91855561-04ca-401b-966c-ecbbeb13cf83,1769616052502
003b95df-dda9-43ed-8f43-b43823aa704f,1769616052547
28a622bb-f097-4684-aa9c-70b0bfc16ac3,1769616052588
4d5fdadb-2f1f-4f68-b49b-0c91c74b1631,1769616052631
1cec3a42-eadb-4f45-872f-f3d1e55b71d6,1769616053417
bbefd6bd-14e5-4b7d-a14b-5ddcad7bb3fc,1769616053460
7cd1d160-269a-4941-91d4-e5bcfcafee6b,1769616053501
f41c029b-4141-444f-818c-0fa867ef082e,1769616053542
37c60fcd-c397-4c60-a6da-0d4f57821430,1769616053584
a7252c20-d609-45f1-b377-16ef5f0f5a54,1769616053626
f53becdb-8695-43f3-a701-4aaaf8d38e88,1769616054420
e5696434-138a-42c4-8af7-4fa8d4acc4cf,1769616054461
944f6f2d-9892-48ad-b19e-b4af95492511,1769616054503
e7f8ebe8-0b34-470e-b348-1f91c22f85ab,1769616054545
5c67d94a-152b-4cae-8230-dc53c1b6fc13,1769616054587
729bf9cd-ff41-437b-aa2a-75cb252db951,1769616054659
4ff4d6ad-3d6b-4102-be05-6691aea2e238,1769616054700
f5fc9e01-9438-4a97-8680-0741aacbe1c2,1769616055435
3b80787d-b675-46c7-92b8-d90b8ad337ad,1769616055477
6f7f1c1c-f5a6-4c34-b8f8-bbb3204e2eea,1769616055518
73b431cd-b9da-4d6f-a28f-5119bc609b53,1769616055559
3cdce01d-c5f8-4140-b22b-636600d94b9f,1769616055600
5d35b8ff-ee73-473d-a0d6-56d08646223b,1769616055642
4f62ae1e-3f93-4bc5-90ca-e356fb6e3b16,1769616056461
ad452e02-4d3e-4352-b73f-819bdeb1b83d,1769616056503
4acfd6c3-1fc8-42db-b8b1-912b4397ffc7,1769616056544
7e128162-ffba-4115-86de-762c2ed5ff54,1769616056585
9406a9f8-728f-4e87-95b0-31fff0d25e87,1769616056626
1d31eb25-78a8-488d-bb1a-1b8145223541,1769616056668
921843c9-04d8-4205-bede-4fbf4a242aaa,1769616056709
e3078216-655e-4a4c-bf79-820be4b0e228,1769616057515
ca72f82f-e4c1-4941-aee2-ab20452c4b56,1769616057556
bd01962d-422b-4bc9-8db0-084e4ede1e81,1769616057598
9d3665f0-f161-4f23-a871-9a81c5dd5215,1769616057659
6a724b31-c098-4681-b741-fb17be84e48d,1769616057730
3fcc069f-06ab-4e60-bf88-2dff323319e6,1769616057771
4f8552f2-e1a4-435b-a803-8230a8e11a79,1769616057813
ba195cb1-2582-44ba-8ba7-79df0911882f,1769616058537
178f1874-7d0f-435a-88a6-81004f41bba8,1769616058578
1612b9b2-7675-49cb-945e-1f12412da7a3,1769616058620
24d1b753-4a34-4af5-87d1-b692741d5dcb,1769616058661
eba8552e-3c59-4dc0-8740-90c523351ae9,1769616058703
ddda2a9f-f215-4ff5-aa30-d4c530401dc8,1769616058744
f82409b4-28a6-40f9-a1cd-fa6731c7e419,1769616059576
e4484776-4a22-465d-8f08-7a46e613073d,1769616059617
516d6188-28fe-4c8d-a78a-6e8e89fea29d,1769616059659
f0f5b51c-d0ab-4316-99b8-ea9970beaa90,1769616059700
73f36dd6-770a-415b-9c37-c3dd4b09f705,1769616059741
5c2c6420-15f2-4040-8a27-ab2d8dc393c7,1769616059790
165a2f7c-11ca-46e4-bda9-1d57d243bbcd,1769616060602
efb97e70-479a-42d2-aaff-9df431cde637,1769616060643
75afc48e-2166-4c4d-b933-ee09e1686758,1769616060684
b8b07133-b57b-40b2-9009-fcfb1509e303,1769616060725
a239ee95-c341-4d72-9b50-7cc5f72ef558,1769616060772
6ddae087-4d2d-402a-b1ff-5b5f791282e9,1769616060823
50db5358-feca-47a3-bed9-a86c8d466ea3,1769616060865
b441eabb-d99b-45dd-b685-1331ebb8a243,1769616061621
4d8823c3-b22d-4464-b2b5-c33b3ff080df,1769616061662
59503a58-3020-48ec-91e1-517d6a712e70,1769616061940
c8951787-1174-457b-b0f8-b4a3320c6214,1769616061982
93127197-b47a-4139-8380-631bdf2667ae,1769616062024
c38e76a6-21f8-4c8e-b913-fcd56e4de305,1769616062636
6a2519e4-a989-4925-a710-82ed7d42d972,1769616062678
37be1040-3c5f-42b4-ba40-1732e5719696,1769616062720
09fbe54c-f943-48af-9eaa-3b45a74d053e,1769616062761
d2943fed-e547-47da-9b06-a9c8ed16b755,1769616062802
da699574-91d9-4122-878a-0da0544f4de9,1769616063660
7b0a50fa-1987-4873-b7d8-17078a4b2bd5,1769616063701
99e4f9bc-b6f7-4deb-80c5-443fb7dc38e1,1769616063742
07f556df-6e80-4d23-af05-89e8fbbcd4ff,1769616063783
98201f93-d802-4e9f-9163-3293ccafa650,1769616063825
7995419a-b268-4514-9d36-6cfea5234f69,1769616063866
a2a38cc2-07ed-45e2-86f3-1112d7b99ef4,1769616063936
f70a93a4-f90c-4312-8c47-121e14dd95f3,1769616064680
35aa1417-68a9-448d-a524-062b93788f68,1769616064721
f6833b68-e9e5-49fa-af38-82108fdd2241,1769616064763
cc7dd191-f7bb-4058-8535-c5b00f4212dc,1769616064804
169364cf-59ee-4aee-a1ea-64ca9be3dd2e,1769616064846
3077f8b6-6c4b-4f7a-b1dd-1b3e4db9500e,1769616064887
83ef6962-f210-4856-bae3-ad4ae5724c51,1769616064928
dea6868a-040c-4dd7-91d0-453ac96c5272,1769616065756
7df086ca-63ff-4090-a936-e5439528ed3f,1769616065798
e15d04cd-e360-48f8-802f-ed6497818e3b,1769616065839
1b0c0f7c-02b3-46f4-908e-4481cadcb9e0,1769616065880
1f74072b-6572-4f64-95b1-a4ad83d79cef,1769616065922
90715195-2412-4801-afa5-6867990ae8b5,1769616065964
7c3331b0-122d-4e5f-9585-1da32aeb00be,1769616066782
f880dac4-b534-45ef-b1c0-3c40e9a60df4,1769616066823
7a0d2916-a14c-4d34-9de5-6e63d56596d5,1769616066865
589525a8-958c-4f59-96f7-a8b5c9a7185b,1769616066906
563dade7-a861-4553-9d3d-96baf59dd853,1769616066947
23141777-0fe5-4506-888b-5b571c349045,1769616066989
0dda4bf4-9ccd-458c-82e6-778195106cd6,1769616067031
708f9e08-3d0a-4f1d-993d-1fab89f224a7,1769616067785
5e798b1b-218d-4622-a61f-838b2bac7c1d,1769616067827
9b176563-c426-426a-9ef9-b25d7fe0504a,1769616067868
af3d49ef-0a76-4672-bfa9-014800571a66,1769616067909
5198b730-e4ff-4214-a2b8-f5f86ba3ee03,1769616067950
54ae4ea4-5665-4181-b47e-f15c89b4a4f9,1769616067994
1b895c2a-c7d0-4810-b887-f8ac3580eccb,1769616068813
fa20cd9d-cdef-4d81-a2ec-c2f424b3bb40,1769616068878
453d9481-e88d-46da-843c-449f1830364f,1769616068928
f9b11b4e-1756-4c8d-8ede-272dadce25b5,1769616068971
10637830-4887-441a-ae20-e41219f28a2c,1769616069013
181c1652-46e0-4ea4-883a-47a49fa492b1,1769616069054
b867eeca-3727-42cd-88a4-009318e7770e,1769616069852
896b55c2-2223-4092-8ba0-b9b51603a8a9,1769616069893
ef616a2c-a267-4a14-896f-7a86c0543e06,1769616069934
04813640-4e59-4cab-bf66-e834410ea418,1769616070182
4244aadc-a8fa-4c9f-9958-17be5163818a,1769616070223
4a8549ec-4562-4f63-a993-65b602608ca8,1769616070264
8e87add4-af91-428b-ac87-078bf9cd6761,1769616070878
c4701392-fffb-471b-be57-707517e409a9,1769616070919
1de9535c-1202-41e7-84ec-e6d1a96883c0,1769616070960
263d01ad-71e7-4369-a713-6a0535d4589b,1769616071003
b2fa1dbb-e41c-4043-a765-66626a7c5133,1769616071044
c87358b4-8e50-4347-b406-a757234f51ff,1769616071091
503b70f6-7c16-4c04-910b-5deb762bfb01,1769616071882
8a44f094-0b00-4408-9655-9234c3375f3f,1769616071923
8a5c1384-8556-462b-99a2-913d9e129416,1769616071965
8aa82acc-70fc-4008-a3ef-3e5c359d9f9f,1769616072006
6bed1933-d131-478b-855a-dfac1c2e0143,1769616072048
a419bc44-70fa-4b2f-8725-1c3098e9f43a,1769616072089
3e094c06-26fd-4780-a40a-914058066b48,1769616072130
6e89a93d-0b47-4341-ae2a-c43e8e6c3259,1769616072936
93466ae6-4f74-4b8c-95c2-dd5aebbaff58,1769616072977
16f6b288-21e9-4d42-abc3-59ba1575a384,1769616073018
5a9cca8b-f484-4e26-8200-70d4889a27db,1769616073060
20d000b3-d31d-4812-acec-969eee499391,1769616073101
53c2fe41-39b8-453e-a35c-aadde6c5b124,1769616073142
6ce01cb6-1c37-46c4-bf54-ce27c80af6d6,1769616073949
d3fc1e39-3259-4dc4-8ca8-7c3f594b6a8c,1769616073991
e6ff915e-7df7-4a1e-a475-26ab92c0c17b,1769616074032
7015f323-6538-40ab-b53b-9f60c406099f,1769616074074
9b4461dd-6bbe-45e6-907a-8b574346d254,1769616074115
9dd27581-8038-4a8f-b06d-fcb925ff1acd,1769616074156
3a6b0a91-f021-4300-a243-71950b7cd2c5,1769616074197
9d9cf892-3def-4d90-8578-bb166a2f8fc9,1769616074972
c84f8334-4741-4186-aa9a-42feb9e47c40,1769616075014
94c21ddd-9441-467d-8351-1c5ffc89bdb9,1769616075056
41bc02b1-4335-40f7-9ad3-4ad240c4e3e9,1769616075097
199dfedf-f79c-4214-a75f-0a748200fd91,1769616075138
cdec6322-3389-4314-9698-83ae9755a47b,1769616075179
e4edcee3-3e58-421c-9742-bd2000561a4a,1769616075988
11ccc620-cdd9-4529-92dc-beeb8fa696c3,1769616076030
ab9f1fa1-0412-4a23-8334-180c8f8869c5,1769616076071
f52cf8d8-1969-4a48-85cb-7bcbdc5a8414,1769616076113
9742a116-8f5f-4b07-ac59-5eb9d4b0a871,1769616076154
e2e7ca69-aa05-454f-993e-e3de80028838,1769616077005
bff6f82a-71c2-4f08-a94d-f5644514bb8a,1769616077255
253f6690-095f-43d5-a56e-f81a501fb624,1769616077317
a5dc8508-9753-4fcf-807f-21962ebcce2e,1769616077365
fa0d94d4-8a80-448b-9f57-0f0b8339ca19,1769616078026
2d78126a-a477-4d5c-9526-ab8093052d04,1769616078080
feeaaef6-2c00-4c3b-983d-2e4c3cca9c81,1769616078121
9bbccf62-d31f-4115-9932-2755fd3f83a3,1769616078163
311de4c1-8e5b-4d6f-b5de-5a600a132c7c,1769616078204
301ede9e-4660-410b-aae0-562990341630,1769616078245
d2edf760-6379-4ae8-8ee9-4fe18cfe2488,1769616079035
01023796-7de5-4cda-a855-aafd4f30e73b,1769616079076
759d3ebf-8603-45d1-bf9f-889e7f939e8a,1769616079117
599559b6-1ce5-4c63-bb7b-ffccad5736b8,1769616079158
5f09fe8d-3af3-46d6-b69e-f746d6f37db2,1769616079199
7b458ed3-af3c-42f4-a456-aa982f9edf58,1769616079241
118cc2cc-1919-4400-a0be-8f19e0fd95d6,1769616079282
1e32d65d-7c7b-4d4b-a953-65dbdd013447,1769616080057
db817651-3f54-480d-81c9-a09dac3be12a,1769616080098
152f41c1-51b3-4a1f-8d4a-07e7e5fba812,1769616080140
76c8b7cb-9b83-4679-b95f-5c89521c2ded,1769616080182
a579335a-146b-4b38-9817-4111e2af833e,1769616080223
a277092a-f483-4c5d-aa2a-44f26c3a586a,1769616081169
55527a82-a51f-4e2d-997e-bd3ac8bfbcdf,1769616081211
5c7ab612-8ded-4a8d-b56b-822933428869,1769616081253
52801615-1cd8-462c-abf1-52ec5e2721f9,1769616081294
36e866bb-0eb6-45c6-bf26-c79c5cdac5d8,1769616081335
451aeb5d-ca5e-4a56-b5c3-4954e063b744,1769616082195
b052c72f-61fb-4d26-af03-904e2f491294,1769616082236
1c6366aa-6fae-464f-b814-3ff703d0df35,1769616082278
20cf6a75-d218-4a52-b433-b77404689036,1769616082319
71e98774-411a-4beb-9e57-19eb5864507e,1769616082361
c685e5ea-9507-438c-bbf1-703af789dd4a,1769616082402
4b9cdba8-37c5-438a-a142-d5e5c035992d,1769616083219
a480c4eb-fda6-41b2-9a75-e18015e7f9c5,1769616083260
05129eed-4fd5-4cc3-989d-4155e2fa94da,1769616083302
bb87d7c0-ff1b-4e90-8272-5b5975d329a9,1769616083343
2289493a-de60-46b9-bb15-57c1a0dd0a86,1769616083385
1d0445c2-b84f-4288-ac02-d34ee845b633,1769616083426
051f124f-2e92-495e-bc00-68cf8c502227,1769616084337
cb3f525b-c710-467b-af35-ec4d44be5543,1769616084380
1636c730-b60a-464f-9269-c06af6927a3d,1769616084459
89d6269c-2799-4e4f-ad20-da9c30149e94,1769616084500
01b0cfb5-b62e-4ede-b6f1-834a7d8fe910,1769616084542
d619ef46-9856-4b03-8082-15f43fc8c8cf,1769616084584
7aaa9ce1-9b03-4bbd-b0e0-90169c01c5d4,1769616085361
9d23b3a1-ae4c-4c83-a82a-ffe6bca2219d,1769616085402
7ad98d6e-60b0-4eeb-93a4-eef17c48715b,1769616085444
8715a61e-a6b5-4498-a03a-eaf5e9b6eac4,1769616085486
d703a363-7f87-4a01-9e87-7788062aed7a,1769616085527
0800eaaf-b794-406e-9be1-885105c3c17a,1769616085569
d5dcfc6b-48d7-49be-9364-191ee62224e8,1769616086407
c1bab64c-1cb9-45fb-a5f4-24caf01eb73e,1769616086449
914b1611-d29a-4813-8a9c-3207551f5250,1769616086490
f1a858dc-4a94-412d-9b39-2fb4b52494cf,1769616086531
adac18ef-1c30-4f3d-9f53-68e64250c9b3,1769616086576
f0b8256d-cddc-43af-9f53-0629de945516,1769616086618
dc090ba1-1415-48a8-aa5b-14431ea58da2,1769616086659
4981fa7e-7ed5-440d-bc45-b94479fcdeb2,1769616087414
730f60dc-6aaf-41fd-bae5-40026c2b1e7b,1769616087455
8a30a646-58d8-4b82-a8ef-82bcc3dfd1f5,1769616087497
1f9a0bf1-5ca6-498c-8c3c-9447c5a4a45d,1769616087538
84547feb-0942-4fae-ad40-57f21643096e,1769616087580
332c2f72-9b9e-4bf0-8c42-3de44883679b,1769616087621
73e73123-ecfa-499a-9f47-d59744b65eda,1769616088451
8e826a0f-f692-4bd5-998a-0650f636c751,1769616088492
11bc7bd0-608a-43a5-b3bd-b8e2f0f8e90f,1769616088534
ed29ecd0-b798-4b15-8d33-9731fd539896,1769616088575
ce637010-49fd-454f-969a-95b2a4eef23b,1769616088618
be476994-2a86-4818-ba19-51ac4cc694f0,1769616088660
178f3ac8-9319-4e4e-9e59-722b2d166d46,1769616088701
053a9ad2-f51d-4b7c-98b6-fe0acfa48f3c,1769616089456
18c7e848-a9fd-4529-8bcf-147a52944fb6,1769616089497
33e58d38-c00e-4008-8b62-7340e508592e,1769616089539
848bdede-23f3-4c5c-9733-b8bfeaf98d22,1769616089581
8351ea51-18a6-43bc-9ef4-13be97fd9843,1769616089622
0ae8deb5-d8ff-4a83-b05f-06bedc9d1e37,1769616089664
441f2149-7c2c-4778-8f58-644b6304044d,1769616090470
970b945b-af98-4c2b-814a-45cf539e4158,1769616090512
e3aca0d9-ce5f-4f05-8749-1ff7b73c8a2b,1769616090554
2e7d3286-4a6d-4ee7-a0c2-475388365ba4,1769616090595
ac0ac8ed-4acf-4e09-b23a-a80c7a6c7d6a,1769616090664
522a580e-203e-4def-bb01-d57a61436455,1769616090708
5f97193d-6337-495c-9c29-61f2e3a7ba30,1769616091495
56e843a0-7595-4ac2-a88d-54319ec7b9cd,1769616091536
f08bb076-77e0-4cdf-900d-9e15e887df2c,1769616091577
3158a8ba-26a1-4fc4-b3b1-d1bcc4aee603,1769616091619
4104a8d7-2579-4f3e-a286-c628587f7170,1769616091661
4e1bf8a1-96be-4daf-a818-95f37c44c6c5,1769616091702
8014815e-b0bf-433b-81f2-f0d0de0f645b,1769616092528
44e6796c-c561-4223-b307-aec8f37faeb4,1769616092569
da7eeb54-0767-40d6-aa4c-79ad6e33cee8,1769616092610
7db06eeb-87c2-4d27-a8a8-fc4a06838666,1769616092652
ad1de021-198d-4b38-a5e3-c24f13699dc7,1769616092693
c7b52e51-293f-46f8-b2df-7f624eba80f0,1769616092734
d03a4a15-5330-407c-9513-d637fed01de2,1769616093561
8ec3b766-1b1f-4674-bcb9-7219955951be,1769616093603
b4dbc9d0-22ed-4f3b-b43f-ba81ec9ce9ac,1769616093645
14891a7f-f319-4381-81c9-5b265da54ab9,1769616093686
3f3f8290-2102-4ad4-8f59-cb991650ba0f,1769616093728
425fdc58-d931-4ec9-ba30-4b6c0ccbb8cc,1769616093769
74f919e2-f0ef-423c-8875-4b67a61d360a,1769616094594
827f9fb9-b764-46f6-b7f3-0316589be1c5,1769616094636
2888b7eb-b414-457f-b901-f549f6226229,1769616094677
92ca8942-b43f-4922-96cc-9a78655ad3a6,1769616094718
1d0e8bd7-050b-4934-ad68-661225d7f950,1769616094760
7f84dfce-16fa-421e-962f-6ed3b8d24b9e,1769616094801
66579224-155a-441a-ba6c-026f78700cdb,1769616095638
dc294472-bf31-4ac4-a1d7-e39c9287b0d6,1769616095679
286eaa28-7d7a-4b6e-ba35-2126bf2c775a,1769616095721
44662d5f-1576-4445-acac-50bb17dea506,1769616095762
d97a4d06-c174-4b0d-952b-69d7c7cc8327,1769616095804
2b3ec8e1-a36c-4826-8ab2-8f63b8a0fb92,1769616095846
ba4c91f2-db65-4d29-8f9b-782b244bf3be,1769616096670
ff7884e7-ffd1-4e81-9330-520cc0d06600,1769616096711
a3bab819-9159-42b7-8ad2-999bfffe4dfc,1769616096752
70031262-944c-43d4-8be9-4602b75292d5,1769616096794
e141cbaf-139b-485c-a808-e61f7da57b01,1769616096835
478ab33a-4c72-4f6e-86d6-4cabaa61c5eb,1769616096877
9681b381-cb43-4ce0-8adb-afc48ed29189,1769616097697
a8e58b82-1489-4946-b66f-805db45ab348,1769616097738
e8a53e92-06db-4d81-ace9-6b3e4f2e4a4b,1769616097780
45707b6d-d7c6-4eda-b578-fd3c64dedbaa,1769616097822
9a34996f-0ad2-4c32-98d9-ef2ffc92dacc,1769616097863
e32dbdd8-d8f9-4f71-aebf-1d56333fc309,1769616097905
e4f9834b-249a-42bc-a2e8-e72c819b0184,1769616098734
dc18c420-aebd-4422-a1a1-15132a1a12a0,1769616098775
19a609cf-7895-45cd-9906-774efc40bf58,1769616098817
8015e31a-d28c-46ad-b333-09c151f237bb,1769616098858
0bdc8084-e714-485b-9aee-a83cd8daac10,1769616098900
44a2c70f-81cb-4942-bcc3-05d79a66633e,1769616098941
04e7b65b-0596-4cf1-a60a-8b72f947cc04,1769616099744
091b3415-dd78-4c5f-8816-16351d968bfe,1769616099819
b40a022f-7391-4f01-9e13-3bbb248eb819,1769616099865
689d512c-9372-47ce-a1bc-4e948263bd7b,1769616099909
f0d3504e-1b58-49d2-98a2-ebcb70d5ef83,1769616099951
2c15a06d-7232-4f02-acfc-d23a3520b2c0,1769616100771
ded4b8ee-cc5d-4133-af6f-bd97dfca2333,1769616100812
bf19b6c1-c297-41b2-836b-45ec656e0713,1769616100853
6e577b79-0bb6-4cb4-95ea-9fc638fe5071,1769616100895
859617d3-1e18-46b9-8810-9a060174c2d0,1769616100936
1a7c77b0-2809-4f6d-b061-688caa6fd348,1769616100977
0a685b33-067e-4efc-8290-997ea83832b3,1769616101796
0cfb5d2f-c38d-4259-8ddf-c87d8858d422,1769616101837
cac58d2f-d957-488f-b7e3-ef87bc242dd8,1769616101879
fc931abe-d68f-408d-ae71-99ab4a2363d0,1769616101920
6bf5411a-35ee-4e8e-9679-e5b996acc4d1,1769616101962
055d7433-2915-4f1c-afbc-cae987c3bd96,1769616102003
53357c6e-5d1c-4d53-8821-030858d20fd3,1769616102823
19958e4d-829d-4b3e-a366-b3cc158e1c0c,1769616102865
4f90179d-755e-4c84-b811-15b08cdedea3,1769616102907
38b70770-6aed-42a9-a9ef-cd7ae47135da,1769616102948
4bb59ee8-2097-436d-a0d1-150333f59e21,1769616102990
ee768821-0187-494d-b460-0ffd89c8f59e,1769616103031
23bdbc80-2226-4e31-91e5-025a964b06bc,1769616103840
82890c7d-a670-46b2-82f6-744f41909706,1769616103882
5eb0ec16-93fc-45a4-b3f2-103afeaef45b,1769616103923
15a29268-3d97-48ca-aaca-7407a5d1645b,1769616103965
ba92ebf9-6e53-46ee-b397-3e9b958069cd,1769616104006
8a825340-f3bc-44a4-8aa2-d647efe89d94,1769616104047
a45256da-0e2a-485e-b775-7fa0a1718e5e,1769616104866
9b0d15bf-202b-4cf8-9e47-57dc87de0f26,1769616104907
a638da33-a947-41be-b1f3-2d350ad43a3f,1769616104949
85536f07-ed27-4aad-8b79-56e34035f33b,1769616104990
958b6974-9284-4b72-84c1-1c198796f5a3,1769616105032
ecf2b10e-9b08-471f-9db8-ddca83d72f39,1769616105073
0cb04f13-799e-461e-8e15-adc416f687ba,1769616105893
73f787ff-e7d0-4019-90b8-26be9d1e2b27,1769616105934
ce2d2f6b-afb8-412b-b18c-d533649bddec,1769616105975
13c32fa8-6651-480d-b219-445864379214,1769616106016
b4ba4077-5a08-4fb1-b60b-acd7a8724634,1769616106058
8ece6e37-48bc-4fde-a8f4-2488e13ce744,1769616106099
03a23ba2-cfd2-4a45-ad64-6ebc29a6cfc5,1769616106924
a1aa9e24-4938-472c-85cc-3c3b71794d92,1769616106966
cb97b726-6b8b-4768-a01c-67ec82fc004f,1769616107008
1a04d0af-3f47-4b38-8421-a49037643472,1769616107066
cd2fcc8c-e45f-4efe-b64e-c2b99d90cda7,1769616107133
5e7f8ba0-6c4b-415a-86e1-335e00bfdc8e,1769616107174
750757b9-46fa-4299-9676-11e6c5adff76,1769616107938
e56c9e41-52bc-4525-ab54-77a692f6ef34,1769616107980
cb28256a-5deb-454f-a0d7-b60f5a6cd916,1769616108021
e4a67457-1a1a-4c44-94fc-b431d4aabfad,1769616108062
3582323e-e85e-4dea-89be-f3eb9bfea3cb,1769616108103
a3e3f0cb-ffac-496b-bced-299978ae57bd,1769616108145
f15e1e42-7384-45ae-a041-c6d640f290d3,1769616108962
3a268844-da8a-4898-a61e-d2ea84e9f4b5,1769616109003
0ae9a239-8cb7-478c-a06d-a094bf7b50fe,1769616109045
5c71cd4a-c1bd-4119-a37a-4ff999d15def,1769616109087
c165fed6-e2ce-4c5e-86c1-af9374897256,1769616109128
a8c24373-02c2-4cb9-8a14-95028cd6312c,1769616109170
01455463-9488-446f-8317-dbe72fc159a2,1769616109989
70b780fa-2535-438a-9cae-fca54d625a3d,1769616110031
21d99ad7-ced9-41c5-9878-bce8f58ccf36,1769616110072
77468eef-fcab-4fc0-83ca-a0ab788dbefd,1769616110114
f85e08c0-f075-442b-9cb0-16a6bf196716,1769616110155
4e3668e5-4898-4e07-baf5-baa1d6dc5041,1769616110196
415c5cc3-e2b6-4df2-ac49-d48a13dfcb49,1769616111026
1ca018c9-6699-432e-b2ac-b5da0476bf90,1769616111068
411281dd-77a8-423f-b897-ba5a1a346af7,1769616111109
185d907c-54ed-4eae-84f0-c49255ea8c50,1769616111150
f141a27c-0373-42a7-b282-6095e4b7a38f,1769616111192
07813167-3912-40d9-bc4e-28cc593a93e6,1769616111233
a19b9a26-d6b8-47bb-9690-31064bef8e6f,1769616112052
e26020b2-8e39-4c6d-9287-b80d1567f8f0,1769616112094
2331c950-eeb4-40e1-8915-7c6f14f60bbd,1769616112135
169bcfe6-e409-459d-ba7a-88310c5ebc3b,1769616112176
2bcb9d21-c437-4b9f-a281-1e8d1b269a19,1769616112217
36af3d91-c609-4585-8670-01fcbc708204,1769616112259
56f055a7-74a8-4392-b868-b199356fa1d5,1769616113079
9fdf1d1b-6bd8-4fd6-a260-d280b3465e5f,1769616113120
fbf2b235-2935-4faf-b1b1-182e91ac4864,1769616113161
aad28ca7-ecdf-40c2-962f-8ee590d89690,1769616113203
c93e24aa-55a6-455b-a504-2a068551ad2a,1769616113244
2972c2b6-e489-4299-b0d0-9a1afb5b2d03,1769616113286
f46d573f-11ca-4554-b2d5-a37f9b293400,1769616114082
dd7fd2e3-3098-406f-8e28-5705105ebc0c,1769616114123
a668b403-1668-40de-a591-a698d7205903,1769616114164
a8cd3e3e-2ea3-402b-b338-72d5146bae29,1769616114206
03aa35f2-336d-4d8c-8f1c-7ab1080bd8bc,1769616114248
bffea102-87ce-4924-b0ff-740c397da91e,1769616114289
2707dec6-a68d-401f-b387-d3e5e95885a1,1769616115093
d5ca9794-777a-4d49-ae07-e7052b899ab4,1769616115134
fd492126-aa44-48af-98b3-b8d99404eba7,1769616115176
2e3d81d4-1af6-4161-be41-f7c67a1edd0c,1769616115218
1cd54925-441a-494a-91f1-201f27caa88f,1769616115260
9ac1242d-f060-456f-9d4d-004664514eab,1769616115301
ece920ab-1148-47c9-8fbf-ca59762376a3,1769616115342
da27c0db-1887-4710-8676-8a4d157a9340,1769616116178
ecf41230-a712-4482-9406-adeed20248b0,1769616116219
d9bfcfc3-dbde-4f80-a7f7-5f0d00d0c731,1769616116261
38b0975a-b03b-49e5-8d9a-7c64be7a5f6d,1769616116302
cb894f47-9467-4bef-ac10-d286ffca6b31,1769616116344
24d392ed-cb63-4f1e-bd3c-785b4ce586da,1769616116386
149060ea-355a-4e7a-969f-d2a775d8b54b,1769616116427
3b758971-0d7a-40fc-8fe9-5afcda9d4517,1769616117225
3c0a6880-a20e-4edc-b347-ea6461a8d78f,1769616117266
941e7226-a05a-4f59-97e2-e6a0dd71863b,1769616117308
5424e636-09fe-439f-84aa-06796b318d31,1769616117350
0110c9df-be51-4463-8cb8-78113e5a25cf,1769616117391
2d095898-44c0-4c0d-b974-29c86cc18130,1769616117639
36d23050-1db5-40c7-b552-6e86101ff9da,1769616118323
c3d8fd27-afb8-4bda-8fa4-1f935a750fd8,1769616118365
e01d45ed-4bbb-428b-9c9c-3ad40ba43b3f,1769616118406
4af4f0e3-7409-4358-a966-eaa5edffcebb,1769616118448
b7b04278-a514-46f0-b032-815184357b3b,1769616118490
648a44e4-134f-494c-b0dd-71a803aef427,1769616118531
9aa2c8f7-2cf4-4c56-add0-071c2d993cda,1769616119354
7dae49c7-aa69-42d2-9e48-e048e722b7f0,1769616119394
0144020f-54c4-40e5-8d4e-8820f99d265e,1769616119436
43fbbe65-cce3-42e1-9799-30ecc925bc81,1769616119477
9684bdf6-78fc-40c8-aad9-0822be592989,1769616119519
387251ce-64b5-4527-aa14-1865a2da3ab3,1769616119560
aa52a324-7041-4229-972c-e90d6d8d8271,1769616120366
761eb6b6-fa31-40ef-bafd-ea3ae0c752ed,1769616120407
ef5470a7-9d52-40dd-9913-be9b2891b9fa,1769616120449
1cc6213b-b209-49fa-afeb-4e240a13585b,1769616120491
6ac21061-a134-442d-b46d-49cac328956b,1769616120532
31ac74fe-7677-4c2c-9284-f4cc7ab149a1,1769616120573
43da9f19-ad15-4a42-88a0-a8861698fa58,1769616120614
7f76335b-ed24-4ec5-8523-d6ea43d9a244,1769616121403
08d11ca1-7331-4b2d-904e-9c0d43af2d11,1769616121444
127edf84-1160-4e6f-9828-e5dad3088dae,1769616121730
0112b2cb-aae4-4d8e-94f6-948f8fcd794a,1769616121772
4ed3b882-e449-490b-9250-d6023d9e1d61,1769616121813
333113d6-9068-4eee-a7ee-f91579f27f91,1769616122402
743dfa6b-7a39-4b17-95b7-04338d4dbf63,1769616122443
541d0e37-2bc8-4fa2-ab0d-91ad140e5d98,1769616122486
c18f8a52-3f66-459f-8714-be6572eabdf2,1769616122527
49d722e7-7e97-412e-a6c3-16d9a1eab8d8,1769616122569
dd122b6f-1570-45a3-b0b4-6f4d464f3ec6,1769616122610
c6e1a4a0-e752-4a78-8bf2-b993b8b48b9d,1769616123406
ffaa0906-9563-410a-a048-4902abd218fc,1769616123448
a9896008-6a81-41b3-8257-02dcd2e7383e,1769616123490
5418c9eb-a67a-46f8-8e31-b45047acd87d,1769616123740
cf665395-cdc3-47e7-9bac-e9b43102d324,1769616123781
b9d052ca-9828-4ad3-85b2-82f0be12d799,1769616123823
277b9008-f8c5-477b-9a83-e2b2b397fd0b,1769616124444
73d99fed-09c5-4651-bb3e-358ed44aca16,1769616124485
9257ab82-0f33-4b66-995e-82289b28271f,1769616124528
94ff2d4b-0bb7-439c-8ce2-532f5765591c,1769616124569
8671823d-3f00-4628-8d1d-f3eb20becd6d,1769616124611
de95b328-0a9a-4c02-94ad-8835a393e82b,1769616124652
2aae6fe0-23b8-48b2-9d99-9656e8473723,1769616125450
f1b26eb2-cbbb-4944-a04b-03409d652317,1769616125492
db8985dc-9e57-44ad-a278-7e3c0c8cfc78,1769616125533
b4473938-79d9-45f1-a6f0-e37fe42f57bf,1769616125574
4bd2e9bb-1998-4e6a-976f-9747b5e03fd8,1769616125615
df99fffc-46e0-454c-89f9-5d7b6ffd79e1,1769616125656
4c169a42-7fc4-4f61-acce-9dd505ea7f1c,1769616126492
7353ee2d-d72e-4986-a8c9-e973fdebf4f7,1769616126533
7322645f-bc8a-413f-a7ff-266355d05348,1769616126575
802253bb-4665-4d73-8f56-57803cbe24df,1769616127517
8a8b90ef-f7ce-43bc-85da-ab8bcf8d4831,1769616127559
8b993b42-49f1-4a97-a5e7-5c77af4841a5,1769616127602
be9d361a-c005-418e-a600-69a640b7cc8a,1769616127644
91a140d6-2c46-44f7-8164-e48502eacab4,1769616127685
286e48c2-70b4-4ea2-bb96-2dfc432174b9,1769616127727
a685357a-79f4-47ba-84b9-bfce5da68d0f,1769616128626
ca8aee7c-ac1e-44b5-adc8-1f75caccdb20,1769616128667
94dc84cd-d7bd-4903-ac44-c6eacaf0d745,1769616128709
97903673-1d47-440e-ba98-1bb1bf1b0378,1769616128750
8894a5c0-c8fa-46a6-9d88-f7e4048ed07d,1769616128791
26d62567-af0e-47a7-9937-8d52574d6ebe,1769616128832
7d84d98d-1a76-44e4-a899-073dacdb8a6e,1769616129641
66922950-2f53-4b58-a525-187e076c4dda,1769616129682
2f22fe09-5252-47d8-8f00-14577b54161e,1769616129724
9f3ebc3d-6ef3-4294-b446-ecf9bb5b1a4d,1769616129765
daef895c-5bac-462f-b59c-73bdd24c1cb2,1769616129808
61d79544-b6f8-4a83-a5a0-a5a1cb861fd4,1769616129851
f4fe4c53-615b-4103-8fd9-04902c63f9b4,1769616130752
0cff952f-8cd4-4c79-b0c5-9df74caa930a,1769616130794
d1294a40-bc6a-4a14-b368-ca5ad8275e70,1769616130836
4c3410aa-66d1-4ff0-be01-9c23b14b71af,1769616130877
d37081d6-2001-46b5-bb8c-3fabdfa86771,1769616130918
3fb4e09c-b73a-4a11-ab4d-d4fee5630daf,1769616130960
ee5d62c6-9cff-4d32-a975-ad5b19c1859e,1769616131766
1b7b51dd-e32d-4ae1-9d27-56e7dc3c9b2b,1769616131808
45b570bf-724d-4097-8535-cb2d9bdfef96,1769616131850
690aff76-eefa-4b84-8b44-daaa80a06acd,1769616131892
67a2e4a1-6520-4bd7-9540-667bbea0577c,1769616131933
772943b4-7057-4a64-b00b-0f1d9d9018d3,1769616131975
0805e4b4-22db-439d-8fa1-57c341afac8c,1769616132016
50603a36-332e-470b-b2ee-aba91b6593ed,1769616132781
ada4b556-b9e0-4b9b-98bf-59ba97c895ae,1769616132822
f6a8184c-8f7d-45d6-b23e-8c45acc4396c,1769616132865
cbbd8bc9-2b9f-440e-a164-beebfdca25d2,1769616132944
b58d6034-03b2-421c-8742-ec11c7397d36,1769616132990
92103e86-e17a-4d24-ae39-7ff8bd03287a,1769616133808
2931a982-1f26-48a5-b9f8-c2f8c06ac856,1769616133849
abed90ab-d9f6-4afa-b09a-313d08b04221,1769616134099
c7505c31-19f6-4f75-b07a-1278a8eeb213,1769616134140
67cf3a94-4fb1-40aa-a9cf-4ff729ae5b41,1769616134181
8af9dab5-ce75-468f-82b3-e96e7d0299fc,1769616134827
a8659c55-bf12-4985-8662-bbd4ddc5e644,1769616134868
c06d5e28-2761-469d-9aa5-93535c4f0111,1769616134911
7eca364c-732b-466e-bf8e-4db7ba9c882a,1769616134953
7c4b3b00-e272-4939-800c-78c425a9e6f0,1769616134994
c150587c-b6e9-4e06-a5bd-c4f2eec73b4b,1769616135838
e0f4a878-fe84-4195-ae59-d1d22942a508,1769616136087
6e236133-0a27-417a-bd83-b1168d302938,1769616136129
16b77a8a-3986-4011-9f7f-ff54a77721a3,1769616136170
a4b4bc2e-422c-4bf8-bb5f-353260eb2f6d,1769616136914
e3ada936-c4a4-40c0-84a9-baa70288b298,1769616136962
3e0d9400-970c-4c24-8ec7-22a037f886c2,1769616137003
4244a987-4170-44ce-8c4c-965c449c6cd5,1769616137045
09096067-994d-4a83-80cf-814d739fb187,1769616137086
49da379c-78d8-4191-9e2e-c7c97fa0a4c3,1769616137127
9e87fc63-2ca2-4d4b-a926-24d4b92d7389,1769616137169
8635190d-5555-4d15-8ffa-2ef7de174f58,1769616137976
3dc8b30e-1219-4048-8b9e-ac84df1247ab,1769616138054
23844c32-73b3-4746-8284-0a989d78fea7,1769616138095
e008bb69-f6f4-487d-9823-bdd9e2d34c4c,1769616138137
24d4f8af-f457-477f-8abe-38bc09bb49f3,1769616138179
7d36e9fa-b019-4e52-a904-1b3c06e78855,1769616138988
87454c6e-8ba4-417b-9f53-47ca52024cdc,1769616139030
3943167b-08d9-4c05-9ca2-ba1848a7ad57,1769616139072
54a074f7-fb77-4ca7-a772-d72f6ecdf97a,1769616139125
8eeaeb1a-89ae-4c25-bb55-85c6f2629bd2,1769616139170
3118ca01-8b13-45ab-8e39-d432b8af1b0e,1769616139211
b16feb38-d99f-4f53-a32b-f9c32018d8ec,1769616139252
a1625135-c492-459e-8e04-df28c312ff64,1769616140027
60ceae2f-1595-40e6-9b7f-4fe12873500a,1769616140068
e40859ed-bf8c-461c-b5ee-4f73feaea263,1769616140110
e3284d46-dda6-44dd-b67a-acba2c781c8b,1769616140151
e5ded766-89f2-43a5-a4c0-32cb57bee2b9,1769616140192
74c5a4b2-c8fa-4065-80bc-9f53502abbd4,1769616140233
144543ff-872a-4f77-a3ad-bd60ff2518cf,1769616141030
c17c0541-ee0f-4556-9dbe-2900674dddfb,1769616141071
65bb80b0-7729-4514-9d43-a980bbb8156f,1769616141317
89e39ba2-5f0c-4e74-be18-3af4d7287bd4,1769616141358
c4723ece-8db1-4977-9821-8307a9f87f8b,1769616141400
f5f1473d-2352-4d4e-be58-0eff822a3fb6,1769616142041
4426b50c-a792-4247-8db3-85058bf741b6,1769616142083
bd8772f9-a5ee-42d3-9e3a-b9720efedecb,1769616142129
36dcd6f4-93d9-4078-955d-1372b03ae9c4,1769616142171
dd682216-f671-4265-9e6a-8e0c2c070782,1769616142213
d785e2d0-f03c-4425-ad0f-21c933fa3527,1769616143071
ce1b7ea3-5f65-49ea-803a-6b7569190598,1769616143113
6ef645c0-a125-4078-8bb7-54a60b76b36b,1769616143353
3b48859a-0cfb-419d-bf57-380d1d304efc,1769616143394
14843811-0688-4008-9568-8ff215f9bb7c,1769616143436
3c0f2b27-db07-416a-a752-5c5dc8777b10,1769616144091
28a7466e-f808-447b-80a6-45ce285ffc9f,1769616144132
4fcd9403-5556-4e05-8204-5ed92c4005b1,1769616144174
cb39c38d-f7a3-4298-8ba0-23681e78705b,1769616144216
595c1178-7662-42f4-9acc-48ff224ef893,1769616144257
9ffa4bf8-8d62-4830-bc0f-226caf30c42e,1769616145115
5166da01-cc8f-4a64-8de4-f83f9f971230,1769616145156
251f8b19-25fa-4b28-b048-b7ddc94f0c8a,1769616145209
def42825-9550-4f46-b69c-2efc09fb1f1c,1769616145406
3c44e235-5acd-460d-bc65-8059599c9ec2,1769616145447
158e4fb3-2fcf-4514-85bd-4db629f27704,1769616145488
5e23cbdb-96b3-4396-934c-07029c81af64,1769616146120
b94c6f62-41e8-46f3-96b0-b14732b9b960,1769616146162
054930c4-3cac-4c20-bcb4-9798d21172e9,1769616146203
071ca666-0ce9-4cde-a1c8-0c86e728158f,1769616146244
d5128f0e-fb6e-4448-9af0-6add4f4b55a2,1769616146286
560ce2c8-dda1-467c-8cb6-bbdb3c42a9e8,1769616146327
85873035-4862-4c29-8f4f-1a59073a161d,1769616147178
776ead33-6ea5-453b-bf97-1c5c81e99946,1769616147219
c594dc15-febc-4d87-9f28-8a728e6ab975,1769616147260
a9d92dac-8de3-4bdb-8325-9089e6b8c71b,1769616147302
f57c6908-625a-4260-b99a-7565b6db0395,1769616147344
58c2f902-6899-440f-a601-01900aa0cbd0,1769616148174
0fc08196-0f72-4de8-915c-e3fda0de19c7,1769616148244
32c8b0f8-da2c-4959-9fd3-8f631a07936e,1769616148296
3afe8a49-45af-4bfc-a022-2763097eb7f1,1769616148338
61f616b5-3322-494a-8693-3aa40ed7324c,1769616148379
070bf956-b79e-4b26-b099-134d971357d0,1769616148421
d7ab6cfd-0a5d-4154-b944-820b05cdd195,1769616149197
5804951a-2887-415b-b36d-e6f84b177079,1769616149238
3aa58131-947b-4cb7-817c-c0ea7bf7ba1f,1769616149279
1ab680be-e30c-42cd-8795-d4382c5000e8,1769616149321
629e064b-cfa0-42b4-9f24-97312f7a542f,1769616149363
a66486bc-5edd-40d2-9cad-c3770490323d,1769616149404
6a3b11fc-e7b4-4a56-9f74-19ca76dd07db,1769616150201
75fb1743-3656-49e2-9f50-827e75d9c102,1769616150243
f24aa1c1-e9bb-46a2-9f3b-4679bda41a1f,1769616150284
5e219ea2-5cb6-4bf8-91d6-7f4be69471c7,1769616150326
e556ee5b-5600-4fbb-8f89-1158e87d8689,1769616150368
c59a56a4-6ecd-43a5-b7e4-0dfa90f08493,1769616150409
e346a43e-5fb9-48e7-bd90-9dbc89a40a07,1769616151226
f39f53b7-8150-47f0-aa7f-5f8852a33a98,1769616151268
cdf3a8a6-4ddc-4034-83a6-7d08a6c1cad7,1769616151309
eddcb256-4df6-47ea-a870-2307c19a06c0,1769616151351
dc816737-4de5-4a77-a722-2325817c54ce,1769616151392
10f1c72a-ada2-439e-addd-02b8a77b5799,1769616151433
34e2ec6e-dbc8-4d10-b9d1-4c87843e334e,1769616152251
1826d672-ea6a-46e6-9793-1214119d18d9,1769616152292
ef5c4f9e-dc9e-4d66-99f4-5684c2ba7d2a,1769616152334
51f60687-9dce-4f5e-b8a8-b8da5ff8b638,1769616152376
707bebfd-1597-4459-a28e-ae41cf0fdf17,1769616152417
c94e2f7d-93b2-47b0-862d-759d7ff8692b,1769616152458
6ebb1a50-9c15-456c-aa3c-cd9ba5ea41b8,1769616153278
45896054-31e6-4fec-bfe5-4b757f5bd92b,1769616153319
384f00a5-5640-4396-bee9-6c7e0bbad4c8,1769616153455
ea512a86-ff4d-4ab8-8b57-550fd4462101,1769616153501
9bb2cd42-aa3e-4d34-9be0-fc05bc025343,1769616153544
3a78c51e-4c7e-40e9-9b4f-3543c07d0ad7,1769616153586
ad03f1e0-0cae-471b-9bf9-e4cf7e6a7793,1769616182038
773501eb-2ea3-427a-a792-9efa84c0663e,1769616182080
434d670a-f2d6-445f-9974-ec933d3728b4,1769616182121
279064e6-8a35-4951-a004-77869a6f1016,1769616182527
df9fe8b2-aa03-498d-9ebe-5e1250a4d8e0,1769616182570
1c20f1ed-90dc-4572-82a8-f805b7c86b0f,1769616182611
2c86386b-fc80-46d7-9ed4-d4fa0c102ae5,1769616182652
b81c5781-2ace-431c-be0f-6a566d6371aa,1769616182901
f080a4b4-04cc-4afe-ade2-2c4b42435138,1769616182942
79117242-2349-4bce-8a68-e59789b40abd,1769616182989
ec5faf62-8e1e-4f34-bddc-e7ff829724dd,1769616183031
d643a29d-935c-4685-b6cc-b78e75ac9dcc,1769616183074
896c6ea3-5a02-439e-9c36-0a7b9eeb58cb,1769616183152
24dac6be-e1ab-4748-aa14-9065f0f9ec21,1769616183205
b249bd1a-70f2-416a-a519-fe6b61f21b98,1769616183253
e7fd2a4e-132f-46cc-b106-f33672ed616d,1769616183298
bac3478a-aff6-4b8b-a284-af8d38a5abaf,1769616183340
6eeb15f8-5804-41f4-892a-1eb5ae65d92e,1769616183384
7e27e0f4-3268-44e5-8710-c14c6455c682,1769616183633
b3547c85-ffaf-48fe-bbd5-734c24863420,1769616183676
f6e6e3f6-0b33-459b-9dd3-17797b25fb73,1769616183723
bd9eb5b1-be86-4180-9c96-39f8a982d92f,1769616183767
ebb6cd8f-4f16-44b6-9943-f71786337ed2,1769616183808
78003cee-cdb9-4e5a-b655-cebb724f870c,1769616184058
c02fd501-346b-407c-b529-f770aa91638b,1769616184100
7c6e5ee8-4608-43b6-b10a-f54f555d7c77,1769616184170
b322500f-d167-4a23-bd84-9c9a2cc10978,1769616184214
f59a3bf8-7191-46b6-bd5e-fc0aae35dbc5,1769616184257
854b011f-f6ba-4e8a-bf2f-29b8f47a99fb,1769616184299
6fe8bdd0-ae35-4089-a209-001e457b14e3,1769616184341
e873af7f-5a62-4422-bfa9-90229f7b0eaf,1769616184383
6fd40399-98f4-4cc4-8295-277eaa183d1a,1769616184425
096f5f38-be78-4024-aef7-2ec7b3bf0a2f,1769616184466
6ff18bb9-a854-422d-ace4-98bd069f70e1,1769616184507
646c3301-a7c1-4985-aba0-72f113949769,1769616185265
e5044576-856f-41ac-af8d-339a7468c096,1769616185508
6c842c8c-8ece-481a-8de4-5510be31e404,1769616185550
cc95a5aa-c093-449a-af37-89ceb04779fb,1769616185591
6e7d1fad-b37c-45e8-b62a-617de32877a0,1769616186276
6d92c63f-4563-4d08-b268-3c472d4b16ee,1769616186318
c842e14c-0332-427e-8824-bcb7c3b60390,1769616186360
56317ae9-f299-45fd-b191-0cf191494522,1769616186402
f73e5232-ee40-4aa5-b7ed-40a0c3e72d25,1769616186446
a8d14aed-655a-417a-857d-5d0e6ded912f,1769616186491
8f2e3f36-09f6-4224-ae35-102be5201b04,1769616186535
88120fe9-26b5-4237-b0bc-4cece8770c95,1769616186579
20a7437c-fd1f-4fd4-ad60-d5d27ee7bf07,1769616187276
d5a69163-f44d-47c1-a8ab-68877241ad37,1769616187318
15ae73ab-d6c3-4502-aee0-9faf8c0f46ac,1769616187360
b12090af-83a3-4689-b48b-eeede3f91aca,1769616187401
e029137b-1ebd-4d1f-a9cc-1bf60d90394a,1769616187442
b75748e6-ad70-4eb6-b2b2-a30b4523ccf4,1769616187483
c8f3c884-ec31-4c20-b851-23c987f680fb,1769616188281
41150613-fb4f-467b-8d53-96cf576ffb72,1769616188323
14a48c84-34ab-4f1a-912b-3f8850f03856,1769616188366
16c80d78-a24b-45c7-9761-7aad890ee423,1769616188408
a75252d8-8275-42db-bf3f-a6867bdbad11,1769616188449
3cae8aaa-4439-4d99-a3f9-07ef7077b00b,1769616188491
083e425b-7968-48d5-8385-0c9c4463bd78,1769616189292
08db25a7-b3a6-4076-b7bf-0986ea3f1db5,1769616189358
c6196f8d-40c8-416b-8cba-9703c2b832ca,1769616189414
278b4624-f121-4bc3-881a-1e40c0df50ff,1769616189456
2b0821ac-ac38-40c3-9d4e-30d3d8f45521,1769616189499
17de5a8c-ddb2-4279-a9a7-9d35d2316524,1769616189540
deda3c2c-30b4-4ae4-83f9-2a92c8d59d6d,1769616190325
acff69c0-8ffa-4be9-bdb1-a9b1fa3aac98,1769616190367
3bc2c138-a110-46a9-b035-2e5b21c7c2d0,1769616190411
dba3e09f-7f7a-4651-830f-5ce5f3fb2454,1769616190453
8d22e15e-da22-4722-b9f5-ab9706cfc6fe,1769616190495
8d6b199a-5fef-4a58-91af-00039b54f9ce,1769616190536
cf0a3e29-3f40-4208-9488-f26f44b3c7d4,1769616191342
aa65d9c1-385e-4a3d-8352-3cbdcc72bd82,1769616191384
4678bdf1-8328-419b-9132-8350484373f1,1769616191425
7653e0ba-8d34-4fe9-9b02-c4d693d4d579,1769616191467
98643fd9-ba03-4d1d-84b8-1c427b35e138,1769616191508
c09972f6-cc59-4f61-ac31-cb6b0dfd44a4,1769616191549
0143b4f8-473c-4a08-a868-3fd20205af1d,1769616192371
c94d477f-1b03-4f9e-bc62-e05cb03019a7,1769616192412
9e334756-de0a-40ca-b83e-4f6fdbac3d4c,1769616192453
bb90dfb1-ba89-40f6-848d-8557736d47ae,1769616192510
545ba0fc-95fc-4df2-86a9-d2e88ef4308a,1769616192562
89afcd38-1bcb-4351-a819-5bcb0bfa8545,1769616192607
b6d9104d-b310-4c39-b66f-a07fbd64b525,1769616193402
8ccfc05e-419d-405c-8f3e-3a3ee8734fb3,1769616193443
8ea4a3ef-aa45-4a38-aa60-68a0a620c623,1769616193485
2bc42818-0f7c-466c-ba37-411ebcbf3464,1769616193527
efffc791-a2b3-4a08-bf70-10817114d70b,1769616193570
d22dd8b8-b8f0-441e-9950-97b26410d332,1769616193611
847e6d04-a8a2-4b10-ac7e-153c251e607e,1769616194398
408b34e4-26ec-43d8-b281-f685cb98bab6,1769616194440
8f40fd0d-42c3-4df4-8f5c-818b7126e284,1769616194482
4a169a6b-70a7-48bc-8740-3cc39a723874,1769616194533
1e7a879b-0aa9-4e43-87e0-c7cdf29ec361,1769616194575
f73c1e2e-ff0a-48e5-a9fd-b6c913c67821,1769616194616
61d33c82-a76d-430f-b449-93e1ca49d961,1769616195413
75a3de9e-1dc0-4b39-88e9-f672c47651f3,1769616195455
19641fd5-a474-45a6-9af4-30fc6493e7db,1769616195497
876539bf-84e0-480a-a393-9f6a41b1b7d8,1769616195540
ac21750c-7a2d-4f82-91ae-2c77dfbee01d,1769616195581
6a8f6a8e-cdfc-4fae-8fbb-ff58ebae2310,1769616195625
645169cc-8cea-4dd2-ae65-0e44cb5da582,1769616196479
f816be0b-16c1-48bb-8204-b2ac5febad2b,1769616196520
5b703252-c5ae-43ad-8599-ed85382963f1,1769616196562
2ec64e21-8532-4f6f-b0b4-2fea4b3000e3,1769616196604
b5b5b9e5-2b03-4400-95f8-5e61751bb0aa,1769616196645
b3ece050-c689-4508-a7f5-cff0549592db,1769616197494
00865cd9-473a-4508-a150-2058e22a49e9,1769616197540
eb9737cc-e559-4629-8a6e-d620e3f29f1a,1769616197858
637960a9-a193-49b4-86e6-34173078a488,1769616197900
fb8defc1-8657-4050-b604-13add7d3db38,1769616197941
d5aed02f-e03f-4da0-b140-6e20e5fb0879,1769616198604
b086c7ae-e04a-4bbe-a49f-0a993dc6d0f0,1769616198645
c5db8939-e733-4f2e-b909-2fc13076b975,1769616198687
3e1feec2-5cd2-4418-860f-12504e9c9539,1769616198729
e97b4e64-47e1-4362-a4a6-44e9e158b587,1769616198771
51f6cd97-6699-40f0-b6dc-98f7ee7c1b6c,1769616198812
89f04bd4-7a22-460b-92bb-793fc9e99667,1769616199632
564b7b54-51f5-41d2-8df5-c3a6db6e14b9,1769616199674
a5fc12cf-1612-4a51-ab1c-cb34d008f088,1769616199715
4201cd02-56e2-42d1-891a-feb72286828e,1769616199756
a9dbceae-d29f-4bfa-bb7c-b47dffae682b,1769616199797
8cd541ba-1bbe-45c4-be91-dcae2c1d0e65,1769616199839
9055c53f-2275-4208-aca9-1653b71cb2f4,1769616200636
02e988ef-9d55-459c-a5bc-d11be573c06b,1769616200677
d4c46231-7caa-406e-a3ec-5101ac0347d0,1769616200718
6951cec0-1b46-41bb-a35c-e63d71b2752e,1769616200964
4a7ac106-8e03-47ae-9cbc-aff9339e7255,1769616201006
7f988db6-9e22-46e4-b9f2-1fb9602d0aeb,1769616201048
b9117c47-73a6-4c7b-bc0b-d9e885094f22,1769616201671
b082e2c1-959b-4507-b136-689c4299abaa,1769616201712
d08afa85-ad6a-43f9-ba92-8bfd3ac02e01,1769616201761
6cd6b43b-9a32-4c4c-90eb-cad5eee0978a,1769616201802
fd3fc676-9a0c-48ad-9d5f-837deec0ff95,1769616201844
3fcfeab0-3c50-42dd-9ee4-46079bdcf409,1769616201885
e6e3b75d-d7d5-480d-b0a5-a44a92a77e1a,1769616202704
b504b2a5-c23b-431a-ad91-bc478aed964c,1769616202746
e83ffc75-48a4-40c1-8448-e8801e321c60,1769616202788
870476cf-df8f-4079-bff9-1a5d6cc89209,1769616202829
5b771060-a5fa-4151-b2d7-4d10ddf6fd47,1769616202871
51ead778-b472-4167-b9bd-dede586f6ee9,1769616202952
2e670c30-0aa7-47c3-bd33-6dbcac74d67b,1769616202996
7f69b72f-7345-4728-9538-54b8a21e2112,1769616203739
cb8c3f54-6b34-4dcf-8642-a70d12fdf9e0,1769616203784
3ebc5a52-bc06-469c-ba2e-d82a5d3fb37b,1769616203827
ac71a16f-e889-495a-8af0-60ff5b9b3040,1769616203868
e998fbfd-bac9-4124-bee6-0768d581d6cb,1769616203910
721797e9-c624-474d-ba07-4e658f4c2fa9,1769616204732
137b8f86-ed91-4d1b-b501-09106d380a83,1769616204774
f062d290-01a5-448f-bd7c-f3dbfce38849,1769616204815
da713863-770e-420a-850c-62428526bf9e,1769616204857
b2cbcebe-8b52-4528-a126-5f183f5f7c49,1769616204899
e9094b71-5cb5-4435-afdc-73325fb17651,1769616204940
d7a34768-9ea6-4b6d-b0f8-9ec800a0e279,1769616205777
32840580-9a84-4ec0-af70-ed6ead5d2fef,1769616205820
b15cbc10-10f3-4a7c-acb2-cf09d606f8e7,1769616205862
cc85b731-3dd1-47fe-9098-22637d5a0544,1769616205903
a61ff111-e7fe-457d-8535-8c42a3eebdff,1769616205944
cf9c48ba-1744-42ac-b1f5-8ba47025946a,1769616206800
5ddf7520-e8c0-4f92-bfc5-1494dc3ad1be,1769616207089
ae08453b-1ff9-43e3-9299-e0f5d8d51f60,1769616207136
d3e20e95-7255-4aee-98ce-863f9e02ecb5,1769616207180
5298abcc-60ba-4b3e-adf3-866e780a1c5b,1769616207812
a932a0ad-bd94-4215-829d-2c6a1c47d2e1,1769616207854
050535cd-5e7c-49df-a225-26e71e7755d3,1769616207896
188a3ab3-ed11-4ecf-b6f3-5f2314dbbe6e,1769616207941
819618e7-01b7-4df4-964d-cdf71936b978,1769616207982
d6501715-5031-44b6-b475-f93cd7919ab9,1769616208860
bcdfc259-5de5-4d35-9da9-0a151de2ab4d,1769616208922
36b37c22-0ea1-4517-adf0-3143c4a5ae48,1769616208964
501206c8-9ea6-4f57-8175-480c955261e5,1769616209009
df23d0b5-db19-4444-a529-4d66e4f6d9f5,1769616209050
1bd4243f-089e-4e97-adfa-aba4fc33b8c2,1769616209091
5a4ae1d2-2606-4762-bd83-8661e63dce7d,1769616209133
41e1b542-5edb-49f6-a032-2695abd32c01,1769616209859
bfc2a6f0-0722-414f-9257-da3c2877e9ab,1769616209933
2c6a28aa-e68f-473d-9049-4b02d13a816e,1769616210058
ec9a4478-16a2-4801-8c64-eb72bdeb6e2a,1769616210100
1c465a47-f319-4aed-9e47-4163cd76542f,1769616210141
e0fc593f-02a8-4200-a92b-d0be3f43c4fa,1769616210909
6deeb022-49df-4c54-9881-ca5551aa7444,1769616210952
772da39f-5de9-4cf1-8047-81390e4fc9c3,1769616210994
94e968e2-4b3e-4968-b523-96d8b987c692,1769616211035
636ffab8-e204-49ed-8c66-3137d7df8982,1769616211076
9824258a-c249-48fb-970d-d4f6cfc567dd,1769616211118
0badcb0b-cb18-48e9-b96e-dd19d17b248c,1769616211936
47de6150-8b33-411e-8393-0ea9cde51bc4,1769616211977
8c21ae86-a155-4158-818a-49552c747fa4,1769616212019
58780a12-1c48-440f-a70c-73c8f552faf9,1769616212061
f29b130b-b909-44c4-a59b-fdac149fed71,1769616212102
b869b9fb-9b8a-4881-9825-d43101b847d4,1769616212189
92ef8b3d-59a5-4008-80f7-c845cb74ccee,1769616212949
938ce38d-eeb1-44f6-bc96-c639175efc17,1769616212991
1384cbd2-b129-480c-8a47-b2dae7f95502,1769616213033
7ed3fb0b-7c1b-4409-bb50-5bdd3a2d8143,1769616213074
a2794161-0ae2-47da-86da-0f425e9afe25,1769616213116
909f56b6-cafb-4e45-831f-d79fb36aa099,1769616213158
65870a76-d23e-48e2-87fd-0e3b9ddae000,1769616213980
09cc66fc-269c-44b7-a2b2-93711db84fdf,1769616214022
27dbc645-bd1b-4291-91b7-336ef702998a,1769616214063
b82e2ed1-1939-4da4-93e9-a7e539a25d70,1769616214106
63e02f97-cee5-4679-ba44-c332b6081ab4,1769616214147
c0cab150-1bb9-44b1-b617-439a3f4a90af,1769616214191
9d16ab95-d8c1-4a2f-b0b9-e5da3d2f25e6,1769616214233
3005f11b-6006-49c4-b992-d96797c0cb4a,1769616215050
087af999-5c3d-4027-be92-17db491dac0e,1769616215091
10e5203f-bf4b-484a-92e0-b58e73b63574,1769616215132
aae9f3e6-be76-42a7-8c91-a20be48a05f8,1769616215174
d04c7fe3-7e0a-4ca4-9899-066a82b443ce,1769616215252
fa3b1889-f1e7-4d3b-b3c1-4411d4aec610,1769616215296
525fc308-0f99-434f-a3e2-4782f167ed0f,1769616216164
4854acf7-e1c7-454e-8edc-71f2785ebb95,1769616216209
b83b916a-79da-4bd1-843f-5ba903c094c8,1769616216250
718ae604-0efa-4a05-9c49-a798e9cb2a7c,1769616216291
867ec7d1-06af-4bd2-b754-6e3558b2fa60,1769616216332
b798b916-6b7d-44bf-9edf-39155a74ab5b,1769616216373
2a742939-a075-4ed9-b021-7f00e24b7f20,1769616217161
252d4f15-b56f-4968-9fe5-482ad3fcb8ee,1769616217203
eab065cf-4792-494d-9323-f3172c5bcb96,1769616217249
3fe39c14-a4e6-4770-b8ef-4653d30136e9,1769616217293
bcba8a12-1551-4913-a935-12454b1bf028,1769616217335
048721c6-3e36-447d-9299-7e16ccfce7b4,1769616217377
22bd0a84-f95a-4591-837e-a6a57b5ec2f4,1769616217418
f841cf3d-103d-4973-a75c-cccfd4e60b70,1769616218174
9be33db5-bcdd-4a84-8300-5840467803ee,1769616218216
a0172ac3-a82c-4e1a-a05a-127e6e99a5b3,1769616218331
4dfcf456-e356-41e7-9bde-443d8886df60,1769616218372
98fd3e21-9c5f-4e91-91cc-7096bf0f0a35,1769616218413
d61ce697-e927-4663-8cf4-7b6c4d24a066,1769616218454
bae1d437-40fb-4dbd-8f2b-f94b1e2920ac,1769616219241
36a44603-1a02-4340-9ae7-e9b7a0ea4081,1769616219282
c9d23bf6-2a80-44b7-b5e4-f3b287d97178,1769616219324
65d1ee98-7af7-4c85-b653-56e2c6b37864,1769616219366
ca950d4e-9818-486e-b69c-08518ed397f9,1769616219407
39f5d2c7-c91c-4144-9ac5-6e932b590595,1769616219448
61f70cdc-c705-4efe-b2fa-bf3a4244b87e,1769616220340
7bbb9bf4-d599-4a22-9df3-d53c4856c632,1769616220382
b8d74f5a-49f8-449e-9373-04787196fa6e,1769616220425
6dfaacff-04bf-42fa-8771-7c1b989b7b76,1769616220466
d5c740f6-d20e-4e89-b3a9-3d6ca1ff4b0d,1769616220508
cc863407-71a5-4416-9aa7-63ebfe9db2cd,1769616221348
d40963b3-bad2-4838-a12f-6347d49df57b,1769616221414
64e30e25-1ebc-49f4-8ab6-f42c21649cfa,1769616221480
3c956625-5223-4089-9e7c-db47e9c70c64,1769616221522
fb14c1f6-7d80-49d6-9ac9-02a94d91be0f,1769616221564
e734f6d5-f7c9-445d-aedf-217818a4aec8,1769616222361
8523e5c3-13f9-4a4d-b36a-f53f82364fd0,1769616222402
0755df5c-d87f-4833-96cb-050033180411,1769616222444
845a252f-f40f-4cd4-86b2-e918f9a62516,1769616222485
b5f8e67f-5e72-4a1e-9f7e-4ac747157599,1769616222526
15387f16-55b7-4175-b828-c5275e805695,1769616222568
15ff6531-3618-45fa-943c-406013a41de3,1769616222609
f27828dd-a359-4848-afb4-85270298cc0d,1769616223469
f6ef2aee-bb91-4c7f-a8a3-d8a97aa44c9c,1769616223511
bdc99bf1-8484-412f-9f70-3933cd80e686,1769616223552
c16e3d5a-a278-45a9-93b8-0e4640f5b910,1769616223594
af95b80d-b323-4775-b9c0-33a50204a4a0,1769616223635
11a67786-a338-442d-9d4c-453d668f2aaa,1769616223676
34c8e1c0-d620-425a-b89a-8aab14e29e31,1769616224473
fec8a067-3d5d-4018-b5c4-ee1ec1b3fa87,1769616224514
7b3b72fa-72ae-4bee-bc58-6f672f2b1123,1769616224556
a94ae428-05a0-42fa-8f3c-93f2ef7d388f,1769616224597
6b3bbe59-9ae0-41d4-94ab-2e5801f6eb91,1769616224639
2eb26810-b089-41b9-97e8-61654157a39d,1769616224697
16260ea2-63ff-4718-928b-c45341f37c40,1769616224741
784b422e-3354-45c0-abcd-96e18851b4b8,1769616225508
30fcfe6c-4ad2-4151-bad6-6fc295ee090c,1769616225550
9ba77478-1c4e-4026-8074-14ac6a1c8264,1769616225797
b967d23b-49a6-44a2-b66b-6f9d8ba6614a,1769616225841
b47efa21-95ae-4593-b5cf-7ae619d8f087,1769616225883
33248eec-7941-4d30-a60f-fdc9d3f4c5d3,1769616226547
10caf206-7143-41bb-8727-b94c3581b5de,1769616226590
bcd55ac1-8801-4e9c-8db0-8b8b3443eea2,1769616226631
69f6993a-5313-47cf-8c38-4a47ca089a37,1769616226673
23cc20ac-b081-4e78-8f8b-be8ba88b79ab,1769616226714
f13ac949-4104-47d1-bb5f-f4b5204f8bd0,1769616226755
0f1641cd-ca9e-4dd7-91c4-64eddd98a00a,1769616226797
9a630d27-ce44-4567-9410-258aadaf62e5,1769616226838
315c91c3-cc6b-4edb-97a6-3fc0adad5b76,1769616227559
5d82f40c-f753-44c4-a066-f9e5b2c38d44,1769616227601
c274d68e-5eb6-47a7-a17e-30ecf8934f1c,1769616227643
fb2ffa5a-e0bd-42e1-9423-3913cb053593,1769616227684
664cbb52-f1b0-4019-81c6-b2069db0e644,1769616227730
35bf09fb-0979-405a-9814-e54b2c352e55,1769616227772
0ff271ff-34b4-4a18-8c66-51aa8917b883,1769616228582
7cf0066e-f5c1-4c29-9e51-0419cb69f7d3,1769616228661
7f1214aa-3641-4407-943b-58ed4afb2c17,1769616228736
a9b7695a-6ff6-4597-b691-72ac127cde00,1769616228783
b307c957-9585-4beb-be90-fc83aca8fa83,1769616228824
61113e92-c6cc-4bde-8342-ec1a48686881,1769616228866
1b16e013-1461-4fa3-a840-de0d671e1731,1769616229642
d55fb3c3-9293-4fa6-b587-506361602fa6,1769616229684
76dbd0ba-4180-4a52-92df-835c91565b63,1769616229725
2c2fb6fa-c5a3-4be4-80ee-49d5fddad8c8,1769616229767
a71eae3a-2608-4b93-9b0a-9d3eb54b9aed,1769616229808
f8c50a87-284a-42c3-ab54-81191691a27c,1769616229849
9d1b2617-2eba-4d50-81ff-b3474d7135b7,1769616229891
7d1bc92a-0d52-419f-a585-49dd91b2b3b2,1769616230721
53a35516-cdf8-4ebe-8254-7b2c195e7a17,1769616230762
8cd47c00-5e1e-4d35-aa69-758c7d011222,1769616230805
2f28b63a-514c-4af4-ae70-37d2c490d257,1769616230846
9d7d20f7-a6c2-4109-9d0b-1eb3e2080ebe,1769616230888
1dc96eb3-25df-4104-ae6f-70d65dabe256,1769616230963
f626df8e-f1af-4ede-92c2-b933102ce433,1769616231823
c6e32d1d-ec89-41cd-820d-f60932810bbb,1769616231865
07128719-10f6-401e-8c6e-370cbc699a6e,1769616231906
28afbd62-c77c-4fb2-8f39-42cb1f4ec356,1769616231950
2a0f42c0-6df3-49f1-a523-3a81a2885f6e,1769616231993
dbd4a307-181a-4c3c-ad9a-266e9d946135,1769616232034
67305cc3-23c2-470c-84ae-1b4105c082bf,1769616232821
a10a39da-8337-47c2-99f7-56616c43d368,1769616232862
c5b40cdf-3673-4787-8a19-8d2f7a56534c,1769616232903
effa73d6-e290-487a-9abc-6d3589766fcc,1769616232945
d39716dd-c3e9-4f4c-81c5-8d6309e66b98,1769616232987
8163643c-55ee-4d5a-84eb-3604d883c62a,1769616233028
9cbb7238-2baf-41e9-911a-4b5f8bdec2c7,1769616233858
83d91e7d-7103-4a6f-baf8-1d437bfd0d91,1769616233899
91b14f63-53f0-4363-9b10-4bea9387d25a,1769616233940
06a2ffea-1cf0-4c00-9844-0697e65644e8,1769616233985
3a52ea23-d057-4751-9cfb-ceb667b1541c,1769616234026
2979e004-a03f-4ffe-9310-bbe31903e10a,1769616234067
549c10e6-9611-4be1-81f4-504e62c3b010,1769616234877
2fde1c24-c499-4206-aee8-1ede946c7725,1769616234919
cf7078ca-7e3e-4b57-aeee-51b948f4e403,1769616234960
81b1168f-3b67-450d-8e81-9cfc491a8274,1769616235002
d2773b2a-1ccc-4090-88ae-19438e1f139a,1769616235044
5670c203-ae5a-465a-a49f-bce76ac432ea,1769616235085
ba9d36ca-8f5e-46ba-adb3-73e637690859,1769616235893
cedbb0d4-3a3e-47e4-842b-4686c704f42c,1769616235934
30ddf9ed-d02f-413d-88e1-a5cfcfc9179e,1769616235976
7ddc5d5a-abc7-447a-93c8-cb2714407fce,1769616236018
a2d7fb6e-269e-4100-ad8d-4da0b7808c06,1769616236059
16ca65e5-ca2d-4244-9bec-d2db53f4e583,1769616236101
4252c43d-e49a-4c8b-a230-e6a93154927d,1769616236142
39433873-73e5-437d-877c-c86e5d23e808,1769616237002
b57af436-032e-450a-81da-68867e721203,1769616237043
4ea399f8-905b-44dc-83d2-27e83898ce80,1769616237084
d470b0ce-d6e3-4dca-8b87-71da6990d349,1769616237126
665b7563-bd99-4bcd-91a4-e6e27471ed1b,1769616237167
433b391d-d3e4-4fc6-8f32-e6e8a1160ba6,1769616237208
3da4a1cf-9dce-4ba1-be6d-663556dbb257,1769616238017
efd2d71e-d563-4c6b-aab6-d17f1b3efee8,1769616238082
16c15c09-502a-439e-9e03-1be3ed61e2af,1769616238137
daa4d2f5-5b14-4909-b076-56cae39e402a,1769616238179
80ea5840-5350-473f-b041-3b8a1ac6812f,1769616238220
aebac06d-370e-4e86-8875-a94b04025b18,1769616238262
bbcde50a-789d-49c7-92d5-63d13e825d2b,1769616239134
190e7514-ea6d-4b18-bb3f-ba3ea69d591b,1769616239175
bc3a79f2-877e-4d55-a74f-6632dd83f56a,1769616239217
8b3fafaa-6b9c-49a7-800d-0616b7373829,1769616239258
4e2d1324-08af-493b-8091-2266cd4fee53,1769616239300
20a5d54d-158e-404c-ba09-17fd5b61e2a6,1769616239341
34d0d2bb-2c13-4a14-992c-af4bea66b558,1769616240202
77ba3412-a028-4e05-af49-dca6fa62d32e,1769616240243
b2118cc2-6aeb-4a6e-8cbd-0432c9f6baa1,1769616240284
d3b9df60-e4d4-4f95-bc46-6e9989d77f30,1769616240338
f6bf2562-e73a-42f6-95c8-98d873335e4c,1769616240413
4c8638ef-1c6a-45cc-a046-13805eedd624,1769616240454
45168c77-0259-4283-b736-4cdc43ef41fe,1769616241264
2ea984d7-4dfa-42d5-bc90-5db36a951b32,1769616241305
c1f1c9cf-813b-4446-823c-18ca0d9191e7,1769616241347
4db8c57c-3e6e-4407-a51c-67c845aa1dca,1769616241400
c11d4d12-2ff4-451c-a9b4-3a32c64f7d60,1769616241463
da6fc22f-4681-4c90-ab59-d691b96ee137,1769616241506
6954c484-dcf7-4292-a860-7f58be3db441,1769616242301
e6b6abb3-23e7-4e76-9aa9-d1275dd49f87,1769616242372
ebf24e92-24ca-4590-863f-b7d6cbb3dad4,1769616242467
02d5cd6a-a24d-4722-ad77-8df303794228,1769616242516
c77bbda0-1bdc-421d-8528-c2905c23c980,1769616242573
79a89a4f-20ae-48ef-9216-b29e21233761,1769616243296
b72eb30d-1e21-4464-8a9c-1acad513906f,1769616243339
e5bb3062-2b2d-4dc8-8961-e1c70afa4bf8,1769616243380
1eab477f-5599-4162-93db-89a74b45a86c,1769616243422
d792375a-2a7b-4fc5-a172-27a452e1abc1,1769616243463
438ca93f-3328-4e48-992a-1755758de91f,1769616243505
d61dda8f-6d8c-4695-9514-157cd3808929,1769616244405
4f0ac33f-b4b3-4208-a67e-bfcc1bd81b78,1769616244446
64a2a92e-2992-434a-8867-b6ebc532fadc,1769616244487
61eed660-dc61-4bf0-964b-515aaabb3a50,1769616244563
6d07e69b-d5ed-4768-b377-5fcbdba891d9,1769616244608
9aeaa6cd-37f5-4a8b-b076-79c9aab891e9,1769616244650
