msg_id,device_id,msg_type,t_sensor_ms,t_pc_rx_ms,t_proc_start_ms,t_proc_end_ms,t_db_enqueue_ms,t_dashboard_emit_ms,deadline_ms,avi_ms,notes
e523342c-c52c-4d5b-a9ab-e69a33247c17,esp32-01,telemetry,1769615650984,1769615651340,1769615651340,1769615651340,1769615651340,1769615651340,300,5000,ok
de2c1745-f4a0-4765-a4ad-0c0328a4eb30,esp32-02,alarm,1769615650984,1769615651341,1769615651341,1769615651341,1769615651341,1769615651341,150,10000,alarm_type
3df0c7a5-3c63-45f9-adbd-41551d7edeb8,esp32-02,telemetry,1769615651004,1769615651341,1769615651342,1769615651342,1769615651342,1769615651342,300,5000,ok
db8f4a3e-1bed-45ec-a6ab-a91d37f62d6c,esp32-03,telemetry,1769615651023,1769615651341,1769615651343,1769615651343,1769615651343,1769615651343,300,5000,ok
9bc677c7-4d12-42c0-b867-6862d7c643ac,esp32-01,telemetry,1769615651043,1769615651341,1769615651351,1769615651351,1769615651351,1769615651351,300,5000,ok
f4309834-5470-48ba-a60d-dc22d1426822,esp32-02,telemetry,1769615651064,1769615651341,1769615651351,1769615651351,1769615651351,1769615651351,300,5000,ok
54700b3c-e2c6-4a7e-81ee-e9ddb0a150fe,esp32-03,telemetry,1769615651084,1769615651342,1769615651352,1769615651352,1769615651352,1769615651352,300,5000,ok
5dbc66c9-2187-4392-8c3c-3f33ba2ac2a9,esp32-01,telemetry,1769615651103,1769615651400,1769615651400,1769615651400,1769615651400,1769615651400,300,5000,ok
da5de95c-7f1e-443e-8ba1-6d950c64145c,esp32-02,telemetry,1769615651123,1769615651400,1769615651401,1769615651401,1769615651401,1769615651401,300,5000,ok
20d6503b-6c62-47f5-a3e4-6f3b659a3fee,esp32-03,telemetry,1769615651143,1769615651400,1769615651401,1769615651401,1769615651401,1769615651401,300,5000,ok
d69652f4-9286-452c-b213-fa4cbd95ba10,esp32-02,telemetry,1769615651968,1769615652229,1769615652229,1769615652229,1769615652229,1769615652229,300,5000,ok
cac48fca-d388-4a94-9be6-6fbfd43d5655,esp32-03,telemetry,1769615651987,1769615652229,1769615652229,1769615652229,1769615652229,1769615652229,300,5000,ok
4fa11d22-69a3-448e-acd4-e3fcc4cc31b6,esp32-01,telemetry,1769615652007,1769615652229,1769615652230,1769615652230,1769615652230,1769615652230,300,5000,ok
784fcea8-50ae-4314-a2d9-61f3241b36c4,esp32-02,telemetry,1769615652028,1769615652229,1769615652230,1769615652230,1769615652230,1769615652230,300,5000,ok
9ac805d4-86bc-4d72-b691-bf06bfb9c670,esp32-03,telemetry,1769615652049,1769615652335,1769615652335,1769615652335,1769615652335,1769615652335,300,5000,ok
fcdf72d3-a62a-4d0f-a018-a0dc36011c1d,esp32-01,telemetry,1769615652068,1769615652336,1769615652336,1769615652336,1769615652336,1769615652336,300,5000,ok
21739d38-3cc3-4020-9d6c-3950cc6f12ef,esp32-02,telemetry,1769615652088,1769615652336,1769615652336,1769615652336,1769615652336,1769615652336,300,5000,ok
c72ddf0b-2b4d-4373-aded-b863e539a382,esp32-03,telemetry,1769615652109,1769615652336,1769615652337,1769615652337,1769615652337,1769615652337,300,5000,ok
0af451da-beef-483a-a2e9-a0f3d58c0625,esp32-01,telemetry,1769615652128,1769615652336,1769615652337,1769615652337,1769615652337,1769615652337,300,5000,ok
3efd9f9a-cf69-404a-ac90-59fc46f1c0f5,esp32-02,telemetry,1769615652149,1769615652413,1769615652414,1769615652414,1769615652414,1769615652414,300,5000,ok
615ddab8-224c-4abe-aea3-2a1a695e4962,esp32-01,telemetry,1769615652977,1769615653269,1769615653269,1769615653269,1769615653269,1769615653269,300,5000,ok
f89a6eaa-b496-406c-b306-7a08a96b0134,esp32-02,telemetry,1769615652997,1769615653269,1769615653269,1769615653269,1769615653269,1769615653269,300,5000,ok
7cbe328a-2b70-454d-a207-64c80f52b7ec,esp32-03,telemetry,1769615653018,1769615653269,1769615653270,1769615653270,1769615653270,1769615653270,300,5000,ok
d151f14f-a2fb-4bef-846e-46f4321f81a9,esp32-01,telemetry,1769615653038,1769615653269,1769615653270,1769615653270,1769615653270,1769615653270,300,5000,ok
ac673c9a-6b50-414e-9ae0-3742de04add1,esp32-02,telemetry,1769615653057,1769615653269,1769615653271,1769615653271,1769615653271,1769615653271,300,5000,ok
68840d40-cc39-44df-a7f0-b1c3b59a2fda,esp32-03,telemetry,1769615653078,1769615653345,1769615653345,1769615653345,1769615653345,1769615653345,300,5000,ok
8b736c40-a0a0-45c8-8ccc-b0ef80169785,esp32-01,telemetry,1769615653098,1769615653345,1769615653346,1769615653346,1769615653346,1769615653346,300,5000,ok
65b3cced-6eb3-419d-afa5-3cc0d927189d,esp32-02,telemetry,1769615653118,1769615653345,1769615653347,1769615653347,1769615653347,1769615653347,300,5000,ok
e94d5c74-9541-4e57-a28f-1634e0501376,esp32-03,telemetry,1769615653137,1769615653345,1769615653347,1769615653348,1769615653348,1769615653348,300,5000,ok
70f5365a-bf6f-4634-9c59-34ed881f21ed,esp32-01,telemetry,1769615653158,1769615653448,1769615653448,1769615653448,1769615653448,1769615653448,300,5000,ok
236d87d4-c88e-4c41-8b21-021203db8b05,esp32-02,telemetry,1769615654026,1769615654304,1769615654305,1769615654305,1769615654305,1769615654305,300,5000,ok
4611fe5b-894b-40ea-82a6-36e6027a9e90,esp32-03,telemetry,1769615654045,1769615654305,1769615654305,1769615654305,1769615654305,1769615654305,300,5000,ok
951eb281-095e-4df4-94e6-2ef07808e405,esp32-01,telemetry,1769615654066,1769615654305,1769615654306,1769615654306,1769615654306,1769615654306,300,5000,ok
fac73a6e-75f8-4c2a-ad61-66e6ce99b830,esp32-02,telemetry,1769615654086,1769615654305,1769615654306,1769615654306,1769615654306,1769615654306,300,5000,ok
12c9c6b8-45f3-49b1-a61c-9cffaed2bc40,esp32-03,telemetry,1769615654105,1769615654401,1769615654401,1769615654401,1769615654401,1769615654401,300,5000,ok
db7e09c9-774e-4ee5-97ae-a41d2f98ec1c,esp32-01,telemetry,1769615654126,1769615654401,1769615654402,1769615654402,1769615654402,1769615654402,300,5000,ok
da35341d-4d9a-4d2e-b832-c4e393b26f17,esp32-02,telemetry,1769615654146,1769615654401,1769615654402,1769615654402,1769615654402,1769615654402,300,5000,ok
4acd0ee1-f67e-4dab-8f8f-9bf1b2d77131,esp32-03,telemetry,1769615654167,1769615654401,1769615654402,1769615654402,1769615654402,1769615654402,300,5000,ok
1d953b5e-1eec-4c2d-94dc-4c23343465ce,esp32-01,telemetry,1769615654186,1769615654401,1769615654403,1769615654403,1769615654403,1769615654403,300,5000,ok
6a9c2af4-9d8c-443d-b948-c1f149d0f920,esp32-02,telemetry,1769615654207,1769615654402,1769615654403,1769615654403,1769615654403,1769615654403,300,5000,ok
c0d2af10-79c4-4b24-89c0-93cd03b15f44,esp32-01,telemetry,1769615655095,1769615655377,1769615655377,1769615655377,1769615655377,1769615655377,300,5000,ok
cf59bcf7-48d2-461e-a0b6-4b0836b6beb4,esp32-02,telemetry,1769615655116,1769615655377,1769615655378,1769615655378,1769615655378,1769615655378,300,5000,ok
b815a1d0-70e7-49b9-b898-cd0d6f59dc96,esp32-03,telemetry,1769615655135,1769615655378,1769615655379,1769615655379,1769615655379,1769615655379,300,5000,ok
e25c564c-12b8-48f8-9d39-2e9cafc537df,esp32-01,telemetry,1769615655156,1769615655378,1769615655379,1769615655379,1769615655379,1769615655379,300,5000,ok
fea5351b-6acb-49e1-87cc-be0e9dc3b30d,esp32-02,telemetry,1769615655176,1769615655378,1769615655380,1769615655380,1769615655380,1769615655380,300,5000,ok
b3efcf10-069e-4994-9543-e7c8b0b68341,esp32-03,telemetry,1769615655195,1769615655478,1769615655478,1769615655478,1769615655478,1769615655478,300,5000,ok
6f6dbe43-96eb-4537-8e16-246b526f81c4,esp32-01,telemetry,1769615655215,1769615655478,1769615655479,1769615655479,1769615655479,1769615655479,300,5000,ok
e16f3df4-ca8f-422f-a1e1-f68d8f692844,esp32-02,telemetry,1769615655236,1769615655478,1769615655479,1769615655479,1769615655479,1769615655479,300,5000,ok
dafe096e-cdf1-40f8-aa75-f5b457a3a31b,esp32-03,telemetry,1769615655255,1769615655479,1769615655480,1769615655480,1769615655480,1769615655480,300,5000,ok
73fc5cc1-cc0b-4ef7-802b-14c91ed88396,esp32-01,telemetry,1769615655276,1769615655479,1769615655480,1769615655480,1769615655480,1769615655480,300,5000,ok
c03e0a0b-4d66-4fe9-8926-8455a2fed783,esp32-03,telemetry,1769615656162,1769615656739,1769615656739,1769615656739,1769615656739,1769615656739,300,5000,ok
07c7fc83-5728-400a-a774-296d77c861c4,esp32-01,telemetry,1769615656182,1769615656739,1769615656740,1769615656740,1769615656740,1769615656740,300,5000,ok
c3ae0a8e-adb7-4e9f-a912-aa599601f0dc,esp32-02,telemetry,1769615656203,1769615656739,1769615656741,1769615656741,1769615656741,1769615656741,300,5000,ok
c5976ea6-029d-4485-9057-468851c6a4b7,esp32-03,telemetry,1769615656223,1769615656739,1769615656741,1769615656741,1769615656741,1769615656741,300,5000,ok
c7bc0cc6-233b-4bf3-8d4f-370137269511,esp32-01,telemetry,1769615656242,1769615656740,1769615656742,1769615656742,1769615656742,1769615656742,300,5000,ok
751f7a58-1b54-4283-91a1-35097a23cc83,esp32-02,telemetry,1769615656262,1769615656740,1769615656742,1769615656742,1769615656742,1769615656742,300,5000,ok
d696e7c8-6863-49ca-960f-8efc216b995a,esp32-03,telemetry,1769615656283,1769615656740,1769615656743,1769615656743,1769615656743,1769615656743,300,5000,ok
14b86cae-1e23-4593-918c-c493e5317c38,esp32-01,telemetry,1769615656303,1769615656740,1769615656743,1769615656743,1769615656743,1769615656743,300,5000,ok
5fd01352-8a66-468d-90fa-55a4fc4eca92,esp32-02,telemetry,1769615656323,1769615656740,1769615656744,1769615656744,1769615656744,1769615656744,300,5000,ok
27b9a7bf-f279-4c86-bd28-b52d08799bc0,esp32-03,telemetry,1769615656344,1769615656741,1769615656744,1769615656744,1769615656744,1769615656744,300,5000,ok
28f2de4e-50eb-42c7-b8e4-b1214267a842,esp32-03,telemetry,1769615657194,1769615657467,1769615657467,1769615657467,1769615657467,1769615657467,300,5000,ok
06087506-fd0d-4f51-8472-b7b06de3668c,esp32-01,telemetry,1769615657214,1769615657467,1769615657467,1769615657467,1769615657467,1769615657467,300,5000,ok
7913d7f4-6b2a-4825-b55d-fb8196683b7b,esp32-02,telemetry,1769615657235,1769615657467,1769615657468,1769615657468,1769615657468,1769615657468,300,5000,ok
7097c3d3-b20e-4936-ac5c-030e7757544d,esp32-03,telemetry,1769615657254,1769615657467,1769615657468,1769615657468,1769615657468,1769615657468,300,5000,ok
6a45a982-71d5-4be6-a31b-524561017b28,esp32-01,telemetry,1769615657275,1769615657467,1769615657469,1769615657469,1769615657469,1769615657469,300,5000,ok
f9075fcf-1029-4d21-8012-defb1a4a9c23,esp32-02,telemetry,1769615657296,1769615657505,1769615657506,1769615657506,1769615657506,1769615657506,300,5000,ok
6c368b19-eda6-49f6-8917-c585979322f8,esp32-03,telemetry,1769615657317,1769615657555,1769615657555,1769615657555,1769615657555,1769615657555,300,5000,ok
b6cd98a0-be64-4c20-9e66-8005b4a9e48a,esp32-01,telemetry,1769615657336,1769615657663,1769615657663,1769615657663,1769615657663,1769615657663,300,5000,ok
7fd5e273-f432-4044-a534-d0544585f400,esp32-02,telemetry,1769615657357,1769615657663,1769615657664,1769615657664,1769615657664,1769615657664,300,5000,ok
960f5cd4-b6e1-49c6-81b2-490565e36d97,esp32-03,telemetry,1769615657377,1769615657663,1769615657664,1769615657664,1769615657664,1769615657664,300,5000,ok
16dda217-f4d9-4182-b298-63eb13966422,esp32-03,telemetry,1769615658286,1769615658505,1769615658505,1769615658505,1769615658505,1769615658505,300,5000,ok
f7219024-1291-4262-b5f7-0a76d4d1aba6,esp32-01,telemetry,1769615658305,1769615658505,1769615658506,1769615658506,1769615658506,1769615658506,300,5000,ok
81e71b1f-b578-43bb-95e3-555c84befd4e,esp32-02,telemetry,1769615658326,1769615658604,1769615658604,1769615658604,1769615658604,1769615658604,300,5000,ok
09f159a9-0643-4e87-95a4-61ad252265ec,esp32-03,telemetry,1769615658345,1769615658605,1769615658605,1769615658605,1769615658605,1769615658605,300,5000,ok
b93d93bc-c45c-4532-b52c-91f47221c7ab,esp32-01,telemetry,1769615658365,1769615658605,1769615658605,1769615658605,1769615658605,1769615658605,300,5000,ok
476c48e6-2918-492c-93e6-267427cd30cf,esp32-02,telemetry,1769615658386,1769615658605,1769615658606,1769615658606,1769615658606,1769615658606,300,5000,ok
f1572ad1-4c4c-479e-9e3c-c675c65dc389,esp32-03,telemetry,1769615658406,1769615658605,1769615658606,1769615658606,1769615658606,1769615658606,300,5000,ok
4965c890-1ae5-42bd-bb82-7162104ec0d4,esp32-01,telemetry,1769615658426,1769615658652,1769615658652,1769615658652,1769615658652,1769615658652,300,5000,ok
f7e4ad03-5605-4634-8eb2-828b41f858d1,esp32-02,telemetry,1769615658446,1769615658652,1769615658652,1769615658652,1769615658652,1769615658652,300,5000,ok
a18eb7f6-92ff-4e46-bba6-fff8aab2ea51,esp32-03,telemetry,1769615658467,1769615658691,1769615658691,1769615658691,1769615658691,1769615658691,300,5000,ok
e0e4e7c4-f009-4463-8fb5-4d5f4a3c7172,esp32-03,telemetry,1769615659254,1769615659543,1769615659543,1769615659543,1769615659543,1769615659543,300,5000,ok
9f36d3e9-501c-499d-834c-2b5d2327b29d,esp32-01,telemetry,1769615659274,1769615659543,1769615659545,1769615659545,1769615659545,1769615659545,300,5000,ok
3cac04be-c135-4019-aff2-2dca41fb31c3,esp32-02,telemetry,1769615659295,1769615659544,1769615659545,1769615659545,1769615659545,1769615659545,300,5000,ok
d865c63e-6b67-441c-bd10-4c2bfc20895d,esp32-03,telemetry,1769615659315,1769615659544,1769615659546,1769615659546,1769615659546,1769615659546,300,5000,ok
1c9130fc-bb3d-493e-baf1-10260ebfa101,esp32-01,telemetry,1769615659335,1769615659544,1769615659547,1769615659547,1769615659547,1769615659547,300,5000,ok
d2773601-7a3d-4dda-8ff5-6b7e4acd56ae,esp32-02,telemetry,1769615659354,1769615659594,1769615659594,1769615659594,1769615659594,1769615659594,300,5000,ok
99eaa925-3fbb-4685-b7c9-0c89c96720b2,esp32-03,telemetry,1769615659374,1769615659595,1769615659595,1769615659595,1769615659595,1769615659595,300,5000,ok
9a34f78b-a74b-44f3-ad7b-57de719cb663,esp32-01,telemetry,1769615659394,1769615659595,1769615659595,1769615659595,1769615659595,1769615659595,300,5000,ok
dc8d3de7-bb67-4a6b-84e4-01af0ddc4a52,esp32-02,telemetry,1769615659415,1769615659629,1769615659629,1769615659629,1769615659629,1769615659629,300,5000,ok
49eccddf-3275-49eb-a1ed-11261b334286,esp32-03,telemetry,1769615659435,1769615659629,1769615659630,1769615659630,1769615659630,1769615659630,300,5000,ok
abebf277-68c5-466e-805e-16f51d4f2a34,esp32-02,telemetry,1769615660264,1769615660544,1769615660544,1769615660544,1769615660544,1769615660544,300,5000,ok
25663587-2387-46bd-80fe-b9440ebf8bf9,esp32-03,telemetry,1769615660283,1769615660544,1769615660545,1769615660545,1769615660545,1769615660545,300,5000,ok
1e5cf1c3-4045-476d-8b82-d1c58914fec8,esp32-01,telemetry,1769615660303,1769615660544,1769615660545,1769615660545,1769615660545,1769615660545,300,5000,ok
1723ffc9-2cda-4279-a0e0-619eeb784237,esp32-02,telemetry,1769615660323,1769615660544,1769615660546,1769615660546,1769615660546,1769615660546,300,5000,ok
7ed7cb53-1fe8-447d-8a50-8e3730992d33,esp32-03,telemetry,1769615660344,1769615660544,1769615660546,1769615660546,1769615660546,1769615660546,300,5000,ok
809195b0-66cf-482c-9e03-9647030ed100,esp32-01,telemetry,1769615660364,1769615660639,1769615660639,1769615660639,1769615660639,1769615660639,300,5000,ok
3427db47-3c84-41b1-b251-a12ac62fa9fc,esp32-02,telemetry,1769615660384,1769615660639,1769615660640,1769615660640,1769615660640,1769615660640,300,5000,ok
87152939-47fb-43f6-b445-91938d7dc4f0,esp32-03,telemetry,1769615660405,1769615660640,1769615660640,1769615660640,1769615660640,1769615660640,300,5000,ok
a247c7be-cc01-40f1-8041-84316d460ea9,esp32-01,telemetry,1769615660426,1769615660646,1769615660646,1769615660646,1769615660646,1769615660646,300,5000,ok
b4d1642d-d76d-4a75-821c-bad42b7b0124,esp32-02,telemetry,1769615660446,1769615660647,1769615660647,1769615660647,1769615660647,1769615660647,300,5000,ok
1c16e1c1-bfce-407d-87e3-e017d39fb3cc,esp32-03,telemetry,1769615661336,1769615661552,1769615661552,1769615661552,1769615661552,1769615661552,300,5000,ok
c0a71fc7-730e-4913-8075-3e1eedeb792a,esp32-01,telemetry,1769615661342,1769615661552,1769615661553,1769615661553,1769615661553,1769615661553,300,5000,ok
051cca51-c937-4ef3-a0c0-aa9f04647883,esp32-02,telemetry,1769615661347,1769615661552,1769615661553,1769615661553,1769615661553,1769615661553,300,5000,ok
8217e0b8-f24d-47df-8aac-83bcded2de39,esp32-03,telemetry,1769615661353,1769615661552,1769615661553,1769615661553,1769615661553,1769615661553,300,5000,ok
a52d5e12-3022-44b3-9af6-845eb7f56739,esp32-01,telemetry,1769615661357,1769615661552,1769615661554,1769615661554,1769615661554,1769615661554,300,5000,ok
1a07f6dd-de04-497a-a03e-f94696b4b9f8,esp32-02,telemetry,1769615661362,1769615661552,1769615661554,1769615661554,1769615661554,1769615661554,300,5000,ok
dafe6564-a6b2-429f-a3fd-ea799ef63442,esp32-03,telemetry,1769615661368,1769615661589,1769615661589,1769615661589,1769615661589,1769615661589,300,5000,ok
1a386535-ec77-4c94-ad00-25fc9d752fd7,esp32-01,telemetry,1769615661373,1769615661589,1769615661590,1769615661590,1769615661590,1769615661590,300,5000,ok
6c055f74-c797-432a-ba04-b974da006b9d,esp32-02,telemetry,1769615661378,1769615661589,1769615661590,1769615661590,1769615661590,1769615661590,300,5000,ok
1995ed66-48a1-489e-bb0e-cbc8760eeba6,esp32-03,telemetry,1769615661383,1769615661589,1769615661590,1769615661590,1769615661590,1769615661590,300,5000,ok
91e699b1-0496-44e0-a4d6-1e35f7d14c9e,esp32-01,telemetry,1769615662361,1769615662578,1769615662578,1769615662578,1769615662578,1769615662578,300,5000,ok
5301cd2c-10a3-403d-8d88-c537ef71720c,esp32-02,telemetry,1769615662366,1769615662579,1769615662579,1769615662579,1769615662579,1769615662579,300,5000,ok
d7ddcc4e-9747-4e83-b6be-f503b927204e,esp32-03,telemetry,1769615662371,1769615662579,1769615662579,1769615662579,1769615662579,1769615662579,300,5000,ok
5d95f4bc-1dcf-453f-8a8e-e9b9f5fc5c72,esp32-01,telemetry,1769615662376,1769615662579,1769615662580,1769615662580,1769615662580,1769615662580,300,5000,ok
01db49dc-3f9f-4d1e-8234-a1c5ed2a7bb3,esp32-02,telemetry,1769615662382,1769615662579,1769615662580,1769615662580,1769615662580,1769615662580,300,5000,ok
82bf987e-973c-44c3-bc48-214179d10691,esp32-03,telemetry,1769615662389,1769615662579,1769615662580,1769615662580,1769615662580,1769615662580,300,5000,ok
6d4b2c6e-a9b0-42cb-841c-d03cfbfee711,esp32-01,telemetry,1769615662393,1769615662601,1769615662602,1769615662602,1769615662602,1769615662602,300,5000,ok
bb993738-dc1e-4a17-8dcf-9d37d8426eaf,esp32-02,telemetry,1769615662399,1769615662602,1769615662602,1769615662602,1769615662602,1769615662602,300,5000,ok
ccd6cd53-9a5b-42b6-98f4-07ac0de1a55f,esp32-03,telemetry,1769615662405,1769615662602,1769615662603,1769615662603,1769615662603,1769615662603,300,5000,ok
ba92f797-57c2-4c3c-90cb-447de253613e,esp32-01,telemetry,1769615662409,1769615662602,1769615662603,1769615662603,1769615662603,1769615662603,300,5000,ok
f0d98dc3-1755-4ef2-bd58-0a0cbc323708,esp32-03,telemetry,1769615663374,1769615663595,1769615663595,1769615663595,1769615663595,1769615663595,300,5000,ok
6be069d9-4cc2-4140-bc94-25b0586741bc,esp32-01,telemetry,1769615663379,1769615663595,1769615663596,1769615663596,1769615663596,1769615663596,300,5000,ok
556b75da-c6bf-46fa-a5d3-7e6eeac9a0d9,esp32-02,telemetry,1769615663385,1769615663595,1769615663596,1769615663596,1769615663596,1769615663596,300,5000,ok
64be8695-4e60-411a-bba3-ad57d46e75cd,esp32-03,telemetry,1769615663390,1769615663595,1769615663597,1769615663597,1769615663597,1769615663597,300,5000,ok
99f06421-97ef-4323-9d30-293b9d248f7a,esp32-01,telemetry,1769615663395,1769615663595,1769615663597,1769615663597,1769615663597,1769615663597,300,5000,ok
97a79096-2ecf-4c89-8d01-144c3c489eea,esp32-02,telemetry,1769615663400,1769615663595,1769615663597,1769615663597,1769615663597,1769615663597,300,5000,ok
576a9e1c-7cd5-495d-b726-d1063ecff003,esp32-03,telemetry,1769615663405,1769615663610,1769615663610,1769615663610,1769615663610,1769615663610,300,5000,ok
f034d314-84eb-4982-8fa8-ed0d341be6c6,esp32-01,telemetry,1769615663411,1769615663610,1769615663611,1769615663611,1769615663611,1769615663611,300,5000,ok
9d31ed95-d468-42ba-b5a5-de51e3a33c2a,esp32-02,telemetry,1769615663415,1769615663626,1769615663626,1769615663626,1769615663626,1769615663626,300,5000,ok
a2a69d77-b7ea-45e0-b5c3-08a2486561bc,esp32-03,telemetry,1769615663420,1769615663626,1769615663627,1769615663627,1769615663627,1769615663627,300,5000,ok
ad670cba-0279-4d50-a448-1dea6b0c92f0,esp32-01,telemetry,1769615664386,1769615664601,1769615664601,1769615664601,1769615664601,1769615664601,300,5000,ok
464a4d0b-12ad-445d-a3cb-2a247248e50c,esp32-02,telemetry,1769615664391,1769615664601,1769615664601,1769615664601,1769615664601,1769615664601,300,5000,ok
bbd25d8b-d57a-4592-9511-6f4447e8cf49,esp32-03,telemetry,1769615664396,1769615664601,1769615664602,1769615664602,1769615664602,1769615664602,300,5000,ok
74862fca-cc61-4c85-a161-ed8fe53ed8ea,esp32-01,telemetry,1769615664401,1769615664601,1769615664602,1769615664602,1769615664602,1769615664602,300,5000,ok
9ffd5e6d-2375-4bbe-b3ec-897818859d7b,esp32-02,telemetry,1769615664406,1769615664601,1769615664602,1769615664602,1769615664602,1769615664602,300,5000,ok
84e70eb4-eefa-41d1-8951-a775f841a2aa,esp32-03,telemetry,1769615664410,1769615664601,1769615664603,1769615664603,1769615664603,1769615664603,300,5000,ok
eea05b81-10e4-4011-b340-437317e10f97,esp32-01,telemetry,1769615664416,1769615664612,1769615664612,1769615664612,1769615664612,1769615664612,300,5000,ok
a3b2a4ce-7b24-4a9e-acdb-6341c0cc7435,esp32-02,telemetry,1769615664421,1769615664612,1769615664612,1769615664612,1769615664612,1769615664612,300,5000,ok
bfa00d1a-0685-4712-99cf-da6f2aebedf2,esp32-03,telemetry,1769615664426,1769615664640,1769615664640,1769615664640,1769615664640,1769615664640,300,5000,ok
b73066c3-f130-4733-bde2-3010d19fbcf9,esp32-01,telemetry,1769615664431,1769615664641,1769615664641,1769615664641,1769615664641,1769615664641,300,5000,ok
1fef8b51-7c38-4a03-b0d9-b70735402ffb,esp32-01,telemetry,1769615665386,1769615665606,1769615665606,1769615665606,1769615665606,1769615665606,300,5000,ok
a63a3755-9a6f-4e78-883b-eada3058b047,esp32-02,telemetry,1769615665391,1769615665606,1769615665607,1769615665607,1769615665607,1769615665607,300,5000,ok
ae9cbb6a-c9a8-4c2b-aafa-cbd833530fc8,esp32-03,telemetry,1769615665396,1769615665606,1769615665608,1769615665608,1769615665608,1769615665608,300,5000,ok
9e877fd4-c8cb-41df-859c-b80c1188f0e6,esp32-01,telemetry,1769615665401,1769615665606,1769615665609,1769615665609,1769615665609,1769615665609,300,5000,ok
244cb720-5327-4c8a-b628-0720837c4cdb,esp32-02,telemetry,1769615665406,1769615665607,1769615665609,1769615665609,1769615665609,1769615665609,300,5000,ok
1147403a-4119-4c12-ad72-e536b17f2aad,esp32-03,telemetry,1769615665411,1769615665607,1769615665610,1769615665610,1769615665610,1769615665610,300,5000,ok
9a7a092f-04d7-4a2a-a929-1087e77ab078,esp32-01,telemetry,1769615665416,1769615665624,1769615665624,1769615665624,1769615665625,1769615665625,300,5000,ok
89cd1c01-52fa-4d09-8df6-6ade8625d287,esp32-02,telemetry,1769615665421,1769615665625,1769615665625,1769615665625,1769615665625,1769615665625,300,5000,ok
a1cfd665-f7e7-43ca-9dcd-f738be731fa3,esp32-03,telemetry,1769615665427,1769615665625,1769615665625,1769615665625,1769615665625,1769615665625,300,5000,ok
d2afb9a4-9477-44cd-9124-b7655a95b407,esp32-01,telemetry,1769615665432,1769615665654,1769615665654,1769615665654,1769615665654,1769615665654,300,5000,ok
c1bf2b37-5f7b-4fef-937c-b93aac1ed6ba,esp32-03,telemetry,1769615666409,1769615666601,1769615666602,1769615666602,1769615666602,1769615666602,300,5000,ok
706920c0-769d-4727-b3b5-cd830a37b62f,esp32-01,telemetry,1769615666429,1769615666688,1769615666688,1769615666688,1769615666688,1769615666688,300,5000,ok
86a60cd9-bc70-41a8-93c4-932a7d95f168,esp32-02,telemetry,1769615666448,1769615666689,1769615666689,1769615666689,1769615666689,1769615666689,300,5000,ok
005cf9b3-e72b-4b27-b4b9-d743f3520411,esp32-03,telemetry,1769615666468,1769615666689,1769615666689,1769615666689,1769615666689,1769615666689,300,5000,ok
7d638f95-f8ad-4c75-87b0-9a655b9924c2,esp32-01,telemetry,1769615666489,1769615666689,1769615666690,1769615666690,1769615666690,1769615666690,300,5000,ok
a583c698-c52d-45ac-8c5d-ee5cccd58967,esp32-02,telemetry,1769615666509,1769615666718,1769615666718,1769615666718,1769615666718,1769615666718,300,5000,ok
0c28de7f-3177-4e0a-a554-04e2d38cd080,esp32-03,telemetry,1769615666530,1769615666787,1769615666787,1769615666787,1769615666787,1769615666787,300,5000,ok
03f942e8-1d87-48dd-b6f8-a08f34ed0e39,esp32-01,telemetry,1769615666549,1769615666787,1769615666788,1769615666788,1769615666788,1769615666788,300,5000,ok
d1ddb5a2-2cbc-41d9-b1fd-307a3a4de131,esp32-02,telemetry,1769615666569,1769615666787,1769615666788,1769615666788,1769615666788,1769615666788,300,5000,ok
2e2226e4-c2e4-48e9-88d2-6fa3eb6f9df6,esp32-03,telemetry,1769615666589,1769615666788,1769615666789,1769615666789,1769615666789,1769615666789,300,5000,ok
99917a33-e0d1-411e-a084-77ca250e63b3,esp32-01,telemetry,1769615667352,1769615667634,1769615667634,1769615667634,1769615667634,1769615667634,300,5000,ok
a1361576-3cf7-4b56-b0e7-2dba5c165446,esp32-02,telemetry,1769615667372,1769615667634,1769615667635,1769615667635,1769615667635,1769615667635,300,5000,ok
ced34e83-e925-481e-8116-db8cd5487ae3,esp32-03,telemetry,1769615667391,1769615667634,1769615667635,1769615667635,1769615667635,1769615667635,300,5000,ok
fff2f579-7342-4f9e-9418-3da502c7f397,esp32-01,telemetry,1769615667411,1769615667634,1769615667635,1769615667635,1769615667635,1769615667635,300,5000,ok
3f444204-0fc1-4f2c-90b9-92d13bd97ce6,esp32-02,telemetry,1769615667432,1769615667634,1769615667636,1769615667636,1769615667636,1769615667636,300,5000,ok
934ca24e-ddab-4495-8feb-bb5686b28b8f,esp32-03,telemetry,1769615667452,1769615667654,1769615667654,1769615667654,1769615667654,1769615667654,300,5000,ok
cb1c976e-ee0c-48df-8cef-396f6f250bdc,esp32-01,telemetry,1769615667473,1769615667724,1769615667724,1769615667724,1769615667724,1769615667724,300,5000,ok
6a8920e2-a5bf-4fdb-8924-c22f3b8c276a,esp32-02,telemetry,1769615667493,1769615667724,1769615667724,1769615667724,1769615667724,1769615667724,300,5000,ok
0a169567-1309-418c-9f2f-da018d936fec,esp32-03,telemetry,1769615667513,1769615667724,1769615667725,1769615667725,1769615667725,1769615667725,300,5000,ok
b0401885-c184-453b-aca3-bb61f0621041,esp32-01,telemetry,1769615667533,1769615667724,1769615667725,1769615667725,1769615667725,1769615667725,300,5000,ok
84477011-d4b3-4cde-b389-4eb349efe05e,esp32-02,telemetry,1769615668400,1769615668674,1769615668674,1769615668674,1769615668674,1769615668674,300,5000,ok
ac807f05-d2cc-44e1-abd4-f777ee29505b,esp32-03,telemetry,1769615668419,1769615668674,1769615668675,1769615668675,1769615668675,1769615668675,300,5000,ok
e4063a61-6986-4806-b4d2-aaa82f86ca7b,esp32-01,telemetry,1769615668440,1769615668674,1769615668675,1769615668675,1769615668675,1769615668675,300,5000,ok
a076d8c9-9df3-4f76-926b-c9531a0f1e7c,esp32-02,telemetry,1769615668460,1769615668674,1769615668675,1769615668675,1769615668675,1769615668675,300,5000,ok
4a4540df-9291-4c3a-bd1d-08b7c5cceace,esp32-03,telemetry,1769615668480,1769615668674,1769615668676,1769615668676,1769615668676,1769615668676,300,5000,ok
3ddc1fe7-44a1-43c0-8852-c2c1d4d9493d,esp32-01,telemetry,1769615668501,1769615668763,1769615668763,1769615668763,1769615668763,1769615668763,300,5000,ok
944a582b-bb80-4580-a340-147631664db9,esp32-02,telemetry,1769615668521,1769615668763,1769615668763,1769615668763,1769615668763,1769615668763,300,5000,ok
c594f6a8-ae96-4b43-bd46-c974da6a93cc,esp32-03,telemetry,1769615668541,1769615668763,1769615668764,1769615668764,1769615668764,1769615668764,300,5000,ok
94cabce7-9593-4738-bad3-a6f15af9bf89,esp32-01,telemetry,1769615668560,1769615668763,1769615668764,1769615668764,1769615668764,1769615668764,300,5000,ok
df71dc9a-7008-49ad-9f8f-ca6279dbbc62,esp32-02,telemetry,1769615668581,1769615668862,1769615668862,1769615668862,1769615668862,1769615668862,300,5000,ok
66c8b1bb-7db2-40b3-bc45-5ae43c20ce4e,esp32-02,telemetry,1769615669427,1769615669723,1769615669723,1769615669723,1769615669723,1769615669723,300,5000,ok
43f2e77e-48ef-4625-a0f6-c6ee192cc86b,esp32-03,telemetry,1769615669447,1769615669723,1769615669723,1769615669723,1769615669723,1769615669723,300,5000,ok
0ff399d7-6942-4a24-b14b-4b20b6580a65,esp32-01,telemetry,1769615669467,1769615669724,1769615669724,1769615669724,1769615669724,1769615669724,300,5000,ok
42b1eebe-00cf-4511-b4ed-ac12cd7747c8,esp32-02,telemetry,1769615669488,1769615669724,1769615669725,1769615669725,1769615669725,1769615669725,300,5000,ok
bb92d9a4-d950-4358-b783-7a687c5be65d,esp32-03,telemetry,1769615669508,1769615669724,1769615669726,1769615669726,1769615669726,1769615669726,300,5000,ok
bac27bc3-8a6a-4625-830f-17b30680dcfe,esp32-01,telemetry,1769615669528,1769615669724,1769615669726,1769615669726,1769615669726,1769615669726,300,5000,ok
e3dd9840-11cd-460d-9441-4124e5430a44,esp32-02,telemetry,1769615669548,1769615669801,1769615669802,1769615669802,1769615669802,1769615669802,300,5000,ok
b1d1da9a-ec6a-437a-9107-67f567ec8c78,esp32-03,telemetry,1769615669567,1769615669801,1769615669802,1769615669802,1769615669802,1769615669802,300,5000,ok
ba350217-5bae-46de-9b00-639749c2f4e2,esp32-01,telemetry,1769615669588,1769615669801,1769615669802,1769615669802,1769615669802,1769615669802,300,5000,ok
bbd3975e-ecbc-4cfe-8742-72a714ebff93,esp32-02,telemetry,1769615669608,1769615669802,1769615669803,1769615669803,1769615669803,1769615669803,300,5000,ok
deda2281-f354-4097-9af5-755f35c182a5,esp32-03,telemetry,1769615670469,1769615670738,1769615670738,1769615670738,1769615670738,1769615670738,300,5000,ok
6a15bbd7-c3a9-4d7f-8566-c3eb5c707624,esp32-01,telemetry,1769615670490,1769615670738,1769615670739,1769615670739,1769615670739,1769615670739,300,5000,ok
f5f44e0d-9480-4b8b-af1a-c78cf0613c3d,esp32-02,telemetry,1769615670511,1769615670739,1769615670739,1769615670739,1769615670739,1769615670739,300,5000,ok
8774ddc0-69bc-40e9-9c04-31fb7da3ad6f,esp32-03,telemetry,1769615670531,1769615670739,1769615670740,1769615670740,1769615670740,1769615670740,300,5000,ok
eae4da68-186d-4d73-b1f6-1eb489bb0ef9,esp32-01,telemetry,1769615670551,1769615670840,1769615670840,1769615670840,1769615670840,1769615670840,300,5000,ok
21aaab46-f452-41e5-b9cd-48b2ed4793b0,esp32-02,telemetry,1769615670570,1769615670841,1769615670841,1769615670841,1769615670841,1769615670841,300,5000,ok
d4fa0afa-375d-4bd0-a365-5de16a91861e,esp32-03,telemetry,1769615670591,1769615670841,1769615670841,1769615670841,1769615670841,1769615670841,300,5000,ok
387ad6e3-b1f5-466a-98ef-db40688dd3d4,esp32-01,telemetry,1769615670610,1769615670841,1769615670842,1769615670842,1769615670842,1769615670842,300,5000,ok
72b78598-3737-4096-8c21-de6b02b9bcbb,esp32-02,telemetry,1769615670631,1769615670841,1769615670842,1769615670842,1769615670842,1769615670842,300,5000,ok
cbdb8c2d-ae51-466d-8e6a-490b0d59ce2e,esp32-03,telemetry,1769615670651,1769615670931,1769615670931,1769615670931,1769615670931,1769615670931,300,5000,ok
997d9cd8-1673-4c4c-aef6-b0a6a2eb2501,esp32-01,telemetry,1769615671520,1769615671809,1769615671809,1769615671809,1769615671809,1769615671809,300,5000,ok
5f95ba62-a52e-4d78-916e-aaafe1697b09,esp32-02,telemetry,1769615671539,1769615671810,1769615671810,1769615671810,1769615671810,1769615671810,300,5000,ok
86a22435-0d8c-49ef-89ba-e1e08bf1a182,esp32-03,telemetry,1769615671559,1769615671810,1769615671810,1769615671810,1769615671810,1769615671810,300,5000,ok
3c004c2e-0fd9-4eb9-b1a6-1a021c11b0e8,esp32-01,telemetry,1769615671580,1769615671810,1769615671811,1769615671811,1769615671811,1769615671811,300,5000,ok
bb34c8e5-0791-440b-9a04-78e282a104d2,esp32-02,telemetry,1769615671600,1769615671810,1769615671811,1769615671811,1769615671811,1769615671811,300,5000,ok
8dd2e369-b7d6-4dd8-95e6-989ed1e14b23,esp32-03,telemetry,1769615671620,1769615671810,1769615671811,1769615671811,1769615671811,1769615671811,300,5000,ok
a5408dbc-f455-4ec7-9b8b-af19ab864d84,esp32-01,telemetry,1769615671640,1769615671876,1769615671876,1769615671876,1769615671876,1769615671876,300,5000,ok
092fec7e-f2a0-44ec-a597-b22641d2c142,esp32-02,telemetry,1769615671659,1769615671876,1769615671877,1769615671877,1769615671877,1769615671877,300,5000,ok
1f7ae7c6-e405-494a-a7f7-bae5fa5a6358,esp32-03,telemetry,1769615671680,1769615671876,1769615671877,1769615671877,1769615671877,1769615671877,300,5000,ok
ade37007-b8fd-40c5-aba3-a50cd8cc2e29,esp32-01,telemetry,1769615671700,1769615671990,1769615671990,1769615671990,1769615671990,1769615671990,300,5000,ok
11277ee6-79a3-49dc-8434-1f0ce5d4d390,esp32-01,telemetry,1769615672545,1769615672820,1769615672820,1769615672820,1769615672820,1769615672820,300,5000,ok
5f64fb85-ef75-413d-99db-5de8d1d6da5d,esp32-02,telemetry,1769615672566,1769615672821,1769615672821,1769615672821,1769615672821,1769615672821,300,5000,ok
acbc2ecc-5a62-4f48-8f7d-2f30e26ce0d0,esp32-03,telemetry,1769615672585,1769615672821,1769615672821,1769615672821,1769615672821,1769615672821,300,5000,ok
5b14e28f-9741-4e28-a68f-f962d6b5c399,esp32-01,telemetry,1769615672606,1769615672821,1769615672822,1769615672822,1769615672822,1769615672822,300,5000,ok
19e77d99-aad9-4023-90a6-310d607347e5,esp32-02,telemetry,1769615672625,1769615672821,1769615672822,1769615672822,1769615672822,1769615672822,300,5000,ok
be034520-a93b-4394-8f33-269d00591327,esp32-03,telemetry,1769615672646,1769615672915,1769615672915,1769615672915,1769615672915,1769615672915,300,5000,ok
b9ce2213-cfca-4aa8-9e7e-bce66faa2e20,esp32-01,telemetry,1769615672666,1769615672915,1769615672916,1769615672916,1769615672916,1769615672916,300,5000,ok
793c957f-a283-4e60-9739-f655ebfb1d1d,esp32-02,telemetry,1769615672686,1769615672915,1769615672916,1769615672916,1769615672916,1769615672916,300,5000,ok
edcc27cc-3508-4454-9bad-b9c2a3d7ece9,esp32-03,telemetry,1769615672706,1769615672915,1769615672916,1769615672916,1769615672916,1769615672916,300,5000,ok
e1c7d983-2003-4320-a88b-6f2238423598,esp32-01,telemetry,1769615672726,1769615673006,1769615673006,1769615673006,1769615673006,1769615673006,300,5000,ok
981c348d-6696-4409-ab6d-76b9a808ff22,esp32-01,telemetry,1769615673574,1769615673847,1769615673847,1769615673847,1769615673847,1769615673847,300,5000,ok
55a67fbb-c749-4ef3-8ab6-72a951abe342,esp32-02,telemetry,1769615673594,1769615673847,1769615673847,1769615673847,1769615673847,1769615673847,300,5000,ok
a6cd4138-637e-472d-b587-2cab15c9608c,esp32-03,telemetry,1769615673613,1769615673847,1769615673848,1769615673848,1769615673848,1769615673848,300,5000,ok
3f0cfd9b-b846-45e0-b2ec-8359c8879116,esp32-01,telemetry,1769615673634,1769615673847,1769615673848,1769615673848,1769615673848,1769615673848,300,5000,ok
cef3cb61-bd2c-4311-a13a-ccc7ea7c697f,esp32-02,telemetry,1769615673653,1769615673847,1769615673848,1769615673848,1769615673848,1769615673849,300,5000,ok
2ff4c4d3-b6a2-46cc-95a6-f62def397a36,esp32-03,telemetry,1769615673674,1769615673953,1769615673953,1769615673953,1769615673953,1769615673953,300,5000,ok
9db2184b-c895-49d5-99e1-b25a20b973de,esp32-01,telemetry,1769615673694,1769615673953,1769615673954,1769615673954,1769615673954,1769615673954,300,5000,ok
d34bd9b6-b809-4ecf-bf54-e19aab080500,esp32-02,telemetry,1769615673715,1769615673953,1769615673954,1769615673954,1769615673954,1769615673954,300,5000,ok
b0f58fbd-9b6f-483a-90a1-61db019bb01c,esp32-03,telemetry,1769615673735,1769615673954,1769615673954,1769615673954,1769615673954,1769615673954,300,5000,ok
be35ea0f-bea7-43ec-b9ee-69482a224592,esp32-01,telemetry,1769615673755,1769615673954,1769615673955,1769615673955,1769615673955,1769615673955,300,5000,ok
3a309eb0-58ad-4fd9-b500-270a4bde5861,esp32-01,telemetry,1769615674603,1769615674883,1769615674883,1769615674883,1769615674883,1769615674884,300,5000,ok
84f0d13f-e6b8-45a4-9e88-99775548854f,esp32-02,telemetry,1769615674623,1769615674884,1769615674884,1769615674884,1769615674884,1769615674884,300,5000,ok
34048933-5cc8-4b52-b382-6ab524cef22f,esp32-03,telemetry,1769615674645,1769615674884,1769615674885,1769615674885,1769615674885,1769615674885,300,5000,ok
c6499d53-df24-4689-b1e3-5e5613e5702b,esp32-01,telemetry,1769615674664,1769615674884,1769615674885,1769615674885,1769615674885,1769615674885,300,5000,ok
c8673fb4-94f8-4603-94bc-79129cf00262,esp32-02,telemetry,1769615674685,1769615674884,1769615674885,1769615674885,1769615674885,1769615674885,300,5000,ok
f56bc42d-3488-4025-8b3d-f9b373c1407b,esp32-03,telemetry,1769615674704,1769615674977,1769615674977,1769615674977,1769615674977,1769615674977,300,5000,ok
4c99be2d-a658-4b2f-8f80-0f90f05f5592,esp32-01,telemetry,1769615674725,1769615674977,1769615674978,1769615674978,1769615674978,1769615674978,300,5000,ok
4d9e505e-d3a5-430b-9df5-7d601eeee993,esp32-02,telemetry,1769615674744,1769615674978,1769615674978,1769615674978,1769615674978,1769615674978,300,5000,ok
c119ac83-ad20-4622-8485-da78d23c7e17,esp32-03,telemetry,1769615674764,1769615674978,1769615674979,1769615674979,1769615674979,1769615674979,300,5000,ok
6bfbf023-0b58-4b7a-a44e-7f8d173bc2bc,esp32-01,telemetry,1769615674785,1769615674978,1769615674979,1769615674979,1769615674979,1769615674979,300,5000,ok
05915f34-c555-4de7-8e70-3eb71550f865,esp32-02,telemetry,1769615675654,1769615675914,1769615675914,1769615675914,1769615675914,1769615675914,300,5000,ok
7de1134b-df5f-4d1c-a2c5-7c684cf20eaa,esp32-03,telemetry,1769615675675,1769615675914,1769615675915,1769615675915,1769615675915,1769615675915,300,5000,ok
f4e2f2ac-80eb-4364-bf84-cb56b7f72ac8,esp32-01,telemetry,1769615675695,1769615675915,1769615675916,1769615675916,1769615675916,1769615675916,300,5000,ok
a0e5c889-5aec-4aa4-b622-cb3d143f1189,esp32-02,telemetry,1769615675715,1769615675915,1769615675916,1769615675916,1769615675916,1769615675916,300,5000,ok
9bf69983-a61d-4ad1-9d3a-53cab2321f41,esp32-03,telemetry,1769615675735,1769615676011,1769615676011,1769615676011,1769615676011,1769615676011,300,5000,ok
131feb55-bbdb-4d11-9637-24feecaa54fe,esp32-01,telemetry,1769615675756,1769615676011,1769615676012,1769615676012,1769615676012,1769615676012,300,5000,ok
4a0f4630-6b47-4ad3-88e8-3ba998087597,esp32-02,telemetry,1769615675775,1769615676011,1769615676012,1769615676012,1769615676012,1769615676012,300,5000,ok
06b9f1e8-02de-4595-b454-dae141d2705c,esp32-03,telemetry,1769615675796,1769615676012,1769615676012,1769615676012,1769615676012,1769615676012,300,5000,ok
c3e30d14-a8fe-452a-b213-c0ae1e278dbe,esp32-01,telemetry,1769615675816,1769615676012,1769615676013,1769615676013,1769615676013,1769615676013,300,5000,ok
2ce98911-f13b-4ef2-a39a-5ebe9438fbed,esp32-02,telemetry,1769615675836,1769615676101,1769615676101,1769615676101,1769615676101,1769615676101,300,5000,ok
30f8a834-5231-4c4f-a59f-60771340e0e6,esp32-02,telemetry,1769615676688,1769615676943,1769615676943,1769615676943,1769615676943,1769615676943,300,5000,ok
075f9948-fba8-4b7d-8463-e0ec7b313dab,esp32-03,telemetry,1769615676709,1769615676944,1769615676944,1769615676944,1769615676944,1769615676944,300,5000,ok
bd746bc5-d14c-4dee-8e6e-9de793d97fea,esp32-01,telemetry,1769615676729,1769615676944,1769615676944,1769615676944,1769615676944,1769615676944,300,5000,ok
1a9acb3e-ecd0-4a13-8f21-ce84486bfdca,esp32-02,telemetry,1769615676750,1769615676944,1769615676945,1769615676945,1769615676945,1769615676945,300,5000,ok
aebed828-4ce3-44cf-8e67-f1f50284681f,esp32-03,telemetry,1769615676769,1769615676983,1769615676984,1769615676984,1769615676984,1769615676984,300,5000,ok
29a3bfa9-ef7a-42a8-a8a9-36db4d86d22b,esp32-01,telemetry,1769615676790,1769615676984,1769615676984,1769615676984,1769615676984,1769615676984,300,5000,ok
6923ea64-1825-4a4d-bbc1-d69d2db255a9,esp32-02,telemetry,1769615676810,1769615677049,1769615677049,1769615677049,1769615677049,1769615677049,300,5000,ok
be337076-0259-43ce-8808-2033789bfae9,esp32-03,telemetry,1769615676830,1769615677050,1769615677050,1769615677050,1769615677050,1769615677050,300,5000,ok
a1092f92-73e1-4d3a-97db-c627d8973b51,esp32-01,telemetry,1769615676850,1769615677050,1769615677050,1769615677050,1769615677050,1769615677050,300,5000,ok
ea81e7c5-d780-4a71-a25b-337ed5395450,esp32-02,telemetry,1769615676871,1769615677130,1769615677130,1769615677130,1769615677130,1769615677130,300,5000,ok
60998f06-210d-40b6-a081-a892c15c7ab5,esp32-03,telemetry,1769615677736,1769615678001,1769615678001,1769615678001,1769615678001,1769615678001,300,5000,ok
c1bac291-d088-4dc8-a837-0c9055797fb6,esp32-01,telemetry,1769615677756,1769615678001,1769615678001,1769615678001,1769615678001,1769615678001,300,5000,ok
62554bc5-a293-4097-88a1-831785d465f2,esp32-02,telemetry,1769615677776,1769615678001,1769615678002,1769615678002,1769615678002,1769615678002,300,5000,ok
9ddcae81-4cab-4998-8795-73a91b39d934,esp32-03,telemetry,1769615677796,1769615678001,1769615678002,1769615678002,1769615678002,1769615678002,300,5000,ok
c9a478f8-3b8d-4f99-8bdd-021b98184fd8,esp32-01,telemetry,1769615677817,1769615678063,1769615678063,1769615678063,1769615678063,1769615678063,300,5000,ok
b55342b4-2667-4792-99bd-b3e38aefa462,esp32-02,telemetry,1769615677836,1769615678063,1769615678063,1769615678063,1769615678063,1769615678063,300,5000,ok
b03dba40-01b9-4d0f-96a5-d46a13334222,esp32-03,telemetry,1769615677857,1769615678063,1769615678064,1769615678064,1769615678064,1769615678064,300,5000,ok
c3d555d9-3136-4655-aa8d-88229cd26eee,esp32-01,telemetry,1769615677877,1769615678110,1769615678110,1769615678110,1769615678110,1769615678110,300,5000,ok
58b40cd1-3dad-499c-b0f5-aa1f5a4290d4,esp32-02,telemetry,1769615677898,1769615678112,1769615678112,1769615678112,1769615678112,1769615678112,300,5000,ok
146b1ec3-20b1-4e12-9c8a-ca66c81b174c,esp32-03,telemetry,1769615677918,1769615678112,1769615678112,1769615678112,1769615678112,1769615678112,300,5000,ok
8596cdac-cb9b-4917-85f6-b6700ab80276,esp32-03,telemetry,1769615678765,1769615679003,1769615679003,1769615679003,1769615679003,1769615679003,300,5000,ok
da7b6145-e468-44e4-af8f-40890c486e7f,esp32-01,telemetry,1769615678785,1769615679004,1769615679004,1769615679004,1769615679004,1769615679004,300,5000,ok
78e9a86c-ce60-4074-af38-b77e482d8f04,esp32-02,telemetry,1769615678805,1769615679004,1769615679004,1769615679004,1769615679004,1769615679004,300,5000,ok
4daecd86-e9f6-4e69-8f38-8013e71cc24b,esp32-03,telemetry,1769615678825,1769615679050,1769615679050,1769615679050,1769615679050,1769615679050,300,5000,ok
bd3bea47-6d8b-4d03-9968-f30c19c1065b,esp32-01,telemetry,1769615678846,1769615679051,1769615679051,1769615679051,1769615679051,1769615679051,300,5000,ok
b1b96af7-5bbf-4656-9d26-82e09fa6536b,esp32-02,telemetry,1769615678866,1769615679135,1769615679135,1769615679135,1769615679135,1769615679135,300,5000,ok
737b94a1-c70c-4761-8699-b5720841e3c6,esp32-03,telemetry,1769615678886,1769615679136,1769615679136,1769615679136,1769615679136,1769615679136,300,5000,ok
74eda40e-3274-4a4c-9068-770ffba8a4fa,esp32-01,telemetry,1769615678905,1769615679136,1769615679136,1769615679136,1769615679136,1769615679136,300,5000,ok
a2026ed0-a8d7-4eeb-84c7-d20c10627834,esp32-02,telemetry,1769615678926,1769615679136,1769615679137,1769615679137,1769615679137,1769615679137,300,5000,ok
21c1903f-c2fe-4f41-bb86-8b1c2316e048,esp32-03,telemetry,1769615678946,1769615679192,1769615679192,1769615679192,1769615679192,1769615679192,300,5000,ok
0534d6d2-f807-43b1-b775-5411f9b750f9,esp32-01,telemetry,1769615679809,1769615680069,1769615680069,1769615680069,1769615680069,1769615680069,300,5000,ok
f12b3fd8-cecb-43eb-97d8-9d0c72529e89,esp32-02,telemetry,1769615679830,1769615680069,1769615680069,1769615680069,1769615680069,1769615680069,300,5000,ok
7e9e7c4c-b8aa-4938-887b-112e1e07f20f,esp32-03,telemetry,1769615679850,1769615680069,1769615680070,1769615680070,1769615680070,1769615680070,300,5000,ok
2f1ce5d4-641e-4215-9b09-513f2ddce7e8,esp32-01,telemetry,1769615679870,1769615680069,1769615680070,1769615680070,1769615680070,1769615680070,300,5000,ok
46430f2b-2eaa-4a5c-8d16-e6708c2a9cfb,esp32-02,telemetry,1769615679889,1769615680121,1769615680121,1769615680121,1769615680121,1769615680121,300,5000,ok
5c5b8fab-72ad-4f3b-9a89-e049d44ca8a7,esp32-03,telemetry,1769615679909,1769615680122,1769615680122,1769615680122,1769615680122,1769615680122,300,5000,ok
069a2c7e-7667-4728-b400-958255950435,esp32-01,telemetry,1769615679930,1769615680122,1769615680123,1769615680123,1769615680123,1769615680123,300,5000,ok
239c6b67-6e2b-4227-a2a0-4b14b715f2ad,esp32-02,telemetry,1769615679951,1769615680175,1769615680191,1769615680191,1769615680191,1769615680191,300,5000,ok
7e7346b1-a6d6-4d2b-9255-508b64edc506,esp32-03,telemetry,1769615679971,1769615680175,1769615680192,1769615680192,1769615680192,1769615680192,300,5000,ok
56056e77-b2b3-48f7-bbc6-7362ec5d2b98,esp32-01,telemetry,1769615679992,1769615680255,1769615680255,1769615680255,1769615680255,1769615680255,300,5000,ok
52151aa3-6b42-47af-a034-d73a7557e0d3,esp32-01,telemetry,1769615680866,1769615681148,1769615681148,1769615681148,1769615681148,1769615681148,300,5000,ok
6dc19092-c17e-4ded-9503-2fda8e49b50c,esp32-02,telemetry,1769615680885,1769615681149,1769615681149,1769615681149,1769615681149,1769615681149,300,5000,ok
1590455c-da13-44f8-84a6-23c877a264ae,esp32-03,telemetry,1769615680905,1769615681149,1769615681150,1769615681150,1769615681150,1769615681150,300,5000,ok
570a63fc-1152-4df7-8d7d-eebc5f0b1eb8,esp32-01,telemetry,1769615680925,1769615681149,1769615681150,1769615681150,1769615681150,1769615681150,300,5000,ok
831d3fbb-3414-46c4-bfe7-72b9fa9dd977,esp32-02,telemetry,1769615680946,1769615681149,1769615681150,1769615681150,1769615681150,1769615681150,300,5000,ok
d99d1a35-2ce6-4e33-8c71-6938f99f6b7e,esp32-03,telemetry,1769615680966,1769615681236,1769615681236,1769615681236,1769615681236,1769615681236,300,5000,ok
d8de315f-38fe-41e8-82a9-1b3996585eae,esp32-03,alarm,1769615680984,1769615681236,1769615681237,1769615681237,1769615681237,1769615681237,150,10000,alarm_type
928a48d8-e165-42b1-a79a-3bace5627819,esp32-01,telemetry,1769615680987,1769615681236,1769615681237,1769615681237,1769615681237,1769615681237,300,5000,ok
b0996732-6966-4b5c-8972-6f524c32c872,esp32-02,telemetry,1769615681006,1769615681236,1769615681237,1769615681237,1769615681238,1769615681238,300,5000,ok
a4db7673-cfde-44e6-95c4-6ff6bfdded29,esp32-03,telemetry,1769615681026,1769615681237,1769615681238,1769615681238,1769615681238,1769615681238,300,5000,ok
a3efe645-23de-41b8-bcf3-78cdd6f16737,esp32-02,telemetry,1769615681975,1769615682265,1769615682265,1769615682265,1769615682265,1769615682265,300,5000,ok
ad6359c0-6eed-4299-8a04-272c50851f8f,esp32-03,telemetry,1769615681994,1769615682265,1769615682265,1769615682265,1769615682265,1769615682265,300,5000,ok
a6ddbd0c-3839-4381-82fa-7e18b0e7e971,esp32-01,telemetry,1769615682015,1769615682265,1769615682266,1769615682266,1769615682266,1769615682266,300,5000,ok
16a41fc3-a276-43ff-b800-7853fadafdbe,esp32-02,telemetry,1769615682035,1769615682265,1769615682266,1769615682266,1769615682266,1769615682266,300,5000,ok
b343cec7-c1d9-416a-bf71-f67600ef7fe6,esp32-03,telemetry,1769615682054,1769615682265,1769615682267,1769615682267,1769615682267,1769615682267,300,5000,ok
4dc7a6ce-6e4f-4025-ab72-4f97ed468a66,esp32-01,telemetry,1769615682074,1769615682265,1769615682267,1769615682267,1769615682267,1769615682267,300,5000,ok
11a242fb-db47-4458-a8ad-11e848f5e922,esp32-02,telemetry,1769615682094,1769615682342,1769615682342,1769615682342,1769615682342,1769615682342,300,5000,ok
33a8c622-9b99-41a3-843e-6b01ffd8bb11,esp32-03,telemetry,1769615682115,1769615682344,1769615682344,1769615682344,1769615682344,1769615682344,300,5000,ok
681287dc-8704-41ee-9eba-bed2c8eaf34b,esp32-01,telemetry,1769615682135,1769615682345,1769615682345,1769615682345,1769615682345,1769615682345,300,5000,ok
d0b74fe0-a548-42a8-a7a5-4ff6c07df767,esp32-02,telemetry,1769615682156,1769615682450,1769615682450,1769615682450,1769615682450,1769615682450,300,5000,ok
9326c850-572e-4682-8ab3-523b07bc3613,esp32-02,telemetry,1769615683063,1769615683355,1769615683355,1769615683355,1769615683355,1769615683355,300,5000,ok
fe5e1919-5c0c-4de0-adc9-2227d3d4126e,esp32-03,telemetry,1769615683084,1769615683355,1769615683356,1769615683356,1769615683356,1769615683356,300,5000,ok
a3061022-3ebe-4486-8e18-50531a529a6a,esp32-01,telemetry,1769615683104,1769615683355,1769615683356,1769615683356,1769615683356,1769615683356,300,5000,ok
26f2efbc-f024-4e69-a7ea-50c645b849c6,esp32-02,telemetry,1769615683124,1769615683356,1769615683357,1769615683357,1769615683357,1769615683357,300,5000,ok
edc25b5b-6627-4d2e-8e68-cea59ac12664,esp32-03,telemetry,1769615683144,1769615683356,1769615683357,1769615683357,1769615683357,1769615683357,300,5000,ok
b9b79fea-c46d-4471-b5ce-c828b1139df3,esp32-01,telemetry,1769615683165,1769615683356,1769615683357,1769615683357,1769615683357,1769615683357,300,5000,ok
ad750195-5347-4031-b464-c46e13ac2f3d,esp32-02,telemetry,1769615683184,1769615683475,1769615683475,1769615683475,1769615683475,1769615683475,300,5000,ok
7c97f422-f7ef-42b8-9004-f2a98ef817a1,esp32-03,telemetry,1769615683205,1769615683475,1769615683476,1769615683476,1769615683476,1769615683476,300,5000,ok
973b0a60-be34-45bb-aee9-7fb2682e8750,esp32-01,telemetry,1769615683224,1769615683475,1769615683476,1769615683476,1769615683476,1769615683476,300,5000,ok
5a23f697-802c-423a-857f-f7c3f8f41c68,esp32-02,telemetry,1769615683244,1769615683475,1769615683476,1769615683476,1769615683476,1769615683476,300,5000,ok
14928cf1-a3f1-4003-ada0-ef3851a4a8bd,esp32-02,telemetry,1769615684089,1769615684382,1769615684383,1769615684383,1769615684383,1769615684383,300,5000,ok
b4fae01d-bbd6-4a63-957d-a9d7134640ba,esp32-03,telemetry,1769615684110,1769615684383,1769615684383,1769615684383,1769615684383,1769615684383,300,5000,ok
994c3312-2920-41f5-8a4e-bccb7b53b3bb,esp32-01,telemetry,1769615684129,1769615684383,1769615684384,1769615684384,1769615684384,1769615684384,300,5000,ok
8d4629fd-bb86-4b6f-b92c-32459989bff5,esp32-02,telemetry,1769615684149,1769615684383,1769615684384,1769615684384,1769615684384,1769615684384,300,5000,ok
c862c672-df5d-430b-be1b-91940d7e2dba,esp32-03,telemetry,1769615684170,1769615684383,1769615684384,1769615684384,1769615684384,1769615684384,300,5000,ok
adb37164-4db7-4ff5-b49f-591d1d634848,esp32-01,telemetry,1769615684190,1769615684383,1769615684385,1769615684385,1769615684385,1769615684385,300,5000,ok
ad36a8d4-b034-467e-b926-217f9d494e57,esp32-02,telemetry,1769615684210,1769615684450,1769615684450,1769615684450,1769615684450,1769615684450,300,5000,ok
529e05f9-a3f3-419d-b4a0-734078654711,esp32-03,telemetry,1769615684230,1769615684450,1769615684451,1769615684451,1769615684451,1769615684451,300,5000,ok
a8cd6770-f41b-452d-891f-94d47af6533a,esp32-01,telemetry,1769615684251,1769615684451,1769615684451,1769615684451,1769615684451,1769615684451,300,5000,ok
80ecbbfb-591f-4d76-97b0-2d1229f065f9,esp32-02,telemetry,1769615684270,1769615684561,1769615684561,1769615684561,1769615684561,1769615684561,300,5000,ok
9f31a4d5-a4e5-424d-8b89-2e5f0fc63f7b,esp32-02,telemetry,1769615685175,1769615685468,1769615685468,1769615685468,1769615685468,1769615685468,300,5000,ok
df168a58-0ec7-4bdb-ac5e-a048184307f5,esp32-03,telemetry,1769615685195,1769615685468,1769615685468,1769615685468,1769615685468,1769615685468,300,5000,ok
fe2a29a9-0e7c-4b4b-8947-6bb481365922,esp32-01,telemetry,1769615685215,1769615685468,1769615685469,1769615685469,1769615685469,1769615685469,300,5000,ok
62f8b9cd-8c9b-4209-b04d-732c685a3fc5,esp32-02,telemetry,1769615685235,1769615685468,1769615685469,1769615685469,1769615685469,1769615685469,300,5000,ok
f19ff3cc-792f-42d0-a384-8c68ba877b61,esp32-03,telemetry,1769615685255,1769615685468,1769615685469,1769615685469,1769615685469,1769615685469,300,5000,ok
2cea64a8-0c84-4d49-9de6-f614db3a857f,esp32-01,telemetry,1769615685275,1769615685468,1769615685470,1769615685470,1769615685470,1769615685470,300,5000,ok
2f7d0a95-c1e4-4c28-9ba6-d1a283a23493,esp32-02,telemetry,1769615685297,1769615685598,1769615685598,1769615685598,1769615685598,1769615685598,300,5000,ok
869843db-590b-4b29-a629-a9b3d3b2cc8d,esp32-03,telemetry,1769615685316,1769615685598,1769615685598,1769615685598,1769615685598,1769615685598,300,5000,ok
3f83f591-8011-48dc-906d-840e7f003d66,esp32-01,telemetry,1769615685337,1769615685598,1769615685599,1769615685599,1769615685599,1769615685599,300,5000,ok
a19fa34a-81fe-49a4-a59e-906c8d6cf1a5,esp32-02,telemetry,1769615685357,1769615685598,1769615685599,1769615685599,1769615685599,1769615685599,300,5000,ok
efe4ad7b-6460-4fd3-8d66-a86575289e96,esp32-01,telemetry,1769615686183,1769615686473,1769615686473,1769615686473,1769615686473,1769615686473,300,5000,ok
e071be37-93af-436e-a064-e37e91af3c21,esp32-02,telemetry,1769615686203,1769615686474,1769615686474,1769615686474,1769615686474,1769615686474,300,5000,ok
db136820-a91a-4b10-b9f1-48ef13d2bea1,esp32-03,telemetry,1769615686224,1769615686475,1769615686476,1769615686476,1769615686476,1769615686476,300,5000,ok
b86c78b4-6de2-4212-beba-163adea810b8,esp32-01,telemetry,1769615686244,1769615686475,1769615686476,1769615686476,1769615686476,1769615686476,300,5000,ok
f32e4fdf-bcb8-4651-8bdf-44705e3999c8,esp32-02,telemetry,1769615686264,1769615686475,1769615686477,1769615686477,1769615686477,1769615686477,300,5000,ok
532b0cc0-ba86-43f7-a8eb-751052a797c4,esp32-03,telemetry,1769615686283,1769615686476,1769615686477,1769615686477,1769615686477,1769615686477,300,5000,ok
0485ea2b-27a8-4dc1-960b-31aa88402677,esp32-01,telemetry,1769615686304,1769615686547,1769615686547,1769615686547,1769615686547,1769615686547,300,5000,ok
4de590cc-4020-4800-acb1-f714e8af864c,esp32-02,telemetry,1769615686324,1769615686548,1769615686548,1769615686548,1769615686548,1769615686548,300,5000,ok
06f26e3b-e043-4bcc-bf04-9fc8175e50e5,esp32-03,telemetry,1769615686344,1769615686548,1769615686548,1769615686548,1769615686548,1769615686548,300,5000,ok
06d5e2c2-675f-40bc-b3a5-06c4e5cc1bd7,esp32-01,telemetry,1769615686364,1769615686655,1769615686655,1769615686655,1769615686655,1769615686655,300,5000,ok
18b62314-e357-4168-ab52-e31e440e2393,esp32-01,telemetry,1769615687275,1769615687575,1769615687575,1769615687575,1769615687575,1769615687575,300,5000,ok
c80b649b-267a-47be-b170-4f4f0ba63e0b,esp32-02,telemetry,1769615687295,1769615687575,1769615687576,1769615687576,1769615687576,1769615687576,300,5000,ok
79d23b7e-eb7e-4acf-a1b1-7a31c19dacea,esp32-03,telemetry,1769615687315,1769615687575,1769615687576,1769615687576,1769615687576,1769615687576,300,5000,ok
504acf3d-e04b-4ac5-bc92-05721a6ad13d,esp32-01,telemetry,1769615687336,1769615687576,1769615687576,1769615687576,1769615687577,1769615687577,300,5000,ok
4d4d777f-8deb-4ce2-a018-82102a2369ce,esp32-02,telemetry,1769615687356,1769615687576,1769615687577,1769615687577,1769615687577,1769615687577,300,5000,ok
f17f63c3-ac3b-4a9e-a29d-79c590be3289,esp32-03,telemetry,1769615687376,1769615687576,1769615687577,1769615687577,1769615687577,1769615687577,300,5000,ok
ed693728-e364-44d7-b026-b534cdedfc20,esp32-01,telemetry,1769615687395,1769615687686,1769615687686,1769615687686,1769615687686,1769615687686,300,5000,ok
56e13fa7-d17a-46cb-85f4-fffb14c94ac5,esp32-02,telemetry,1769615687415,1769615687687,1769615687687,1769615687687,1769615687687,1769615687687,300,5000,ok
cd8a19b5-a463-4d2f-9def-6f0388ed8718,esp32-03,telemetry,1769615687435,1769615687687,1769615687688,1769615687688,1769615687688,1769615687688,300,5000,ok
f9cf73dd-9ed9-4c1e-b0d5-a8944941337a,esp32-01,telemetry,1769615687456,1769615687687,1769615687688,1769615687688,1769615687688,1769615687688,300,5000,ok
e6c30010-d2ab-4963-b343-e5056793621c,esp32-01,telemetry,1769615688303,1769615688603,1769615688604,1769615688604,1769615688604,1769615688604,300,5000,ok
432d9d70-68b6-447f-b621-f4494b7cbf1f,esp32-02,telemetry,1769615688324,1769615688604,1769615688604,1769615688604,1769615688604,1769615688604,300,5000,ok
f82271ec-d585-44f8-a2bb-3ea082eea15b,esp32-03,telemetry,1769615688344,1769615688604,1769615688605,1769615688605,1769615688605,1769615688605,300,5000,ok
b5059f22-264e-4f3c-b27b-a5ac6dd5b77d,esp32-01,telemetry,1769615688363,1769615688605,1769615688605,1769615688605,1769615688605,1769615688605,300,5000,ok
1d2b1be5-d5d4-444e-9ae9-3eebb207b2ce,esp32-02,telemetry,1769615688384,1769615688605,1769615688606,1769615688606,1769615688606,1769615688606,300,5000,ok
6cb2f4d4-fda5-4bbd-929f-34061ca631e0,esp32-03,telemetry,1769615688403,1769615688605,1769615688606,1769615688606,1769615688606,1769615688606,300,5000,ok
a71a5a9b-6765-4b20-8e98-8d4cdca83db8,esp32-01,telemetry,1769615688424,1769615688672,1769615688672,1769615688672,1769615688672,1769615688672,300,5000,ok
a5a642d6-d8ca-4594-9dfb-a15952f5d6e1,esp32-02,telemetry,1769615688444,1769615688672,1769615688673,1769615688673,1769615688673,1769615688673,300,5000,ok
3a8f805a-6adc-45f0-9174-661e78b98ab2,esp32-03,telemetry,1769615688464,1769615688672,1769615688673,1769615688673,1769615688673,1769615688673,300,5000,ok
65d2cbe8-df19-43ad-8853-9941771dd8e0,esp32-01,telemetry,1769615688483,1769615688775,1769615688775,1769615688775,1769615688775,1769615688775,300,5000,ok
49fc4558-8232-4103-8f8e-e3e1fa0262bb,esp32-01,telemetry,1769615689386,1769615689678,1769615689678,1769615689678,1769615689678,1769615689678,300,5000,ok
54a10f7a-7a05-4db6-9f84-a74b763b7b51,esp32-02,telemetry,1769615689406,1769615689678,1769615689679,1769615689679,1769615689679,1769615689679,300,5000,ok
b3b66428-a790-42fd-b0b5-d226a05c05bc,esp32-03,telemetry,1769615689426,1769615689678,1769615689679,1769615689679,1769615689679,1769615689679,300,5000,ok
1c2a3331-70e8-4164-9dc1-db101497ef87,esp32-01,telemetry,1769615689447,1769615689678,1769615689679,1769615689679,1769615689679,1769615689679,300,5000,ok
9e76cf18-0b84-40a3-925b-08d46b86f96c,esp32-02,telemetry,1769615689467,1769615689678,1769615689680,1769615689680,1769615689680,1769615689680,300,5000,ok
e0b32a9a-3c1e-4c38-b20a-125944c8d143,esp32-03,telemetry,1769615689487,1769615689678,1769615689680,1769615689680,1769615689680,1769615689680,300,5000,ok
1d80ece9-92fb-4e3a-b90b-2c98745cf0be,esp32-01,telemetry,1769615689507,1769615689753,1769615689753,1769615689753,1769615689753,1769615689753,300,5000,ok
5ca034ad-2695-43fc-bd4f-ec92cfafa621,esp32-02,telemetry,1769615689527,1769615689753,1769615689753,1769615689753,1769615689753,1769615689753,300,5000,ok
9e2af158-cd3c-4fcd-82b0-1e8ff87ec567,esp32-03,telemetry,1769615689546,1769615689753,1769615689754,1769615689754,1769615689754,1769615689754,300,5000,ok
dd5d7450-3bfb-42f6-adb3-39dd0572f2c2,esp32-01,telemetry,1769615689566,1769615689857,1769615689857,1769615689857,1769615689857,1769615689857,300,5000,ok
080a3565-ed79-4c19-8b65-f355517c07a1,esp32-03,telemetry,1769615690454,1769615690716,1769615690716,1769615690716,1769615690716,1769615690716,300,5000,ok
759f504b-77d7-4e28-ba0f-3a3a89415a63,esp32-01,telemetry,1769615690473,1769615690716,1769615690717,1769615690717,1769615690717,1769615690717,300,5000,ok
cebaa2d4-2b83-4109-9f7b-2a9de073acdb,esp32-02,telemetry,1769615690494,1769615690716,1769615690717,1769615690717,1769615690717,1769615690717,300,5000,ok
e0503849-efc4-4c13-93db-427e4672a071,esp32-03,telemetry,1769615690513,1769615690716,1769615690718,1769615690718,1769615690718,1769615690718,300,5000,ok
d0c844ff-5b98-40d8-950f-cbb2c0c68a61,esp32-01,telemetry,1769615690534,1769615690811,1769615690811,1769615690811,1769615690811,1769615690811,300,5000,ok
8c0dffd8-5fe1-43bc-b564-097d90842038,esp32-02,telemetry,1769615690554,1769615690811,1769615690811,1769615690811,1769615690811,1769615690811,300,5000,ok
5a83055f-61a5-4941-a652-9ad6acecfd44,esp32-03,telemetry,1769615690574,1769615690811,1769615690812,1769615690812,1769615690812,1769615690812,300,5000,ok
51d8bc60-3801-4e53-ba31-5d7645eafab8,esp32-01,telemetry,1769615690594,1769615690812,1769615690812,1769615690812,1769615690812,1769615690812,300,5000,ok
f049989c-d9ce-44ca-9001-3572680fb2b0,esp32-02,telemetry,1769615690614,1769615690812,1769615690813,1769615690813,1769615690813,1769615690813,300,5000,ok
9ecac9d5-f41e-4d07-982e-bed317305316,esp32-03,telemetry,1769615690635,1769615690902,1769615690902,1769615690902,1769615690902,1769615690902,300,5000,ok
ffec6061-2a59-4fdc-8db6-cced5f8c4aea,esp32-01,telemetry,1769615691525,1769615691749,1769615691749,1769615691749,1769615691749,1769615691749,300,5000,ok
7676355c-0160-49cc-86e8-97365dfb82f5,esp32-02,telemetry,1769615691545,1769615691749,1769615691749,1769615691749,1769615691749,1769615691749,300,5000,ok
99ef49df-fc8b-4f43-9732-5ddc7c5874dd,esp32-03,telemetry,1769615691565,1769615691854,1769615691854,1769615691854,1769615691854,1769615691854,300,5000,ok
9cab0942-4d39-4432-b2f8-37e0e4b7f08f,esp32-01,telemetry,1769615691586,1769615691855,1769615691855,1769615691855,1769615691855,1769615691855,300,5000,ok
200130b5-bc3d-4d45-8532-fa041f972d99,esp32-02,telemetry,1769615691607,1769615691855,1769615691856,1769615691856,1769615691856,1769615691856,300,5000,ok
4268a024-44a2-4287-a299-277e8ba32648,esp32-03,telemetry,1769615691628,1769615691855,1769615691856,1769615691856,1769615691856,1769615691856,300,5000,ok
edc7e697-abdf-4758-9a2b-889126de1dd7,esp32-01,telemetry,1769615691649,1769615691855,1769615691856,1769615691856,1769615691856,1769615691856,300,5000,ok
835fe5aa-1353-4c7e-8610-a8bfb4ce61de,esp32-02,telemetry,1769615691670,1769615691893,1769615691893,1769615691893,1769615691893,1769615691893,300,5000,ok
0d243db9-279c-4d03-bbdf-a07663892438,esp32-03,telemetry,1769615691690,1769615691893,1769615691893,1769615691893,1769615691893,1769615691893,300,5000,ok
d7ef3e9b-10b7-4513-9137-556eb641877f,esp32-01,telemetry,1769615691710,1769615691946,1769615691946,1769615691946,1769615691946,1769615691946,300,5000,ok
3b61f2fd-2e3a-4a69-b974-674e977296e5,esp32-02,telemetry,1769615692578,1769615692788,1769615692788,1769615692788,1769615692788,1769615692788,300,5000,ok
26a62e05-aa58-4c38-942a-c05cf54cd6b5,esp32-03,telemetry,1769615692598,1769615692788,1769615692789,1769615692789,1769615692789,1769615692789,300,5000,ok
0e9581a8-1bbc-462b-a1ab-f703ccab3b3f,esp32-01,telemetry,1769615692618,1769615692824,1769615692825,1769615692825,1769615692825,1769615692825,300,5000,ok
3469d07a-bbdd-4dca-b416-104cc654c93d,esp32-02,telemetry,1769615692637,1769615692928,1769615692928,1769615692928,1769615692928,1769615692928,300,5000,ok
7acf427c-2a7d-4e9d-89af-52938e5e678f,esp32-03,telemetry,1769615692657,1769615692928,1769615692928,1769615692928,1769615692928,1769615692928,300,5000,ok
bdf796f1-6c60-45c7-ad40-b2467b80b7a3,esp32-01,telemetry,1769615692678,1769615692928,1769615692929,1769615692929,1769615692929,1769615692929,300,5000,ok
d915a5a2-65fa-4c19-8291-740b433fd40a,esp32-02,telemetry,1769615692697,1769615692928,1769615692929,1769615692929,1769615692929,1769615692929,300,5000,ok
e36a6120-d95d-4214-a0c5-e11260c727aa,esp32-03,telemetry,1769615692718,1769615692929,1769615692930,1769615692930,1769615692930,1769615692930,300,5000,ok
2738d528-c628-4d17-a3af-26e5729b25c1,esp32-01,telemetry,1769615692738,1769615692929,1769615692930,1769615692930,1769615692930,1769615692930,300,5000,ok
ec847dd1-5a45-4e1e-b4a7-0e51670332e5,esp32-02,telemetry,1769615692757,1769615692981,1769615692981,1769615692981,1769615692981,1769615692981,300,5000,ok
50d4c536-7eb0-45d2-b952-b7c1c6a7b161,esp32-01,telemetry,1769615693587,1769615693868,1769615693868,1769615693868,1769615693868,1769615693868,300,5000,ok
ffc3d2f3-8f2b-4baf-8e74-ae7da0fb8f05,esp32-02,telemetry,1769615693606,1769615693869,1769615693869,1769615693869,1769615693869,1769615693869,300,5000,ok
b22bda61-bd48-40af-b370-879afcb76f40,esp32-03,telemetry,1769615693626,1769615693869,1769615693869,1769615693869,1769615693869,1769615693869,300,5000,ok
b354499b-94d3-4453-b670-3976cfcdb01a,esp32-01,telemetry,1769615693647,1769615693869,1769615693870,1769615693870,1769615693870,1769615693870,300,5000,ok
b563d0f3-9b33-434a-95a8-917b8eb87371,esp32-02,telemetry,1769615693667,1769615693869,1769615693870,1769615693870,1769615693870,1769615693870,300,5000,ok
370b680d-d58e-400c-80e0-89a4d7678328,esp32-03,telemetry,1769615693687,1769615693924,1769615693924,1769615693924,1769615693925,1769615693925,300,5000,ok
9fb7b6a1-ecf6-4fa9-82ce-6ff7da6654f5,esp32-01,telemetry,1769615693706,1769615693925,1769615693925,1769615693925,1769615693925,1769615693925,300,5000,ok
c95d76bc-e792-4e13-9baa-146424663e6f,esp32-02,telemetry,1769615693728,1769615693925,1769615693926,1769615693926,1769615693926,1769615693926,300,5000,ok
3b57125d-e728-40b1-8674-4205e001d708,esp32-03,telemetry,1769615693748,1769615693950,1769615693951,1769615693951,1769615693951,1769615693951,300,5000,ok
22fa9124-b4aa-4eec-b80f-e614bfc5f6c5,esp32-01,telemetry,1769615693767,1769615694056,1769615694057,1769615694057,1769615694057,1769615694057,300,5000,ok
27c97764-d053-4346-b764-e979bfa10358,esp32-01,telemetry,1769615694672,1769615694884,1769615694884,1769615694884,1769615694884,1769615694884,300,5000,ok
12fa2fbd-6297-4514-b042-4f6154424a9a,esp32-02,telemetry,1769615694692,1769615694884,1769615694884,1769615694884,1769615694884,1769615694885,300,5000,ok
79b5946c-f300-451c-87b5-72c8e536e9f2,esp32-03,telemetry,1769615694713,1769615694994,1769615694994,1769615694994,1769615694994,1769615694994,300,5000,ok
ee36eda1-d9a1-40fe-b61d-51168e726ece,esp32-01,telemetry,1769615694733,1769615694994,1769615694995,1769615694995,1769615694995,1769615694995,300,5000,ok
f4f78890-1d69-4a71-9c6b-5d5b68f2cc1d,esp32-02,telemetry,1769615694753,1769615694994,1769615694995,1769615694995,1769615694995,1769615694995,300,5000,ok
f65b75e0-a5e8-4edf-818c-6dae78dfbf6a,esp32-03,telemetry,1769615694773,1769615694994,1769615694995,1769615694995,1769615694995,1769615694995,300,5000,ok
6c7973a0-75bc-4181-ab86-74d901ec2759,esp32-01,telemetry,1769615694794,1769615694994,1769615694996,1769615694996,1769615694996,1769615694996,300,5000,ok
6a2a58b4-d243-4ba1-aca3-b20625c35e42,esp32-02,telemetry,1769615694814,1769615695041,1769615695041,1769615695041,1769615695041,1769615695041,300,5000,ok
8d93b15c-65df-4115-9ca4-57fb510a28fb,esp32-03,telemetry,1769615694834,1769615695041,1769615695042,1769615695042,1769615695042,1769615695042,300,5000,ok
70eddd05-59a3-4c3c-bab1-b25e92beb84c,esp32-01,telemetry,1769615694854,1769615695072,1769615695072,1769615695072,1769615695072,1769615695072,300,5000,ok
cbd5f888-c778-4025-b47b-ce420f72778d,esp32-03,telemetry,1769615695638,1769615695889,1769615695889,1769615695889,1769615695889,1769615695889,300,5000,ok
65dac23c-ea67-49e6-9ea7-d2d9287f0508,esp32-01,telemetry,1769615695657,1769615695889,1769615695890,1769615695890,1769615695890,1769615695890,300,5000,ok
b9c99920-d4d0-4286-973e-2aeb1e88dc4c,esp32-02,telemetry,1769615695677,1769615695889,1769615695890,1769615695890,1769615695890,1769615695890,300,5000,ok
2c2f593c-74e2-4347-9187-fedee6bfe570,esp32-03,telemetry,1769615695698,1769615695890,1769615695891,1769615695891,1769615695891,1769615695891,300,5000,ok
78733493-3d68-413a-a93c-966c9b23d6e3,esp32-01,telemetry,1769615695718,1769615695996,1769615695996,1769615695996,1769615695996,1769615695996,300,5000,ok
e8390d6b-8fd3-4967-b642-d4805ef4d0f7,esp32-02,telemetry,1769615695737,1769615695996,1769615695997,1769615695997,1769615695997,1769615695997,300,5000,ok
9dfb5c31-c6a8-4e76-b1cd-d0b335123c7d,esp32-03,telemetry,1769615695757,1769615695996,1769615695997,1769615695997,1769615695997,1769615695997,300,5000,ok
e3c05678-677d-48cc-a6ed-ea0019bf19ec,esp32-01,telemetry,1769615695777,1769615695996,1769615695998,1769615695998,1769615695998,1769615695998,300,5000,ok
0f2a42d4-a6c6-4661-816c-1bd54fd9f4f5,esp32-02,telemetry,1769615695798,1769615695996,1769615695998,1769615695998,1769615695998,1769615695998,300,5000,ok
84d1aa6c-b24d-411d-90f5-d2393efebede,esp32-03,telemetry,1769615695818,1769615696080,1769615696080,1769615696080,1769615696080,1769615696080,300,5000,ok
0ad635ed-d819-4621-9a67-5cbc9049ea96,esp32-03,telemetry,1769615696659,1769615696956,1769615696956,1769615696956,1769615696956,1769615696956,300,5000,ok
2ebb78dc-c6a4-42e7-be41-7b7e1c3fc89a,esp32-01,telemetry,1769615696680,1769615696956,1769615696957,1769615696957,1769615696957,1769615696957,300,5000,ok
d0a17a4c-ad58-4b66-80ea-531c060f1f8e,esp32-02,telemetry,1769615696700,1769615696956,1769615696958,1769615696958,1769615696958,1769615696958,300,5000,ok
f66ca17f-bb8f-41af-b852-932cf0561bb8,esp32-03,telemetry,1769615696727,1769615696956,1769615696958,1769615696958,1769615696958,1769615696958,300,5000,ok
74d170bb-ef03-497f-b164-fa18d0dc13a9,esp32-01,telemetry,1769615696746,1769615696957,1769615696959,1769615696959,1769615696959,1769615696959,300,5000,ok
9b85444b-4c13-4b89-b035-418e25d931b3,esp32-02,telemetry,1769615696767,1769615697057,1769615697057,1769615697058,1769615697058,1769615697058,300,5000,ok
c6c8d481-aaa3-463a-9f23-80c3104471e2,esp32-03,telemetry,1769615696786,1769615697058,1769615697058,1769615697058,1769615697058,1769615697058,300,5000,ok
b9e25700-0959-42f4-8bfd-5f2fb809306f,esp32-01,telemetry,1769615696807,1769615697058,1769615697059,1769615697059,1769615697059,1769615697059,300,5000,ok
087705fc-b79c-4186-92cb-c1b5d0559267,esp32-02,telemetry,1769615696827,1769615697058,1769615697059,1769615697059,1769615697059,1769615697059,300,5000,ok
513920e6-6408-4c1c-871f-c635fbb6bc4b,esp32-03,telemetry,1769615696848,1769615697058,1769615697059,1769615697059,1769615697059,1769615697059,300,5000,ok
d28c9da8-efd3-4728-8613-fdf5a10fa1af,esp32-01,telemetry,1769615697716,1769615698006,1769615698006,1769615698006,1769615698006,1769615698006,300,5000,ok
2add213b-f89e-4efb-83fa-3869418d735b,esp32-02,telemetry,1769615697736,1769615698006,1769615698007,1769615698007,1769615698007,1769615698007,300,5000,ok
d5cbcd78-b233-442b-aa46-1ce48cfede30,esp32-03,telemetry,1769615697755,1769615698006,1769615698008,1769615698008,1769615698008,1769615698008,300,5000,ok
18ac00aa-ac3b-481a-bfa1-39f887625da8,esp32-01,telemetry,1769615697776,1769615698007,1769615698008,1769615698008,1769615698008,1769615698008,300,5000,ok
bd4b181a-d668-49bf-a703-e03ff025fd4b,esp32-02,telemetry,1769615697796,1769615698007,1769615698009,1769615698009,1769615698009,1769615698009,300,5000,ok
7594b116-88ad-4c71-b4f1-4639d935108e,esp32-03,telemetry,1769615697816,1769615698007,1769615698009,1769615698009,1769615698009,1769615698009,300,5000,ok
b5868f73-b19c-4530-aa5b-0d26452d93b0,esp32-01,telemetry,1769615697836,1769615698032,1769615698032,1769615698032,1769615698032,1769615698032,300,5000,ok
d5b94976-f4d6-46ce-8d47-a3fc3e4f885d,esp32-02,telemetry,1769615697857,1769615698078,1769615698078,1769615698078,1769615698078,1769615698078,300,5000,ok
573ae69b-7ff8-4792-bc06-9404a3860e07,esp32-03,telemetry,1769615697876,1769615698078,1769615698079,1769615698079,1769615698079,1769615698079,300,5000,ok
dc96db06-4c7c-47d3-b597-d97a694a51f8,esp32-01,telemetry,1769615697896,1769615698187,1769615698187,1769615698187,1769615698187,1769615698187,300,5000,ok
fa017cf4-eb59-4741-a553-b529647452cf,esp32-01,telemetry,1769615698741,1769615699033,1769615699033,1769615699033,1769615699033,1769615699033,300,5000,ok
3513e0c9-8bba-4c0d-988e-19c174f39a29,esp32-02,telemetry,1769615698761,1769615699033,1769615699034,1769615699034,1769615699034,1769615699034,300,5000,ok
80ba0277-c7a1-4dd8-bc11-05977c636c73,esp32-03,telemetry,1769615698782,1769615699033,1769615699034,1769615699034,1769615699034,1769615699034,300,5000,ok
c9468c27-cbe5-4bb7-8bd1-b8d9b6b9daf2,esp32-01,telemetry,1769615698802,1769615699034,1769615699035,1769615699035,1769615699035,1769615699035,300,5000,ok
858b54c4-58c7-44b8-907a-fce5aa4e687f,esp32-02,telemetry,1769615698822,1769615699034,1769615699035,1769615699035,1769615699035,1769615699035,300,5000,ok
3b8ac49f-a844-4963-bb07-07c0e6025861,esp32-03,telemetry,1769615698843,1769615699034,1769615699035,1769615699035,1769615699035,1769615699035,300,5000,ok
5c377eae-d9a1-4abd-9d5e-af153ac06af8,esp32-01,telemetry,1769615698863,1769615699070,1769615699071,1769615699071,1769615699071,1769615699071,300,5000,ok
42c04fc1-89d7-4929-b28d-ae9f1e14476e,esp32-02,telemetry,1769615698884,1769615699114,1769615699115,1769615699115,1769615699115,1769615699115,300,5000,ok
729bedd6-dce6-470f-80b8-4ef0c4e08847,esp32-03,telemetry,1769615698904,1769615699115,1769615699115,1769615699115,1769615699115,1769615699115,300,5000,ok
973818d8-6945-4744-9099-fd527ab10d2b,esp32-01,telemetry,1769615698924,1769615699115,1769615699115,1769615699116,1769615699116,1769615699116,300,5000,ok
b1442d31-c0f0-4533-b930-c5bf9ef23a59,esp32-01,telemetry,1769615699826,1769615700056,1769615700056,1769615700056,1769615700056,1769615700056,300,5000,ok
e7feabde-563b-4345-ad86-193151c84bfb,esp32-02,telemetry,1769615699847,1769615700056,1769615700057,1769615700057,1769615700057,1769615700057,300,5000,ok
e8c973bb-b98a-4da7-b58d-4ec481db528f,esp32-03,telemetry,1769615699867,1769615700159,1769615700159,1769615700159,1769615700159,1769615700159,300,5000,ok
4f3ffef1-cdff-47b3-a826-57dd40360b7a,esp32-01,telemetry,1769615699887,1769615700159,1769615700160,1769615700160,1769615700160,1769615700160,300,5000,ok
c57ebe18-25a3-45c9-8844-1d83a1ab669e,esp32-02,telemetry,1769615699908,1769615700160,1769615700160,1769615700160,1769615700160,1769615700160,300,5000,ok
2eea763c-62aa-4bdf-9624-63d9a75daff0,esp32-03,telemetry,1769615699928,1769615700160,1769615700161,1769615700161,1769615700161,1769615700161,300,5000,ok
48777dff-3411-4bec-9a9a-32074f12d02a,esp32-01,telemetry,1769615699948,1769615700160,1769615700161,1769615700161,1769615700161,1769615700161,300,5000,ok
67ca6aa9-88f0-4418-9858-001f8afb6f56,esp32-02,telemetry,1769615699968,1769615700186,1769615700186,1769615700186,1769615700186,1769615700186,300,5000,ok
32439423-ff91-43c1-b40f-694009a9de94,esp32-03,telemetry,1769615699987,1769615700187,1769615700187,1769615700187,1769615700187,1769615700187,300,5000,ok
9fc5be12-6f86-4402-b0a1-0e6a59ed62cc,esp32-01,telemetry,1769615700008,1769615700242,1769615700242,1769615700242,1769615700242,1769615700242,300,5000,ok
f1d2c457-8289-411d-829c-dcdcd0f8c1c9,esp32-02,telemetry,1769615700814,1769615701098,1769615701099,1769615701099,1769615701099,1769615701099,300,5000,ok
125b048d-1fe6-4972-a009-47172ab59019,esp32-03,telemetry,1769615700833,1769615701098,1769615701099,1769615701099,1769615701099,1769615701099,300,5000,ok
29d933e8-af65-4f0a-a3c1-7fcb6ec33136,esp32-01,telemetry,1769615700853,1769615701098,1769615701100,1769615701100,1769615701100,1769615701100,300,5000,ok
c7ac62fe-bbb7-49f4-8138-6bd497871b11,esp32-02,telemetry,1769615700874,1769615701098,1769615701101,1769615701101,1769615701101,1769615701101,300,5000,ok
1c1b23ed-550a-4d43-b103-1da76893755a,esp32-03,telemetry,1769615700893,1769615701099,1769615701101,1769615701101,1769615701101,1769615701101,300,5000,ok
ce83bc02-3b04-4547-a530-6be521778a44,esp32-01,telemetry,1769615700914,1769615701120,1769615701120,1769615701120,1769615701120,1769615701120,300,5000,ok
4de25dce-1ae6-4609-a242-6458c09ad042,esp32-02,telemetry,1769615700935,1769615701177,1769615701178,1769615701178,1769615701178,1769615701178,300,5000,ok
36cd869e-a446-407a-a5e1-ca4a6751d260,esp32-03,telemetry,1769615700954,1769615701178,1769615701178,1769615701178,1769615701178,1769615701178,300,5000,ok
1cc794a6-dbba-4b44-9a3b-f537d780ff63,esp32-03,alarm,1769615700987,1769615701179,1769615701179,1769615701179,1769615701179,1769615701179,150,10000,alarm_type
0fb5eafb-6e03-4bf1-a8af-0d1999d5f15e,esp32-01,telemetry,1769615700975,1769615701179,1769615701180,1769615701180,1769615701180,1769615701180,300,5000,ok
47589591-ee7a-4305-9bae-88caaa514594,esp32-02,telemetry,1769615701903,1769615702144,1769615702144,1769615702144,1769615702144,1769615702144,300,5000,ok
f4b5bf70-ee3d-40ef-9854-a1e6acbca2a3,esp32-03,telemetry,1769615701924,1769615702144,1769615702145,1769615702145,1769615702145,1769615702145,300,5000,ok
ed540745-d459-4e53-b67b-46403f7d1cdd,esp32-01,telemetry,1769615701944,1769615702144,1769615702145,1769615702145,1769615702145,1769615702145,300,5000,ok
a3807533-1477-41fc-8101-7deaaef2c4df,esp32-02,telemetry,1769615701964,1769615702256,1769615702256,1769615702256,1769615702256,1769615702256,300,5000,ok
c8e5947b-371d-41f0-9b3d-c65e1304292d,esp32-03,telemetry,1769615701984,1769615702256,1769615702257,1769615702257,1769615702257,1769615702257,300,5000,ok
36471b33-598a-4939-b764-3dd33267b39d,esp32-01,telemetry,1769615702005,1769615702256,1769615702258,1769615702258,1769615702258,1769615702258,300,5000,ok
5b6c7ef4-f2a5-4c5a-a39c-d4d4d4f92272,esp32-02,telemetry,1769615702024,1769615702256,1769615702258,1769615702258,1769615702258,1769615702258,300,5000,ok
af805714-34de-4e78-976c-11f08edf3d44,esp32-03,telemetry,1769615702044,1769615702257,1769615702259,1769615702259,1769615702259,1769615702259,300,5000,ok
158d2ed0-7b8b-485d-bde4-2144fe2c397a,esp32-01,telemetry,1769615702065,1769615702257,1769615702259,1769615702259,1769615702259,1769615702259,300,5000,ok
8773e444-1b7b-4fc6-9c71-6e3e0ecc564e,esp32-02,telemetry,1769615702085,1769615702378,1769615702378,1769615702378,1769615702378,1769615702378,300,5000,ok
0bd7e52b-6fc6-4b5d-9fc9-1194a8fe6228,esp32-02,telemetry,1769615702871,1769615703171,1769615703171,1769615703171,1769615703171,1769615703171,300,5000,ok
5a2a8118-d9a2-4859-839e-82c78cd05746,esp32-03,telemetry,1769615702892,1769615703171,1769615703172,1769615703172,1769615703172,1769615703172,300,5000,ok
6bbce794-9239-49b0-b989-8582ef84cd48,esp32-01,telemetry,1769615702911,1769615703171,1769615703172,1769615703172,1769615703172,1769615703172,300,5000,ok
75b73b5a-bf5b-4bf2-9126-3e011a192131,esp32-02,telemetry,1769615702931,1769615703171,1769615703172,1769615703172,1769615703172,1769615703172,300,5000,ok
cd417bb3-e349-4fb3-a296-3529700cd84f,esp32-03,telemetry,1769615702952,1769615703171,1769615703173,1769615703173,1769615703173,1769615703173,300,5000,ok
9773288e-61cb-47ca-ba50-2465a6915ab7,esp32-01,telemetry,1769615702972,1769615703171,1769615703174,1769615703174,1769615703174,1769615703174,300,5000,ok
2966966b-bd4b-4b66-a974-6568e9ab6ef3,esp32-02,telemetry,1769615702994,1769615703292,1769615703292,1769615703292,1769615703292,1769615703292,300,5000,ok
b850f351-ba04-453c-938f-c90ed08b9241,esp32-03,telemetry,1769615703013,1769615703292,1769615703293,1769615703293,1769615703293,1769615703293,300,5000,ok
4ab6a385-e178-4a0c-9fe7-e11abb591b02,esp32-01,telemetry,1769615703033,1769615703292,1769615703293,1769615703293,1769615703293,1769615703293,300,5000,ok
9922663d-a6a2-4faa-8f69-e92ecb2f6db8,esp32-02,telemetry,1769615703054,1769615703293,1769615703293,1769615703293,1769615703293,1769615703293,300,5000,ok
b7e12eb9-5e56-4a7d-848e-bfa6a79037eb,esp32-02,telemetry,1769615703962,1769615704257,1769615704258,1769615704258,1769615704258,1769615704258,300,5000,ok
b5d44195-edd0-47b9-af1d-fcf3c506b67b,esp32-03,telemetry,1769615703982,1769615704257,1769615704258,1769615704258,1769615704258,1769615704259,300,5000,ok
529e3432-19ad-454f-9f8a-f182ce70df27,esp32-01,telemetry,1769615704001,1769615704258,1769615704259,1769615704259,1769615704259,1769615704259,300,5000,ok
d245c52e-ff2d-4b7f-8fe0-07e573152bae,esp32-02,telemetry,1769615704022,1769615704258,1769615704260,1769615704260,1769615704260,1769615704260,300,5000,ok
727a15de-a302-47ff-beb8-c35ea303f3fa,esp32-03,telemetry,1769615704042,1769615704258,1769615704260,1769615704260,1769615704260,1769615704260,300,5000,ok
b6905121-cf63-4048-8b5b-dfef6682d8f0,esp32-01,telemetry,1769615704062,1769615704287,1769615704287,1769615704287,1769615704287,1769615704287,300,5000,ok
d6988e9d-49a8-470b-8d85-fa2f4dabc016,esp32-02,telemetry,1769615704083,1769615704288,1769615704288,1769615704288,1769615704288,1769615704288,300,5000,ok
f4dafb6a-58a4-40e0-a0af-06b7d14766f8,esp32-03,telemetry,1769615704103,1769615704348,1769615704348,1769615704348,1769615704348,1769615704348,300,5000,ok
021a0126-2942-4ebb-8084-41c89c62c078,esp32-01,telemetry,1769615704123,1769615704348,1769615704349,1769615704349,1769615704349,1769615704349,300,5000,ok
c66be119-1f62-42b0-9f94-02297c433f55,esp32-02,telemetry,1769615704142,1769615704348,1769615704349,1769615704349,1769615704349,1769615704349,300,5000,ok
82e71978-a008-427f-a83d-b522e5a06592,esp32-02,telemetry,1769615705046,1769615705302,1769615705302,1769615705302,1769615705302,1769615705302,300,5000,ok
6630adf6-7838-4af0-9c63-aebae2a7d2e4,esp32-03,telemetry,1769615705066,1769615705302,1769615705303,1769615705303,1769615705303,1769615705303,300,5000,ok
5ba6892b-ddac-491d-9dc3-758db9a71eb3,esp32-01,telemetry,1769615705086,1769615705303,1769615705303,1769615705303,1769615705303,1769615705303,300,5000,ok
38cb899c-eed0-452a-be8b-62eb411be2f0,esp32-02,telemetry,1769615705107,1769615705303,1769615705304,1769615705304,1769615705304,1769615705304,300,5000,ok
0c9a1e5d-ad6f-4ee3-a191-65d3bd89351f,esp32-03,telemetry,1769615705128,1769615705393,1769615705393,1769615705393,1769615705393,1769615705393,300,5000,ok
572a03c7-76f3-4c42-9af5-cdba1a2f0461,esp32-01,telemetry,1769615705148,1769615705393,1769615705394,1769615705394,1769615705394,1769615705394,300,5000,ok
a1c13d86-22e4-497b-a31f-b2089a438804,esp32-02,telemetry,1769615705168,1769615705394,1769615705394,1769615705394,1769615705394,1769615705394,300,5000,ok
1663d185-92c0-4ccc-b3dc-121615f4e844,esp32-03,telemetry,1769615705189,1769615705394,1769615705395,1769615705395,1769615705395,1769615705395,300,5000,ok
cad685d5-33c0-4dba-8143-da622b2a03ed,esp32-01,telemetry,1769615705208,1769615705416,1769615705416,1769615705416,1769615705416,1769615705416,300,5000,ok
50b402e3-5567-43e2-811e-81af7a3729b6,esp32-02,telemetry,1769615705229,1769615705490,1769615705490,1769615705490,1769615705490,1769615705490,300,5000,ok
1eb3aa1f-83a9-4a89-9dbb-a9839f92e4e3,esp32-01,telemetry,1769615706055,1769615706340,1769615706341,1769615706341,1769615706341,1769615706341,300,5000,ok
83e6881b-2f64-477f-9fc0-b22659a0a906,esp32-02,telemetry,1769615706076,1769615706341,1769615706341,1769615706341,1769615706341,1769615706341,300,5000,ok
f9532d40-13a4-42e3-959a-7ae70f8b9e41,esp32-03,telemetry,1769615706095,1769615706341,1769615706342,1769615706342,1769615706342,1769615706342,300,5000,ok
b10ebe6e-f578-47cc-8188-aa61062579a0,esp32-01,telemetry,1769615706116,1769615706341,1769615706342,1769615706342,1769615706342,1769615706342,300,5000,ok
467546ef-c427-4020-87ae-3615eba34ad3,esp32-02,telemetry,1769615706136,1769615706341,1769615706342,1769615706342,1769615706342,1769615706342,300,5000,ok
ac505be1-61d5-4d01-b06a-eae56c74fe05,esp32-03,telemetry,1769615706155,1769615706427,1769615706427,1769615706427,1769615706427,1769615706427,300,5000,ok
04cc1ae7-644a-407b-95a9-c2bfa0fd6c0f,esp32-01,telemetry,1769615706175,1769615706427,1769615706427,1769615706427,1769615706427,1769615706427,300,5000,ok
615354a4-9966-41b0-9c95-65f703442ea9,esp32-02,telemetry,1769615706196,1769615706427,1769615706428,1769615706428,1769615706428,1769615706428,300,5000,ok
ae4d7780-2a47-4f7a-ad5f-7bc7a3be8ad7,esp32-03,telemetry,1769615706216,1769615706427,1769615706428,1769615706428,1769615706428,1769615706428,300,5000,ok
f4680aeb-4bff-4f10-96c1-5f9620ee8cc1,esp32-01,telemetry,1769615706236,1769615706527,1769615706527,1769615706527,1769615706527,1769615706527,300,5000,ok
ba4bbf31-54ae-49bc-9d4e-be13771aded0,esp32-02,telemetry,1769615707166,1769615707424,1769615707424,1769615707424,1769615707424,1769615707424,300,5000,ok
8a6239ba-5a17-4eb5-9a51-68486e84ceef,esp32-03,telemetry,1769615707185,1769615707425,1769615707425,1769615707425,1769615707425,1769615707425,300,5000,ok
ffef1d11-386e-425a-afd9-afbb9d8f98c7,esp32-01,telemetry,1769615707206,1769615707425,1769615707426,1769615707426,1769615707426,1769615707426,300,5000,ok
d92cff76-e1aa-43e9-922a-21cee949350b,esp32-02,telemetry,1769615707226,1769615707425,1769615707426,1769615707426,1769615707426,1769615707426,300,5000,ok
232fbb3e-f2d9-4e98-9f5c-5ec90843b960,esp32-03,telemetry,1769615707246,1769615707525,1769615707525,1769615707525,1769615707525,1769615707525,300,5000,ok
3c9542f2-fdca-4505-a58d-f0f8daba2b1b,esp32-01,telemetry,1769615707266,1769615707525,1769615707526,1769615707526,1769615707526,1769615707526,300,5000,ok
3b783d8b-7571-4cf8-8e49-9a9ae899203a,esp32-02,telemetry,1769615707286,1769615707526,1769615707526,1769615707526,1769615707526,1769615707526,300,5000,ok
65b712ee-4256-4981-a328-146828abc8a0,esp32-03,telemetry,1769615707307,1769615707526,1769615707527,1769615707527,1769615707527,1769615707527,300,5000,ok
2261e0d2-c4c5-4891-9159-9a64d1abde28,esp32-01,telemetry,1769615707327,1769615707526,1769615707527,1769615707527,1769615707527,1769615707527,300,5000,ok
38605470-9288-4028-9d53-ae251ac87dda,esp32-02,telemetry,1769615707347,1769615707613,1769615707613,1769615707613,1769615707613,1769615707613,300,5000,ok
281ebd9b-b838-43d1-a623-9b9313b1bd6d,esp32-02,telemetry,1769615708189,1769615708470,1769615708471,1769615708471,1769615708471,1769615708471,300,5000,ok
94421436-9669-4799-a241-8ed22933ced3,esp32-03,telemetry,1769615708209,1769615708471,1769615708471,1769615708471,1769615708471,1769615708471,300,5000,ok
844effff-be8f-492a-9d21-fba132a9e35a,esp32-01,telemetry,1769615708229,1769615708471,1769615708472,1769615708472,1769615708472,1769615708472,300,5000,ok
e8da1bea-b740-409e-a299-b2ca017be579,esp32-02,telemetry,1769615708250,1769615708471,1769615708472,1769615708472,1769615708472,1769615708472,300,5000,ok
86d638a6-8db5-4a4b-a438-c43cc5d984c7,esp32-03,telemetry,1769615708269,1769615708471,1769615708472,1769615708472,1769615708472,1769615708472,300,5000,ok
90a5b5c4-b62d-4754-9565-361787613a24,esp32-01,telemetry,1769615708289,1769615708562,1769615708562,1769615708562,1769615708562,1769615708562,300,5000,ok
864f7749-1d52-4b72-b6a6-3e8b2a435bea,esp32-02,telemetry,1769615708309,1769615708563,1769615708563,1769615708563,1769615708563,1769615708563,300,5000,ok
9bd64b25-5796-41d0-b7cd-431012a1de62,esp32-03,telemetry,1769615708330,1769615708563,1769615708563,1769615708563,1769615708563,1769615708563,300,5000,ok
d915b05f-b7aa-41d9-9160-ef3978186382,esp32-01,telemetry,1769615708349,1769615708563,1769615708564,1769615708564,1769615708564,1769615708564,300,5000,ok
127e94e3-a85f-4b91-a3bb-3c067ea58fca,esp32-02,telemetry,1769615708370,1769615708657,1769615708657,1769615708657,1769615708657,1769615708657,300,5000,ok
dcbb5a20-3bf5-46dd-8eda-6ea913b4a2e0,esp32-03,telemetry,1769615709234,1769615709501,1769615709502,1769615709502,1769615709502,1769615709502,300,5000,ok
759fd25d-0d51-4e9f-9a4b-3bf95df60fc3,esp32-01,telemetry,1769615709255,1769615709502,1769615709502,1769615709502,1769615709502,1769615709502,300,5000,ok
96347765-e40e-4487-a6ff-e2ec0b423787,esp32-02,telemetry,1769615709274,1769615709502,1769615709503,1769615709503,1769615709503,1769615709503,300,5000,ok
3669d2cd-fc05-434a-9231-875f18e73eb4,esp32-03,telemetry,1769615709295,1769615709502,1769615709503,1769615709503,1769615709503,1769615709503,300,5000,ok
3a8e7c90-8781-4092-91cc-dfdde80fde4d,esp32-01,telemetry,1769615709315,1769615709599,1769615709599,1769615709599,1769615709599,1769615709599,300,5000,ok
27516adc-ee7b-49c8-8466-ef09ba0fe7f7,esp32-02,telemetry,1769615709336,1769615709599,1769615709600,1769615709600,1769615709600,1769615709600,300,5000,ok
e25f65a1-7ae8-4afc-8ae4-daccd0fe61f6,esp32-03,telemetry,1769615709356,1769615709599,1769615709600,1769615709600,1769615709600,1769615709600,300,5000,ok
d912757d-1ace-490e-b8b0-bb46f024d927,esp32-01,telemetry,1769615709376,1769615709599,1769615709601,1769615709601,1769615709601,1769615709601,300,5000,ok
7ce32d23-84b0-455d-9037-f1d66dc52623,esp32-02,telemetry,1769615709395,1769615709600,1769615709601,1769615709601,1769615709601,1769615709601,300,5000,ok
25844c0a-de86-4b2c-9d65-3ba8159fc3b9,esp32-03,telemetry,1769615709416,1769615709688,1769615709688,1769615709688,1769615709688,1769615709688,300,5000,ok
8c4582d8-ff98-4f49-88fb-29af60a4e001,esp32-03,telemetry,1769615710261,1769615710534,1769615710534,1769615710534,1769615710534,1769615710534,300,5000,ok
55209514-a7c4-4d70-8521-4093542dc33a,esp32-01,telemetry,1769615710280,1769615710535,1769615710535,1769615710535,1769615710535,1769615710535,300,5000,ok
6341a6d7-8416-4047-b32b-86db287082de,esp32-02,telemetry,1769615710301,1769615710535,1769615710536,1769615710536,1769615710536,1769615710536,300,5000,ok
fd90a1eb-ff22-404e-91b9-50e1b3d98126,esp32-03,telemetry,1769615710320,1769615710535,1769615710536,1769615710536,1769615710536,1769615710536,300,5000,ok
997d23f1-8443-498d-887b-234f4cd513e4,esp32-01,telemetry,1769615710341,1769615710536,1769615710536,1769615710536,1769615710536,1769615710536,300,5000,ok
c344d801-de6b-4e0d-8786-a5aa480471f1,esp32-02,telemetry,1769615710361,1769615710621,1769615710621,1769615710621,1769615710621,1769615710621,300,5000,ok
38dc2b50-e4c3-4bdf-9b2c-5f066bb12491,esp32-03,telemetry,1769615710380,1769615710623,1769615710624,1769615710624,1769615710624,1769615710624,300,5000,ok
197cf141-a2ce-4ef7-a997-b5032e3476f1,esp32-01,telemetry,1769615710401,1769615710624,1769615710625,1769615710625,1769615710625,1769615710625,300,5000,ok
a6f93b3e-fb7c-4191-a23a-2f2f46feefb0,esp32-02,telemetry,1769615710420,1769615710624,1769615710625,1769615710625,1769615710625,1769615710625,300,5000,ok
77efccd2-cd20-4756-8777-3ddea51c3bca,esp32-03,telemetry,1769615710441,1769615710732,1769615710732,1769615710732,1769615710732,1769615710732,300,5000,ok
0d343628-cb63-4e12-94e4-5beb3da6a7f5,esp32-01,telemetry,1769615711311,1769615711553,1769615711553,1769615711553,1769615711553,1769615711553,300,5000,ok
460b33e3-d0d8-4eb6-b1c7-0ce1da8f33e0,esp32-02,telemetry,1769615711331,1769615711553,1769615711553,1769615711553,1769615711553,1769615711553,300,5000,ok
408a79fc-eeaf-49aa-a2a3-e8fd35d0644b,esp32-03,telemetry,1769615711350,1769615711553,1769615711554,1769615711554,1769615711554,1769615711554,300,5000,ok
ec8e0b1c-3a27-43c2-a630-53144a05b45d,esp32-01,telemetry,1769615711370,1769615711663,1769615711663,1769615711663,1769615711663,1769615711663,300,5000,ok
26d0652c-1d1b-445d-b023-c0177b43a93c,esp32-02,telemetry,1769615711391,1769615711664,1769615711665,1769615711665,1769615711665,1769615711665,300,5000,ok
432b763e-d54e-4380-bfbf-f89ddc7b7eb7,esp32-03,telemetry,1769615711411,1769615711664,1769615711665,1769615711665,1769615711665,1769615711665,300,5000,ok
a73f5d0f-ae6d-4a92-939a-3c546c4fee53,esp32-01,telemetry,1769615711430,1769615711664,1769615711666,1769615711666,1769615711666,1769615711666,300,5000,ok
ff2bcc22-9032-4550-ab3b-bc60db225cf5,esp32-02,telemetry,1769615711450,1769615711664,1769615711666,1769615711666,1769615711666,1769615711666,300,5000,ok
63253c70-028a-4fc0-80d6-a8c7d6895001,esp32-03,telemetry,1769615711471,1769615711664,1769615711666,1769615711666,1769615711666,1769615711666,300,5000,ok
7eebd74f-0aed-4ffc-a6b3-79a6ec6f2cce,esp32-01,telemetry,1769615711492,1769615711783,1769615711783,1769615711783,1769615711783,1769615711783,300,5000,ok
6557ee3a-af26-46e1-8a21-faf695aaa6a7,esp32-01,telemetry,1769615712281,1769615712572,1769615712572,1769615712572,1769615712572,1769615712572,300,5000,ok
88b5e506-0873-4e59-9ff8-457807bb2ce3,esp32-02,telemetry,1769615712301,1769615712575,1769615712575,1769615712575,1769615712575,1769615712575,300,5000,ok
6994a974-89ff-4ca5-b2f9-0a6e0f3d0a6d,esp32-03,telemetry,1769615712322,1769615712575,1769615712576,1769615712576,1769615712576,1769615712576,300,5000,ok
52f6cdb2-d6ff-4a68-8c4c-4178b2b6cf5e,esp32-01,telemetry,1769615712342,1769615712575,1769615712576,1769615712576,1769615712576,1769615712576,300,5000,ok
0005d9a9-257c-4f2a-abae-c1bb8fabc9f3,esp32-02,telemetry,1769615712362,1769615712575,1769615712576,1769615712576,1769615712576,1769615712576,300,5000,ok
b2587d06-6d7f-4ad2-85aa-b3aef49b5735,esp32-03,telemetry,1769615712383,1769615712575,1769615712577,1769615712577,1769615712577,1769615712577,300,5000,ok
a9f582a4-4482-44e9-8bb6-ba434883854d,esp32-01,telemetry,1769615712402,1769615712693,1769615712693,1769615712693,1769615712693,1769615712693,300,5000,ok
c3b920c4-9753-4b5b-8f85-ebb6214e8042,esp32-02,telemetry,1769615712422,1769615712693,1769615712694,1769615712694,1769615712694,1769615712694,300,5000,ok
de472f8e-ff87-4533-930c-dd6ed5e892d1,esp32-03,telemetry,1769615712443,1769615712693,1769615712694,1769615712694,1769615712694,1769615712694,300,5000,ok
ae057cdb-0f69-4916-b331-e514ae6b0415,esp32-01,telemetry,1769615712464,1769615712693,1769615712695,1769615712695,1769615712695,1769615712695,300,5000,ok
0d64e100-8a86-4257-a02a-3d0a2d79da2d,esp32-03,telemetry,1769615713362,1769615713654,1769615713654,1769615713654,1769615713654,1769615713654,300,5000,ok
422373c1-f74b-4262-8641-9e9ef55195f9,esp32-01,telemetry,1769615713383,1769615713654,1769615713655,1769615713655,1769615713655,1769615713655,300,5000,ok
47d5e497-1c4b-4049-98dc-2237c17b7ac3,esp32-02,telemetry,1769615713402,1769615713654,1769615713655,1769615713655,1769615713655,1769615713655,300,5000,ok
fa46ca9b-b22f-451b-935d-61f93cfc9d57,esp32-03,telemetry,1769615713422,1769615713654,1769615713656,1769615713656,1769615713656,1769615713656,300,5000,ok
4aadb2b6-03f4-4c92-8828-a4918f5d9815,esp32-01,telemetry,1769615713443,1769615713654,1769615713656,1769615713656,1769615713656,1769615713656,300,5000,ok
f8c3e8a1-9427-41e8-b511-e36f73bc56bc,esp32-02,telemetry,1769615713464,1769615713654,1769615713657,1769615713657,1769615713657,1769615713657,300,5000,ok
20535320-0c2d-4545-8f7b-fd4ed94a5350,esp32-03,telemetry,1769615713484,1769615713682,1769615713682,1769615713682,1769615713682,1769615713682,300,5000,ok
b5a2d884-cde7-4d21-b308-94f572807e4b,esp32-01,telemetry,1769615713504,1769615713728,1769615713728,1769615713728,1769615713728,1769615713728,300,5000,ok
d814b1c9-74b4-4c0c-8109-ac963ae22010,esp32-02,telemetry,1769615713524,1769615713728,1769615713729,1769615713729,1769615713729,1769615713729,300,5000,ok
0be8ad49-8f36-4b12-9246-8ef79dc1e8d9,esp32-03,telemetry,1769615713544,1769615713836,1769615713836,1769615713836,1769615713836,1769615713836,300,5000,ok
f4fd6773-6727-47cf-a08a-1d6891b16eb5,esp32-02,telemetry,1769615714431,1769615714659,1769615714659,1769615714659,1769615714659,1769615714659,300,5000,ok
0eea72fa-0dff-487a-ab6e-ed8bccc1ed36,esp32-03,telemetry,1769615714451,1769615714659,1769615714660,1769615714660,1769615714660,1769615714660,300,5000,ok
0e7945a5-ddfd-486c-86c9-2b4a5ba908fa,esp32-01,telemetry,1769615714470,1769615714763,1769615714763,1769615714763,1769615714763,1769615714763,300,5000,ok
5a97df8c-15dc-4c90-942e-b1e0c7916eae,esp32-02,telemetry,1769615714491,1769615714763,1769615714763,1769615714763,1769615714763,1769615714763,300,5000,ok
8b39f6e3-6abf-47f2-bd47-3163a7b95b37,esp32-03,telemetry,1769615714511,1769615714763,1769615714764,1769615714764,1769615714764,1769615714764,300,5000,ok
8c20f851-944b-4535-a019-a03cc567b9ac,esp32-01,telemetry,1769615714531,1769615714763,1769615714764,1769615714764,1769615714764,1769615714764,300,5000,ok
be799a30-c598-4972-a556-315fbe9b3300,esp32-02,telemetry,1769615714551,1769615714763,1769615714765,1769615714765,1769615714765,1769615714765,300,5000,ok
d0fc307d-6f5a-45dc-a151-dfb1bfa20c01,esp32-03,telemetry,1769615714571,1769615714763,1769615714765,1769615714765,1769615714765,1769615714765,300,5000,ok
68ce8327-4591-4ca2-9a7b-f37aedbd5712,esp32-01,telemetry,1769615714592,1769615714801,1769615714801,1769615714801,1769615714801,1769615714801,300,5000,ok
996b91b3-ac52-45f7-96cf-468977fe0a83,esp32-02,telemetry,1769615714611,1769615714854,1769615714855,1769615714855,1769615714855,1769615714855,300,5000,ok
0ff29cad-78a6-4b06-97f3-e653fa227336,esp32-03,telemetry,1769615715418,1769615715697,1769615715697,1769615715697,1769615715697,1769615715698,300,5000,ok
81273ecd-3780-4601-bfc7-efd7282a79f6,esp32-01,telemetry,1769615715439,1769615715698,1769615715698,1769615715698,1769615715698,1769615715698,300,5000,ok
d8eca712-d6e8-49a4-adc1-c9ae70774cf9,esp32-02,telemetry,1769615715459,1769615715698,1769615715699,1769615715699,1769615715699,1769615715699,300,5000,ok
2088241d-3b04-400a-927e-c3ddeaa3e867,esp32-03,telemetry,1769615715479,1769615715698,1769615715699,1769615715699,1769615715699,1769615715699,300,5000,ok
3657f937-1e64-40c5-9ce3-5f4227f3493f,esp32-01,telemetry,1769615715500,1769615715698,1769615715699,1769615715699,1769615715699,1769615715699,300,5000,ok
0e9ebedf-3b4c-4064-a1af-709722d8d510,esp32-02,telemetry,1769615715520,1769615715730,1769615715730,1769615715730,1769615715730,1769615715730,300,5000,ok
170a5b7f-287d-4bbe-b231-bf976af105aa,esp32-03,telemetry,1769615715541,1769615715730,1769615715731,1769615715731,1769615715731,1769615715731,300,5000,ok
7807e6a6-59a1-4ea4-ad81-494c2d2ac85d,esp32-01,telemetry,1769615715561,1769615715787,1769615715787,1769615715787,1769615715787,1769615715787,300,5000,ok
5326d9d6-baf2-44db-b0f9-74af3febc26b,esp32-02,telemetry,1769615715581,1769615715787,1769615715787,1769615715787,1769615715787,1769615715787,300,5000,ok
269f401a-f9ce-4059-8785-944445734627,esp32-03,telemetry,1769615715600,1769615715883,1769615715884,1769615715884,1769615715884,1769615715884,300,5000,ok
8fd05b22-5352-4584-8d3b-c32c08cea5b6,esp32-02,telemetry,1769615716485,1769615716724,1769615716725,1769615716725,1769615716725,1769615716725,300,5000,ok
79388986-ff42-46ca-b660-c8edb7ade715,esp32-03,telemetry,1769615716505,1769615716725,1769615716725,1769615716725,1769615716725,1769615716725,300,5000,ok
b663678c-4260-49df-ba56-e0576082a10d,esp32-01,telemetry,1769615716524,1769615716725,1769615716725,1769615716725,1769615716725,1769615716725,300,5000,ok
2273d6b4-37b1-43c9-91a9-24ea150f3224,esp32-02,telemetry,1769615716545,1769615716837,1769615716837,1769615716837,1769615716837,1769615716837,300,5000,ok
bede9a13-6dba-4439-a877-e49bcfd8056a,esp32-03,telemetry,1769615716566,1769615716838,1769615716838,1769615716838,1769615716838,1769615716838,300,5000,ok
1ae90870-857f-4c2d-9bc1-c8578e13351e,esp32-01,telemetry,1769615716585,1769615716838,1769615716839,1769615716839,1769615716839,1769615716839,300,5000,ok
b974f3c9-66b4-431e-a9d7-364598c357b2,esp32-02,telemetry,1769615716606,1769615716838,1769615716840,1769615716840,1769615716840,1769615716840,300,5000,ok
7007844c-cb35-41c3-96b8-d6d04b8ab48c,esp32-03,telemetry,1769615716625,1769615716838,1769615716840,1769615716840,1769615716840,1769615716840,300,5000,ok
16c7eb48-bc21-40f7-9728-e98d4588c794,esp32-01,telemetry,1769615716645,1769615716838,1769615716841,1769615716841,1769615716841,1769615716841,300,5000,ok
3a4fa6b2-f190-4db0-ae30-c2ece3c275f1,esp32-02,telemetry,1769615716665,1769615716961,1769615716961,1769615716961,1769615716961,1769615716961,300,5000,ok
599903f5-a264-4361-a413-b04d1561d57e,esp32-02,telemetry,1769615717452,1769615717742,1769615717742,1769615717742,1769615717742,1769615717742,300,5000,ok
276710f8-82cc-41a3-b316-a4c81073d274,esp32-03,telemetry,1769615717472,1769615717742,1769615717743,1769615717743,1769615717743,1769615717743,300,5000,ok
86a20243-e662-4cca-99e3-9bba56d949fe,esp32-01,telemetry,1769615717492,1769615717742,1769615717743,1769615717743,1769615717743,1769615717743,300,5000,ok
01d9c295-e8f9-4323-b4e2-ab6b7e4f160f,esp32-02,telemetry,1769615717512,1769615717742,1769615717744,1769615717744,1769615717744,1769615717744,300,5000,ok
d285aaf3-9b52-4432-b45d-e4749eb193c0,esp32-03,telemetry,1769615717532,1769615717742,1769615717744,1769615717744,1769615717744,1769615717744,300,5000,ok
40aa92db-8e70-4f3a-a3ba-45dbf3dd8226,esp32-01,telemetry,1769615717552,1769615717743,1769615717744,1769615717744,1769615717744,1769615717744,300,5000,ok
dd056fec-b92a-4d5a-afb9-3ee71ac2b426,esp32-02,telemetry,1769615717572,1769615717862,1769615717863,1769615717863,1769615717863,1769615717863,300,5000,ok
6f83300f-c3b8-4c33-96ef-959c16fcd27f,esp32-03,telemetry,1769615717593,1769615717863,1769615717864,1769615717864,1769615717864,1769615717864,300,5000,ok
4c4b7d13-83af-4c9a-94e2-8c800e5c2a20,esp32-01,telemetry,1769615717613,1769615717863,1769615717864,1769615717864,1769615717864,1769615717864,300,5000,ok
845bd88f-3330-4a47-a8bd-6b864de2823a,esp32-02,telemetry,1769615717632,1769615717863,1769615717865,1769615717865,1769615717865,1769615717865,300,5000,ok
dd86d69b-ea80-437c-928e-e0236a653400,esp32-02,telemetry,1769615718479,1769615718769,1769615718769,1769615718769,1769615718769,1769615718769,300,5000,ok
405bd701-ece4-494a-b73a-5e5a76dca458,esp32-03,telemetry,1769615718500,1769615718769,1769615718770,1769615718770,1769615718770,1769615718770,300,5000,ok
c6d0620d-1945-4f87-adcb-3ebef22072de,esp32-01,telemetry,1769615718520,1769615718769,1769615718770,1769615718770,1769615718770,1769615718770,300,5000,ok
2f2dfa9b-78aa-479b-81bc-20708b6ba1a4,esp32-02,telemetry,1769615718539,1769615718769,1769615718771,1769615718771,1769615718771,1769615718771,300,5000,ok
087db039-d6b4-40c2-a4b0-d0e9aeb67f63,esp32-03,telemetry,1769615718560,1769615718769,1769615718771,1769615718771,1769615718771,1769615718771,300,5000,ok
33b97864-e3ad-4cda-9eee-5cce6b18201a,esp32-01,telemetry,1769615718579,1769615718769,1769615718771,1769615718771,1769615718771,1769615718771,300,5000,ok
3e3e86d7-bae0-49c0-b6df-2e9fb6300ff3,esp32-02,telemetry,1769615718600,1769615718836,1769615718836,1769615718836,1769615718836,1769615718836,300,5000,ok
18f8948c-10e5-4a5f-a2df-527a570ab68e,esp32-03,telemetry,1769615718620,1769615718836,1769615718836,1769615718836,1769615718836,1769615718836,300,5000,ok
3e272edd-9c49-4018-be34-7fcc2eb241a9,esp32-01,telemetry,1769615718639,1769615718836,1769615718837,1769615718837,1769615718837,1769615718837,300,5000,ok
32938de4-e9d9-4daa-89e9-fad083d4f0a9,esp32-02,telemetry,1769615718660,1769615718949,1769615718949,1769615718949,1769615718949,1769615718950,300,5000,ok
5928b03d-1e68-43cf-b17f-4cd4eb76e5e9,esp32-02,telemetry,1769615719569,1769615719858,1769615719858,1769615719858,1769615719858,1769615719858,300,5000,ok
6a790559-c164-4ccb-b970-714bb913acdf,esp32-03,telemetry,1769615719588,1769615719858,1769615719859,1769615719859,1769615719859,1769615719859,300,5000,ok
9a5d3f48-e82b-4763-b325-1520a1ef3af1,esp32-01,telemetry,1769615719608,1769615719858,1769615719859,1769615719859,1769615719859,1769615719859,300,5000,ok
9dad9b31-a625-42fc-aefb-870365840233,esp32-02,telemetry,1769615719629,1769615719858,1769615719860,1769615719860,1769615719860,1769615719860,300,5000,ok
8bda179d-8c57-4bb6-b6ef-0a49aa253125,esp32-03,telemetry,1769615719649,1769615719859,1769615719860,1769615719860,1769615719860,1769615719860,300,5000,ok
b3e98600-c245-4d8e-bcd4-c0b82e988a1d,esp32-01,telemetry,1769615719668,1769615719859,1769615719860,1769615719860,1769615719860,1769615719860,300,5000,ok
a7dda777-b963-4f6a-8f80-ae234bd80b40,esp32-02,telemetry,1769615719689,1769615719983,1769615719984,1769615719984,1769615719984,1769615719984,300,5000,ok
ed8522f6-7bef-464f-b4e0-f05b609704a3,esp32-03,telemetry,1769615719708,1769615719984,1769615719984,1769615719984,1769615719984,1769615719984,300,5000,ok
e02e8b67-9333-4b83-a3e6-539eec7072a5,esp32-01,telemetry,1769615719729,1769615719984,1769615719985,1769615719985,1769615719985,1769615719985,300,5000,ok
6d488107-94cd-4f8d-8b8c-ea29dff60ba2,esp32-02,telemetry,1769615719749,1769615719984,1769615719985,1769615719985,1769615719985,1769615719985,300,5000,ok
88c5e60e-cc97-4583-b1c9-9062d70e3c18,esp32-01,telemetry,1769615720592,1769615720882,1769615720882,1769615720882,1769615720882,1769615720882,300,5000,ok
87931c18-8c59-441e-b7dc-55882965be4c,esp32-02,telemetry,1769615720612,1769615720882,1769615720883,1769615720883,1769615720883,1769615720883,300,5000,ok
8555c7e3-c296-4035-b3c2-bf5b44c20f8d,esp32-03,telemetry,1769615720632,1769615720883,1769615720883,1769615720883,1769615720883,1769615720883,300,5000,ok
9bb9acc7-0ae7-4e6d-889d-d022a6412b3a,esp32-01,telemetry,1769615720653,1769615720883,1769615720884,1769615720884,1769615720884,1769615720884,300,5000,ok
001b909b-07b4-46f1-be35-a9c1cee9d042,esp32-02,telemetry,1769615720673,1769615720883,1769615720884,1769615720884,1769615720884,1769615720884,300,5000,ok
76c249d1-e4fa-42db-b105-6f66321eade8,esp32-03,telemetry,1769615720693,1769615720883,1769615720884,1769615720885,1769615720885,1769615720885,300,5000,ok
02abd3c4-fd6f-43f9-9bd0-de5abc343315,esp32-01,telemetry,1769615720713,1769615720948,1769615720948,1769615720948,1769615720948,1769615720948,300,5000,ok
4addc083-4603-4d90-83f4-653d9fe8f697,esp32-02,telemetry,1769615720732,1769615720948,1769615720949,1769615720949,1769615720949,1769615720949,300,5000,ok
3916779d-4f28-4f2a-90b7-847cc2f41e9d,esp32-03,telemetry,1769615720753,1769615720949,1769615720949,1769615720949,1769615720949,1769615720949,300,5000,ok
2593277c-9b75-4825-9e00-01460d6285fe,esp32-01,telemetry,1769615720773,1769615721068,1769615721068,1769615721068,1769615721068,1769615721068,300,5000,ok
891ab391-efbb-42c2-88e6-3f9304449509,esp32-03,telemetry,1769615721662,1769615721953,1769615721954,1769615721954,1769615721954,1769615721954,300,5000,ok
5f9f6fcc-c6c9-41c2-b6ee-f2e5bcb52d43,esp32-01,telemetry,1769615721682,1769615721954,1769615721954,1769615721954,1769615721954,1769615721954,300,5000,ok
9684de75-3792-4398-9097-f8560fef1ec5,esp32-02,telemetry,1769615721702,1769615721954,1769615721955,1769615721955,1769615721955,1769615721955,300,5000,ok
ac7f7f57-e492-431a-87ea-ab6034a34853,esp32-03,telemetry,1769615721722,1769615721954,1769615721955,1769615721955,1769615721955,1769615721955,300,5000,ok
a8829132-8501-4e2b-8551-279a870550fa,esp32-01,telemetry,1769615721743,1769615721954,1769615721956,1769615721956,1769615721956,1769615721956,300,5000,ok
0493f53f-41e9-4ee1-93ed-a6d77bfaecdf,esp32-02,telemetry,1769615721764,1769615721954,1769615721956,1769615721956,1769615721956,1769615721956,300,5000,ok
f9d23b72-4627-45e6-88a8-7802b50b3737,esp32-03,telemetry,1769615721784,1769615722074,1769615722074,1769615722074,1769615722074,1769615722074,300,5000,ok
b0443652-b3e2-46d8-9ed1-f73f3dbc108a,esp32-01,telemetry,1769615721803,1769615722074,1769615722075,1769615722075,1769615722075,1769615722075,300,5000,ok
21cec76e-5929-45ea-9a9b-901db84e2bac,esp32-02,telemetry,1769615721824,1769615722075,1769615722075,1769615722075,1769615722075,1769615722075,300,5000,ok
91d55f79-39d7-4f81-ae0b-813a4ec79ba9,esp32-03,telemetry,1769615721844,1769615722075,1769615722076,1769615722076,1769615722076,1769615722076,300,5000,ok
24274a92-031f-4990-a24d-c3b590ac62e8,esp32-03,telemetry,1769615722690,1769615722982,1769615722982,1769615722982,1769615722982,1769615722982,300,5000,ok
005754d7-a2ff-4c25-9803-92ce1208d713,esp32-01,telemetry,1769615722710,1769615722982,1769615722983,1769615722983,1769615722983,1769615722983,300,5000,ok
3680b8a7-19d4-412b-b2d4-e990a4aa4131,esp32-02,telemetry,1769615722730,1769615722982,1769615722983,1769615722983,1769615722983,1769615722983,300,5000,ok
931e5172-24e8-492e-91f4-85e7ba632b27,esp32-03,telemetry,1769615722751,1769615722982,1769615722983,1769615722983,1769615722983,1769615722983,300,5000,ok
7ad87e6d-61f3-4e02-b5d4-8f5e573ffc32,esp32-01,telemetry,1769615722772,1769615722982,1769615722984,1769615722984,1769615722984,1769615722984,300,5000,ok
3bf8faad-7807-4170-abef-dbf44ec3ea28,esp32-02,telemetry,1769615722792,1769615722982,1769615722984,1769615722984,1769615722984,1769615722984,300,5000,ok
e7268181-bc13-40ff-a7a0-888b74642083,esp32-03,telemetry,1769615722811,1769615723047,1769615723047,1769615723047,1769615723047,1769615723047,300,5000,ok
ae8d7a8b-d1c7-4929-8975-dfacd919acc0,esp32-01,telemetry,1769615722832,1769615723047,1769615723047,1769615723047,1769615723047,1769615723047,300,5000,ok
662d802c-9dec-413c-a1da-b5fdceddabad,esp32-02,telemetry,1769615722853,1769615723047,1769615723048,1769615723048,1769615723048,1769615723048,300,5000,ok
17199b0f-c9e0-4f3e-b542-e50395aa8aff,esp32-03,telemetry,1769615722873,1769615723164,1769615723164,1769615723164,1769615723164,1769615723164,300,5000,ok
b65b399d-0592-4c49-8cbb-80ecbfea76b1,esp32-03,telemetry,1769615723776,1769615724069,1769615724069,1769615724069,1769615724069,1769615724069,300,5000,ok
ce558daf-3aa2-4ce5-9b6e-5da2da285100,esp32-01,telemetry,1769615723797,1769615724069,1769615724070,1769615724070,1769615724070,1769615724070,300,5000,ok
6fd58d49-9db1-42d9-aec9-49aa0de6b38a,esp32-02,telemetry,1769615723817,1769615724070,1769615724070,1769615724070,1769615724070,1769615724070,300,5000,ok
96e512c9-5902-48fc-8fe5-228c7ab746f4,esp32-03,telemetry,1769615723838,1769615724070,1769615724071,1769615724071,1769615724071,1769615724071,300,5000,ok
76bcf9c6-111f-4b39-acac-1605b495025d,esp32-01,telemetry,1769615723859,1769615724070,1769615724071,1769615724071,1769615724071,1769615724071,300,5000,ok
b00e82ff-b0dc-455d-85f9-4396713a372c,esp32-02,telemetry,1769615723879,1769615724070,1769615724071,1769615724071,1769615724071,1769615724071,300,5000,ok
558490fd-ca92-41a4-bb22-ca2c69777712,esp32-03,telemetry,1769615723900,1769615724192,1769615724192,1769615724192,1769615724192,1769615724192,300,5000,ok
2f6b8fd3-c255-421f-ace1-48ee54038a7f,esp32-01,telemetry,1769615723920,1769615724192,1769615724193,1769615724193,1769615724193,1769615724193,300,5000,ok
57a95836-4452-4d96-b901-ed01875d8d92,esp32-02,telemetry,1769615723941,1769615724192,1769615724193,1769615724193,1769615724193,1769615724193,300,5000,ok
a7870e9b-ce8c-41b4-a7cc-834d03a3aea1,esp32-03,telemetry,1769615723960,1769615724193,1769615724194,1769615724194,1769615724194,1769615724194,300,5000,ok
0e477ab4-1f45-40ff-94a9-d77cb348e93b,esp32-03,telemetry,1769615724810,1769615725100,1769615725101,1769615725101,1769615725101,1769615725101,300,5000,ok
9daade32-02a5-4fbd-9039-5b5faf148e7c,esp32-01,telemetry,1769615724830,1769615725101,1769615725101,1769615725101,1769615725101,1769615725101,300,5000,ok
5e761806-06b6-468f-b063-d5dd49da8eac,esp32-02,telemetry,1769615724849,1769615725101,1769615725102,1769615725102,1769615725102,1769615725102,300,5000,ok
b84a2053-f503-465b-91ec-559f8b85f6c1,esp32-03,telemetry,1769615724869,1769615725101,1769615725102,1769615725102,1769615725102,1769615725102,300,5000,ok
cbc99f1a-7f1b-43e6-8e3e-a0726cd61bac,esp32-01,telemetry,1769615724890,1769615725101,1769615725102,1769615725102,1769615725102,1769615725102,300,5000,ok
d898638d-b998-485a-9a83-0a8b0ed1c506,esp32-02,telemetry,1769615724910,1769615725101,1769615725103,1769615725103,1769615725103,1769615725103,300,5000,ok
73b65490-7ac5-4143-81d9-9a309ba65542,esp32-03,telemetry,1769615724930,1769615725166,1769615725166,1769615725166,1769615725166,1769615725166,300,5000,ok
49c77d29-2307-4bc7-aaf8-819cc7e8ccd1,esp32-01,telemetry,1769615724950,1769615725167,1769615725167,1769615725167,1769615725167,1769615725167,300,5000,ok
c1cc7d5a-383b-4933-9583-fa52edf772b7,esp32-02,telemetry,1769615724970,1769615725167,1769615725168,1769615725168,1769615725168,1769615725168,300,5000,ok
446a56a8-310f-417a-b232-98ff0109aa26,esp32-03,telemetry,1769615724991,1769615725280,1769615725280,1769615725280,1769615725280,1769615725280,300,5000,ok
33617f04-4eaf-467e-81d3-beaafedc2c1a,esp32-03,telemetry,1769615725895,1769615726177,1769615726177,1769615726177,1769615726177,1769615726177,300,5000,ok
b99d7a18-9541-462c-94b1-315d95006b1e,esp32-02,alarm,1769615725987,1769615726178,1769615726178,1769615726178,1769615726178,1769615726178,150,10000,alarm_type
2fd6f2b7-3b89-49a6-97e7-d428601baa2c,esp32-01,telemetry,1769615725914,1769615726177,1769615726178,1769615726178,1769615726178,1769615726178,300,5000,ok
4b94a2a8-2d1a-4b08-9d4e-729620dec8bf,esp32-02,telemetry,1769615725935,1769615726178,1769615726179,1769615726179,1769615726179,1769615726179,300,5000,ok
490d9ff4-b37d-4bdd-b7a6-48ced0891bf4,esp32-03,telemetry,1769615725954,1769615726178,1769615726179,1769615726179,1769615726179,1769615726179,300,5000,ok
0e8a6760-af50-4bb1-a916-be2b016651e2,esp32-01,telemetry,1769615725975,1769615726178,1769615726179,1769615726179,1769615726179,1769615726179,300,5000,ok
ff60c007-ad95-4b73-ada2-20237ef193ae,esp32-02,telemetry,1769615725995,1769615726198,1769615726199,1769615726199,1769615726199,1769615726199,300,5000,ok
1412c86d-d153-4926-ba3a-80daa84272b1,esp32-03,telemetry,1769615726015,1769615726306,1769615726306,1769615726306,1769615726306,1769615726306,300,5000,ok
6a1db009-00a2-49cf-89a3-7eb9557990e2,esp32-01,telemetry,1769615726036,1769615726306,1769615726306,1769615726306,1769615726306,1769615726307,300,5000,ok
90742a2b-4810-43e0-ab77-9e642b46360d,esp32-02,telemetry,1769615726055,1769615726306,1769615726307,1769615726307,1769615726307,1769615726307,300,5000,ok
e7587d8b-9afc-4265-982e-ff302d6934d3,esp32-03,telemetry,1769615726979,1769615727272,1769615727272,1769615727272,1769615727272,1769615727272,300,5000,ok
55f1e3b6-1621-4bbb-8cc1-e501469289bb,esp32-01,telemetry,1769615727000,1769615727273,1769615727273,1769615727273,1769615727273,1769615727273,300,5000,ok
1825b478-44cf-4a98-86d3-3676425eb435,esp32-02,telemetry,1769615727021,1769615727273,1769615727274,1769615727274,1769615727274,1769615727274,300,5000,ok
42c4b742-bdec-47b3-8348-1e7e052e8af3,esp32-03,telemetry,1769615727042,1769615727273,1769615727274,1769615727274,1769615727274,1769615727274,300,5000,ok
b2da67ee-926c-433c-a89d-67153321a57b,esp32-01,telemetry,1769615727062,1769615727273,1769615727275,1769615727275,1769615727275,1769615727275,300,5000,ok
b10c1ebd-5d60-4d07-a3ae-640e53eb81e7,esp32-02,telemetry,1769615727082,1769615727273,1769615727275,1769615727275,1769615727275,1769615727275,300,5000,ok
4f5f2746-4cc3-48df-9717-428fd34368d2,esp32-03,telemetry,1769615727103,1769615727320,1769615727320,1769615727320,1769615727320,1769615727320,300,5000,ok
fef2b183-4916-4ec8-9907-99a6b79d9f84,esp32-01,telemetry,1769615727124,1769615727320,1769615727320,1769615727320,1769615727321,1769615727321,300,5000,ok
ee1e6664-07cb-463f-8bb8-350f063e7592,esp32-02,telemetry,1769615727144,1769615727353,1769615727353,1769615727353,1769615727353,1769615727353,300,5000,ok
cdff939b-18aa-440e-b030-cb57fc1ea665,esp32-03,telemetry,1769615727164,1769615727464,1769615727464,1769615727464,1769615727464,1769615727464,300,5000,ok
1872eaac-3c94-434c-85ea-23cfc9ed0735,esp32-01,telemetry,1769615728089,1769615728366,1769615728366,1769615728366,1769615728366,1769615728366,300,5000,ok
53906a06-bc05-4807-9a77-c49bb8ea2936,esp32-02,telemetry,1769615728110,1769615728366,1769615728367,1769615728367,1769615728367,1769615728367,300,5000,ok
7360dcc5-f885-4223-9cd7-7f64bf8caec8,esp32-03,telemetry,1769615728129,1769615728366,1769615728367,1769615728367,1769615728367,1769615728367,300,5000,ok
288f353c-2d5c-482f-a144-63a56c506cbc,esp32-01,telemetry,1769615728150,1769615728366,1769615728368,1769615728368,1769615728368,1769615728368,300,5000,ok
a23d743d-e003-49e5-adbd-da1ae9cbafb5,esp32-02,telemetry,1769615728170,1769615728366,1769615728368,1769615728368,1769615728368,1769615728368,300,5000,ok
8ee7a46a-4164-4382-9bf1-d4e20988d27c,esp32-03,telemetry,1769615728190,1769615728448,1769615728449,1769615728449,1769615728449,1769615728449,300,5000,ok
6b964879-84d6-43a6-ba07-00a1edb7264b,esp32-01,telemetry,1769615728211,1769615728448,1769615728449,1769615728449,1769615728449,1769615728449,300,5000,ok
b77c57a4-f1f7-481b-80c6-6fc7c8f342b1,esp32-02,telemetry,1769615728231,1769615728448,1769615728449,1769615728449,1769615728449,1769615728449,300,5000,ok
0c272e93-0626-48ec-87e1-e0fca58b5cfa,esp32-03,telemetry,1769615728251,1769615728448,1769615728450,1769615728450,1769615728450,1769615728450,300,5000,ok
f28c0cf2-1859-4f24-95aa-a74f7397581b,esp32-01,telemetry,1769615728272,1769615728553,1769615728553,1769615728553,1769615728553,1769615728553,300,5000,ok
9c4661af-0ad0-4b34-8044-e4c76058a88c,esp32-01,telemetry,1769615729118,1769615729379,1769615729379,1769615729379,1769615729379,1769615729379,300,5000,ok
834ec8f0-783b-450f-a54b-3433055efc76,esp32-02,telemetry,1769615729138,1769615729379,1769615729380,1769615729380,1769615729380,1769615729380,300,5000,ok
c7d44489-b9b2-4b12-a0bf-1a4d540fa31d,esp32-03,telemetry,1769615729160,1769615729379,1769615729380,1769615729380,1769615729380,1769615729380,300,5000,ok
f794274a-b262-4f67-9f82-9f1fe6df0b03,esp32-01,telemetry,1769615729180,1769615729380,1769615729380,1769615729380,1769615729380,1769615729380,300,5000,ok
a5658408-10f3-421f-9e18-dc687d622c1f,esp32-02,telemetry,1769615729199,1769615729485,1769615729485,1769615729485,1769615729485,1769615729485,300,5000,ok
03d9d813-61d9-49cf-914c-3c043a056666,esp32-03,telemetry,1769615729220,1769615729486,1769615729486,1769615729486,1769615729486,1769615729486,300,5000,ok
2c5f551c-baf9-451a-ab34-5e90a1111ced,esp32-01,telemetry,1769615729240,1769615729486,1769615729487,1769615729487,1769615729487,1769615729487,300,5000,ok
af679299-9dbc-4106-8c12-4b9f160e3706,esp32-02,telemetry,1769615729261,1769615729486,1769615729487,1769615729487,1769615729487,1769615729487,300,5000,ok
881a6b7a-aea0-47dc-824b-19bdc8d6c12c,esp32-03,telemetry,1769615729281,1769615729486,1769615729487,1769615729487,1769615729487,1769615729487,300,5000,ok
0e8fe006-c2de-4daf-8e2d-9493b11e2a50,esp32-01,telemetry,1769615729300,1769615729567,1769615729567,1769615729567,1769615729567,1769615729567,300,5000,ok
e38bffb4-4bc7-4f8b-b044-a030136de88d,esp32-03,telemetry,1769615730124,1769615730416,1769615730416,1769615730416,1769615730416,1769615730416,300,5000,ok
de110828-2ad4-42cd-ab8f-a6f61fd9f823,esp32-01,telemetry,1769615730144,1769615730416,1769615730417,1769615730417,1769615730417,1769615730417,300,5000,ok
adc495ae-c34f-4e45-b6d5-b82215407878,esp32-02,telemetry,1769615730165,1769615730416,1769615730418,1769615730418,1769615730418,1769615730418,300,5000,ok
f7cb9657-6826-4ca3-953e-a17a85bc6ee3,esp32-03,telemetry,1769615730184,1769615730417,1769615730418,1769615730418,1769615730418,1769615730418,300,5000,ok
4145de86-4b26-4744-9750-e4f4d383f5ae,esp32-01,telemetry,1769615730205,1769615730417,1769615730419,1769615730419,1769615730419,1769615730419,300,5000,ok
5a700f59-bfdf-4b44-b66e-b852b5007732,esp32-02,telemetry,1769615730225,1769615730417,1769615730419,1769615730419,1769615730419,1769615730419,300,5000,ok
ad73c013-dc2a-4e72-8c7a-02ef9a52d1c4,esp32-03,telemetry,1769615730245,1769615730499,1769615730499,1769615730499,1769615730499,1769615730499,300,5000,ok
fc7b5c72-f364-4bbb-8c78-df4cf31c682b,esp32-01,telemetry,1769615730265,1769615730499,1769615730499,1769615730499,1769615730499,1769615730499,300,5000,ok
8c7f8e79-412c-478d-b2ec-cb4452bea03f,esp32-02,telemetry,1769615730285,1769615730499,1769615730500,1769615730500,1769615730500,1769615730500,300,5000,ok
7cb176dd-7396-4e69-ab9c-24e685959122,esp32-03,telemetry,1769615730306,1769615730499,1769615730500,1769615730500,1769615730500,1769615730500,300,5000,ok
80805d86-b563-4bc8-8b35-cc7b21c18fd1,esp32-01,telemetry,1769615731175,1769615731429,1769615731430,1769615731430,1769615731430,1769615731430,300,5000,ok
07e2c72f-9bd6-4628-9a2d-a128a7d73ead,esp32-02,telemetry,1769615731195,1769615731430,1769615731430,1769615731430,1769615731430,1769615731430,300,5000,ok
4fbac7fa-9cbe-4815-a971-bedc086e5ec3,esp32-03,telemetry,1769615731215,1769615731430,1769615731431,1769615731431,1769615731431,1769615731431,300,5000,ok
01385ece-8d64-4a4d-b853-106b35d804e8,esp32-01,telemetry,1769615731235,1769615731430,1769615731431,1769615731431,1769615731431,1769615731431,300,5000,ok
1f070458-3804-40ec-9004-53696d191b63,esp32-02,telemetry,1769615731255,1769615731545,1769615731545,1769615731545,1769615731545,1769615731545,300,5000,ok
27ae81b2-0ba7-4312-9f62-0a4fb46b825a,esp32-03,telemetry,1769615731274,1769615731545,1769615731546,1769615731546,1769615731546,1769615731546,300,5000,ok
1e0bf99d-77d5-43bb-991f-ad2d1c9f2ca4,esp32-01,telemetry,1769615731295,1769615731546,1769615731546,1769615731546,1769615731546,1769615731546,300,5000,ok
4644fb78-2f61-4009-9fe4-1b9ed84ed9ca,esp32-02,telemetry,1769615731315,1769615731546,1769615731547,1769615731547,1769615731547,1769615731547,300,5000,ok
062b0d27-bcdb-408d-b4bb-78432d53cb6c,esp32-03,telemetry,1769615731336,1769615731546,1769615731547,1769615731547,1769615731547,1769615731547,300,5000,ok
9cf9260f-fccb-40e8-9999-e31042ac4a7c,esp32-01,telemetry,1769615731355,1769615731546,1769615731547,1769615731547,1769615731547,1769615731547,300,5000,ok
191dd706-a966-47da-a7ff-bd8818e2cdad,esp32-02,telemetry,1769615732157,1769615732460,1769615732460,1769615732460,1769615732460,1769615732460,300,5000,ok
33b57c25-4f42-42f0-865d-7a08824d44e0,esp32-03,telemetry,1769615732177,1769615732460,1769615732461,1769615732461,1769615732461,1769615732461,300,5000,ok
65e16be3-25ff-4fdc-9113-75c249faa56d,esp32-01,telemetry,1769615732198,1769615732460,1769615732461,1769615732461,1769615732461,1769615732461,300,5000,ok
92c616a4-3a01-40b2-a02b-cd2e17f17d14,esp32-02,telemetry,1769615732217,1769615732461,1769615732462,1769615732462,1769615732462,1769615732462,300,5000,ok
3a7aade4-a702-4fe6-bfa8-89b2baebffc3,esp32-03,telemetry,1769615732249,1769615732461,1769615732462,1769615732462,1769615732462,1769615732462,300,5000,ok
2f8274e0-0d71-4cf1-8966-5480814ba45a,esp32-01,telemetry,1769615732270,1769615732461,1769615732462,1769615732462,1769615732462,1769615732462,300,5000,ok
aab499a2-8f86-4ec7-a7b0-cd3c8abf9af3,esp32-02,telemetry,1769615732290,1769615732513,1769615732513,1769615732513,1769615732513,1769615732513,300,5000,ok
346c8220-30bf-4598-b40f-075fffd38faf,esp32-03,telemetry,1769615732310,1769615732514,1769615732514,1769615732514,1769615732514,1769615732514,300,5000,ok
81af047b-1d05-45eb-99a4-1acf23e33f1a,esp32-01,telemetry,1769615732331,1769615732623,1769615732623,1769615732623,1769615732623,1769615732623,300,5000,ok
96e9ae53-149e-42b7-9c31-d06061775b0d,esp32-02,telemetry,1769615732350,1769615732623,1769615732624,1769615732624,1769615732624,1769615732624,300,5000,ok
661d9086-d35c-46dd-904e-a2e50f265ec1,esp32-02,telemetry,1769615733259,1769615733548,1769615733548,1769615733548,1769615733548,1769615733548,300,5000,ok
d34a3f66-bbfc-44db-a3b5-e2c92ad97b52,esp32-03,telemetry,1769615733279,1769615733548,1769615733549,1769615733549,1769615733549,1769615733549,300,5000,ok
50d50855-ebd0-4bf8-b997-00b50fc005a0,esp32-01,telemetry,1769615733298,1769615733548,1769615733549,1769615733549,1769615733549,1769615733549,300,5000,ok
723cfe89-e975-4990-9a2c-a6fa48bd8e28,esp32-02,telemetry,1769615733318,1769615733548,1769615733550,1769615733550,1769615733550,1769615733550,300,5000,ok
95f45406-0f35-48ce-b074-8314328d1dad,esp32-03,telemetry,1769615733339,1769615733549,1769615733550,1769615733550,1769615733550,1769615733550,300,5000,ok
e2b5af2f-5bf4-44ec-92a1-332d63dc7b41,esp32-01,telemetry,1769615733358,1769615733549,1769615733550,1769615733550,1769615733550,1769615733550,300,5000,ok
06028021-79df-4b8d-971c-337534fdd3ba,esp32-02,telemetry,1769615733378,1769615733582,1769615733582,1769615733582,1769615733582,1769615733582,300,5000,ok
c98aff24-84a0-494c-8fc5-75d5c1f28823,esp32-03,telemetry,1769615733399,1769615733600,1769615733600,1769615733600,1769615733600,1769615733600,300,5000,ok
833fdaea-ac48-492e-9699-fa2dd5f275b3,esp32-01,telemetry,1769615733419,1769615733621,1769615733621,1769615733621,1769615733621,1769615733621,300,5000,ok
d42c2b55-0d1a-42f4-8e2b-f58a61214b84,esp32-02,telemetry,1769615733440,1769615733731,1769615733731,1769615733731,1769615733731,1769615733731,300,5000,ok
5abdbdb1-24ee-4b0e-8ca6-c6cb3c4db430,esp32-02,telemetry,1769615734350,1769615734552,1769615734552,1769615734552,1769615734552,1769615734552,300,5000,ok
f4e67b1a-a8b6-474a-ae9d-ceb31112a79d,esp32-03,telemetry,1769615734371,1769615734657,1769615734657,1769615734657,1769615734657,1769615734657,300,5000,ok
41d797e0-4e98-4f2e-9ba6-f2ba7925a0a5,esp32-01,telemetry,1769615734392,1769615734657,1769615734658,1769615734658,1769615734658,1769615734658,300,5000,ok
2562c266-7c87-4c29-b562-130ae899bce5,esp32-02,telemetry,1769615734412,1769615734657,1769615734658,1769615734658,1769615734658,1769615734658,300,5000,ok
07a5213b-1863-43d7-94e5-2a7a86a438cd,esp32-03,telemetry,1769615734431,1769615734657,1769615734658,1769615734658,1769615734658,1769615734658,300,5000,ok
c6b19860-13d7-4b42-8ecb-faa08a078e1a,esp32-01,telemetry,1769615734452,1769615734657,1769615734659,1769615734659,1769615734659,1769615734659,300,5000,ok
2a050b8e-eec1-49d6-bdb6-58bb9db69648,esp32-02,telemetry,1769615734472,1769615734698,1769615734699,1769615734699,1769615734699,1769615734699,300,5000,ok
5d1d7910-a190-4f52-93dd-c4fe061e3bf2,esp32-03,telemetry,1769615734491,1769615734699,1769615734699,1769615734699,1769615734699,1769615734699,300,5000,ok
2b61d81f-1c35-404d-9995-deac161bf10b,esp32-01,telemetry,1769615734512,1769615734715,1769615734715,1769615734715,1769615734715,1769615734715,300,5000,ok
6abd529b-dad5-4b01-ba47-abc155796805,esp32-02,telemetry,1769615734531,1769615734741,1769615734743,1769615734743,1769615734743,1769615734743,300,5000,ok
18bf70ee-981a-479f-bef0-2a819b125d49,esp32-01,telemetry,1769615735310,1769615735592,1769615735592,1769615735592,1769615735592,1769615735592,300,5000,ok
84d5052c-65a4-42b2-a453-fc067ec2af82,esp32-02,telemetry,1769615735330,1769615735592,1769615735593,1769615735593,1769615735593,1769615735593,300,5000,ok
28146de4-1c5b-4c0a-80c5-8a671d01185d,esp32-03,telemetry,1769615735351,1769615735592,1769615735593,1769615735593,1769615735593,1769615735593,300,5000,ok
a9e18001-ca20-4bc8-85ff-34af410c86e7,esp32-01,telemetry,1769615735372,1769615735592,1769615735593,1769615735593,1769615735593,1769615735593,300,5000,ok
971645c8-3135-4975-afce-0c79b465bb26,esp32-02,telemetry,1769615735392,1769615735592,1769615735594,1769615735594,1769615735594,1769615735594,300,5000,ok
7f93a15f-bc88-4341-bf4b-fff20f0c4933,esp32-03,telemetry,1769615735411,1769615735632,1769615735632,1769615735632,1769615735632,1769615735632,300,5000,ok
8087f232-8e37-4768-9f2b-aa3007d5440c,esp32-01,telemetry,1769615735432,1769615735632,1769615735633,1769615735633,1769615735633,1769615735633,300,5000,ok
dbfdaa47-350f-4d26-8c31-d76b0f64878b,esp32-02,telemetry,1769615735453,1769615735680,1769615735680,1769615735680,1769615735680,1769615735680,300,5000,ok
d3b8eb1b-13e6-413d-9a26-e697c5972cf0,esp32-03,telemetry,1769615735472,1769615735681,1769615735681,1769615735681,1769615735681,1769615735681,300,5000,ok
e2eaba2c-f6cd-46db-ae58-386d7576ae84,esp32-01,telemetry,1769615735492,1769615735778,1769615735778,1769615735778,1769615735778,1769615735778,300,5000,ok
86032d96-fd25-4a8b-9248-4a0e95adc253,esp32-03,telemetry,1769615736377,1769615736668,1769615736669,1769615736669,1769615736669,1769615736669,300,5000,ok
468d93ba-685c-418b-87be-8491939f097c,esp32-01,telemetry,1769615736398,1769615736669,1769615736669,1769615736669,1769615736669,1769615736669,300,5000,ok
26322aff-d766-47c5-8134-289d0a0fd03c,esp32-02,telemetry,1769615736417,1769615736669,1769615736670,1769615736670,1769615736670,1769615736670,300,5000,ok
8e6bf804-b46f-4317-acdc-d0f0d8eb101a,esp32-03,telemetry,1769615736438,1769615736669,1769615736670,1769615736670,1769615736670,1769615736670,300,5000,ok
42bdbf3c-9f1a-4695-8505-b0a8616093d4,esp32-01,telemetry,1769615736459,1769615736669,1769615736671,1769615736671,1769615736671,1769615736671,300,5000,ok
bba90e7d-f898-4c5c-a806-101098d2e6c1,esp32-02,telemetry,1769615736479,1769615736669,1769615736671,1769615736671,1769615736671,1769615736671,300,5000,ok
69a34935-0f6f-41a8-beb7-87baca266fc1,esp32-03,telemetry,1769615736498,1769615736705,1769615736705,1769615736705,1769615736705,1769615736705,300,5000,ok
6a4a6478-68a5-4516-945c-9f8af21013bd,esp32-01,telemetry,1769615736519,1769615736747,1769615736747,1769615736747,1769615736747,1769615736747,300,5000,ok
d5453627-faf1-4c1d-b2de-e5c4267c610b,esp32-02,telemetry,1769615736539,1769615736748,1769615736748,1769615736748,1769615736748,1769615736748,300,5000,ok
9a6dcd06-235b-407d-8522-c7322833a793,esp32-03,telemetry,1769615736559,1769615736851,1769615736851,1769615736851,1769615736851,1769615736851,300,5000,ok
4023416e-d9f7-4bdf-8c24-a2eb2d48b202,esp32-03,telemetry,1769615737466,1769615737743,1769615737743,1769615737743,1769615737743,1769615737743,300,5000,ok
846ad0a6-bf3e-4b7e-8983-4071fc706ef4,esp32-01,telemetry,1769615737487,1769615737743,1769615737744,1769615737744,1769615737744,1769615737744,300,5000,ok
9208a24b-265c-40e3-9cb7-d12b7028fa07,esp32-02,telemetry,1769615737507,1769615737743,1769615737744,1769615737744,1769615737744,1769615737744,300,5000,ok
c8deed05-39f5-4337-9d3a-2f76d2ae4a27,esp32-03,telemetry,1769615737526,1769615737743,1769615737745,1769615737745,1769615737745,1769615737745,300,5000,ok
4f483f92-eace-4766-86a7-669562b8b184,esp32-01,telemetry,1769615737546,1769615737743,1769615737745,1769615737745,1769615737745,1769615737745,300,5000,ok
2fcfe82c-9aa1-42b0-a885-5a9e1ec338d7,esp32-02,telemetry,1769615737566,1769615737766,1769615737766,1769615737766,1769615737766,1769615737766,300,5000,ok
b7e7b619-6ca3-439f-b7c6-83cecf523452,esp32-03,telemetry,1769615737587,1769615737823,1769615737823,1769615737823,1769615737823,1769615737823,300,5000,ok
1103990f-d055-4888-900d-a1375907b61f,esp32-01,telemetry,1769615737607,1769615737824,1769615737824,1769615737824,1769615737824,1769615737824,300,5000,ok
dbeb8a32-5424-4907-bab3-4dec04e8b15d,esp32-02,telemetry,1769615737628,1769615737824,1769615737824,1769615737824,1769615737824,1769615737824,300,5000,ok
172c8108-0681-4805-981a-98832949c7ae,esp32-03,telemetry,1769615737648,1769615737931,1769615737931,1769615737931,1769615737931,1769615737931,300,5000,ok
7af6695c-44f3-4777-9938-ddbe80315002,esp32-01,telemetry,1769615738510,1769615738755,1769615738755,1769615738755,1769615738755,1769615738755,300,5000,ok
1e79f199-934b-4582-96c9-10cf2bb3cfcb,esp32-02,telemetry,1769615738531,1769615738755,1769615738756,1769615738756,1769615738756,1769615738756,300,5000,ok
e5a2f99d-8631-422b-9e59-1512cc4b9291,esp32-03,telemetry,1769615738551,1769615738755,1769615738756,1769615738756,1769615738756,1769615738756,300,5000,ok
c153b872-3990-4168-b55c-677a47847e73,esp32-01,telemetry,1769615738570,1769615738859,1769615738859,1769615738859,1769615738859,1769615738859,300,5000,ok
0ad43472-4801-4336-b3d0-08888fb0dc3c,esp32-02,telemetry,1769615738590,1769615738859,1769615738860,1769615738860,1769615738860,1769615738860,300,5000,ok
bb0b9b77-4e67-4471-bf36-7b4801908b1c,esp32-03,telemetry,1769615738611,1769615738859,1769615738861,1769615738861,1769615738861,1769615738861,300,5000,ok
51bb5708-0766-4931-b0a4-960600696c1b,esp32-01,telemetry,1769615738631,1769615738860,1769615738861,1769615738861,1769615738861,1769615738861,300,5000,ok
d14fb20a-6cbb-4a48-83c0-39dfd256527d,esp32-02,telemetry,1769615738652,1769615738860,1769615738861,1769615738861,1769615738861,1769615738861,300,5000,ok
c9b775be-309a-48e3-a2d1-615e6ff68ce5,esp32-03,telemetry,1769615738672,1769615738884,1769615738885,1769615738885,1769615738885,1769615738885,300,5000,ok
c04db371-656b-476e-b3da-03ceb3250742,esp32-01,telemetry,1769615738692,1769615738885,1769615738885,1769615738885,1769615738885,1769615738885,300,5000,ok
0b6458a8-d351-4130-8a8e-8ef9776458b8,esp32-02,telemetry,1769615739499,1769615739789,1769615739789,1769615739789,1769615739789,1769615739789,300,5000,ok
69df6b49-b8c8-4055-a531-399fba1d42b2,esp32-03,telemetry,1769615739520,1769615739790,1769615739790,1769615739790,1769615739790,1769615739790,300,5000,ok
001f5e0f-e0ac-4a70-afd4-d784ae028170,esp32-01,telemetry,1769615739539,1769615739790,1769615739790,1769615739790,1769615739790,1769615739790,300,5000,ok
342f9d15-8348-4d3f-b2f6-5fbe5e40ffd1,esp32-02,telemetry,1769615739560,1769615739790,1769615739791,1769615739791,1769615739791,1769615739791,300,5000,ok
360646ff-4401-49f2-9690-fe103d8f9eb3,esp32-03,telemetry,1769615739579,1769615739790,1769615739791,1769615739791,1769615739791,1769615739791,300,5000,ok
1f5e2b4f-757a-4efd-a897-a7d4199e8c87,esp32-01,telemetry,1769615739599,1769615739790,1769615739791,1769615739791,1769615739791,1769615739791,300,5000,ok
b6aa1a26-173b-4dab-bb5d-b027282cb4e3,esp32-02,telemetry,1769615739620,1769615739814,1769615739814,1769615739814,1769615739814,1769615739814,300,5000,ok
cebe33fd-5687-4a15-b174-39b45a6cd929,esp32-03,telemetry,1769615739640,1769615739932,1769615739934,1769615739934,1769615739934,1769615739934,300,5000,ok
794d66e6-3a3f-4da2-bada-8bbe34b45d01,esp32-01,telemetry,1769615739660,1769615739932,1769615739953,1769615739953,1769615739953,1769615739953,300,5000,ok
a0f5e1de-abf3-4a57-a556-429fa6361ba1,esp32-02,telemetry,1769615739681,1769615739932,1769615739955,1769615739955,1769615739955,1769615739955,300,5000,ok
1ca53ff4-24de-497c-872d-e1556cb5b654,esp32-03,telemetry,1769615740555,1769615740845,1769615740846,1769615740846,1769615740846,1769615740846,300,5000,ok
77099067-c862-43ff-9735-547f93baf76e,esp32-01,telemetry,1769615740576,1769615740846,1769615740846,1769615740846,1769615740846,1769615740846,300,5000,ok
ae9d3a49-7a91-4ba9-9373-770aa731b4b0,esp32-02,telemetry,1769615740595,1769615740846,1769615740847,1769615740847,1769615740847,1769615740847,300,5000,ok
fbecfc72-e480-4a38-831d-bad31c32009f,esp32-03,telemetry,1769615740616,1769615740846,1769615740847,1769615740847,1769615740847,1769615740847,300,5000,ok
1cebfc69-d9e0-4c99-a021-5f10f6c9e6c0,esp32-01,telemetry,1769615740636,1769615740846,1769615740848,1769615740848,1769615740848,1769615740848,300,5000,ok
81f257df-df4c-48e6-88e4-ca1851c5576c,esp32-02,telemetry,1769615740656,1769615740846,1769615740848,1769615740848,1769615740848,1769615740848,300,5000,ok
e3fdcf2e-0f45-4c80-a664-29c4272ff4b9,esp32-03,telemetry,1769615740675,1769615740916,1769615740916,1769615740916,1769615740916,1769615740917,300,5000,ok
13ac71dc-aba5-4a08-9202-baf2169d4534,esp32-01,telemetry,1769615740695,1769615740917,1769615740917,1769615740917,1769615740917,1769615740917,300,5000,ok
dba7d7d4-dcb5-4d2d-b477-c81b66cd37e8,esp32-02,telemetry,1769615740716,1769615740917,1769615740918,1769615740918,1769615740918,1769615740918,300,5000,ok
21eaf903-dd33-42e4-8693-0040ff6a3c43,esp32-03,telemetry,1769615740736,1769615741026,1769615741027,1769615741027,1769615741027,1769615741027,300,5000,ok
3d23734c-ff4a-4a02-bc64-3b4bd4833720,esp32-03,telemetry,1769615741644,1769615741850,1769615741850,1769615741850,1769615741850,1769615741850,300,5000,ok
7707d157-2b2d-4501-aff5-88214ed9d811,esp32-01,telemetry,1769615741664,1769615741931,1769615741932,1769615741932,1769615741932,1769615741932,300,5000,ok
568f0e4c-0328-4f1f-81a9-3626be5890a0,esp32-02,telemetry,1769615741684,1769615741932,1769615741932,1769615741932,1769615741932,1769615741932,300,5000,ok
5f442267-659e-42b7-8ccf-c7ecf12084df,esp32-03,telemetry,1769615741703,1769615741932,1769615741933,1769615741933,1769615741933,1769615741933,300,5000,ok
644192bd-4a21-4a4a-84c6-3e54b8d077a4,esp32-01,telemetry,1769615741723,1769615741932,1769615741933,1769615741933,1769615741933,1769615741933,300,5000,ok
eff824b0-9ef1-401a-ba9e-3d8f4c2fba8d,esp32-02,telemetry,1769615741744,1769615742008,1769615742008,1769615742008,1769615742008,1769615742008,300,5000,ok
d1c43bdb-9726-4191-87c2-492999af6782,esp32-03,telemetry,1769615741763,1769615742008,1769615742009,1769615742009,1769615742009,1769615742009,300,5000,ok
cbf0ac94-43d0-4def-9896-04762f88a3eb,esp32-01,telemetry,1769615741784,1769615742009,1769615742009,1769615742009,1769615742009,1769615742009,300,5000,ok
20c41f2b-3d86-4f4a-83a2-bc3154c39a96,esp32-02,telemetry,1769615741804,1769615742009,1769615742010,1769615742010,1769615742010,1769615742010,300,5000,ok
904e0c5e-0c11-4c22-b34d-93b73461d82d,esp32-03,telemetry,1769615741823,1769615742036,1769615742036,1769615742036,1769615742036,1769615742036,300,5000,ok
8729ebd0-d447-4c19-860a-a63cb0659183,esp32-03,telemetry,1769615742607,1769615742867,1769615742867,1769615742867,1769615742867,1769615742867,300,5000,ok
12b9c254-1ef8-4a60-89f1-56168da74865,esp32-01,telemetry,1769615742628,1769615742867,1769615742868,1769615742868,1769615742868,1769615742868,300,5000,ok
fcc007a3-f351-49c4-9d22-fe1a0881301d,esp32-02,telemetry,1769615742649,1769615742868,1769615742869,1769615742869,1769615742869,1769615742869,300,5000,ok
ce3be10c-1202-443e-88ec-cd8b4947fc58,esp32-03,telemetry,1769615742670,1769615742868,1769615742869,1769615742869,1769615742869,1769615742869,300,5000,ok
2fa67035-567d-4db9-8113-34b8e1c3a5c8,esp32-01,telemetry,1769615742690,1769615742950,1769615742950,1769615742950,1769615742950,1769615742950,300,5000,ok
f6dfd36a-eab1-4c6a-b4b8-71a1efdc774b,esp32-02,telemetry,1769615742710,1769615742950,1769615742951,1769615742951,1769615742951,1769615742951,300,5000,ok
3f725c11-a6f9-4a84-91bb-cb5d1b49f1ab,esp32-03,telemetry,1769615742730,1769615742950,1769615742952,1769615742952,1769615742952,1769615742952,300,5000,ok
a0d28344-7aa9-4d94-b0b5-8a1914d628f7,esp32-01,telemetry,1769615742749,1769615742951,1769615742952,1769615742952,1769615742952,1769615742952,300,5000,ok
5ff041ad-8580-4a92-8f38-2b2bc187fc23,esp32-02,telemetry,1769615742769,1769615742971,1769615742971,1769615742971,1769615742971,1769615742971,300,5000,ok
f0ba71e4-c973-47f7-8c57-faa3a7661fb2,esp32-03,telemetry,1769615742789,1769615743054,1769615743054,1769615743054,1769615743054,1769615743054,300,5000,ok
b874114c-7838-4671-8c27-6bf2ad8c6df5,esp32-02,telemetry,1769615743614,1769615743882,1769615743882,1769615743882,1769615743882,1769615743882,300,5000,ok
b7665f72-f135-469f-ab3c-97fd0fc4a400,esp32-03,telemetry,1769615743635,1769615743882,1769615743883,1769615743883,1769615743883,1769615743883,300,5000,ok
0defda5f-4230-41db-a0c6-bc38c05ad50f,esp32-01,telemetry,1769615743655,1769615743882,1769615743883,1769615743883,1769615743883,1769615743883,300,5000,ok
08db098f-bb5c-4178-8e43-8db29aed4230,esp32-02,telemetry,1769615743676,1769615743882,1769615743883,1769615743883,1769615743883,1769615743883,300,5000,ok
44435401-9511-47eb-8fd3-ee8c1871c2ea,esp32-03,telemetry,1769615743697,1769615743904,1769615743904,1769615743904,1769615743905,1769615743905,300,5000,ok
5f5ab4e5-f8f2-4fad-967c-25f81c259f3c,esp32-01,telemetry,1769615743717,1769615743986,1769615743986,1769615743986,1769615743986,1769615743986,300,5000,ok
f267c90f-572b-4c5c-99a7-86faf1f4782e,esp32-02,telemetry,1769615743737,1769615743986,1769615743987,1769615743987,1769615743987,1769615743987,300,5000,ok
b3c797fe-5907-46bc-95ff-ebb9005eae0a,esp32-03,telemetry,1769615743757,1769615743986,1769615743988,1769615743988,1769615743988,1769615743988,300,5000,ok
45d8ccab-86e8-4038-9ee1-5190e95a3222,esp32-01,telemetry,1769615743778,1769615743986,1769615743989,1769615743989,1769615743989,1769615743989,300,5000,ok
7bb1b044-38d2-423b-89b9-6b0299625ded,esp32-02,telemetry,1769615743797,1769615744088,1769615744088,1769615744088,1769615744088,1769615744088,300,5000,ok
1d330626-9cb1-47e7-ac74-c2c7213bfbd2,esp32-03,telemetry,1769615744665,1769615744940,1769615744940,1769615744940,1769615744940,1769615744940,300,5000,ok
cde96d4a-cc7a-4342-9398-baaba6d574f2,esp32-01,telemetry,1769615744686,1769615744940,1769615744941,1769615744941,1769615744941,1769615744941,300,5000,ok
947dece0-8c9a-4ac1-936e-ef2aca2bac6c,esp32-02,telemetry,1769615744707,1769615744940,1769615744941,1769615744941,1769615744941,1769615744941,300,5000,ok
84f406e9-730d-403d-989e-55d837b4f14b,esp32-03,telemetry,1769615744727,1769615744940,1769615744942,1769615744942,1769615744942,1769615744942,300,5000,ok
ef196f93-5333-49b5-8c36-de1790f84918,esp32-01,telemetry,1769615744748,1769615744941,1769615744942,1769615744942,1769615744942,1769615744942,300,5000,ok
d65b3965-27aa-47fb-a707-8fa04a1540d1,esp32-02,telemetry,1769615744769,1769615745021,1769615745021,1769615745021,1769615745021,1769615745021,300,5000,ok
780a52ff-a24d-483c-a0a0-de1bc7ae2d2f,esp32-03,telemetry,1769615744789,1769615745021,1769615745022,1769615745022,1769615745022,1769615745022,300,5000,ok
47832f51-1d0b-4240-a7ec-87015a312700,esp32-01,telemetry,1769615744809,1769615745022,1769615745022,1769615745022,1769615745022,1769615745023,300,5000,ok
576b7803-8d53-4e1b-94e8-b5f53431a870,esp32-02,telemetry,1769615744830,1769615745022,1769615745023,1769615745023,1769615745023,1769615745023,300,5000,ok
eccd4e85-a3b0-4943-bc79-811e3beb1d05,esp32-03,telemetry,1769615744851,1769615745126,1769615745126,1769615745126,1769615745126,1769615745126,300,5000,ok
6e3df150-b6fa-408d-810c-1d05decc0517,esp32-03,telemetry,1769615745694,1769615745955,1769615745955,1769615745955,1769615745955,1769615745955,300,5000,ok
a927875f-91a9-434b-be4b-4d0a5c90a45d,esp32-01,telemetry,1769615745714,1769615745955,1769615745956,1769615745956,1769615745956,1769615745956,300,5000,ok
e46f8ab9-57c3-4970-a004-740face65092,esp32-02,telemetry,1769615745735,1769615745955,1769615745956,1769615745956,1769615745956,1769615745956,300,5000,ok
1ff20ee2-5c11-4103-af34-a3c4607dd5e0,esp32-03,telemetry,1769615745755,1769615745955,1769615745957,1769615745957,1769615745957,1769615745957,300,5000,ok
c064e9ad-64d2-48ac-a57a-52d04e17efd0,esp32-01,telemetry,1769615745775,1769615746056,1769615746056,1769615746056,1769615746056,1769615746056,300,5000,ok
5858dab8-e69a-4e8d-888a-73193981d096,esp32-02,telemetry,1769615745796,1769615746056,1769615746057,1769615746057,1769615746057,1769615746057,300,5000,ok
7ee05eb1-5ec4-4e4f-92ec-88d18164896b,esp32-03,telemetry,1769615745817,1769615746057,1769615746058,1769615746058,1769615746058,1769615746058,300,5000,ok
ceccd2d5-7385-4f53-8510-2bb266e165eb,esp32-01,telemetry,1769615745838,1769615746057,1769615746059,1769615746059,1769615746059,1769615746059,300,5000,ok
d6fcf274-bb58-453b-a8f9-ebb500cabad5,esp32-02,telemetry,1769615745859,1769615746057,1769615746059,1769615746059,1769615746059,1769615746059,300,5000,ok
ee61dfa4-19d0-4ce5-b4a9-c499c907ba63,esp32-03,telemetry,1769615745880,1769615746141,1769615746141,1769615746141,1769615746141,1769615746141,300,5000,ok
ba908bdd-b5b6-42c9-a3dc-1aa4200833f3,esp32-03,telemetry,1769615746731,1769615747013,1769615747013,1769615747013,1769615747013,1769615747013,300,5000,ok
12d39d81-3689-4b12-abc2-7ea49f720a29,esp32-01,telemetry,1769615746751,1769615747014,1769615747014,1769615747014,1769615747014,1769615747014,300,5000,ok
4824b15b-78ce-4e3c-81da-6bfe4db75234,esp32-02,telemetry,1769615746772,1769615747014,1769615747015,1769615747015,1769615747015,1769615747015,300,5000,ok
80b116c2-46e0-4784-955f-acfca224895f,esp32-03,telemetry,1769615746791,1769615747014,1769615747015,1769615747015,1769615747015,1769615747015,300,5000,ok
4073c7b2-e0ed-4331-bc7b-7cc8114afa6c,esp32-01,telemetry,1769615746811,1769615747014,1769615747016,1769615747016,1769615747016,1769615747016,300,5000,ok
2af89d1c-6b44-4a10-b76b-06973a87ede8,esp32-02,telemetry,1769615746831,1769615747025,1769615747025,1769615747025,1769615747025,1769615747025,300,5000,ok
841982d9-a867-45a3-b0ad-c473c14fc710,esp32-03,telemetry,1769615746851,1769615747092,1769615747092,1769615747092,1769615747092,1769615747092,300,5000,ok
282e282e-e884-44e9-b7cc-2daba2e439fb,esp32-01,telemetry,1769615746871,1769615747092,1769615747092,1769615747092,1769615747092,1769615747092,300,5000,ok
28bcda3e-3b19-4dbf-8699-bac7c00fe6a5,esp32-02,telemetry,1769615746891,1769615747092,1769615747093,1769615747093,1769615747093,1769615747093,300,5000,ok
0d97b65c-7c4b-4814-8dff-f5b63bd786ad,esp32-03,telemetry,1769615746912,1769615747199,1769615747199,1769615747199,1769615747199,1769615747199,300,5000,ok
71118300-8a42-4183-bbc0-10d6b128f1f2,esp32-03,telemetry,1769615747759,1769615748022,1769615748022,1769615748022,1769615748022,1769615748022,300,5000,ok
68c6165c-41e8-4795-914b-76f94cbec330,esp32-01,telemetry,1769615747778,1769615748022,1769615748023,1769615748023,1769615748023,1769615748023,300,5000,ok
0070f14c-3077-4b53-86a3-80b050a2f8da,esp32-02,telemetry,1769615747799,1769615748022,1769615748023,1769615748023,1769615748023,1769615748023,300,5000,ok
718c8bf8-c311-4df8-bdcd-a3069b94c404,esp32-03,telemetry,1769615747820,1769615748022,1769615748023,1769615748023,1769615748023,1769615748023,300,5000,ok
66282cf2-5fb7-442c-a227-e2387f18fa2b,esp32-01,telemetry,1769615747840,1769615748129,1769615748129,1769615748129,1769615748129,1769615748129,300,5000,ok
6594570c-9717-46b2-b531-f4605e899b05,esp32-02,telemetry,1769615747859,1769615748129,1769615748130,1769615748130,1769615748130,1769615748130,300,5000,ok
1a2a505f-6168-4661-8e49-9ffe3037be36,esp32-03,telemetry,1769615747879,1769615748129,1769615748130,1769615748130,1769615748130,1769615748130,300,5000,ok
35ef4508-1883-44eb-b018-8778cb9d814a,esp32-01,telemetry,1769615747899,1769615748129,1769615748131,1769615748131,1769615748131,1769615748131,300,5000,ok
cfca5b71-3606-4652-9f55-647bb368aca1,esp32-02,telemetry,1769615747920,1769615748130,1769615748131,1769615748131,1769615748131,1769615748131,300,5000,ok
23b92de3-3fdd-4493-a6b6-2707ed1960ce,esp32-03,telemetry,1769615747940,1769615748208,1769615748208,1769615748208,1769615748208,1769615748208,300,5000,ok
5804f7c2-db37-4420-a703-4b04a7a26132,esp32-02,telemetry,1769615748771,1769615749056,1769615749056,1769615749056,1769615749056,1769615749056,300,5000,ok
cc7b77c3-6b02-41ed-b07a-190075477277,esp32-03,telemetry,1769615748790,1769615749056,1769615749057,1769615749057,1769615749057,1769615749057,300,5000,ok
88cddd02-e546-4ccd-ac33-9df3fb604476,esp32-01,telemetry,1769615748810,1769615749056,1769615749057,1769615749057,1769615749057,1769615749057,300,5000,ok
a0a2965e-d8c2-4d88-8d4f-0f401e6ca965,esp32-02,telemetry,1769615748831,1769615749056,1769615749057,1769615749057,1769615749057,1769615749057,300,5000,ok
dfa97920-0740-4a28-95a6-33e116f89c3d,esp32-03,telemetry,1769615748851,1769615749056,1769615749058,1769615749058,1769615749058,1769615749058,300,5000,ok
108b228a-5995-48d2-8ab9-1f77107817c3,esp32-01,telemetry,1769615748871,1769615749142,1769615749142,1769615749142,1769615749142,1769615749142,300,5000,ok
de9752a1-5efb-4b12-8f92-46433369b07c,esp32-02,telemetry,1769615748891,1769615749142,1769615749143,1769615749143,1769615749143,1769615749143,300,5000,ok
a24b346f-b151-40ea-aec5-31872987d1a8,esp32-03,telemetry,1769615748912,1769615749142,1769615749143,1769615749143,1769615749143,1769615749143,300,5000,ok
42f2756e-75cd-4eee-8098-7b022def8f09,esp32-01,telemetry,1769615748932,1769615749143,1769615749144,1769615749144,1769615749144,1769615749144,300,5000,ok
846cab3e-eadd-4fe3-8490-78f47abe0c2d,esp32-02,telemetry,1769615748951,1769615749247,1769615749247,1769615749247,1769615749247,1769615749247,300,5000,ok
6ea29e7c-a8f1-45ce-a36a-08b87cf47dd7,esp32-03,telemetry,1769615749819,1769615750074,1769615750074,1769615750074,1769615750074,1769615750074,300,5000,ok
51c04917-fd94-4322-a329-ab9e89035df3,esp32-01,telemetry,1769615749840,1769615750074,1769615750074,1769615750074,1769615750074,1769615750074,300,5000,ok
1d37db78-2e72-4793-86ae-fe7c05badeec,esp32-02,telemetry,1769615749859,1769615750074,1769615750075,1769615750075,1769615750075,1769615750075,300,5000,ok
1156f4fd-840e-4021-92ef-ba6c668913d9,esp32-03,telemetry,1769615749880,1769615750074,1769615750075,1769615750075,1769615750075,1769615750075,300,5000,ok
545e484c-2875-4da0-93aa-11260b55715c,esp32-01,telemetry,1769615749900,1769615750180,1769615750181,1769615750181,1769615750181,1769615750181,300,5000,ok
2f57885c-4bc3-408f-b3b9-24ddda283436,esp32-02,telemetry,1769615749921,1769615750181,1769615750181,1769615750181,1769615750181,1769615750181,300,5000,ok
3ed85846-566c-42d9-8f50-d00ea2997370,esp32-03,telemetry,1769615749941,1769615750181,1769615750181,1769615750181,1769615750181,1769615750181,300,5000,ok
4f4b807b-adc2-44e7-b850-69aee8877bee,esp32-01,telemetry,1769615749961,1769615750181,1769615750182,1769615750182,1769615750182,1769615750182,300,5000,ok
4cdbb532-6793-4a8d-943c-44e4fa930532,esp32-02,telemetry,1769615749982,1769615750181,1769615750182,1769615750182,1769615750182,1769615750182,300,5000,ok
722f41a4-47b4-4ac2-8101-eeaf05028619,esp32-03,telemetry,1769615750002,1769615750260,1769615750260,1769615750260,1769615750260,1769615750260,300,5000,ok
25957d6a-e92d-481e-9093-50bcfb6b66d5,esp32-02,telemetry,1769615750832,1769615751107,1769615751107,1769615751107,1769615751107,1769615751107,300,5000,ok
3f4066af-031b-49a1-b67b-29c3714ef276,esp32-03,telemetry,1769615750852,1769615751107,1769615751108,1769615751108,1769615751108,1769615751108,300,5000,ok
b0c0dab7-8bb8-4672-9373-9195f62fd988,esp32-01,telemetry,1769615750871,1769615751107,1769615751108,1769615751108,1769615751108,1769615751108,300,5000,ok
2f59f7e2-d1a2-4048-b39d-fcca702ce10a,esp32-02,telemetry,1769615750892,1769615751108,1769615751109,1769615751109,1769615751109,1769615751109,300,5000,ok
6403570e-5ebc-4afc-b564-878c0924743c,esp32-03,telemetry,1769615750912,1769615751108,1769615751109,1769615751109,1769615751109,1769615751109,300,5000,ok
4147db99-f823-4eb5-a160-5a3e1f0cead6,esp32-01,telemetry,1769615750931,1769615751193,1769615751193,1769615751193,1769615751193,1769615751193,300,5000,ok
8edff34e-4e86-49fb-8864-3f22295bfe1b,esp32-02,alarm,1769615750988,1769615751194,1769615751194,1769615751194,1769615751194,1769615751194,150,10000,alarm_type
6ddead43-257f-4fcf-a553-bdd98d23193f,esp32-02,telemetry,1769615750952,1769615751194,1769615751195,1769615751195,1769615751195,1769615751195,300,5000,ok
6253752b-fe38-47d2-88f0-b836c1d772da,esp32-03,telemetry,1769615750972,1769615751194,1769615751196,1769615751196,1769615751196,1769615751196,300,5000,ok
19bdd99d-6957-4ade-a30c-350016371dda,esp32-01,telemetry,1769615750991,1769615751194,1769615751196,1769615751196,1769615751196,1769615751196,300,5000,ok
b53a0fd2-2ce4-49a2-b166-345955e8a8b0,esp32-01,telemetry,1769615751896,1769615752185,1769615752185,1769615752185,1769615752185,1769615752185,300,5000,ok
912ef66b-77b5-47da-b1da-e33740f77138,esp32-02,telemetry,1769615751916,1769615752185,1769615752186,1769615752186,1769615752186,1769615752186,300,5000,ok
85ef3a18-9d62-4bd0-ab61-5548cb288d8e,esp32-03,telemetry,1769615751935,1769615752185,1769615752186,1769615752186,1769615752186,1769615752186,300,5000,ok
5e3af2bf-a97f-4342-bae8-50684c37b074,esp32-01,telemetry,1769615751956,1769615752185,1769615752186,1769615752186,1769615752186,1769615752186,300,5000,ok
e84e8501-ab58-4592-8339-0ce2acecf1a4,esp32-02,telemetry,1769615751975,1769615752185,1769615752187,1769615752187,1769615752187,1769615752187,300,5000,ok
98b271e7-6d2b-43bd-a0b2-aea90f6e7a37,esp32-03,telemetry,1769615751995,1769615752185,1769615752187,1769615752187,1769615752187,1769615752187,300,5000,ok
7741afa0-be37-4f38-8963-600d1207bb7c,esp32-01,telemetry,1769615752016,1769615752212,1769615752212,1769615752212,1769615752212,1769615752212,300,5000,ok
0ecce465-e1c5-4183-9277-2d30a631c273,esp32-02,telemetry,1769615752035,1769615752265,1769615752265,1769615752265,1769615752265,1769615752265,300,5000,ok
bd2ffefb-7e8e-47ea-875c-0d922729133d,esp32-03,telemetry,1769615752056,1769615752265,1769615752266,1769615752266,1769615752266,1769615752266,300,5000,ok
7fc81882-e6e1-422e-a4e1-1cf7bb5c7759,esp32-01,telemetry,1769615752076,1769615752366,1769615752366,1769615752366,1769615752366,1769615752366,300,5000,ok
6ea96741-0e30-4ccc-9cef-a0f246dc02a4,esp32-01,telemetry,1769615752982,1769615753212,1769615753212,1769615753212,1769615753212,1769615753213,300,5000,ok
9db561cb-9933-4293-98c1-c03733ddece7,esp32-02,telemetry,1769615753002,1769615753213,1769615753213,1769615753213,1769615753213,1769615753213,300,5000,ok
296fadad-dd94-489c-9373-495b626ad2ec,esp32-03,telemetry,1769615753022,1769615753299,1769615753299,1769615753299,1769615753299,1769615753299,300,5000,ok
c7eff519-2fe2-4415-8cf7-535e85cc677a,esp32-01,telemetry,1769615753042,1769615753299,1769615753300,1769615753300,1769615753300,1769615753300,300,5000,ok
ddf30f5b-1667-4061-94ed-496380254521,esp32-02,telemetry,1769615753062,1769615753299,1769615753300,1769615753300,1769615753300,1769615753300,300,5000,ok
ae34282c-bc3e-42f1-b175-1352da546cba,esp32-03,telemetry,1769615753083,1769615753299,1769615753300,1769615753300,1769615753300,1769615753300,300,5000,ok
e482777e-6c79-4240-89f6-7c22fd162740,esp32-01,telemetry,1769615753103,1769615753299,1769615753301,1769615753301,1769615753301,1769615753301,300,5000,ok
5abf4817-7168-46e5-b728-59ee6c46dee4,esp32-02,telemetry,1769615753123,1769615753353,1769615753353,1769615753353,1769615753353,1769615753353,300,5000,ok
64ee1ba8-adf6-4b93-ba6d-3faf3b778897,esp32-03,telemetry,1769615753144,1769615753353,1769615753353,1769615753353,1769615753353,1769615753353,300,5000,ok
312b1a82-cea3-48a6-ac52-48474ca3a72c,esp32-01,telemetry,1769615753164,1769615753399,1769615753399,1769615753399,1769615753399,1769615753399,300,5000,ok
50f04f94-6505-4667-8e56-55eff126406d,esp32-02,telemetry,1769615753971,1769615754231,1769615754231,1769615754231,1769615754231,1769615754231,300,5000,ok
ebb9300d-5f01-4aef-b68f-2d6229836ee4,esp32-03,telemetry,1769615753991,1769615754231,1769615754231,1769615754231,1769615754231,1769615754231,300,5000,ok
b64b091b-a367-43a1-8dc8-7733d777164c,esp32-01,telemetry,1769615754012,1769615754231,1769615754232,1769615754232,1769615754232,1769615754232,300,5000,ok
6c7b82b7-1c0f-4616-9f3e-98023a266576,esp32-02,telemetry,1769615754032,1769615754231,1769615754232,1769615754232,1769615754232,1769615754232,300,5000,ok
131cea1c-24db-45db-aa99-75a5382b5671,esp32-03,telemetry,1769615754052,1769615754286,1769615754286,1769615754286,1769615754286,1769615754286,300,5000,ok
27a7a6bf-b158-4125-813b-254deeb5ab42,esp32-01,telemetry,1769615754072,1769615754286,1769615754287,1769615754287,1769615754287,1769615754287,300,5000,ok
63f86c41-535f-45b2-94c9-dc94a20ecb1f,esp32-02,telemetry,1769615754093,1769615754288,1769615754288,1769615754288,1769615754288,1769615754288,300,5000,ok
8f71da1c-5353-4a04-9e54-87049adff5d7,esp32-03,telemetry,1769615754114,1769615754340,1769615754340,1769615754340,1769615754340,1769615754340,300,5000,ok
18fca844-0459-4358-af66-5626779e435b,esp32-01,telemetry,1769615754134,1769615754341,1769615754341,1769615754341,1769615754341,1769615754341,300,5000,ok
b5134d06-132c-4a53-b0b7-0e3ece0658eb,esp32-02,telemetry,1769615754153,1769615754418,1769615754418,1769615754418,1769615754418,1769615754418,300,5000,ok
b0083ca5-2c3f-4586-bb74-e7978be2aff9,esp32-02,telemetry,1769615755033,1769615755300,1769615755300,1769615755300,1769615755300,1769615755300,300,5000,ok
47756ddb-42f5-4f86-b9b4-90302914b2f0,esp32-03,telemetry,1769615755052,1769615755300,1769615755300,1769615755300,1769615755300,1769615755300,300,5000,ok
eb9e66bc-90ea-4cc4-86e1-185738f755b6,esp32-01,telemetry,1769615755072,1769615755300,1769615755301,1769615755301,1769615755301,1769615755301,300,5000,ok
6b1ceda1-67ec-4bbd-9947-14aada8fbbcb,esp32-02,telemetry,1769615755092,1769615755300,1769615755301,1769615755301,1769615755301,1769615755301,300,5000,ok
d3eed0e5-c3d6-4e2e-b7b1-41b7250e56a5,esp32-03,telemetry,1769615755113,1769615755352,1769615755353,1769615755353,1769615755353,1769615755353,300,5000,ok
532be7d8-24de-4724-9c6b-51c2dceed3b9,esp32-01,telemetry,1769615755133,1769615755353,1769615755353,1769615755353,1769615755353,1769615755353,300,5000,ok
39c4be85-6b84-4a9a-9dc8-e8fe5fff712a,esp32-02,telemetry,1769615755153,1769615755353,1769615755354,1769615755354,1769615755354,1769615755354,300,5000,ok
8ca90168-c043-49dd-a169-f50504a407e3,esp32-03,telemetry,1769615755173,1769615755407,1769615755407,1769615755407,1769615755407,1769615755407,300,5000,ok
fdaaa466-ffd2-4093-bf0a-d66b62846123,esp32-01,telemetry,1769615755194,1769615755408,1769615755408,1769615755408,1769615755408,1769615755408,300,5000,ok
12b144d5-492b-46f4-bca5-07ccd0251cb6,esp32-02,telemetry,1769615755213,1769615755408,1769615755409,1769615755409,1769615755409,1769615755409,300,5000,ok
38aec24a-0489-46eb-a1db-b6c224e59194,esp32-01,telemetry,1769615756101,1769615756341,1769615756341,1769615756341,1769615756341,1769615756341,300,5000,ok
e3378f15-1a43-4e59-b20c-97d168c80fb8,esp32-02,telemetry,1769615756122,1769615756341,1769615756342,1769615756342,1769615756342,1769615756342,300,5000,ok
1d80af1b-d5aa-4844-bc1f-55eb7a0c75cc,esp32-03,telemetry,1769615756142,1769615756341,1769615756342,1769615756342,1769615756342,1769615756342,300,5000,ok
63dd4a65-4b96-400a-b14d-0fe52e641a2e,esp32-01,telemetry,1769615756161,1769615756423,1769615756423,1769615756423,1769615756423,1769615756423,300,5000,ok
a247546b-841e-42d4-89a3-333d06b55617,esp32-02,telemetry,1769615756181,1769615756424,1769615756424,1769615756424,1769615756424,1769615756424,300,5000,ok
1836b322-309f-4353-95f9-f8abd2074db0,esp32-03,telemetry,1769615756201,1769615756424,1769615756424,1769615756424,1769615756424,1769615756424,300,5000,ok
0351938e-427b-460d-9540-a5f00506cbd8,esp32-01,telemetry,1769615756222,1769615756424,1769615756425,1769615756425,1769615756425,1769615756425,300,5000,ok
73a44b83-a235-48f3-a45d-8f09a20e2029,esp32-02,telemetry,1769615756242,1769615756527,1769615756527,1769615756527,1769615756527,1769615756527,300,5000,ok
a1a1f5a9-01a0-4ec9-82ab-19a2c08bb25b,esp32-03,telemetry,1769615756262,1769615756528,1769615756528,1769615756528,1769615756528,1769615756528,300,5000,ok
b196e795-29d7-4106-a088-79439ac6d76d,esp32-01,telemetry,1769615756283,1769615756528,1769615756528,1769615756528,1769615756529,1769615756529,300,5000,ok
aa47d3ac-1b59-4178-bca5-a50781c48477,esp32-01,telemetry,1769615757068,1769615757358,1769615757358,1769615757358,1769615757358,1769615757358,300,5000,ok
556cba48-2b4f-4a2f-bce7-25430009f0db,esp32-02,telemetry,1769615757087,1769615757358,1769615757358,1769615757358,1769615757359,1769615757359,300,5000,ok
ddd6d53c-6c8b-4874-bfeb-1987f8828ec3,esp32-03,telemetry,1769615757108,1769615757358,1769615757359,1769615757359,1769615757359,1769615757359,300,5000,ok
6a8a8206-6704-4bbb-8d57-fce609d3ab00,esp32-01,telemetry,1769615757127,1769615757358,1769615757359,1769615757359,1769615757359,1769615757359,300,5000,ok
d0ed979d-0e7d-4269-85a8-a249fe16f6e0,esp32-02,telemetry,1769615757148,1769615757429,1769615757429,1769615757429,1769615757429,1769615757429,300,5000,ok
e1e060cb-e025-4a8e-80a9-51caf2a9cd9f,esp32-03,telemetry,1769615757169,1769615757429,1769615757429,1769615757429,1769615757429,1769615757429,300,5000,ok
7da2e56e-b8d1-4b16-8150-c6e31bd09d2f,esp32-01,telemetry,1769615757188,1769615757429,1769615757430,1769615757430,1769615757430,1769615757430,300,5000,ok
770ed96a-0d8b-431b-b890-5076d121e826,esp32-02,telemetry,1769615757209,1769615757429,1769615757430,1769615757430,1769615757430,1769615757430,300,5000,ok
9e45fabf-3271-484b-acd2-f4f021e77851,esp32-03,telemetry,1769615757229,1769615757430,1769615757430,1769615757430,1769615757430,1769615757430,300,5000,ok
f4328ec7-4017-4908-844a-717f96ee38a3,esp32-01,telemetry,1769615757250,1769615757541,1769615757542,1769615757542,1769615757542,1769615757542,300,5000,ok
a3a1883c-2592-4b50-b673-e2bb90bb0732,esp32-01,telemetry,1769615758156,1769615758446,1769615758446,1769615758447,1769615758447,1769615758447,300,5000,ok
5d541b0b-7a25-4585-b425-c8074e25e35f,esp32-02,telemetry,1769615758176,1769615758447,1769615758447,1769615758447,1769615758447,1769615758447,300,5000,ok
5c9fc0ae-78e6-4347-84af-524a26bf877f,esp32-03,telemetry,1769615758196,1769615758447,1769615758448,1769615758448,1769615758448,1769615758448,300,5000,ok
b55c9c84-c1ba-47b5-abb9-940d2e19c376,esp32-01,telemetry,1769615758216,1769615758447,1769615758449,1769615758449,1769615758449,1769615758449,300,5000,ok
3e2df760-2e0c-4fb5-b48d-80f9e436da4f,esp32-02,telemetry,1769615758236,1769615758447,1769615758449,1769615758449,1769615758449,1769615758449,300,5000,ok
0bb1348c-bdcd-4a41-80a6-f29b68df3639,esp32-03,telemetry,1769615758257,1769615758447,1769615758450,1769615758450,1769615758450,1769615758450,300,5000,ok
c93c4b86-a4cc-4ec9-bbd7-9d6a7b84b074,esp32-01,telemetry,1769615758276,1769615758519,1769615758519,1769615758519,1769615758519,1769615758519,300,5000,ok
8259220e-781b-4af9-b8ff-5f21cde1d7c2,esp32-02,telemetry,1769615758297,1769615758520,1769615758520,1769615758520,1769615758520,1769615758520,300,5000,ok
0dbdf363-9b4e-4535-83a8-9bcbcbd67c59,esp32-03,telemetry,1769615758317,1769615758520,1769615758521,1769615758521,1769615758521,1769615758521,300,5000,ok
0040e38e-93f8-41d8-9236-0b710733b3f7,esp32-01,telemetry,1769615758338,1769615758632,1769615758632,1769615758632,1769615758632,1769615758632,300,5000,ok
810060d9-a3b0-4d9c-82fa-38afec3a6b78,esp32-01,telemetry,1769615759246,1769615759535,1769615759535,1769615759535,1769615759535,1769615759535,300,5000,ok
598e21d1-37d9-47cc-af26-0698652b7269,esp32-02,telemetry,1769615759265,1769615759536,1769615759537,1769615759537,1769615759537,1769615759537,300,5000,ok
817fead2-bab4-4f79-b559-ca53e752eb16,esp32-03,telemetry,1769615759285,1769615759536,1769615759538,1769615759538,1769615759538,1769615759538,300,5000,ok
c0293d23-3994-4b79-940f-63ff9112c1c9,esp32-01,telemetry,1769615759306,1769615759536,1769615759539,1769615759539,1769615759539,1769615759539,300,5000,ok
8840aeda-e704-43f7-b6f8-88ece50a6c72,esp32-02,telemetry,1769615759326,1769615759536,1769615759539,1769615759539,1769615759539,1769615759539,300,5000,ok
dc1563cc-07cf-400b-bc68-d7863e9f38e8,esp32-03,telemetry,1769615759345,1769615759536,1769615759540,1769615759540,1769615759540,1769615759540,300,5000,ok
38a226e1-c823-4555-b94b-5444eed415f8,esp32-01,telemetry,1769615759366,1769615759660,1769615759660,1769615759660,1769615759660,1769615759660,300,5000,ok
62f2a76e-2433-4f43-9184-f2d33f883a82,esp32-02,telemetry,1769615759385,1769615759660,1769615759661,1769615759661,1769615759661,1769615759661,300,5000,ok
05185b6f-27d9-4372-baab-df6dd206d0e8,esp32-03,telemetry,1769615759405,1769615759661,1769615759661,1769615759661,1769615759661,1769615759661,300,5000,ok
8a96990b-8353-4da1-bdd0-f7a896dcc7fe,esp32-01,telemetry,1769615759425,1769615759661,1769615759662,1769615759662,1769615759662,1769615759662,300,5000,ok
856e6b25-1985-4aab-8f35-a1d2a5baf284,esp32-01,telemetry,1769615760274,1769615760565,1769615760565,1769615760565,1769615760565,1769615760565,300,5000,ok
56997f42-ecd7-4258-a304-b82ec3646359,esp32-02,telemetry,1769615760294,1769615760565,1769615760566,1769615760566,1769615760566,1769615760566,300,5000,ok
614c0fc6-5643-4389-8959-f906512b668b,esp32-03,telemetry,1769615760313,1769615760566,1769615760566,1769615760566,1769615760566,1769615760566,300,5000,ok
d42893c3-93f4-4963-b0e4-6ab1f788344f,esp32-01,telemetry,1769615760334,1769615760566,1769615760567,1769615760567,1769615760567,1769615760567,300,5000,ok
819d94e7-255a-45d6-9a46-59e4f3ea4175,esp32-02,telemetry,1769615760355,1769615760566,1769615760567,1769615760567,1769615760567,1769615760567,300,5000,ok
eeae01a9-36ed-466d-8c43-6b20a649b4b8,esp32-03,telemetry,1769615760375,1769615760566,1769615760567,1769615760567,1769615760567,1769615760567,300,5000,ok
e13151d9-76ea-436b-a4ba-0037054980d0,esp32-01,telemetry,1769615760395,1769615760631,1769615760631,1769615760631,1769615760631,1769615760631,300,5000,ok
5b6d9f88-269e-462b-b2a2-aad7f407119a,esp32-02,telemetry,1769615760416,1769615760632,1769615760632,1769615760632,1769615760632,1769615760632,300,5000,ok
c5ec67ee-c7ad-4b21-8e04-298066cc4ce0,esp32-03,telemetry,1769615760437,1769615760632,1769615760633,1769615760633,1769615760633,1769615760633,300,5000,ok
3fe76a7b-c896-4940-91cb-3ce024572430,esp32-01,telemetry,1769615760456,1769615760747,1769615760747,1769615760747,1769615760747,1769615760747,300,5000,ok
07509b96-bb03-42f2-a7dc-c5355117a6b0,esp32-01,telemetry,1769615761361,1769615761652,1769615761653,1769615761653,1769615761653,1769615761653,300,5000,ok
aa8723ab-c754-48c7-a806-128a0bc93ec6,esp32-02,telemetry,1769615761381,1769615761653,1769615761653,1769615761653,1769615761653,1769615761653,300,5000,ok
999fb969-57e9-4439-86e5-cca91422289c,esp32-03,telemetry,1769615761401,1769615761653,1769615761654,1769615761654,1769615761654,1769615761654,300,5000,ok
aa6e6a24-5ec6-4ebd-86aa-371bd975d04c,esp32-01,telemetry,1769615761421,1769615761653,1769615761655,1769615761655,1769615761655,1769615761655,300,5000,ok
9e76a509-6a6c-4af2-8f6d-caa8579061e1,esp32-02,telemetry,1769615761442,1769615761653,1769615761655,1769615761655,1769615761655,1769615761655,300,5000,ok
bc1d4b98-6a32-4092-aeef-098d64a85755,esp32-03,telemetry,1769615761463,1769615761653,1769615761656,1769615761656,1769615761656,1769615761656,300,5000,ok
439fdeb7-2109-4af4-8fd1-781f641a72cb,esp32-01,telemetry,1769615761482,1769615761716,1769615761716,1769615761716,1769615761717,1769615761717,300,5000,ok
f8179627-56ee-484a-8e0c-d8198146e0da,esp32-02,telemetry,1769615761503,1769615761717,1769615761717,1769615761717,1769615761717,1769615761717,300,5000,ok
1b185b1c-04ad-47a0-a270-c00edb0bd13a,esp32-03,telemetry,1769615761522,1769615761717,1769615761718,1769615761718,1769615761718,1769615761718,300,5000,ok
e7925047-54a8-4bc2-b412-7f6c994f138f,esp32-01,telemetry,1769615761543,1769615761833,1769615761833,1769615761833,1769615761833,1769615761833,300,5000,ok
8509773c-ef12-4274-b3a6-4ce89879fb0e,esp32-01,telemetry,1769615762449,1769615762741,1769615762741,1769615762741,1769615762741,1769615762741,300,5000,ok
7520b758-1329-4432-8a2a-e7b7fd7e50cd,esp32-02,telemetry,1769615762470,1769615762741,1769615762742,1769615762742,1769615762742,1769615762742,300,5000,ok
22afd631-9c80-4adb-a29d-030b8c4f79d9,esp32-03,telemetry,1769615762490,1769615762741,1769615762743,1769615762743,1769615762743,1769615762743,300,5000,ok
30977634-0026-4d37-af85-d57c2a7a3150,esp32-01,telemetry,1769615762511,1769615762742,1769615762743,1769615762743,1769615762743,1769615762743,300,5000,ok
e45bd137-3f49-4f72-bd42-453bafaf56d1,esp32-02,telemetry,1769615762531,1769615762742,1769615762743,1769615762743,1769615762743,1769615762744,300,5000,ok
7532730d-8510-4188-8511-df0ed3ec2dbf,esp32-03,telemetry,1769615762551,1769615762742,1769615762744,1769615762744,1769615762744,1769615762744,300,5000,ok
c66dcd56-3e95-46a5-ba21-4681ec5edd1e,esp32-01,telemetry,1769615762570,1769615762863,1769615762863,1769615762863,1769615762863,1769615762863,300,5000,ok
c01a10d5-f860-4e4d-8826-0ce614ff3f97,esp32-02,telemetry,1769615762590,1769615762863,1769615762864,1769615762864,1769615762864,1769615762864,300,5000,ok
0a719864-f533-409c-a951-d6c3e0993534,esp32-03,telemetry,1769615762611,1769615762863,1769615762864,1769615762864,1769615762864,1769615762864,300,5000,ok
9c7a817e-19fc-479f-a028-fcebae870e51,esp32-01,telemetry,1769615762631,1769615762863,1769615762865,1769615762865,1769615762865,1769615762865,300,5000,ok
3c86b97b-8c8f-4150-aba6-220b660e3636,esp32-01,telemetry,1769615763479,1769615763780,1769615763780,1769615763780,1769615763780,1769615763780,300,5000,ok
1895b667-4bbe-490a-b8f3-4d24fb3fb794,esp32-02,telemetry,1769615763500,1769615763780,1769615763780,1769615763780,1769615763780,1769615763780,300,5000,ok
665ac779-ffe2-4f67-93fb-0c11010508d9,esp32-03,telemetry,1769615763520,1769615763780,1769615763781,1769615763781,1769615763781,1769615763781,300,5000,ok
1ebdfb8b-ee55-416a-8430-3ed563b45c08,esp32-01,telemetry,1769615763540,1769615763780,1769615763781,1769615763781,1769615763781,1769615763781,300,5000,ok
f0fff868-eb9e-4917-97c3-89a17a438f10,esp32-02,telemetry,1769615763560,1769615763780,1769615763782,1769615763782,1769615763782,1769615763782,300,5000,ok
ae2c613f-6af0-4eac-bf5a-3b6e1dc6d5f2,esp32-03,telemetry,1769615763581,1769615763781,1769615763782,1769615763782,1769615763782,1769615763782,300,5000,ok
dd590a59-3f3d-46ea-b71c-92a7456ca1ff,esp32-01,telemetry,1769615763601,1769615763835,1769615763835,1769615763835,1769615763835,1769615763835,300,5000,ok
c0577ff0-10c9-47fa-83c4-d394e12fb554,esp32-02,telemetry,1769615763621,1769615763836,1769615763836,1769615763836,1769615763836,1769615763836,300,5000,ok
9009732b-fa4d-4719-be4f-fc007636466c,esp32-03,telemetry,1769615763641,1769615763836,1769615763837,1769615763837,1769615763837,1769615763837,300,5000,ok
ab3a8dcd-d9b7-4d69-a790-7a0a7324fb9a,esp32-01,telemetry,1769615763660,1769615763953,1769615763953,1769615763953,1769615763953,1769615763953,300,5000,ok
0a091ef6-4700-43f8-80fc-5b8d45ce9917,esp32-03,telemetry,1769615764564,1769615764855,1769615764856,1769615764856,1769615764856,1769615764856,300,5000,ok
4ab4da1d-ff14-48f4-aace-28d1feda718e,esp32-01,telemetry,1769615764585,1769615764856,1769615764856,1769615764856,1769615764856,1769615764856,300,5000,ok
29f326a3-e853-4161-b358-7e6c04f68f1a,esp32-02,telemetry,1769615764604,1769615764856,1769615764857,1769615764857,1769615764857,1769615764857,300,5000,ok
317fdf08-d9e5-4192-a728-b28f188dde80,esp32-03,telemetry,1769615764625,1769615764856,1769615764857,1769615764857,1769615764857,1769615764857,300,5000,ok
f6f0c8f1-f6bf-4dbb-9085-aa7703af77e1,esp32-01,telemetry,1769615764645,1769615764856,1769615764858,1769615764858,1769615764858,1769615764858,300,5000,ok
72142c09-7b63-4cbb-b309-8ebf1644446d,esp32-02,telemetry,1769615764666,1769615764856,1769615764858,1769615764858,1769615764858,1769615764858,300,5000,ok
72eb43eb-98c9-421d-a15e-a588ca900793,esp32-03,telemetry,1769615764685,1769615764976,1769615764976,1769615764976,1769615764976,1769615764976,300,5000,ok
219c353d-4cf0-4957-a8ee-a7cf401498ae,esp32-01,telemetry,1769615764706,1769615764976,1769615764976,1769615764976,1769615764976,1769615764976,300,5000,ok
c8c119b6-f999-4267-9823-ad3aec5d7185,esp32-02,telemetry,1769615764726,1769615764976,1769615764977,1769615764977,1769615764977,1769615764977,300,5000,ok
aba15ca3-ace8-4049-85d6-ee332ac2eb31,esp32-03,telemetry,1769615764746,1769615764976,1769615764977,1769615764977,1769615764977,1769615764977,300,5000,ok
0e48fc7e-2cd3-41a3-8338-b4ea8a71ab38,esp32-03,telemetry,1769615765594,1769615765885,1769615765885,1769615765885,1769615765885,1769615765885,300,5000,ok
f27dcd38-830a-423f-a6bb-3bb8ae020216,esp32-01,telemetry,1769615765614,1769615765885,1769615765885,1769615765885,1769615765885,1769615765885,300,5000,ok
035bacf2-bb92-4c42-ab4f-9492a01a2a10,esp32-02,telemetry,1769615765635,1769615765885,1769615765886,1769615765886,1769615765886,1769615765886,300,5000,ok
a7d01f01-80f9-4d3c-9b05-3023e84476c1,esp32-03,telemetry,1769615765655,1769615765885,1769615765886,1769615765886,1769615765886,1769615765886,300,5000,ok
e219929a-23f4-4f52-838e-7a894727bf75,esp32-01,telemetry,1769615765674,1769615765885,1769615765887,1769615765887,1769615765887,1769615765887,300,5000,ok
786271a1-1e33-415d-86b6-cf83869b30d9,esp32-02,telemetry,1769615765694,1769615765885,1769615765887,1769615765887,1769615765887,1769615765887,300,5000,ok
c139b010-314d-495c-a381-87b19f393044,esp32-03,telemetry,1769615765715,1769615765953,1769615765953,1769615765953,1769615765953,1769615765953,300,5000,ok
87cee2d0-e24c-468c-a944-6d3ba956fa00,esp32-01,telemetry,1769615765735,1769615765953,1769615765954,1769615765954,1769615765954,1769615765954,300,5000,ok
19c43db2-fddf-4884-b073-dab67e339d6a,esp32-02,telemetry,1769615765754,1769615765953,1769615765954,1769615765954,1769615765954,1769615765954,300,5000,ok
ef52d8e5-4c7e-4bcf-bf42-394122628cd1,esp32-03,telemetry,1769615765774,1769615766069,1769615766069,1769615766069,1769615766069,1769615766069,300,5000,ok
e8e90e98-d53a-49ca-b58a-b74a93a64723,esp32-02,telemetry,1769615766663,1769615766955,1769615766955,1769615766955,1769615766955,1769615766955,300,5000,ok
361d5c40-3577-44b0-be0f-5445e628ea5b,esp32-03,telemetry,1769615766682,1769615766955,1769615766955,1769615766955,1769615766955,1769615766955,300,5000,ok
33a83e43-47aa-4bce-aff3-6e6643e37efa,esp32-01,telemetry,1769615766703,1769615766955,1769615766956,1769615766956,1769615766956,1769615766956,300,5000,ok
5f1f4874-a8b4-4baa-9e77-d37bd1500690,esp32-02,telemetry,1769615766723,1769615766955,1769615766956,1769615766956,1769615766956,1769615766956,300,5000,ok
9eab715b-6c21-4e54-a21d-0dabb8736544,esp32-03,telemetry,1769615766742,1769615766955,1769615766956,1769615766956,1769615766956,1769615766956,300,5000,ok
0e648b8a-1b1f-47ad-86a4-1c815c6f4312,esp32-01,telemetry,1769615766763,1769615766955,1769615766957,1769615766957,1769615766957,1769615766957,300,5000,ok
9fed2bb9-c27e-40cc-99a5-d917b0bf893c,esp32-02,telemetry,1769615766784,1769615767075,1769615767075,1769615767075,1769615767075,1769615767075,300,5000,ok
a77e3eb7-bbdd-4719-970e-43a8bfc09af5,esp32-03,telemetry,1769615766803,1769615767075,1769615767076,1769615767076,1769615767076,1769615767076,300,5000,ok
79b5fa1d-2e29-4655-b2be-c059db461349,esp32-01,telemetry,1769615766824,1769615767075,1769615767076,1769615767076,1769615767076,1769615767076,300,5000,ok
e65c771f-b015-49b1-89a6-df67f51c22ea,esp32-02,telemetry,1769615766843,1769615767075,1769615767076,1769615767076,1769615767076,1769615767076,300,5000,ok
f96ede81-ba45-4908-a792-e5e8409d0f18,esp32-02,telemetry,1769615767688,1769615767978,1769615767978,1769615767978,1769615767978,1769615767978,300,5000,ok
9af3c9ae-a739-46de-abac-9505f522ee85,esp32-03,telemetry,1769615767708,1769615767979,1769615767979,1769615767979,1769615767979,1769615767979,300,5000,ok
283149db-210e-4de9-a1b8-4622885d5a2f,esp32-01,telemetry,1769615767728,1769615767979,1769615767980,1769615767980,1769615767980,1769615767980,300,5000,ok
6185dad5-cc14-4bd4-b40b-445911c9c8d2,esp32-02,telemetry,1769615767748,1769615767979,1769615767980,1769615767980,1769615767980,1769615767980,300,5000,ok
1ce0df9c-5fcb-4a72-9a19-e1d699e0df70,esp32-03,telemetry,1769615767768,1769615767979,1769615767981,1769615767981,1769615767981,1769615767981,300,5000,ok
484da703-c209-4b13-b8a3-d7d476a0e341,esp32-01,telemetry,1769615767789,1769615767979,1769615767981,1769615767981,1769615767981,1769615767981,300,5000,ok
2a57f341-119a-48a0-a908-9f5d16593d96,esp32-02,telemetry,1769615767808,1769615768043,1769615768043,1769615768043,1769615768043,1769615768043,300,5000,ok
847e9dbf-66b1-4749-8737-ce622b9262bf,esp32-03,telemetry,1769615767828,1769615768043,1769615768044,1769615768044,1769615768044,1769615768044,300,5000,ok
74fff69d-6aef-45f2-adbd-50fc665da2a0,esp32-01,telemetry,1769615767849,1769615768043,1769615768044,1769615768044,1769615768044,1769615768044,300,5000,ok
df706b05-0918-42fa-b52e-9bedf522c443,esp32-02,telemetry,1769615767869,1769615768160,1769615768160,1769615768160,1769615768160,1769615768160,300,5000,ok
a76f2e5a-c701-4b0f-919c-e27a3abdb8c6,esp32-02,telemetry,1769615768777,1769615769069,1769615769069,1769615769069,1769615769069,1769615769069,300,5000,ok
95f0aade-c107-49b3-811e-7b4d9e709621,esp32-03,telemetry,1769615768797,1769615769070,1769615769070,1769615769070,1769615769070,1769615769070,300,5000,ok
63586128-62e2-4bc1-9cb0-a8205c428243,esp32-01,telemetry,1769615768818,1769615769070,1769615769071,1769615769071,1769615769071,1769615769071,300,5000,ok
3b632cd0-8a99-4cda-a609-d5dc48059247,esp32-02,telemetry,1769615768838,1769615769070,1769615769071,1769615769071,1769615769071,1769615769071,300,5000,ok
59b47593-fbc3-4730-8284-edd72727fe30,esp32-03,telemetry,1769615768859,1769615769070,1769615769071,1769615769072,1769615769072,1769615769072,300,5000,ok
9fce8d1e-87f3-4ac8-921a-91b5b4e37674,esp32-01,telemetry,1769615768879,1769615769070,1769615769072,1769615769072,1769615769072,1769615769072,300,5000,ok
529a5f1e-9cc4-4188-9cb9-1ada73074cf0,esp32-02,telemetry,1769615768900,1769615769191,1769615769191,1769615769191,1769615769191,1769615769191,300,5000,ok
812e57e2-1e59-450a-ad21-9349d2feb9fb,esp32-03,telemetry,1769615768920,1769615769191,1769615769191,1769615769191,1769615769191,1769615769191,300,5000,ok
52d9888f-4b97-40ca-aef8-c491a7bdd1c9,esp32-01,telemetry,1769615768941,1769615769191,1769615769192,1769615769192,1769615769192,1769615769192,300,5000,ok
b46782d0-2a9f-451f-9217-841c360b7999,esp32-02,telemetry,1769615768961,1769615769191,1769615769192,1769615769192,1769615769192,1769615769192,300,5000,ok
e35f52d6-bf8e-4079-b9e3-1ea84eae1143,esp32-02,telemetry,1769615769804,1769615770095,1769615770095,1769615770095,1769615770095,1769615770095,300,5000,ok
788baef2-7664-4bde-a4a8-93b50ea72413,esp32-03,telemetry,1769615769825,1769615770096,1769615770096,1769615770096,1769615770096,1769615770096,300,5000,ok
cd8fb2e5-7d4b-448b-9334-b44c670a2fdf,esp32-01,telemetry,1769615769845,1769615770096,1769615770096,1769615770096,1769615770096,1769615770096,300,5000,ok
6516ea5c-7bc7-42fd-86fd-699e3a00effa,esp32-02,telemetry,1769615769865,1769615770096,1769615770097,1769615770097,1769615770097,1769615770097,300,5000,ok
dce9802c-5d94-4a62-9261-2ca7fea3b5cc,esp32-03,telemetry,1769615769886,1769615770096,1769615770097,1769615770097,1769615770097,1769615770097,300,5000,ok
11d93fa5-27db-4e94-8f00-4081d57216a2,esp32-01,telemetry,1769615769905,1769615770096,1769615770097,1769615770097,1769615770097,1769615770097,300,5000,ok
4d7239ec-c55a-426d-9aad-b8dc597efb12,esp32-02,telemetry,1769615769925,1769615770163,1769615770163,1769615770163,1769615770163,1769615770163,300,5000,ok
dbc633f9-249f-4f6c-8d77-988cdc8934a7,esp32-03,telemetry,1769615769946,1769615770163,1769615770164,1769615770164,1769615770164,1769615770164,300,5000,ok
2bf49552-c3ef-4664-9764-6e9f5a4d5b2a,esp32-01,telemetry,1769615769966,1769615770163,1769615770164,1769615770164,1769615770164,1769615770164,300,5000,ok
fe6455be-c35b-427c-b321-44c01b41513e,esp32-02,telemetry,1769615769986,1769615770276,1769615770276,1769615770276,1769615770276,1769615770276,300,5000,ok
f60766e3-6f5a-479e-ad67-d7413b3182bb,esp32-02,telemetry,1769615770895,1769615771180,1769615771180,1769615771180,1769615771180,1769615771180,300,5000,ok
7a3b42b1-af31-4b0e-9817-2df405eb2eb4,esp32-03,alarm,1769615770990,1769615771181,1769615771181,1769615771181,1769615771181,1769615771181,150,10000,alarm_type
16559fe7-b485-420c-bb52-eb0e54a33c3f,esp32-03,telemetry,1769615770921,1769615771180,1769615771181,1769615771181,1769615771181,1769615771181,300,5000,ok
f8685537-5932-4475-ac43-19c422bbeb73,esp32-01,telemetry,1769615770941,1769615771180,1769615771181,1769615771181,1769615771181,1769615771181,300,5000,ok
83a385b3-f569-4a1b-be6a-169c04b0edb7,esp32-02,telemetry,1769615770962,1769615771180,1769615771182,1769615771182,1769615771182,1769615771182,300,5000,ok
80c934ac-dea5-4575-ba35-6812690d86df,esp32-03,telemetry,1769615770981,1769615771180,1769615771182,1769615771182,1769615771182,1769615771182,300,5000,ok
de2eb446-8137-4ed9-8edb-add3072baa02,esp32-01,telemetry,1769615771002,1769615771257,1769615771257,1769615771257,1769615771257,1769615771257,300,5000,ok
713d1fd0-3be5-4a87-9f92-63387ebe2ce1,esp32-02,telemetry,1769615771021,1769615771257,1769615771257,1769615771257,1769615771257,1769615771257,300,5000,ok
88e18375-6bd9-41a5-b203-98b1da0b75cd,esp32-03,telemetry,1769615771042,1769615771257,1769615771258,1769615771258,1769615771258,1769615771258,300,5000,ok
a17b34ec-bf09-4f42-b4b2-3eea181ad9c4,esp32-01,telemetry,1769615771061,1769615771257,1769615771258,1769615771258,1769615771258,1769615771258,300,5000,ok
298d87be-be2e-4f1a-b198-0cd29e46ecac,esp32-01,telemetry,1769615771970,1769615772260,1769615772260,1769615772260,1769615772260,1769615772260,300,5000,ok
fc8290b0-7e09-40d1-be45-2c99c752aedb,esp32-02,telemetry,1769615771991,1769615772260,1769615772261,1769615772261,1769615772261,1769615772261,300,5000,ok
0c4e2ccf-16bb-4351-b586-85f96b3228ff,esp32-03,telemetry,1769615772011,1769615772260,1769615772261,1769615772261,1769615772261,1769615772261,300,5000,ok
3f5e696a-74b1-43e1-b4a2-4358efb14a98,esp32-01,telemetry,1769615772030,1769615772260,1769615772262,1769615772262,1769615772262,1769615772262,300,5000,ok
e43f1907-b8c3-4e5e-be4d-5ee44c9037a7,esp32-02,telemetry,1769615772051,1769615772260,1769615772262,1769615772262,1769615772262,1769615772262,300,5000,ok
c634d089-8506-4b8a-88c8-d9949a20c091,esp32-03,telemetry,1769615772070,1769615772260,1769615772262,1769615772262,1769615772262,1769615772262,300,5000,ok
b108cd82-9230-4b79-a1d3-3b6eff81e8de,esp32-01,telemetry,1769615772091,1769615772382,1769615772383,1769615772383,1769615772383,1769615772383,300,5000,ok
89b5e3a7-e29e-4206-85fa-423a060d3fb4,esp32-02,telemetry,1769615772110,1769615772383,1769615772383,1769615772383,1769615772383,1769615772383,300,5000,ok
0123fac5-53a5-4fcf-b693-c5bb347d0099,esp32-03,telemetry,1769615772131,1769615772383,1769615772383,1769615772383,1769615772383,1769615772383,300,5000,ok
ea8dacde-4276-4ad9-b130-5b19bd90457b,esp32-01,telemetry,1769615772151,1769615772383,1769615772384,1769615772384,1769615772384,1769615772384,300,5000,ok
6a228a1b-c7af-4e5f-a1e2-dd3df5320a4a,esp32-01,telemetry,1769615773000,1769615773293,1769615773293,1769615773293,1769615773293,1769615773293,300,5000,ok
6e576c2c-28e5-4580-8117-404dd8fb685b,esp32-02,telemetry,1769615773020,1769615773293,1769615773294,1769615773294,1769615773294,1769615773294,300,5000,ok
16fb099c-3289-4979-a48e-d0768ed03724,esp32-03,telemetry,1769615773040,1769615773294,1769615773295,1769615773295,1769615773295,1769615773295,300,5000,ok
3bfc99ae-2e08-4e5a-8106-3a0b84c34345,esp32-01,telemetry,1769615773061,1769615773294,1769615773295,1769615773295,1769615773295,1769615773295,300,5000,ok
542c4a85-3497-4746-8c2c-050eb463aea7,esp32-02,telemetry,1769615773081,1769615773294,1769615773295,1769615773295,1769615773295,1769615773295,300,5000,ok
ab0b9dbc-6538-4f0c-9983-c725812bcde3,esp32-03,telemetry,1769615773101,1769615773294,1769615773296,1769615773296,1769615773296,1769615773296,300,5000,ok
65c03cba-bff8-4182-bc3e-baea1520686a,esp32-01,telemetry,1769615773121,1769615773367,1769615773367,1769615773367,1769615773367,1769615773367,300,5000,ok
27918457-17b1-4f7a-95b4-9486041acc89,esp32-02,telemetry,1769615773141,1769615773368,1769615773368,1769615773368,1769615773368,1769615773368,300,5000,ok
f943a881-50a0-436c-8181-5d5f5100b9c3,esp32-03,telemetry,1769615773160,1769615773368,1769615773368,1769615773368,1769615773368,1769615773368,300,5000,ok
a5175262-48d4-4761-ae03-210233777329,esp32-01,telemetry,1769615773181,1769615773471,1769615773471,1769615773471,1769615773471,1769615773471,300,5000,ok
deb91b71-29f8-4882-b020-251f0ffa8d79,esp32-01,telemetry,1769615774090,1769615774381,1769615774381,1769615774381,1769615774381,1769615774381,300,5000,ok
09db37e8-8f42-446f-8d2c-79b8d9372a75,esp32-02,telemetry,1769615774111,1769615774381,1769615774382,1769615774382,1769615774382,1769615774382,300,5000,ok
dec20a4c-f065-4a4f-9d61-174bf1f44208,esp32-03,telemetry,1769615774131,1769615774381,1769615774382,1769615774382,1769615774382,1769615774382,300,5000,ok
02c90bd5-6972-4d64-94df-68efc1bdf53d,esp32-01,telemetry,1769615774150,1769615774382,1769615774383,1769615774383,1769615774383,1769615774383,300,5000,ok
878c9fa0-48f4-4b52-ad85-ccd2a7c78c49,esp32-02,telemetry,1769615774171,1769615774382,1769615774383,1769615774383,1769615774383,1769615774383,300,5000,ok
1c0346bc-db92-43af-a693-ec1011ed2f63,esp32-03,telemetry,1769615774192,1769615774382,1769615774383,1769615774383,1769615774383,1769615774383,300,5000,ok
f315df7f-a62b-43ce-bca0-32f7fc36510d,esp32-01,telemetry,1769615774211,1769615774501,1769615774501,1769615774501,1769615774501,1769615774501,300,5000,ok
f754ae8e-53c2-4f18-bb54-451a9eae6d36,esp32-02,telemetry,1769615774231,1769615774501,1769615774501,1769615774501,1769615774501,1769615774501,300,5000,ok
79fb3983-0df1-4d67-a211-4ce13a425772,esp32-03,telemetry,1769615774252,1769615774501,1769615774502,1769615774502,1769615774502,1769615774502,300,5000,ok
0015abca-2455-4e6c-9536-72a814b7217e,esp32-01,telemetry,1769615774272,1769615774501,1769615774502,1769615774502,1769615774502,1769615774502,300,5000,ok
300ed46c-8685-4ba0-807b-dee029d09030,esp32-01,telemetry,1769615775116,1769615775407,1769615775407,1769615775407,1769615775407,1769615775407,300,5000,ok
52663a80-1541-4d51-92d4-36677e419601,esp32-02,telemetry,1769615775137,1769615775407,1769615775408,1769615775408,1769615775408,1769615775408,300,5000,ok
bc9824b8-1054-41d9-b7b6-6e96ce51508c,esp32-03,telemetry,1769615775157,1769615775407,1769615775408,1769615775408,1769615775408,1769615775408,300,5000,ok
bdf4fefc-d23c-408b-8838-2d42d0c4413d,esp32-01,telemetry,1769615775177,1769615775407,1769615775409,1769615775409,1769615775409,1769615775409,300,5000,ok
6b762ef3-6c9e-4002-abd2-e31d4ea4b2c6,esp32-02,telemetry,1769615775198,1769615775408,1769615775409,1769615775409,1769615775409,1769615775409,300,5000,ok
551312b4-3d74-4728-b307-ec684c02cac9,esp32-03,telemetry,1769615775217,1769615775408,1769615775409,1769615775409,1769615775409,1769615775409,300,5000,ok
f1e4d0f5-15fa-4c04-93ae-9b9a9fb513c0,esp32-01,telemetry,1769615775237,1769615775473,1769615775473,1769615775473,1769615775473,1769615775473,300,5000,ok
ad614aad-df3c-4840-9e63-98eea41f816e,esp32-02,telemetry,1769615775258,1769615775473,1769615775473,1769615775473,1769615775473,1769615775473,300,5000,ok
9b56ba96-c9b9-4c39-9e0e-8cf038417a7c,esp32-03,telemetry,1769615775278,1769615775473,1769615775474,1769615775474,1769615775474,1769615775474,300,5000,ok
cd293ec1-f8a3-4561-982e-4f00b88b94ad,esp32-01,telemetry,1769615775298,1769615775587,1769615775588,1769615775588,1769615775588,1769615775588,300,5000,ok
bf18b049-470a-4938-8b15-3bdc10bd2d6c,esp32-01,telemetry,1769615776204,1769615776506,1769615776506,1769615776506,1769615776506,1769615776506,300,5000,ok
b1e6ed85-d76f-4ac0-b29a-4a5b1cdb5e26,esp32-02,telemetry,1769615776225,1769615776506,1769615776506,1769615776506,1769615776506,1769615776506,300,5000,ok
ead9533f-fef7-4922-ad05-5cd9385696cd,esp32-03,telemetry,1769615776245,1769615776506,1769615776507,1769615776507,1769615776507,1769615776507,300,5000,ok
31a994c3-3a3c-4860-afd6-a2a6b0ca5448,esp32-01,telemetry,1769615776265,1769615776506,1769615776507,1769615776507,1769615776507,1769615776507,300,5000,ok
23a14674-1c9f-4ad5-9075-7c19acb39111,esp32-02,telemetry,1769615776285,1769615776506,1769615776508,1769615776508,1769615776508,1769615776508,300,5000,ok
08cb00c3-6fa7-457c-88b9-f356b1157a41,esp32-03,telemetry,1769615776305,1769615776507,1769615776508,1769615776508,1769615776508,1769615776508,300,5000,ok
d45439ee-bcff-43fb-bb37-118710c81437,esp32-01,telemetry,1769615776326,1769615776563,1769615776563,1769615776563,1769615776563,1769615776563,300,5000,ok
7df6fe64-ef56-4080-8565-c7f93a92e7d4,esp32-02,telemetry,1769615776346,1769615776563,1769615776563,1769615776563,1769615776563,1769615776563,300,5000,ok
37bac5f0-bac8-49de-b428-72cdf2092f94,esp32-03,telemetry,1769615776366,1769615776563,1769615776564,1769615776564,1769615776564,1769615776564,300,5000,ok
b787e0b5-88ee-4576-a270-2b429eec0bbd,esp32-01,telemetry,1769615776385,1769615776677,1769615776677,1769615776677,1769615776677,1769615776677,300,5000,ok
c8c8d993-e488-4e03-9665-2fb9d903c2e4,esp32-01,telemetry,1769615777235,1769615777517,1769615777518,1769615777518,1769615777518,1769615777518,300,5000,ok
7453ae79-72c0-44b3-94a5-1b10e91badc9,esp32-02,telemetry,1769615777254,1769615777518,1769615777518,1769615777518,1769615777518,1769615777518,300,5000,ok
a90263b7-696d-41f6-92b0-762b78f5d579,esp32-03,telemetry,1769615777274,1769615777518,1769615777519,1769615777519,1769615777519,1769615777519,300,5000,ok
83838462-a530-4c0d-80eb-5a407218c052,esp32-01,telemetry,1769615777295,1769615777518,1769615777519,1769615777519,1769615777520,1769615777520,300,5000,ok
63d73e00-0973-4b26-91e1-0c66b1e3489e,esp32-02,telemetry,1769615777315,1769615777518,1769615777520,1769615777520,1769615777520,1769615777520,300,5000,ok
2f08da33-54e3-46f9-9bd7-3bd0198684c4,esp32-03,telemetry,1769615777335,1769615777608,1769615777608,1769615777608,1769615777608,1769615777608,300,5000,ok
59121af8-72a3-474c-a860-422907adec64,esp32-01,telemetry,1769615777355,1769615777608,1769615777609,1769615777609,1769615777609,1769615777609,300,5000,ok
a2d91049-da80-43cb-9743-7fb864645289,esp32-02,telemetry,1769615777375,1769615777608,1769615777609,1769615777609,1769615777609,1769615777609,300,5000,ok
26048bc0-0d56-4b84-8fdb-8840a704ca5a,esp32-03,telemetry,1769615777395,1769615777608,1769615777610,1769615777610,1769615777610,1769615777610,300,5000,ok
58df6f4d-c658-424a-b2e7-31bb87af2e25,esp32-01,telemetry,1769615777415,1769615777704,1769615777704,1769615777704,1769615777704,1769615777704,300,5000,ok
ef118672-683f-49ba-bdcd-814b59f0181c,esp32-01,telemetry,1769615778266,1769615778540,1769615778540,1769615778540,1769615778540,1769615778540,300,5000,ok
92cdd42f-0e23-4ef7-97dd-5b53d7ba7b8e,esp32-02,telemetry,1769615778285,1769615778540,1769615778541,1769615778541,1769615778541,1769615778541,300,5000,ok
fb2ffa47-ba54-4221-bfc3-8fad9e67e903,esp32-03,telemetry,1769615778306,1769615778541,1769615778542,1769615778542,1769615778542,1769615778542,300,5000,ok
8f2a412e-f46c-4e93-b5d7-40bcc793130d,esp32-01,telemetry,1769615778326,1769615778541,1769615778542,1769615778542,1769615778542,1769615778542,300,5000,ok
69198d14-c63c-45c3-86f8-46340fe593d9,esp32-02,telemetry,1769615778347,1769615778541,1769615778543,1769615778543,1769615778543,1769615778543,300,5000,ok
520ef8a3-9420-488a-b2d9-999a1f36431b,esp32-03,telemetry,1769615778367,1769615778648,1769615778648,1769615778648,1769615778648,1769615778648,300,5000,ok
6d0a7122-03b9-4553-b244-53ebdf3492c3,esp32-01,telemetry,1769615778386,1769615778648,1769615778649,1769615778649,1769615778649,1769615778649,300,5000,ok
5f31673b-72df-4b8a-81a5-a8d6cfd8d43f,esp32-02,telemetry,1769615778407,1769615778648,1769615778649,1769615778649,1769615778649,1769615778649,300,5000,ok
1906e913-3564-472f-96e4-53642910ba81,esp32-03,telemetry,1769615778427,1769615778648,1769615778649,1769615778649,1769615778649,1769615778649,300,5000,ok
debfbe71-5e80-41e3-bf8f-e26b7f091a82,esp32-01,telemetry,1769615778447,1769615778648,1769615778650,1769615778650,1769615778650,1769615778650,300,5000,ok
9149e95c-7e38-4569-86f1-c78be59fb142,esp32-02,telemetry,1769615779308,1769615779610,1769615779610,1769615779610,1769615779610,1769615779610,300,5000,ok
47b4c80f-8d8f-4880-86c2-8e617ef10cb7,esp32-03,telemetry,1769615779329,1769615779610,1769615779611,1769615779611,1769615779611,1769615779611,300,5000,ok
4408b549-51b8-4bda-abd3-fad7718eb215,esp32-01,telemetry,1769615779349,1769615779611,1769615779611,1769615779611,1769615779611,1769615779611,300,5000,ok
6fd4973c-d401-48ea-9b40-e6dd94b8a625,esp32-02,telemetry,1769615779369,1769615779611,1769615779612,1769615779612,1769615779612,1769615779612,300,5000,ok
d9b2a9a8-855e-477f-ab78-953e0694e01a,esp32-03,telemetry,1769615779389,1769615779611,1769615779612,1769615779612,1769615779612,1769615779612,300,5000,ok
a833421b-06f2-4975-9c71-6bbc2e264d97,esp32-01,telemetry,1769615779410,1769615779676,1769615779676,1769615779676,1769615779676,1769615779676,300,5000,ok
d635842c-a344-42f0-a210-eb91d47be8c3,esp32-02,telemetry,1769615779429,1769615779676,1769615779676,1769615779676,1769615779676,1769615779676,300,5000,ok
134d3214-21d7-47ca-8954-9d063ccfad9a,esp32-03,telemetry,1769615779450,1769615779676,1769615779677,1769615779677,1769615779677,1769615779677,300,5000,ok
3bac0666-afc5-43ca-ad6f-0e47292058da,esp32-01,telemetry,1769615779471,1769615779676,1769615779677,1769615779677,1769615779677,1769615779677,300,5000,ok
6a3aee0f-e715-49e1-9e9e-48b1cf7b79ca,esp32-02,telemetry,1769615779491,1769615779795,1769615779796,1769615779796,1769615779796,1769615779796,300,5000,ok
65894aa5-47bc-4af4-9352-ccd6ec86f03f,esp32-02,telemetry,1769615780339,1769615780616,1769615780616,1769615780616,1769615780616,1769615780616,300,5000,ok
65017a23-e611-4d4f-ab29-5980da1293f3,esp32-03,telemetry,1769615780360,1769615780616,1769615780617,1769615780617,1769615780617,1769615780617,300,5000,ok
6209828d-62c4-4ff2-a6e0-c558244b16b2,esp32-01,telemetry,1769615780380,1769615780617,1769615780617,1769615780617,1769615780617,1769615780617,300,5000,ok
df66ac1c-4121-419f-8393-ad398982c5d7,esp32-02,telemetry,1769615780401,1769615780617,1769615780618,1769615780618,1769615780618,1769615780618,300,5000,ok
371b6ddb-e362-4a91-abc9-fbdfbfa2b3aa,esp32-03,telemetry,1769615780420,1769615780712,1769615780712,1769615780712,1769615780712,1769615780712,300,5000,ok
5e2d8fc9-0e6e-4b79-9884-afc6daec1fc1,esp32-01,telemetry,1769615780441,1769615780712,1769615780713,1769615780713,1769615780713,1769615780713,300,5000,ok
cbddd7d6-fd6d-494a-9f5e-6f3e80e75ba0,esp32-02,telemetry,1769615780461,1769615780712,1769615780714,1769615780714,1769615780714,1769615780714,300,5000,ok
06049005-800f-474d-a0a8-517cc54f7c29,esp32-03,telemetry,1769615780481,1769615780712,1769615780714,1769615780714,1769615780714,1769615780714,300,5000,ok
892b0a71-8fdd-4bb8-aae2-a5aea183b873,esp32-01,telemetry,1769615780500,1769615780712,1769615780715,1769615780715,1769615780715,1769615780715,300,5000,ok
87be499f-2e4e-42c0-aa01-946a401ac322,esp32-02,telemetry,1769615780521,1769615780712,1769615780715,1769615780715,1769615780715,1769615780715,300,5000,ok
42ab36ac-279b-42d8-8608-68648f32b882,esp32-01,telemetry,1769615781405,1769615781661,1769615781661,1769615781661,1769615781661,1769615781661,300,5000,ok
a8cbc2c7-3910-4e6d-80c6-f6a1989be934,esp32-02,telemetry,1769615781425,1769615781661,1769615781662,1769615781662,1769615781662,1769615781662,300,5000,ok
69614dca-f148-43b3-a8a4-41dfd81af2f5,esp32-03,telemetry,1769615781445,1769615781661,1769615781662,1769615781662,1769615781662,1769615781662,300,5000,ok
d820626c-76c9-485e-b4c2-bb5f845a42ef,esp32-01,telemetry,1769615781464,1769615781661,1769615781662,1769615781662,1769615781662,1769615781662,300,5000,ok
0a1678d8-5df0-4318-b045-b1bce3e31477,esp32-02,telemetry,1769615781485,1769615781760,1769615781760,1769615781760,1769615781760,1769615781760,300,5000,ok
949d21e0-fdaa-498a-a725-820335f91177,esp32-03,telemetry,1769615781505,1769615781760,1769615781760,1769615781760,1769615781761,1769615781761,300,5000,ok
9f5b87b0-b5b6-4c95-9d68-d53a2842c3a3,esp32-01,telemetry,1769615781526,1769615781760,1769615781761,1769615781761,1769615781761,1769615781761,300,5000,ok
294d7aa2-3e61-473f-89f3-8de2a0dcabaa,esp32-02,telemetry,1769615781547,1769615781760,1769615781761,1769615781761,1769615781761,1769615781761,300,5000,ok
329b5566-4228-4fe0-a4f8-46fb373fbcef,esp32-03,telemetry,1769615781568,1769615781760,1769615781762,1769615781762,1769615781762,1769615781762,300,5000,ok
2dea437f-10f5-4a34-9e86-9e8e53a09d3a,esp32-01,telemetry,1769615781588,1769615781884,1769615781884,1769615781884,1769615781884,1769615781884,300,5000,ok
0ee7babe-eb1c-4fe1-9adc-a773aad65b95,esp32-02,telemetry,1769615782391,1769615782671,1769615782671,1769615782671,1769615782671,1769615782671,300,5000,ok
4edd3c18-449f-436c-a71c-d7f30de27ff4,esp32-03,telemetry,1769615782411,1769615782671,1769615782671,1769615782671,1769615782671,1769615782671,300,5000,ok
7da739d8-2e5b-4da9-8139-314f3b078068,esp32-01,telemetry,1769615782432,1769615782671,1769615782672,1769615782672,1769615782672,1769615782672,300,5000,ok
0777f02a-8a8f-4b27-b4bd-c8a1f186b5f5,esp32-02,telemetry,1769615782451,1769615782672,1769615782672,1769615782672,1769615782672,1769615782672,300,5000,ok
abf54e2d-b530-466e-b4f7-695c85464fe9,esp32-03,telemetry,1769615782471,1769615782672,1769615782673,1769615782673,1769615782673,1769615782673,300,5000,ok
4d821299-4c34-45fa-9b35-75192cbb8e7a,esp32-01,telemetry,1769615782492,1769615782782,1769615782782,1769615782782,1769615782782,1769615782782,300,5000,ok
252ae047-fc9f-49f1-9c6e-2b24d541879d,esp32-02,telemetry,1769615782511,1769615782783,1769615782783,1769615782783,1769615782783,1769615782783,300,5000,ok
72d48663-167c-43d5-add7-1008430fc0c2,esp32-03,telemetry,1769615782532,1769615782783,1769615782783,1769615782783,1769615782783,1769615782783,300,5000,ok
64a9d02f-adb7-4d46-911f-fc7d8dba9b1c,esp32-01,telemetry,1769615782552,1769615782783,1769615782784,1769615782784,1769615782784,1769615782784,300,5000,ok
0ec693e4-cd3b-450e-bd60-04c36fa16c0f,esp32-02,telemetry,1769615782573,1769615782783,1769615782784,1769615782784,1769615782784,1769615782784,300,5000,ok
898817cb-063c-4133-bfb6-982ba073a01f,esp32-01,telemetry,1769615783403,1769615783692,1769615783692,1769615783692,1769615783692,1769615783692,300,5000,ok
235c27b4-4007-4473-b7ed-3790d824d1a2,esp32-02,telemetry,1769615783423,1769615783692,1769615783693,1769615783693,1769615783693,1769615783693,300,5000,ok
0d263ced-be6f-41e7-bdeb-af361dbf25ee,esp32-03,telemetry,1769615783443,1769615783692,1769615783693,1769615783693,1769615783693,1769615783693,300,5000,ok
60714593-db63-479e-a969-5566077f5040,esp32-01,telemetry,1769615783462,1769615783693,1769615783694,1769615783694,1769615783694,1769615783694,300,5000,ok
264cd10d-db27-4005-ab1d-adc29c2f8cf9,esp32-02,telemetry,1769615783483,1769615783693,1769615783694,1769615783694,1769615783694,1769615783694,300,5000,ok
9b8a2d0c-1bd5-4760-9d63-6f8886f175d7,esp32-03,telemetry,1769615783502,1769615783693,1769615783694,1769615783694,1769615783694,1769615783694,300,5000,ok
45947e27-fb66-4476-84e1-8583de36b081,esp32-01,telemetry,1769615783523,1769615783769,1769615783769,1769615783769,1769615783769,1769615783769,300,5000,ok
ca1772b1-b616-4f96-a087-60902f0d7722,esp32-02,telemetry,1769615783543,1769615783769,1769615783769,1769615783769,1769615783769,1769615783769,300,5000,ok
205b453a-a792-492e-bdc7-c39091cd5719,esp32-03,telemetry,1769615783562,1769615783769,1769615783770,1769615783770,1769615783770,1769615783770,300,5000,ok
6054e7d5-d0a4-4e5a-b77a-c3c59466f0d8,esp32-01,telemetry,1769615783582,1769615783875,1769615783875,1769615783875,1769615783875,1769615783875,300,5000,ok
417aa629-82f3-4682-b9bc-b11ee90790d5,esp32-01,telemetry,1769615784487,1769615784779,1769615784779,1769615784779,1769615784779,1769615784779,300,5000,ok
cf8ce644-47c7-4d31-8fbf-2fdef8c5a7e2,esp32-02,telemetry,1769615784507,1769615784779,1769615784779,1769615784779,1769615784779,1769615784779,300,5000,ok
4356047e-4ca3-48a4-a1fe-d2ed18a2f042,esp32-03,telemetry,1769615784527,1769615784780,1769615784780,1769615784780,1769615784780,1769615784780,300,5000,ok
61a29472-8dfb-4e34-9383-fa062635f451,esp32-01,telemetry,1769615784548,1769615784780,1769615784780,1769615784780,1769615784780,1769615784780,300,5000,ok
59015c00-42a9-44ca-90a7-b232604d4600,esp32-02,telemetry,1769615784568,1769615784780,1769615784781,1769615784781,1769615784781,1769615784781,300,5000,ok
369c500c-33dc-4bb3-98cd-fd5c5c9264fa,esp32-03,telemetry,1769615784589,1769615784780,1769615784781,1769615784781,1769615784781,1769615784781,300,5000,ok
52dd798e-0621-4b5c-bfa6-9cc97ba8c999,esp32-01,telemetry,1769615784610,1769615784905,1769615784905,1769615784905,1769615784905,1769615784905,300,5000,ok
b896b15a-ca1a-43d8-ac90-c7dc46faf187,esp32-02,telemetry,1769615784630,1769615784905,1769615784905,1769615784905,1769615784905,1769615784905,300,5000,ok
f76941a3-037e-46cb-afcd-c649b705482d,esp32-03,telemetry,1769615784651,1769615784905,1769615784905,1769615784905,1769615784905,1769615784905,300,5000,ok
4873f2a0-76af-431d-964c-bf69c95bb453,esp32-01,telemetry,1769615784671,1769615784905,1769615784906,1769615784906,1769615784906,1769615784906,300,5000,ok
bf4da946-1677-4918-9e48-f147b055dee8,esp32-01,telemetry,1769615785517,1769615785808,1769615785808,1769615785808,1769615785808,1769615785808,300,5000,ok
34309353-f769-40f9-af48-2d6f6620b6b2,esp32-02,telemetry,1769615785538,1769615785808,1769615785809,1769615785809,1769615785809,1769615785809,300,5000,ok
7c9e4ee1-df8f-4bdf-adce-b61466211c9c,esp32-03,telemetry,1769615785559,1769615785808,1769615785809,1769615785809,1769615785809,1769615785809,300,5000,ok
a6724026-a49e-4b8d-87f9-a34034c48708,esp32-01,telemetry,1769615785579,1769615785808,1769615785810,1769615785810,1769615785810,1769615785810,300,5000,ok
89300b57-aeee-4fdd-9de8-49d62a000aff,esp32-02,telemetry,1769615785599,1769615785808,1769615785810,1769615785810,1769615785810,1769615785810,300,5000,ok
fed3022a-6019-4c07-af9a-842b057ab402,esp32-03,telemetry,1769615785618,1769615785808,1769615785810,1769615785810,1769615785810,1769615785810,300,5000,ok
f2b06451-e8c7-4f18-bd78-68acc08f24fd,esp32-01,telemetry,1769615785639,1769615785873,1769615785873,1769615785873,1769615785873,1769615785873,300,5000,ok
7dbd160b-0411-4154-8a10-0f476fc05bc7,esp32-02,telemetry,1769615785659,1769615785874,1769615785874,1769615785874,1769615785874,1769615785874,300,5000,ok
ac072d14-28a4-4666-a4e9-fb098760dc75,esp32-03,telemetry,1769615785679,1769615785874,1769615785874,1769615785874,1769615785874,1769615785874,300,5000,ok
01e7084b-8e39-4843-ae5d-00361840cc2a,esp32-01,telemetry,1769615785699,1769615785989,1769615785989,1769615785989,1769615785989,1769615785989,300,5000,ok
3f374196-b391-4e71-bcf1-b68e5ee902ba,esp32-01,telemetry,1769615786604,1769615786833,1769615786833,1769615786833,1769615786833,1769615786833,300,5000,ok
28ac5d00-fd3c-4ebc-8862-c59e5f75baff,esp32-02,telemetry,1769615786624,1769615786834,1769615786834,1769615786834,1769615786834,1769615786834,300,5000,ok
e75efff9-2faa-4134-b4f2-8514980f59c7,esp32-03,telemetry,1769615786644,1769615786935,1769615786935,1769615786935,1769615786935,1769615786935,300,5000,ok
d5ee0f89-aa53-402e-b8b7-d12a4a957be8,esp32-01,telemetry,1769615786665,1769615786935,1769615786936,1769615786936,1769615786936,1769615786936,300,5000,ok
797afa9c-34b3-4334-a4db-64ece2e8a1b5,esp32-02,telemetry,1769615786685,1769615786935,1769615786937,1769615786937,1769615786937,1769615786937,300,5000,ok
c5c18187-42ce-4d8c-a348-51e80c30d051,esp32-03,telemetry,1769615786705,1769615786935,1769615786937,1769615786937,1769615786937,1769615786937,300,5000,ok
9dca20d3-d477-47b2-a5a6-289d535a94d1,esp32-01,telemetry,1769615786724,1769615786935,1769615786938,1769615786938,1769615786938,1769615786938,300,5000,ok
83f0a264-e27c-4a82-8743-3544adb1e246,esp32-02,telemetry,1769615786745,1769615786936,1769615786940,1769615786940,1769615786940,1769615786940,300,5000,ok
850c42fb-4732-43ac-a033-1c65796c1b4a,esp32-03,telemetry,1769615786764,1769615786970,1769615786971,1769615786971,1769615786971,1769615786971,300,5000,ok
36632766-28f1-4440-8064-aa26eb03229e,esp32-01,telemetry,1769615786785,1769615787019,1769615787019,1769615787019,1769615787019,1769615787020,300,5000,ok
64295f73-43bc-4dc1-9c6d-16aeab784c01,esp32-02,telemetry,1769615787593,1769615787885,1769615787885,1769615787885,1769615787885,1769615787885,300,5000,ok
df283591-0b03-4ca3-bb7f-2e3f6a115a26,esp32-03,telemetry,1769615787613,1769615787885,1769615787886,1769615787886,1769615787886,1769615787886,300,5000,ok
569afc00-11d8-43a7-8b83-48d445f82a64,esp32-01,telemetry,1769615787632,1769615787885,1769615787886,1769615787886,1769615787886,1769615787886,300,5000,ok
d31a8e21-87b4-4326-b9d3-61257ca956a2,esp32-02,telemetry,1769615787653,1769615787885,1769615787887,1769615787887,1769615787887,1769615787887,300,5000,ok
b67cd5a8-e00a-4273-9065-cb40ac8d4542,esp32-03,telemetry,1769615787673,1769615787886,1769615787887,1769615787887,1769615787887,1769615787887,300,5000,ok
5dbc9d3c-cae7-43a3-9a14-5817eb9af7e9,esp32-01,telemetry,1769615787693,1769615787905,1769615787905,1769615787905,1769615787905,1769615787905,300,5000,ok
cc821e80-81e0-40f0-b901-cbd0ffed5952,esp32-02,telemetry,1769615787714,1769615787905,1769615787906,1769615787906,1769615787906,1769615787906,300,5000,ok
eff9debf-4201-49e1-a76b-6e83f1e61aa7,esp32-03,telemetry,1769615787735,1769615787963,1769615787963,1769615787963,1769615787963,1769615787963,300,5000,ok
a97f4320-c8b3-4fd4-8ebd-e85653e125a7,esp32-01,telemetry,1769615787754,1769615787963,1769615787964,1769615787964,1769615787964,1769615787964,300,5000,ok
2035c5c1-4c35-4b97-95c3-fd8982af53b9,esp32-02,telemetry,1769615787775,1769615788061,1769615788061,1769615788061,1769615788061,1769615788061,300,5000,ok
81adc089-a37b-4609-a13a-9f316eaca413,esp32-01,telemetry,1769615788667,1769615788897,1769615788897,1769615788897,1769615788897,1769615788897,300,5000,ok
eecc56c4-fcca-48f2-9d82-0c060b48ab02,esp32-02,telemetry,1769615788688,1769615788897,1769615788898,1769615788898,1769615788898,1769615788898,300,5000,ok
19ad5923-2422-419c-8fcc-35ea4fdeeefe,esp32-03,telemetry,1769615788707,1769615788898,1769615788898,1769615788898,1769615788898,1769615788898,300,5000,ok
ada33f94-a562-42e7-ae7d-dbdf4337556d,esp32-01,telemetry,1769615788728,1769615788993,1769615788993,1769615788993,1769615788993,1769615788993,300,5000,ok
995ad9f8-b19e-407a-8718-e9bc665e4fef,esp32-02,telemetry,1769615788748,1769615788993,1769615788994,1769615788994,1769615788994,1769615788994,300,5000,ok
7bea37a1-e0b8-46ee-9f56-9e4a90d69588,esp32-03,telemetry,1769615788768,1769615788993,1769615788994,1769615788994,1769615788994,1769615788994,300,5000,ok
5850ea76-017f-4f3a-b0bf-c726795ff0f0,esp32-01,telemetry,1769615788788,1769615788994,1769615788994,1769615788994,1769615788994,1769615788994,300,5000,ok
2088f30f-38a9-47a8-aca8-7162131256a0,esp32-02,telemetry,1769615788809,1769615789021,1769615789021,1769615789021,1769615789021,1769615789021,300,5000,ok
62f4560a-3201-4170-8da8-d3d54e3c98bb,esp32-03,telemetry,1769615788829,1769615789022,1769615789022,1769615789022,1769615789022,1769615789022,300,5000,ok
f271b376-e13d-4748-bb41-59587d18bd86,esp32-01,telemetry,1769615788850,1769615789084,1769615789084,1769615789084,1769615789084,1769615789084,300,5000,ok
72f31a46-3f5f-409c-ac38-f40052c6dd29,esp32-02,telemetry,1769615789661,1769615789957,1769615789957,1769615789957,1769615789957,1769615789957,300,5000,ok
32a9be33-4178-4b9f-b62e-563fe9a7da33,esp32-03,telemetry,1769615789681,1769615789957,1769615789957,1769615789957,1769615789957,1769615789957,300,5000,ok
ef67ba10-02b2-44ee-b754-49269559a3f3,esp32-01,telemetry,1769615789702,1769615789957,1769615789958,1769615789958,1769615789958,1769615789958,300,5000,ok
1a4f179d-bc39-4c22-929d-42e92af0a266,esp32-02,telemetry,1769615789721,1769615789957,1769615789958,1769615789958,1769615789958,1769615789958,300,5000,ok
d5ae1962-a201-4c7b-8cd5-bf708a6dd5ac,esp32-03,telemetry,1769615789742,1769615789957,1769615789959,1769615789959,1769615789959,1769615789959,300,5000,ok
8efd0d77-0a05-4e1f-8eca-5079cfd3bfde,esp32-01,telemetry,1769615789761,1769615789969,1769615789969,1769615789969,1769615789969,1769615789969,300,5000,ok
57ea7416-b21b-469e-8dde-ed689c83c468,esp32-02,telemetry,1769615789781,1769615790038,1769615790038,1769615790038,1769615790038,1769615790038,300,5000,ok
ac4e66db-4a4b-40dd-81a3-5666417cf806,esp32-03,telemetry,1769615789801,1769615790038,1769615790039,1769615790039,1769615790039,1769615790039,300,5000,ok
45a3c4b2-8a68-4a16-baae-b5f62345e1e9,esp32-01,telemetry,1769615789822,1769615790038,1769615790039,1769615790039,1769615790039,1769615790039,300,5000,ok
3a65b2bc-10c3-4002-97ee-3fc7de1ee17d,esp32-02,telemetry,1769615789842,1769615790038,1769615790039,1769615790039,1769615790039,1769615790039,300,5000,ok
b8e61687-9809-4467-a2cd-1df2330290b4,esp32-01,telemetry,1769615790727,1769615790973,1769615790973,1769615790973,1769615790973,1769615790973,300,5000,ok
12fd60e1-1026-45c3-a8c5-b48e7c9d8152,esp32-02,telemetry,1769615790748,1769615790973,1769615790973,1769615790973,1769615790973,1769615790973,300,5000,ok
c7f633ce-9ace-449b-bbf2-9e249f002daf,esp32-03,telemetry,1769615790768,1769615790973,1769615790974,1769615790974,1769615790974,1769615790974,300,5000,ok
29a9c327-d550-41fc-ad65-4a5b96f59c6e,esp32-01,telemetry,1769615790788,1769615791078,1769615791078,1769615791078,1769615791078,1769615791078,300,5000,ok
c8b297a5-e47a-4fc1-92e0-f76e7188f2a8,esp32-02,telemetry,1769615790807,1769615791078,1769615791079,1769615791079,1769615791079,1769615791079,300,5000,ok
af5149eb-2938-4e99-b093-f91e1dd70ddb,esp32-03,telemetry,1769615790828,1769615791079,1769615791079,1769615791079,1769615791079,1769615791079,300,5000,ok
0e57d17d-c713-455b-a9b5-309378bd82f2,esp32-01,telemetry,1769615790848,1769615791079,1769615791080,1769615791080,1769615791080,1769615791080,300,5000,ok
f9aacf66-d7b2-4a2f-9437-3db27147b58d,esp32-02,telemetry,1769615790868,1769615791079,1769615791080,1769615791080,1769615791080,1769615791080,300,5000,ok
2c040575-0f2a-4d91-983d-f9dd28765571,esp32-03,telemetry,1769615790888,1769615791079,1769615791080,1769615791080,1769615791080,1769615791080,300,5000,ok
882df36e-3202-4bd4-889e-6d743c2e9488,esp32-01,telemetry,1769615790907,1769615791159,1769615791159,1769615791159,1769615791159,1769615791159,300,5000,ok
95fe263e-344c-4fb3-8ae2-9403856b3e48,esp32-01,telemetry,1769615791754,1769615792043,1769615792043,1769615792043,1769615792043,1769615792043,300,5000,ok
fa1d1f10-b15d-4912-a785-8a175c5dbbf0,esp32-02,telemetry,1769615791774,1769615792043,1769615792044,1769615792044,1769615792044,1769615792044,300,5000,ok
979548f3-d6de-4f4c-a788-5f3903fc521e,esp32-03,telemetry,1769615791793,1769615792043,1769615792044,1769615792044,1769615792044,1769615792044,300,5000,ok
bbb0b762-a09a-43a6-b365-2e11e07252dd,esp32-01,telemetry,1769615791814,1769615792044,1769615792045,1769615792045,1769615792045,1769615792045,300,5000,ok
14171c2b-16fc-491d-b878-a4f1a45368e4,esp32-02,telemetry,1769615791834,1769615792044,1769615792045,1769615792045,1769615792045,1769615792045,300,5000,ok
b44e462f-7d16-47f5-ad44-0500382d68cc,esp32-03,telemetry,1769615791853,1769615792044,1769615792045,1769615792045,1769615792045,1769615792045,300,5000,ok
a4c16d50-0a83-47af-918c-0d3aff64d3c8,esp32-01,telemetry,1769615791874,1769615792164,1769615792164,1769615792164,1769615792164,1769615792164,300,5000,ok
332ed0fe-b7e1-4a7a-b1c2-3936a7f4d381,esp32-02,telemetry,1769615791893,1769615792164,1769615792165,1769615792165,1769615792165,1769615792165,300,5000,ok
3acc859e-bdeb-4494-9d7a-e16e5275a45b,esp32-03,telemetry,1769615791914,1769615792165,1769615792165,1769615792165,1769615792165,1769615792165,300,5000,ok
1dfb1273-08c8-4b39-8b72-08b5a2aa94ca,esp32-01,telemetry,1769615791935,1769615792165,1769615792166,1769615792166,1769615792166,1769615792166,300,5000,ok
08b98b4b-6277-4eee-b9ba-4dac715874e1,esp32-01,telemetry,1769615792783,1769615793084,1769615793090,1769615793090,1769615793090,1769615793092,300,5000,ok
6fd5fcd4-51bd-4dad-9825-64222fc8a153,esp32-02,telemetry,1769615792802,1769615793085,1769615793092,1769615793092,1769615793092,1769615793092,300,5000,ok
bbf0915c-a0d4-4bbd-971a-1f4660b2611c,esp32-03,telemetry,1769615792823,1769615793085,1769615793093,1769615793093,1769615793093,1769615793093,300,5000,ok
af6946c1-dc67-4da2-a214-e936cbbe5542,esp32-01,telemetry,1769615792843,1769615793085,1769615793093,1769615793093,1769615793093,1769615793093,300,5000,ok
a8fa690e-a2a5-48bb-9819-3c1117e87ee2,esp32-02,telemetry,1769615792862,1769615793085,1769615793093,1769615793093,1769615793093,1769615793093,300,5000,ok
9a7aa7f4-7b0e-4524-8c1e-d075fb360572,esp32-03,telemetry,1769615792882,1769615793085,1769615793094,1769615793094,1769615793094,1769615793094,300,5000,ok
229cd3b7-fea0-4f80-a6b4-283aba751537,esp32-01,telemetry,1769615792903,1769615793146,1769615793146,1769615793146,1769615793146,1769615793146,300,5000,ok
a37316d8-3cee-438b-a89c-adcd46ce6807,esp32-02,telemetry,1769615792924,1769615793146,1769615793147,1769615793147,1769615793147,1769615793147,300,5000,ok
16e757a0-bf5f-4388-8b84-949714572bde,esp32-03,telemetry,1769615792943,1769615793147,1769615793147,1769615793147,1769615793147,1769615793147,300,5000,ok
2e1840d2-7653-46ee-9233-db92f7bfde26,esp32-01,telemetry,1769615792963,1769615793269,1769615793269,1769615793269,1769615793269,1769615793269,300,5000,ok
e3eef50f-b303-457e-9ef3-4509c1a15b81,esp32-03,telemetry,1769615793859,1769615794133,1769615794133,1769615794133,1769615794133,1769615794133,300,5000,ok
4a996e0b-6bcf-4ca8-90f2-ba70e8c3b5f6,esp32-01,telemetry,1769615793879,1769615794133,1769615794133,1769615794133,1769615794133,1769615794133,300,5000,ok
b2cc5983-12d0-4531-ab96-a5f968464410,esp32-02,telemetry,1769615793898,1769615794133,1769615794134,1769615794134,1769615794134,1769615794134,300,5000,ok
8b240840-8dda-4f09-8f37-9fc5b68ef840,esp32-03,telemetry,1769615793918,1769615794133,1769615794134,1769615794134,1769615794134,1769615794134,300,5000,ok
e00c9558-0b6b-481c-9116-3a1f76219349,esp32-01,telemetry,1769615793938,1769615794133,1769615794134,1769615794134,1769615794134,1769615794134,300,5000,ok
3791ed9b-14ad-4412-b514-079cdbb6d93c,esp32-02,telemetry,1769615793959,1769615794222,1769615794222,1769615794222,1769615794222,1769615794222,300,5000,ok
fa88eb06-7cb0-4c6b-a24c-8dd66bffa826,esp32-03,telemetry,1769615793979,1769615794222,1769615794222,1769615794222,1769615794222,1769615794222,300,5000,ok
b1f2b589-48cb-4a56-a623-8aef849709d2,esp32-01,telemetry,1769615793998,1769615794223,1769615794223,1769615794223,1769615794223,1769615794223,300,5000,ok
ea3ed4f2-115a-48b9-b2fe-964dac795ecd,esp32-02,telemetry,1769615794019,1769615794223,1769615794224,1769615794224,1769615794224,1769615794224,300,5000,ok
044b7c58-d3b4-4d4e-b05a-3ddca1e0730e,esp32-03,telemetry,1769615794039,1769615794319,1769615794319,1769615794319,1769615794319,1769615794319,300,5000,ok
d21c233e-eaa0-477c-a188-e42e3a2fd178,esp32-03,telemetry,1769615794891,1769615795160,1769615795160,1769615795160,1769615795160,1769615795160,300,5000,ok
43bdfad6-4c02-44ff-aa80-2b8c571dee03,esp32-01,telemetry,1769615794911,1769615795160,1769615795161,1769615795161,1769615795161,1769615795161,300,5000,ok
b8b4104f-5cfe-4282-ab23-cd5d6156fd73,esp32-02,telemetry,1769615794931,1769615795160,1769615795161,1769615795161,1769615795161,1769615795161,300,5000,ok
4dfb31f2-b3ea-445b-af1a-e539934bfe66,esp32-03,telemetry,1769615794952,1769615795161,1769615795161,1769615795161,1769615795161,1769615795161,300,5000,ok
dfd5ca85-137f-44ab-ae93-e9f412ec4bbd,esp32-01,telemetry,1769615794971,1769615795255,1769615795256,1769615795256,1769615795256,1769615795256,300,5000,ok
d15c750f-05c6-47bf-9732-358a91749e18,esp32-02,telemetry,1769615794991,1769615795255,1769615795256,1769615795256,1769615795256,1769615795256,300,5000,ok
0ba63c67-b288-4cc0-addf-62ce869070e0,esp32-03,telemetry,1769615795011,1769615795256,1769615795256,1769615795256,1769615795256,1769615795256,300,5000,ok
821ebfbf-e599-4d2a-a81e-914e8dab3c08,esp32-01,telemetry,1769615795032,1769615795257,1769615795257,1769615795257,1769615795257,1769615795257,300,5000,ok
3f0bfbf4-e358-4c2b-84dc-e25e5b88c5e0,esp32-02,telemetry,1769615795053,1769615795257,1769615795258,1769615795258,1769615795258,1769615795258,300,5000,ok
6f3934ef-5286-4ae5-8779-c303b8af37c3,esp32-03,telemetry,1769615795073,1769615795347,1769615795347,1769615795347,1769615795347,1769615795347,300,5000,ok
56b71c27-3e72-4cc1-9237-28a3330a27ff,esp32-03,telemetry,1769615795981,1769615796250,1769615796250,1769615796250,1769615796250,1769615796250,300,5000,ok
d5b269db-9224-4207-ae08-9799d01f1f03,esp32-02,alarm,1769615795990,1769615796251,1769615796252,1769615796252,1769615796252,1769615796252,150,10000,alarm_type
30a49308-b631-4629-8f9b-7d2bbe625121,esp32-01,telemetry,1769615796000,1769615796251,1769615796252,1769615796252,1769615796252,1769615796252,300,5000,ok
2152be72-0929-4caf-a9fc-e198273bdcd8,esp32-02,telemetry,1769615796021,1769615796251,1769615796253,1769615796253,1769615796253,1769615796253,300,5000,ok
8e04657f-7190-4d5d-9004-a0891a1ec2e2,esp32-03,telemetry,1769615796041,1769615796251,1769615796253,1769615796253,1769615796253,1769615796253,300,5000,ok
9dfc8cc6-2b5c-43d9-b9ad-4cd55651205f,esp32-01,telemetry,1769615796060,1769615796251,1769615796253,1769615796253,1769615796253,1769615796253,300,5000,ok
a8f60918-de16-404a-b74a-b36efef30714,esp32-02,telemetry,1769615796081,1769615796290,1769615796290,1769615796290,1769615796290,1769615796290,300,5000,ok
cbc4e519-0ebb-418f-a949-0469c709cb34,esp32-03,telemetry,1769615796100,1769615796291,1769615796291,1769615796291,1769615796291,1769615796291,300,5000,ok
706dda69-0b04-4bef-9f69-daee94a28aa2,esp32-01,telemetry,1769615796120,1769615796343,1769615796343,1769615796343,1769615796343,1769615796343,300,5000,ok
12968986-366c-4bb2-9b89-036f941c9b03,esp32-02,telemetry,1769615796141,1769615796343,1769615796343,1769615796343,1769615796343,1769615796343,300,5000,ok
41d210b1-5091-4c28-8bac-9883f6b2de6a,esp32-03,telemetry,1769615797068,1769615797304,1769615797304,1769615797304,1769615797304,1769615797304,300,5000,ok
fa74ee54-80c1-421e-9207-a37c9f771c16,esp32-01,telemetry,1769615797087,1769615797304,1769615797304,1769615797304,1769615797304,1769615797304,300,5000,ok
0a590049-89c3-4019-92eb-3e9c70f764a7,esp32-02,telemetry,1769615797108,1769615797304,1769615797305,1769615797305,1769615797305,1769615797305,300,5000,ok
2ad207fd-7120-4f76-b92e-6ac17c050507,esp32-03,telemetry,1769615797129,1769615797420,1769615797420,1769615797420,1769615797420,1769615797420,300,5000,ok
148af9b8-e645-4cbd-a1c1-e62153d07c13,esp32-01,telemetry,1769615797150,1769615797420,1769615797420,1769615797420,1769615797420,1769615797420,300,5000,ok
54541d39-7ad9-4b46-a0bc-8a673b6a3e90,esp32-02,telemetry,1769615797170,1769615797420,1769615797421,1769615797421,1769615797421,1769615797421,300,5000,ok
24472c03-2dcc-452d-a96e-1e80d885b140,esp32-03,telemetry,1769615797191,1769615797420,1769615797421,1769615797421,1769615797421,1769615797421,300,5000,ok
29fd1cbc-9de7-4e9d-89d7-96884089013d,esp32-01,telemetry,1769615797210,1769615797420,1769615797422,1769615797422,1769615797422,1769615797422,300,5000,ok
d931254f-adc7-4318-944b-d59fac1d8f66,esp32-02,telemetry,1769615797230,1769615797420,1769615797422,1769615797422,1769615797422,1769615797422,300,5000,ok
57e0d0a3-1c18-48d8-8823-999d05351f49,esp32-03,telemetry,1769615797251,1769615797550,1769615797550,1769615797550,1769615797550,1769615797550,300,5000,ok
d4ef4093-1e19-4a62-82fb-e6a4022979c6,esp32-03,telemetry,1769615798039,1769615798333,1769615798333,1769615798333,1769615798333,1769615798333,300,5000,ok
191cd30d-6b6b-4b93-8c69-b996b9ea851c,esp32-01,telemetry,1769615798060,1769615798333,1769615798333,1769615798333,1769615798333,1769615798333,300,5000,ok
23697244-40d2-406a-8422-f2be0d83f395,esp32-02,telemetry,1769615798082,1769615798333,1769615798334,1769615798334,1769615798334,1769615798334,300,5000,ok
80523f6e-cfeb-4ef6-9825-b970d8cc08a0,esp32-03,telemetry,1769615798102,1769615798333,1769615798334,1769615798334,1769615798334,1769615798334,300,5000,ok
324d0e88-1293-4a0b-b0f4-3af032ee13d4,esp32-01,telemetry,1769615798123,1769615798333,1769615798334,1769615798335,1769615798335,1769615798335,300,5000,ok
01fb31bf-e3ad-4742-9b0e-e7c58853f313,esp32-02,telemetry,1769615798143,1769615798333,1769615798335,1769615798335,1769615798335,1769615798335,300,5000,ok
02c9dfa8-a2fc-448f-bfc0-f5b35fa4cb50,esp32-03,telemetry,1769615798163,1769615798455,1769615798455,1769615798455,1769615798455,1769615798455,300,5000,ok
dcdb8eb9-64b6-4fc0-8e8b-54c44228370a,esp32-01,telemetry,1769615798183,1769615798455,1769615798456,1769615798456,1769615798456,1769615798456,300,5000,ok
de547811-d4d5-412e-b2b9-d748268de0ee,esp32-02,telemetry,1769615798203,1769615798455,1769615798456,1769615798456,1769615798456,1769615798456,300,5000,ok
b6ecd618-468a-4ce8-b8de-9ac47eec922a,esp32-03,telemetry,1769615798224,1769615798456,1769615798457,1769615798457,1769615798457,1769615798457,300,5000,ok
853a8875-6bb4-4bcc-bdea-007766d94dd0,esp32-03,telemetry,1769615799070,1769615799361,1769615799361,1769615799361,1769615799361,1769615799361,300,5000,ok
d3ecbde8-54fc-4b85-9bdb-6ac16c13631c,esp32-01,telemetry,1769615799090,1769615799361,1769615799361,1769615799361,1769615799361,1769615799361,300,5000,ok
34a35920-2f23-45cc-9551-fd40c202efa6,esp32-02,telemetry,1769615799110,1769615799361,1769615799362,1769615799362,1769615799362,1769615799362,300,5000,ok
e45cf087-d138-4627-bf26-8d7e1cc8ff74,esp32-03,telemetry,1769615799129,1769615799361,1769615799362,1769615799362,1769615799362,1769615799362,300,5000,ok
922fa427-7889-409b-96d4-77c3ec4fc7f9,esp32-01,telemetry,1769615799150,1769615799361,1769615799362,1769615799362,1769615799362,1769615799362,300,5000,ok
5955e27c-0e09-484d-b28f-2b2e3492b58c,esp32-02,telemetry,1769615799171,1769615799361,1769615799363,1769615799363,1769615799363,1769615799363,300,5000,ok
771caef5-d676-4948-a82f-8bf2043e2d23,esp32-03,telemetry,1769615799191,1769615799437,1769615799437,1769615799437,1769615799437,1769615799437,300,5000,ok
62c6e6d7-70a5-4cd1-9837-3fd90c93d7cc,esp32-01,telemetry,1769615799211,1769615799438,1769615799438,1769615799438,1769615799438,1769615799438,300,5000,ok
8fcbba71-f705-4a39-adf0-3924de5a9ccb,esp32-02,telemetry,1769615799231,1769615799438,1769615799439,1769615799439,1769615799439,1769615799439,300,5000,ok
50f06ea6-33de-4ecf-b342-2cb542a3587d,esp32-03,telemetry,1769615799253,1769615799544,1769615799544,1769615799544,1769615799544,1769615799544,300,5000,ok
69f324c6-3b1c-4617-bb8c-7ba93f043025,esp32-03,telemetry,1769615800163,1769615800453,1769615800453,1769615800453,1769615800453,1769615800453,300,5000,ok
a8f4e683-4e03-491c-b0a8-1f6557ef51d8,esp32-01,telemetry,1769615800182,1769615800453,1769615800454,1769615800454,1769615800454,1769615800454,300,5000,ok
4f80f78d-a8e8-46b7-ad66-784e9e5d4b2e,esp32-02,telemetry,1769615800202,1769615800453,1769615800454,1769615800454,1769615800454,1769615800454,300,5000,ok
8eefc045-a0db-4513-b91e-9b449cae0b6b,esp32-03,telemetry,1769615800223,1769615800453,1769615800455,1769615800455,1769615800455,1769615800455,300,5000,ok
276fb3c5-2163-4381-8b7b-5823188a2ccf,esp32-01,telemetry,1769615800243,1769615800453,1769615800455,1769615800455,1769615800455,1769615800455,300,5000,ok
2fbfbb8e-fd14-4286-b619-17754511a54d,esp32-02,telemetry,1769615800263,1769615800453,1769615800456,1769615800456,1769615800456,1769615800456,300,5000,ok
19b028c9-3271-4443-97b9-78b9176a4132,esp32-03,telemetry,1769615800283,1769615800573,1769615800573,1769615800573,1769615800573,1769615800573,300,5000,ok
980a726e-baf4-4996-b8b1-2ced1aa08877,esp32-01,telemetry,1769615800303,1769615800573,1769615800574,1769615800574,1769615800574,1769615800574,300,5000,ok
06417bd8-b4f1-43b5-b3fb-3c877871bb83,esp32-02,telemetry,1769615800323,1769615800573,1769615800574,1769615800574,1769615800574,1769615800574,300,5000,ok
22e79b42-131b-41d3-a487-13b9ca9f2087,esp32-03,telemetry,1769615800344,1769615800574,1769615800575,1769615800575,1769615800575,1769615800575,300,5000,ok
68977fb6-517a-4f34-a16a-aa92464902e9,esp32-03,telemetry,1769615801246,1769615801540,1769615801540,1769615801540,1769615801540,1769615801540,300,5000,ok
519b3faf-b100-4828-a883-324aded2dadd,esp32-01,telemetry,1769615801265,1769615801540,1769615801541,1769615801541,1769615801541,1769615801541,300,5000,ok
3c0d183d-46b1-4ade-ad3a-d3b2d6fde7d5,esp32-02,telemetry,1769615801286,1769615801540,1769615801541,1769615801541,1769615801541,1769615801541,300,5000,ok
0946956c-eb48-498d-b834-43c22aec7c14,esp32-03,telemetry,1769615801305,1769615801540,1769615801542,1769615801542,1769615801542,1769615801542,300,5000,ok
f76d9ac6-a0c4-481e-9a0e-ae7e4d48f1b1,esp32-01,telemetry,1769615801326,1769615801540,1769615801542,1769615801542,1769615801542,1769615801542,300,5000,ok
7fd63e33-e773-46f4-94e7-eccf55137635,esp32-02,telemetry,1769615801347,1769615801540,1769615801542,1769615801542,1769615801542,1769615801542,300,5000,ok
b777dcdc-aa37-4401-9fbd-6e03b15b92df,esp32-03,telemetry,1769615801367,1769615801666,1769615801666,1769615801666,1769615801666,1769615801666,300,5000,ok
20708378-76a1-430c-b283-40941c9a5f08,esp32-01,telemetry,1769615801388,1769615801667,1769615801667,1769615801667,1769615801667,1769615801667,300,5000,ok
aad2f0ad-5c69-4960-b5de-9b81ea71c2ae,esp32-02,telemetry,1769615801408,1769615801667,1769615801668,1769615801668,1769615801668,1769615801668,300,5000,ok
c515b711-04bc-44a3-9ab0-87731759ce9f,esp32-03,telemetry,1769615801428,1769615801667,1769615801668,1769615801668,1769615801668,1769615801668,300,5000,ok
11167cc5-12b3-4955-afaf-0d0004351683,esp32-03,telemetry,1769615802280,1769615802576,1769615802576,1769615802576,1769615802576,1769615802576,300,5000,ok
f657ce2b-fb33-4af2-bc1d-45800965dc62,esp32-01,telemetry,1769615802299,1769615802576,1769615802577,1769615802577,1769615802577,1769615802577,300,5000,ok
c42258a4-dcbd-467e-af6c-b2024c089d08,esp32-02,telemetry,1769615802320,1769615802576,1769615802577,1769615802577,1769615802577,1769615802577,300,5000,ok
9a62dd4f-592f-4c71-ade3-99a1abd99251,esp32-03,telemetry,1769615802340,1769615802576,1769615802578,1769615802578,1769615802578,1769615802578,300,5000,ok
318017f0-3f81-4763-86d5-c22b7e4a7f61,esp32-01,telemetry,1769615802359,1769615802577,1769615802578,1769615802578,1769615802578,1769615802578,300,5000,ok
3b57d827-9b00-4f1d-944a-1e39ea655c73,esp32-02,telemetry,1769615802380,1769615802577,1769615802578,1769615802578,1769615802578,1769615802578,300,5000,ok
a5ab6fe4-5fc9-4868-ac18-75f924d6c995,esp32-03,telemetry,1769615802400,1769615802651,1769615802651,1769615802651,1769615802651,1769615802651,300,5000,ok
a635f285-2d43-4d30-828f-0a0eda81e3e3,esp32-01,telemetry,1769615802421,1769615802651,1769615802651,1769615802651,1769615802652,1769615802652,300,5000,ok
14977371-6659-4744-9d4c-0da0e93470af,esp32-02,telemetry,1769615802441,1769615802651,1769615802652,1769615802652,1769615802652,1769615802652,300,5000,ok
be1f7d02-8c1e-4771-be47-cc76839c009e,esp32-03,telemetry,1769615802460,1769615802753,1769615802753,1769615802753,1769615802753,1769615802753,300,5000,ok
7e73fb92-cd4d-428c-95fb-d9cfcc246057,esp32-03,telemetry,1769615803364,1769615803655,1769615803656,1769615803656,1769615803656,1769615803656,300,5000,ok
dcde4e05-1c62-4223-89e7-fbafa04c0331,esp32-01,telemetry,1769615803384,1769615803656,1769615803657,1769615803657,1769615803657,1769615803657,300,5000,ok
fee3ca0d-e744-4d69-b03e-2717a6a8ec47,esp32-02,telemetry,1769615803405,1769615803656,1769615803657,1769615803657,1769615803657,1769615803657,300,5000,ok
4ba25690-05b8-4f60-8c09-e210a07d50d2,esp32-03,telemetry,1769615803424,1769615803656,1769615803658,1769615803658,1769615803658,1769615803658,300,5000,ok
bbfa4272-a5de-4c24-9d0b-f9d87a3da4cc,esp32-01,telemetry,1769615803444,1769615803656,1769615803658,1769615803658,1769615803658,1769615803658,300,5000,ok
81f635b8-7c93-4bdd-9a82-7daf940b4484,esp32-02,telemetry,1769615803464,1769615803656,1769615803659,1769615803659,1769615803659,1769615803659,300,5000,ok
b4facd17-6158-4833-905c-5eaa254e6371,esp32-03,telemetry,1769615803484,1769615803775,1769615803775,1769615803775,1769615803775,1769615803775,300,5000,ok
6cbc1679-50c6-4fd3-8303-ee358e40c0c0,esp32-01,telemetry,1769615803505,1769615803775,1769615803776,1769615803776,1769615803776,1769615803776,300,5000,ok
f94af2e9-75d0-429f-a920-3ca1f0e6080b,esp32-02,telemetry,1769615803525,1769615803775,1769615803777,1769615803777,1769615803777,1769615803777,300,5000,ok
2becc7dd-26d9-4c17-8af0-22bf39fb14e3,esp32-03,telemetry,1769615803544,1769615803775,1769615803777,1769615803777,1769615803777,1769615803777,300,5000,ok
e20657fe-a6b7-4756-94bd-cd55e5625600,esp32-02,telemetry,1769615804440,1769615804737,1769615804737,1769615804737,1769615804737,1769615804737,300,5000,ok
413201d5-4cb7-4a81-97bc-c45a415f1d12,esp32-03,telemetry,1769615804460,1769615804737,1769615804738,1769615804738,1769615804738,1769615804738,300,5000,ok
eb557cc4-2156-4258-8e19-dd5b18228ee0,esp32-01,telemetry,1769615804480,1769615804737,1769615804738,1769615804738,1769615804738,1769615804738,300,5000,ok
237b517b-b6dd-4986-81a8-b88000b34d70,esp32-02,telemetry,1769615804500,1769615804737,1769615804739,1769615804739,1769615804739,1769615804739,300,5000,ok
4f1c3614-1bae-424d-a4a3-9c97b671b791,esp32-03,telemetry,1769615804520,1769615804738,1769615804739,1769615804739,1769615804739,1769615804739,300,5000,ok
cabaef7e-119b-43c5-b58b-bf7cb1385586,esp32-01,telemetry,1769615804540,1769615804738,1769615804739,1769615804739,1769615804739,1769615804739,300,5000,ok
23872a82-d44b-473e-b388-53e472a6f0a2,esp32-02,telemetry,1769615804561,1769615804764,1769615804764,1769615804764,1769615804764,1769615804764,300,5000,ok
98c0650c-5090-4578-bcbc-92d156cdda54,esp32-03,telemetry,1769615804581,1769615804809,1769615804809,1769615804809,1769615804809,1769615804809,300,5000,ok
31b2ded6-a45f-4009-b191-392bc0c2b33a,esp32-01,telemetry,1769615804602,1769615804809,1769615804809,1769615804809,1769615804809,1769615804809,300,5000,ok
739df7bc-042f-4222-99b8-b41af2278a99,esp32-02,telemetry,1769615804622,1769615804914,1769615804914,1769615804914,1769615804914,1769615804914,300,5000,ok
d2803e28-173e-4bda-ad1e-8a2c04bbd2bc,esp32-01,telemetry,1769615805509,1769615805741,1769615805741,1769615805741,1769615805741,1769615805741,300,5000,ok
a18938bc-3978-480d-9f0d-937fbeb2db48,esp32-02,telemetry,1769615805529,1769615805741,1769615805741,1769615805741,1769615805741,1769615805742,300,5000,ok
eec54825-6388-431c-ae1a-221a7ef09037,esp32-03,telemetry,1769615805549,1769615805741,1769615805742,1769615805742,1769615805742,1769615805742,300,5000,ok
e5f6d03a-de95-4023-bcb6-df14acedf120,esp32-01,telemetry,1769615805570,1769615805844,1769615805844,1769615805844,1769615805844,1769615805844,300,5000,ok
6e916dfa-7cca-40a4-a1c3-a2c2e183e539,esp32-02,telemetry,1769615805590,1769615805844,1769615805845,1769615805845,1769615805845,1769615805845,300,5000,ok
b7377c77-2448-4268-9f81-b38d9063587c,esp32-03,telemetry,1769615805610,1769615805844,1769615805845,1769615805845,1769615805845,1769615805845,300,5000,ok
a20790f8-0cf0-437a-854c-aac85068e6e9,esp32-01,telemetry,1769615805629,1769615805844,1769615805845,1769615805845,1769615805845,1769615805845,300,5000,ok
8d45b6f7-c16b-480b-96da-51ccd303edc4,esp32-02,telemetry,1769615805649,1769615805844,1769615805846,1769615805846,1769615805846,1769615805846,300,5000,ok
49d5ec8f-0119-49b8-bdb2-95cfdf3db466,esp32-03,telemetry,1769615805670,1769615805881,1769615805881,1769615805881,1769615805881,1769615805881,300,5000,ok
b42fd95a-38fa-46a4-97ce-9aa68b901ea0,esp32-01,telemetry,1769615805690,1769615805881,1769615805882,1769615805882,1769615805882,1769615805882,300,5000,ok
f1860171-6341-46e1-b5d2-edcf7cc7f483,esp32-02,telemetry,1769615806500,1769615806791,1769615806791,1769615806791,1769615806791,1769615806791,300,5000,ok
380fa5e9-8364-4fbd-899b-3d663ec6d0ad,esp32-03,telemetry,1769615806520,1769615806791,1769615806792,1769615806792,1769615806792,1769615806792,300,5000,ok
36b376bd-1027-4a71-b6a1-c01310197bdf,esp32-01,telemetry,1769615806540,1769615806791,1769615806792,1769615806792,1769615806792,1769615806792,300,5000,ok
611d9c16-feb3-49a6-b613-e808ae46fc97,esp32-02,telemetry,1769615806561,1769615806791,1769615806793,1769615806793,1769615806793,1769615806793,300,5000,ok
a672f996-3bd9-4052-bae5-64f46440fb1a,esp32-03,telemetry,1769615806581,1769615806791,1769615806793,1769615806793,1769615806793,1769615806793,300,5000,ok
17722d95-4565-443e-b96c-609d4b3a090f,esp32-01,telemetry,1769615806601,1769615806791,1769615806793,1769615806793,1769615806793,1769615806793,300,5000,ok
8ea7e12a-eeee-4d19-82c0-2fec2ed7410d,esp32-02,telemetry,1769615806622,1769615806911,1769615806911,1769615806911,1769615806911,1769615806911,300,5000,ok
ddf69403-ab9d-49ed-b8ce-cb729d8eb991,esp32-03,telemetry,1769615806642,1769615806911,1769615806947,1769615806947,1769615806947,1769615806947,300,5000,ok
b5442665-b01a-4ca2-8889-5e7a05e6cc97,esp32-01,telemetry,1769615806661,1769615806911,1769615806948,1769615806948,1769615806948,1769615806948,300,5000,ok
d9422e39-f70d-4430-8586-f18b3d2fb839,esp32-02,telemetry,1769615806682,1769615806911,1769615806952,1769615806952,1769615806952,1769615806952,300,5000,ok
b721c051-ea56-47dd-ba84-0b56a1478077,esp32-02,telemetry,1769615807529,1769615807824,1769615807824,1769615807824,1769615807824,1769615807824,300,5000,ok
6469c9ed-4e88-4392-ae85-825551ce1333,esp32-03,telemetry,1769615807550,1769615807824,1769615807824,1769615807824,1769615807824,1769615807824,300,5000,ok
a90e7cad-9b89-48f8-bdd5-0f352215d906,esp32-01,telemetry,1769615807570,1769615807824,1769615807825,1769615807825,1769615807825,1769615807825,300,5000,ok
09a1038b-5165-46bb-9fa0-a32f587e8a76,esp32-02,telemetry,1769615807590,1769615807824,1769615807825,1769615807825,1769615807825,1769615807825,300,5000,ok
496c5eb4-cf0b-4602-a60e-4327d4d7a6c3,esp32-03,telemetry,1769615807610,1769615807824,1769615807825,1769615807825,1769615807825,1769615807825,300,5000,ok
93b383a3-4dc2-4736-a94f-c3a661eb64ea,esp32-01,telemetry,1769615807629,1769615807824,1769615807826,1769615807826,1769615807826,1769615807826,300,5000,ok
56ac01f0-e551-412d-bc54-c7a9be4cadc5,esp32-02,telemetry,1769615807650,1769615807886,1769615807886,1769615807886,1769615807886,1769615807886,300,5000,ok
e5744925-7aff-4cec-b45e-fd2fd253518b,esp32-03,telemetry,1769615807669,1769615807886,1769615807887,1769615807887,1769615807887,1769615807887,300,5000,ok
9939fe0a-1d02-4b74-be78-f1270ee15396,esp32-01,telemetry,1769615807690,1769615807886,1769615807887,1769615807887,1769615807887,1769615807887,300,5000,ok
e241db63-7cb2-4ab4-bda3-23f208cb7f44,esp32-02,telemetry,1769615807711,1769615808003,1769615808003,1769615808003,1769615808003,1769615808003,300,5000,ok
da2748c3-5b68-41a2-a2eb-97fe0d9e6417,esp32-02,telemetry,1769615808622,1769615808911,1769615808911,1769615808911,1769615808911,1769615808911,300,5000,ok
91607720-594c-45ce-9d48-fbaec5716eae,esp32-03,telemetry,1769615808642,1769615808911,1769615808912,1769615808912,1769615808912,1769615808912,300,5000,ok
a040e21b-93ea-413c-af5b-cc16e60fbb0f,esp32-01,telemetry,1769615808662,1769615808912,1769615808912,1769615808912,1769615808912,1769615808912,300,5000,ok
aea97c25-1142-470d-9058-d754ba7774e0,esp32-02,telemetry,1769615808681,1769615808912,1769615808913,1769615808913,1769615808913,1769615808913,300,5000,ok
81fdbc1c-6599-4966-b726-4582e116d28e,esp32-03,telemetry,1769615808701,1769615808912,1769615808913,1769615808913,1769615808913,1769615808913,300,5000,ok
991569a4-1143-466b-85c0-2ab7aad28e3d,esp32-01,telemetry,1769615808721,1769615808912,1769615808914,1769615808914,1769615808914,1769615808914,300,5000,ok
b378e039-8403-43ba-a054-5e9b0ed13139,esp32-02,telemetry,1769615808741,1769615809034,1769615809034,1769615809034,1769615809034,1769615809034,300,5000,ok
ed89ed43-2a38-4e3b-aea7-85c167b5e81d,esp32-03,telemetry,1769615808762,1769615809034,1769615809035,1769615809035,1769615809035,1769615809035,300,5000,ok
fe08941d-1c7e-4684-9f37-868043de04cb,esp32-01,telemetry,1769615808781,1769615809034,1769615809035,1769615809035,1769615809035,1769615809035,300,5000,ok
50200426-de08-43ad-854b-cda31419517d,esp32-02,telemetry,1769615808802,1769615809034,1769615809036,1769615809036,1769615809036,1769615809036,300,5000,ok
d65f7e86-61d6-487b-a8a7-1f0ffa29b2a9,esp32-02,telemetry,1769615809648,1769615809939,1769615809939,1769615809939,1769615809939,1769615809939,300,5000,ok
88276137-bf92-4f87-9657-715f66c18f12,esp32-03,telemetry,1769615809669,1769615809939,1769615809940,1769615809940,1769615809940,1769615809940,300,5000,ok
e9d63ceb-1fb4-4bf8-bb64-a8538d0be721,esp32-01,telemetry,1769615809688,1769615809940,1769615809940,1769615809940,1769615809941,1769615809941,300,5000,ok
7112abec-0c51-4f34-a803-2274efb8a7bb,esp32-02,telemetry,1769615809709,1769615809940,1769615809941,1769615809941,1769615809941,1769615809941,300,5000,ok
4f8387bb-3ae5-40d3-b939-85d70663233d,esp32-03,telemetry,1769615809729,1769615809940,1769615809941,1769615809941,1769615809941,1769615809941,300,5000,ok
293eb56d-033a-4ff9-b652-4329f91c989c,esp32-01,telemetry,1769615809750,1769615809940,1769615809942,1769615809942,1769615809942,1769615809942,300,5000,ok
f3946c9a-da11-4c86-b653-5908e4cb762d,esp32-02,telemetry,1769615809769,1769615810005,1769615810005,1769615810005,1769615810005,1769615810005,300,5000,ok
de4df8b3-68fe-43ed-a434-6e78046cfd47,esp32-03,telemetry,1769615809790,1769615810005,1769615810006,1769615810006,1769615810006,1769615810006,300,5000,ok
fcafc094-142c-4ae1-b89f-5a005b16c085,esp32-01,telemetry,1769615809810,1769615810006,1769615810006,1769615810006,1769615810006,1769615810006,300,5000,ok
0d7d0589-da9e-46c4-bfa3-18991c5d861c,esp32-02,telemetry,1769615809830,1769615810122,1769615810122,1769615810122,1769615810122,1769615810122,300,5000,ok
5b366aa2-5ae7-4e00-8fda-e02449cedbbf,esp32-01,telemetry,1769615810729,1769615811019,1769615811020,1769615811020,1769615811020,1769615811020,300,5000,ok
a4391309-b698-457e-b0b3-5f02a02dc49c,esp32-02,telemetry,1769615810748,1769615811020,1769615811020,1769615811020,1769615811020,1769615811020,300,5000,ok
510835c8-ebf2-4efd-a51f-3e25dce2dd3d,esp32-03,telemetry,1769615810768,1769615811020,1769615811021,1769615811021,1769615811021,1769615811021,300,5000,ok
5904f0a7-69e2-49c8-95b4-129ecfb13783,esp32-01,telemetry,1769615810789,1769615811020,1769615811021,1769615811021,1769615811021,1769615811021,300,5000,ok
2ea65d10-4e32-4a68-922c-a8171e21d114,esp32-02,telemetry,1769615810810,1769615811020,1769615811021,1769615811021,1769615811021,1769615811021,300,5000,ok
60c94410-1e26-4441-9e14-cc63e4290e46,esp32-03,telemetry,1769615810830,1769615811020,1769615811022,1769615811022,1769615811022,1769615811022,300,5000,ok
27cd6d6e-0e3b-4b99-b1a8-b3a7c49d55f1,esp32-01,telemetry,1769615810850,1769615811043,1769615811043,1769615811043,1769615811043,1769615811043,300,5000,ok
3f47b5e1-cbf6-41f3-bd0b-50210f74325e,esp32-02,telemetry,1769615810871,1769615811169,1769615811169,1769615811169,1769615811169,1769615811169,300,5000,ok
1278b501-443d-484c-a7af-6cc6de8fe459,esp32-03,telemetry,1769615810891,1769615811170,1769615811170,1769615811170,1769615811170,1769615811170,300,5000,ok
b3b7c2ac-faf9-4ff1-b18e-f92274a927fd,esp32-01,telemetry,1769615810911,1769615811170,1769615811170,1769615811170,1769615811170,1769615811170,300,5000,ok
49686e00-b737-4e5f-8a0e-bbd48d4c2db9,esp32-02,telemetry,1769615811780,1769615812059,1769615812059,1769615812059,1769615812059,1769615812059,300,5000,ok
047ef059-1dde-45e6-967a-7e01947bd785,esp32-03,telemetry,1769615811801,1769615812060,1769615812061,1769615812061,1769615812061,1769615812061,300,5000,ok
1eff2735-cd66-4213-803a-8633535674d4,esp32-01,telemetry,1769615811820,1769615812060,1769615812061,1769615812061,1769615812061,1769615812061,300,5000,ok
66af94d8-6275-4354-8e8e-537659349175,esp32-02,telemetry,1769615811841,1769615812060,1769615812062,1769615812062,1769615812062,1769615812062,300,5000,ok
35181ef6-b46d-4e64-9730-1c3f03f02a69,esp32-03,telemetry,1769615811861,1769615812060,1769615812062,1769615812062,1769615812062,1769615812062,300,5000,ok
87faeb2a-17d1-47e0-b9cd-99dcb1bd0b8d,esp32-01,telemetry,1769615811881,1769615812151,1769615812151,1769615812151,1769615812151,1769615812151,300,5000,ok
77eecbcd-ea2e-4ec6-9303-84e83d0696cc,esp32-02,telemetry,1769615811902,1769615812151,1769615812152,1769615812152,1769615812152,1769615812152,300,5000,ok
8d0e2ad3-e9ce-469f-b75c-e39c01c46464,esp32-03,telemetry,1769615811922,1769615812152,1769615812152,1769615812152,1769615812152,1769615812153,300,5000,ok
7bf3b36e-87f5-4249-9ae4-aeb5497df8c2,esp32-01,telemetry,1769615811942,1769615812152,1769615812153,1769615812153,1769615812153,1769615812153,300,5000,ok
f0cf5e45-dbd1-45ee-b7cd-c96f2e3238ae,esp32-02,telemetry,1769615811961,1769615812248,1769615812248,1769615812248,1769615812248,1769615812248,300,5000,ok
0a92edd5-017c-46fd-bea1-19676d01c3dd,esp32-03,telemetry,1769615812826,1769615813073,1769615813074,1769615813074,1769615813074,1769615813074,300,5000,ok
0db81a28-544d-49b6-a034-80858a71966e,esp32-01,telemetry,1769615812846,1769615813074,1769615813074,1769615813074,1769615813074,1769615813074,300,5000,ok
b243dc18-c69a-4169-ac49-c0839ffb6f78,esp32-02,telemetry,1769615812866,1769615813074,1769615813075,1769615813075,1769615813075,1769615813075,300,5000,ok
8331dbbe-3880-4aa6-b20b-4aafff685bfa,esp32-03,telemetry,1769615812886,1769615813177,1769615813177,1769615813177,1769615813177,1769615813177,300,5000,ok
88d3c0db-7886-4832-bda6-31bc85068b20,esp32-01,telemetry,1769615812906,1769615813177,1769615813178,1769615813178,1769615813178,1769615813178,300,5000,ok
400dae02-1df5-45fa-b350-94c3b2831331,esp32-02,telemetry,1769615812927,1769615813177,1769615813178,1769615813178,1769615813178,1769615813178,300,5000,ok
ba603b7b-a471-4898-993a-87fc3e86f07c,esp32-03,telemetry,1769615812947,1769615813177,1769615813178,1769615813179,1769615813179,1769615813179,300,5000,ok
588d2e41-f391-42d5-971e-f07442a1b5ab,esp32-01,telemetry,1769615812967,1769615813177,1769615813179,1769615813179,1769615813179,1769615813179,300,5000,ok
91690f95-e94d-4f96-8349-48a29053dd8f,esp32-02,telemetry,1769615812987,1769615813177,1769615813179,1769615813179,1769615813179,1769615813179,300,5000,ok
07b86d3c-84b1-48ae-8322-11f2bb027c9c,esp32-03,telemetry,1769615813006,1769615813261,1769615813261,1769615813261,1769615813261,1769615813261,300,5000,ok
708a27c8-ca8e-4555-a23b-6211ed9d2936,esp32-02,telemetry,1769615813833,1769615814114,1769615814114,1769615814114,1769615814114,1769615814114,300,5000,ok
6a6ce1dd-3c2d-4935-ac41-03c7b7d33657,esp32-03,telemetry,1769615813853,1769615814115,1769615814115,1769615814115,1769615814115,1769615814115,300,5000,ok
558da53a-c3df-4fda-9525-c6023ad7d416,esp32-01,telemetry,1769615813872,1769615814115,1769615814115,1769615814115,1769615814115,1769615814115,300,5000,ok
0b595913-91ff-4658-b072-a0834cb84154,esp32-02,telemetry,1769615813893,1769615814115,1769615814116,1769615814116,1769615814116,1769615814116,300,5000,ok
cb220184-d07b-49c0-9bcb-d604b538fbc9,esp32-03,telemetry,1769615813914,1769615814115,1769615814116,1769615814116,1769615814116,1769615814116,300,5000,ok
8d895f15-0253-43a0-8347-b905dce297d4,esp32-01,telemetry,1769615813933,1769615814194,1769615814195,1769615814195,1769615814195,1769615814195,300,5000,ok
ff766764-3f3d-4e7c-8549-cbcf1f25bb68,esp32-02,telemetry,1769615813954,1769615814195,1769615814195,1769615814195,1769615814195,1769615814195,300,5000,ok
2354909f-78ea-4a2b-acd6-8eaeb841c2fb,esp32-03,telemetry,1769615813974,1769615814195,1769615814196,1769615814196,1769615814196,1769615814196,300,5000,ok
05bfd224-4055-49d3-810c-330c362ffd81,esp32-01,telemetry,1769615813995,1769615814195,1769615814196,1769615814196,1769615814196,1769615814196,300,5000,ok
e72abac0-64dd-4f32-817d-043bf12a6b69,esp32-02,telemetry,1769615814016,1769615814301,1769615814301,1769615814301,1769615814301,1769615814301,300,5000,ok
527d1c32-6f36-4d25-a335-943726767c3a,esp32-03,telemetry,1769615814885,1769615815131,1769615815131,1769615815131,1769615815131,1769615815131,300,5000,ok
79e9257e-5958-4df3-afc6-e8ce8f67c786,esp32-01,telemetry,1769615814905,1769615815131,1769615815132,1769615815132,1769615815132,1769615815132,300,5000,ok
6d22fdfd-c86a-4d85-b3fd-05cb9ae45707,esp32-02,telemetry,1769615814924,1769615815131,1769615815132,1769615815132,1769615815132,1769615815132,300,5000,ok
ed03e2d4-81ce-4e5a-bcd6-7fb86ec8ae48,esp32-03,telemetry,1769615814945,1769615815236,1769615815236,1769615815236,1769615815236,1769615815236,300,5000,ok
51cc14b5-aed7-4256-ba8c-6922b89c3738,esp32-01,telemetry,1769615814965,1769615815236,1769615815237,1769615815237,1769615815237,1769615815237,300,5000,ok
87814024-972c-4d1b-a9eb-f12a3ba04317,esp32-02,telemetry,1769615814985,1769615815236,1769615815237,1769615815238,1769615815238,1769615815238,300,5000,ok
5329b3b1-b130-4d53-a713-5b58190bece5,esp32-03,telemetry,1769615815005,1769615815236,1769615815238,1769615815238,1769615815238,1769615815238,300,5000,ok
9d1045a1-4a09-4a86-b97d-1b54fc5dd7e4,esp32-01,telemetry,1769615815026,1769615815237,1769615815239,1769615815239,1769615815239,1769615815239,300,5000,ok
149ace48-252e-4367-b0cc-0032db4b1d39,esp32-02,telemetry,1769615815046,1769615815237,1769615815239,1769615815239,1769615815239,1769615815239,300,5000,ok
45e138aa-99c2-4c39-8407-8aeec6ab59b6,esp32-03,telemetry,1769615815065,1769615815317,1769615815317,1769615815317,1769615815317,1769615815317,300,5000,ok
b88650b6-9847-4803-8e71-125288eb2e03,esp32-02,telemetry,1769615815893,1769615816170,1769615816170,1769615816170,1769615816170,1769615816170,300,5000,ok
0decaaa9-be9d-40cd-8d65-e1f4cabe8c91,esp32-03,telemetry,1769615815914,1769615816170,1769615816170,1769615816170,1769615816170,1769615816170,300,5000,ok
c9e8814c-06fb-4391-ae04-a10094cc5508,esp32-01,telemetry,1769615815933,1769615816170,1769615816171,1769615816171,1769615816171,1769615816171,300,5000,ok
8aa5e409-98a6-4ccf-899f-bb17f6b989b6,esp32-02,telemetry,1769615815954,1769615816170,1769615816171,1769615816171,1769615816171,1769615816171,300,5000,ok
6b45a25f-c204-43d0-8c55-a88eb3126f1d,esp32-03,telemetry,1769615815974,1769615816170,1769615816172,1769615816172,1769615816172,1769615816172,300,5000,ok
a3fc5646-10e9-4ffb-8289-b06e7a182c10,esp32-01,telemetry,1769615815995,1769615816251,1769615816251,1769615816251,1769615816251,1769615816251,300,5000,ok
98976d70-7b71-4e51-8fb5-22ca3fcbf8ee,esp32-03,alarm,1769615815991,1769615816251,1769615816252,1769615816252,1769615816252,1769615816252,150,10000,alarm_type
e5c53265-82d2-48b4-8634-d9b5e9eda487,esp32-02,telemetry,1769615816015,1769615816251,1769615816252,1769615816252,1769615816252,1769615816252,300,5000,ok
93a4336a-605b-4adc-bf9f-ab4528956a29,esp32-03,telemetry,1769615816035,1769615816251,1769615816253,1769615816253,1769615816253,1769615816253,300,5000,ok
9df90a9e-f06e-4f11-84bd-d5ae9d2e2e0c,esp32-01,telemetry,1769615816056,1769615816251,1769615816253,1769615816253,1769615816253,1769615816253,300,5000,ok
4f5e9468-0b1b-46e5-9394-5f6bc669653f,esp32-03,telemetry,1769615816966,1769615817189,1769615817189,1769615817189,1769615817189,1769615817189,300,5000,ok
48290464-28cf-4a0d-b8ea-7dc827306ec9,esp32-01,telemetry,1769615816986,1769615817189,1769615817190,1769615817190,1769615817190,1769615817190,300,5000,ok
16083734-478e-4185-b561-88cbf18a6ab8,esp32-02,telemetry,1769615817006,1769615817299,1769615817299,1769615817299,1769615817299,1769615817299,300,5000,ok
c054c5cc-0de8-4004-a96d-005ac4c369e3,esp32-03,telemetry,1769615817027,1769615817299,1769615817300,1769615817300,1769615817300,1769615817300,300,5000,ok
83af88ae-922c-4021-a869-6d3de11bc741,esp32-01,telemetry,1769615817047,1769615817299,1769615817300,1769615817300,1769615817300,1769615817300,300,5000,ok
279a62f8-5c60-4bdc-b997-4fc57832f937,esp32-02,telemetry,1769615817066,1769615817299,1769615817301,1769615817301,1769615817301,1769615817301,300,5000,ok
371e0a7e-b34c-4b16-8096-176ad7cc0537,esp32-03,telemetry,1769615817087,1769615817299,1769615817301,1769615817301,1769615817301,1769615817301,300,5000,ok
0c2d141a-9a8c-4a70-a539-8a77ead4d7e6,esp32-01,telemetry,1769615817107,1769615817300,1769615817302,1769615817302,1769615817302,1769615817302,300,5000,ok
bb5ea892-c22c-4cd6-b65c-d16c079aac97,esp32-02,telemetry,1769615817127,1769615817338,1769615817338,1769615817338,1769615817338,1769615817338,300,5000,ok
5b7633a5-9c37-4484-b7db-15dcc5e0d523,esp32-03,telemetry,1769615817146,1769615817382,1769615817383,1769615817383,1769615817383,1769615817383,300,5000,ok
a3bb20e8-ba1b-42ef-939a-e717c9bc3e56,esp32-02,telemetry,1769615817911,1769615818192,1769615818193,1769615818193,1769615818193,1769615818193,300,5000,ok
11d3d8fd-bdf2-4fd4-8e45-b0c939ef6847,esp32-03,telemetry,1769615817932,1769615818193,1769615818193,1769615818193,1769615818193,1769615818193,300,5000,ok
eaca51df-deaa-4ec1-8cd7-594ef8f21c78,esp32-01,telemetry,1769615817952,1769615818193,1769615818194,1769615818194,1769615818194,1769615818194,300,5000,ok
7a5b2ab8-c788-4a90-8038-d6a32bbc10ce,esp32-02,telemetry,1769615817973,1769615818193,1769615818194,1769615818194,1769615818194,1769615818194,300,5000,ok
f12fdc12-a7ea-47dc-9b37-cd648e0e2f8c,esp32-03,telemetry,1769615817994,1769615818193,1769615818194,1769615818194,1769615818194,1769615818194,300,5000,ok
7bb1955d-4bc9-4dfc-9fd3-213e621a20da,esp32-01,telemetry,1769615818014,1769615818215,1769615818215,1769615818215,1769615818215,1769615818215,300,5000,ok
2a76aac9-6fe8-4f7f-b401-21e1c9d1e010,esp32-02,telemetry,1769615818034,1769615818274,1769615818274,1769615818274,1769615818274,1769615818274,300,5000,ok
a92ae875-ddbd-48b5-98fa-f53851b9ee19,esp32-03,telemetry,1769615818054,1769615818274,1769615818275,1769615818275,1769615818275,1769615818275,300,5000,ok
59bbf32a-ddda-43bc-88b6-adee2cc3061f,esp32-01,telemetry,1769615818073,1769615818274,1769615818275,1769615818275,1769615818275,1769615818275,300,5000,ok
dd4b2eaa-f2cd-4de6-b568-e3e826e0b175,esp32-02,telemetry,1769615818093,1769615818379,1769615818379,1769615818379,1769615818379,1769615818379,300,5000,ok
55e6d5df-33fc-4e57-a677-00ae1a2da69a,esp32-03,telemetry,1769615818963,1769615819206,1769615819206,1769615819206,1769615819206,1769615819206,300,5000,ok
e17a0a2d-d14b-4526-b0ca-885f8595ae69,esp32-01,telemetry,1769615818982,1769615819206,1769615819206,1769615819206,1769615819206,1769615819206,300,5000,ok
9ba681e0-91d4-42ff-94ba-b4d0496bedee,esp32-02,telemetry,1769615819002,1769615819206,1769615819207,1769615819207,1769615819207,1769615819207,300,5000,ok
0fc11e27-5a20-484a-b72e-d3c40d4f3aea,esp32-03,telemetry,1769615819023,1769615819310,1769615819310,1769615819310,1769615819310,1769615819310,300,5000,ok
b13913ae-4ff3-4e12-90d9-c4ac45123300,esp32-01,telemetry,1769615819044,1769615819310,1769615819311,1769615819311,1769615819311,1769615819311,300,5000,ok
c4252074-ee6a-4a4f-b111-1d48696fde57,esp32-02,telemetry,1769615819064,1769615819310,1769615819311,1769615819311,1769615819311,1769615819311,300,5000,ok
d725e8bf-01a1-4295-9f9c-3dc99f82fd16,esp32-03,telemetry,1769615819084,1769615819310,1769615819312,1769615819312,1769615819312,1769615819312,300,5000,ok
8e9ff2fe-3276-4a49-a969-5f48384db333,esp32-01,telemetry,1769615819104,1769615819311,1769615819312,1769615819312,1769615819312,1769615819312,300,5000,ok
57598040-8ddb-49a6-b0f9-f1d044e005a1,esp32-02,telemetry,1769615819124,1769615819331,1769615819331,1769615819331,1769615819331,1769615819331,300,5000,ok
ab38634b-a063-46d2-bafa-99801ec281c0,esp32-03,telemetry,1769615819143,1769615819392,1769615819392,1769615819392,1769615819392,1769615819392,300,5000,ok
f11a278d-c5c8-4a2b-9182-ef8818c72bb6,esp32-02,telemetry,1769615819969,1769615820246,1769615820247,1769615820247,1769615820247,1769615820247,300,5000,ok
a52ce599-e0bb-4b18-b45e-34ed64a26d96,esp32-03,telemetry,1769615819990,1769615820247,1769615820247,1769615820247,1769615820247,1769615820247,300,5000,ok
57ec3ece-8c01-452a-a295-a121245cd972,esp32-01,telemetry,1769615820010,1769615820247,1769615820247,1769615820248,1769615820248,1769615820248,300,5000,ok
f828aa0b-9d8f-408f-899f-71fbe292722a,esp32-02,telemetry,1769615820030,1769615820247,1769615820248,1769615820248,1769615820248,1769615820248,300,5000,ok
b99c5f52-9423-4dce-bff6-596b969066a1,esp32-03,telemetry,1769615820049,1769615820247,1769615820248,1769615820248,1769615820248,1769615820248,300,5000,ok
55f086c7-15a6-4eb9-ac08-b4b4d83f3852,esp32-01,telemetry,1769615820069,1769615820262,1769615820262,1769615820262,1769615820262,1769615820262,300,5000,ok
9083a0ab-192a-47ce-b0b2-3135946871d8,esp32-02,telemetry,1769615820089,1769615820326,1769615820326,1769615820326,1769615820326,1769615820326,300,5000,ok
500acba6-3d97-47e8-ad66-1e7ff332a3a7,esp32-03,telemetry,1769615820110,1769615820326,1769615820326,1769615820326,1769615820326,1769615820326,300,5000,ok
9a224064-5591-4ad4-96a6-a869f095fa8b,esp32-01,telemetry,1769615820129,1769615820326,1769615820327,1769615820327,1769615820327,1769615820327,300,5000,ok
00d1582d-5a9e-4896-97e9-3df7814084dc,esp32-02,telemetry,1769615820150,1769615820434,1769615820434,1769615820434,1769615820434,1769615820434,300,5000,ok
1ec2d1dd-be9c-4b73-94d5-3da04b5baeea,esp32-02,telemetry,1769615821000,1769615821261,1769615821261,1769615821261,1769615821261,1769615821261,300,5000,ok
64c54564-cf42-4c77-b86e-d42065585890,esp32-02,alarm,1769615820991,1769615821261,1769615821262,1769615821262,1769615821262,1769615821262,150,10000,alarm_type
4bcf127b-2010-41b2-8043-6faef073e9db,esp32-03,telemetry,1769615821019,1769615821262,1769615821262,1769615821262,1769615821263,1769615821263,300,5000,ok
c41320ce-e87d-4c07-a5f7-3624e7d520a1,esp32-01,telemetry,1769615821039,1769615821262,1769615821263,1769615821263,1769615821263,1769615821263,300,5000,ok
c30d562d-5d2a-4629-a9bc-bd492028a05e,esp32-02,telemetry,1769615821060,1769615821262,1769615821263,1769615821263,1769615821263,1769615821263,300,5000,ok
7a0430e7-32f0-4fcc-9e5c-c17965a26bf7,esp32-03,telemetry,1769615821079,1769615821365,1769615821365,1769615821365,1769615821365,1769615821365,300,5000,ok
fa7e0825-90b5-4d97-8c68-26352be9d1da,esp32-01,telemetry,1769615821100,1769615821365,1769615821365,1769615821365,1769615821365,1769615821365,300,5000,ok
2684a936-b83b-43d2-a4b8-60b1d567247d,esp32-02,telemetry,1769615821121,1769615821365,1769615821366,1769615821366,1769615821366,1769615821366,300,5000,ok
030d1d3b-015a-4e4c-81c1-6f466b0f9e06,esp32-03,telemetry,1769615821141,1769615821365,1769615821366,1769615821366,1769615821366,1769615821366,300,5000,ok
a744130f-992d-4696-8517-bee2b1ffef5f,esp32-01,telemetry,1769615821161,1769615821365,1769615821367,1769615821367,1769615821367,1769615821367,300,5000,ok
27743cde-5671-4c28-b846-5327935b4516,esp32-01,telemetry,1769615822010,1769615822300,1769615822300,1769615822300,1769615822300,1769615822300,300,5000,ok
b1ef39ad-544a-4315-9281-03e34a0df678,esp32-02,telemetry,1769615822030,1769615822300,1769615822301,1769615822301,1769615822301,1769615822301,300,5000,ok
0dfcd998-ff89-4df5-9df4-9ac78bdd5a3a,esp32-03,telemetry,1769615822051,1769615822300,1769615822302,1769615822302,1769615822302,1769615822302,300,5000,ok
30df9c72-91c7-4d8d-a168-f769592c66c9,esp32-01,telemetry,1769615822070,1769615822301,1769615822302,1769615822302,1769615822302,1769615822302,300,5000,ok
98c94f62-e0f9-40fb-ba57-e380eeb4c3be,esp32-02,telemetry,1769615822091,1769615822301,1769615822302,1769615822302,1769615822302,1769615822302,300,5000,ok
f4c60b97-8c74-4e8f-996a-8f33423df49e,esp32-03,telemetry,1769615822110,1769615822301,1769615822303,1769615822303,1769615822303,1769615822303,300,5000,ok
3e6346bd-8990-4526-bcd3-b4ef288660e9,esp32-01,telemetry,1769615822132,1769615822346,1769615822346,1769615822346,1769615822346,1769615822346,300,5000,ok
6b39427f-df43-46bc-9b38-c45fc53571ac,esp32-02,telemetry,1769615822151,1769615822346,1769615822347,1769615822347,1769615822347,1769615822347,300,5000,ok
8b0d7c33-f9c0-45e5-9980-19d3d31d4ffe,esp32-03,telemetry,1769615822171,1769615822378,1769615822378,1769615822378,1769615822378,1769615822378,300,5000,ok
30453d4a-85f4-4464-a3a6-d63c5c42e6aa,esp32-01,telemetry,1769615822192,1769615822483,1769615822483,1769615822483,1769615822483,1769615822483,300,5000,ok
fb0f581f-b3d4-442e-b339-a5c7daba3321,esp32-01,telemetry,1769615823102,1769615823311,1769615823311,1769615823311,1769615823311,1769615823311,300,5000,ok
df35e820-4271-42ea-b478-208eb1cef590,esp32-02,telemetry,1769615823122,1769615823416,1769615823416,1769615823416,1769615823416,1769615823416,300,5000,ok
3cdbbcca-dafb-4c25-9208-25f599d4bd8e,esp32-03,telemetry,1769615823142,1769615823416,1769615823417,1769615823417,1769615823417,1769615823417,300,5000,ok
5e636041-6bfe-4d3f-98b2-29c9461b03c9,esp32-01,telemetry,1769615823163,1769615823417,1769615823418,1769615823418,1769615823418,1769615823418,300,5000,ok
eac4251f-d427-4ce9-8d58-fc055137c18a,esp32-02,telemetry,1769615823183,1769615823417,1769615823419,1769615823419,1769615823419,1769615823419,300,5000,ok
857c737c-859e-4ea3-bfe0-e6f252137a26,esp32-03,telemetry,1769615823203,1769615823417,1769615823419,1769615823419,1769615823419,1769615823419,300,5000,ok
e044ecc6-4307-4d09-9009-a64c98c613fd,esp32-01,telemetry,1769615823224,1769615823417,1769615823420,1769615823420,1769615823420,1769615823420,300,5000,ok
1bad5e9a-2d4f-497a-94c1-1c5f0dc80491,esp32-02,telemetry,1769615823243,1769615823465,1769615823466,1769615823466,1769615823466,1769615823466,300,5000,ok
4be797a6-c658-43e3-94ce-9a95ce752a4b,esp32-03,telemetry,1769615823264,1769615823466,1769615823466,1769615823466,1769615823466,1769615823466,300,5000,ok
037f6d18-9f31-4372-bdc1-e271b69f0502,esp32-01,telemetry,1769615823285,1769615823496,1769615823497,1769615823497,1769615823497,1769615823497,300,5000,ok
fa95dcf0-8657-4aff-ab2e-d2f1ccdb3d2a,esp32-02,telemetry,1769615824041,1769615824315,1769615824315,1769615824315,1769615824315,1769615824315,300,5000,ok
86cd1861-e5dc-4fbf-96ac-806a70b92176,esp32-03,telemetry,1769615824061,1769615824315,1769615824316,1769615824316,1769615824316,1769615824316,300,5000,ok
34bc4629-a4c1-471d-8a7e-ee9394378aa2,esp32-01,telemetry,1769615824081,1769615824315,1769615824316,1769615824316,1769615824316,1769615824316,300,5000,ok
1170d43f-5fd8-4583-852c-1b1693208034,esp32-02,telemetry,1769615824102,1769615824315,1769615824316,1769615824316,1769615824316,1769615824316,300,5000,ok
16d76271-0202-4e46-b3ef-964a778c8608,esp32-03,telemetry,1769615824122,1769615824315,1769615824317,1769615824317,1769615824317,1769615824317,300,5000,ok
8038386e-cfc4-4483-bb34-199a1035fe1a,esp32-01,telemetry,1769615824143,1769615824406,1769615824406,1769615824406,1769615824406,1769615824406,300,5000,ok
84895b1b-0cb0-412f-8d0b-4cbffe853a43,esp32-02,telemetry,1769615824162,1769615824406,1769615824407,1769615824407,1769615824407,1769615824407,300,5000,ok
1449d5c4-11ec-4bdf-bd81-3f5cd6b1a8fd,esp32-03,telemetry,1769615824182,1769615824406,1769615824407,1769615824407,1769615824407,1769615824407,300,5000,ok
c3cb12b3-dd8e-4ebe-b50e-f143508061a5,esp32-01,telemetry,1769615824202,1769615824406,1769615824408,1769615824408,1769615824408,1769615824408,300,5000,ok
8d032c26-21e1-4203-af17-31fbc6ea3421,esp32-02,telemetry,1769615824223,1769615824502,1769615824502,1769615824502,1769615824502,1769615824502,300,5000,ok
f164034a-3fe6-4ef1-8629-4c78f1cc69a7,esp32-03,telemetry,1769615825089,1769615825364,1769615825364,1769615825364,1769615825364,1769615825364,300,5000,ok
b822f57e-6d01-4392-9958-f364d378cc04,esp32-01,telemetry,1769615825109,1769615825365,1769615825365,1769615825365,1769615825365,1769615825365,300,5000,ok
82f98b5e-5e36-4665-a6fe-e0a2f5fe95fb,esp32-02,telemetry,1769615825128,1769615825365,1769615825366,1769615825366,1769615825366,1769615825366,300,5000,ok
1ade6c73-8748-43fa-8533-68bcfb8f7583,esp32-03,telemetry,1769615825149,1769615825365,1769615825366,1769615825366,1769615825366,1769615825366,300,5000,ok
dbed6a0a-9d07-45ad-91ab-c246c3555f93,esp32-01,telemetry,1769615825169,1769615825365,1769615825366,1769615825366,1769615825366,1769615825366,300,5000,ok
519f0d31-4b9d-4e60-a43e-008ae70d01cb,esp32-02,telemetry,1769615825190,1769615825446,1769615825446,1769615825446,1769615825446,1769615825446,300,5000,ok
d79a7898-1f3f-40c0-899c-4c74d40e3464,esp32-03,telemetry,1769615825209,1769615825446,1769615825447,1769615825447,1769615825447,1769615825447,300,5000,ok
4ff085b9-1178-4f83-922f-1482dc2df09c,esp32-01,telemetry,1769615825229,1769615825446,1769615825447,1769615825447,1769615825447,1769615825447,300,5000,ok
e0c19f40-dea7-438c-8df8-c3f0356948fe,esp32-02,telemetry,1769615825250,1769615825446,1769615825447,1769615825447,1769615825447,1769615825447,300,5000,ok
cd5e923d-d4a9-4e25-922c-f793b1dd2d11,esp32-03,telemetry,1769615825271,1769615825551,1769615825551,1769615825551,1769615825551,1769615825551,300,5000,ok
11b37931-603f-407b-a247-94f3a7e738ec,esp32-03,telemetry,1769615826117,1769615826378,1769615826378,1769615826378,1769615826378,1769615826378,300,5000,ok
03dcf434-4d74-406d-bd91-f4772afee183,esp32-01,telemetry,1769615826138,1769615826379,1769615826379,1769615826379,1769615826379,1769615826379,300,5000,ok
4bd0b545-d950-4599-98ae-b44efa8f83e8,esp32-02,telemetry,1769615826157,1769615826379,1769615826380,1769615826380,1769615826380,1769615826380,300,5000,ok
e08e636e-c3b9-47a3-b29f-d3f4c2550dc8,esp32-03,telemetry,1769615826178,1769615826379,1769615826380,1769615826380,1769615826380,1769615826380,300,5000,ok
31096b78-63bb-45ee-b0c0-a96daa654d2e,esp32-01,telemetry,1769615826198,1769615826488,1769615826488,1769615826488,1769615826488,1769615826488,300,5000,ok
bbab8a2a-f6ff-4e71-a80b-02c93db3b012,esp32-02,telemetry,1769615826217,1769615826488,1769615826488,1769615826488,1769615826488,1769615826488,300,5000,ok
d5e60ab7-5817-4df3-b2f1-a2bb9e60ae5a,esp32-03,telemetry,1769615826238,1769615826488,1769615826489,1769615826489,1769615826489,1769615826489,300,5000,ok
dd7e4e0f-2507-4243-b9ba-34afe575cfe0,esp32-01,telemetry,1769615826257,1769615826488,1769615826490,1769615826490,1769615826490,1769615826490,300,5000,ok
0893b70d-af16-4699-b91b-c7dd3ac8c349,esp32-02,telemetry,1769615826277,1769615826488,1769615826491,1769615826491,1769615826491,1769615826491,300,5000,ok
b5972b95-ba5b-4a63-a7a1-3259650f2cb1,esp32-03,telemetry,1769615826298,1769615826488,1769615826491,1769615826491,1769615826491,1769615826491,300,5000,ok
f1e74414-e761-449f-9ebd-307d5a295b85,esp32-01,telemetry,1769615827102,1769615827393,1769615827393,1769615827393,1769615827393,1769615827393,300,5000,ok
61e2194b-93ca-4708-97e9-846f7cd9f007,esp32-02,telemetry,1769615827123,1769615827393,1769615827394,1769615827394,1769615827394,1769615827394,300,5000,ok
695d02e0-295f-4bac-921a-80efa87346ee,esp32-03,telemetry,1769615827143,1769615827393,1769615827394,1769615827394,1769615827394,1769615827394,300,5000,ok
3d2be286-ebed-4347-b0bb-ff794e8488eb,esp32-01,telemetry,1769615827163,1769615827393,1769615827395,1769615827395,1769615827395,1769615827395,300,5000,ok
2bc00e48-9105-4841-b40e-fe8d6cd2a9c2,esp32-02,telemetry,1769615827183,1769615827393,1769615827395,1769615827395,1769615827395,1769615827395,300,5000,ok
9f0317bf-cab9-4024-b9d3-1711047be7eb,esp32-03,telemetry,1769615827203,1769615827394,1769615827395,1769615827395,1769615827395,1769615827395,300,5000,ok
6abad4d5-6ffa-44e1-ba7a-2d9225ef2557,esp32-01,telemetry,1769615827224,1769615827458,1769615827458,1769615827458,1769615827458,1769615827458,300,5000,ok
a56f2982-966f-4155-8c08-d90ce82b42d0,esp32-02,telemetry,1769615827243,1769615827459,1769615827459,1769615827459,1769615827459,1769615827459,300,5000,ok
7106da9e-d3fb-4ea8-aa4b-3a325e36f18e,esp32-03,telemetry,1769615827264,1769615827459,1769615827459,1769615827459,1769615827459,1769615827459,300,5000,ok
fd7bbe1b-9854-490b-9b35-507a48143ee1,esp32-01,telemetry,1769615827283,1769615827576,1769615827576,1769615827576,1769615827576,1769615827576,300,5000,ok
d350bd89-17b5-4bb7-9933-4f813fa7d8f1,esp32-01,telemetry,1769615828190,1769615828492,1769615828492,1769615828492,1769615828492,1769615828492,300,5000,ok
7927b1cc-d4c4-4975-a735-7da96cf32bf7,esp32-02,telemetry,1769615828210,1769615828492,1769615828492,1769615828492,1769615828492,1769615828492,300,5000,ok
f4bcc20d-3fe7-4fe9-b3cf-3b147111db12,esp32-03,telemetry,1769615828230,1769615828492,1769615828493,1769615828493,1769615828493,1769615828493,300,5000,ok
8f82f1ea-6b4b-42dc-b168-5963074f84ba,esp32-01,telemetry,1769615828250,1769615828492,1769615828493,1769615828493,1769615828493,1769615828493,300,5000,ok
82d04e92-3207-4d74-b38b-7c778918c547,esp32-02,telemetry,1769615828270,1769615828492,1769615828493,1769615828493,1769615828493,1769615828493,300,5000,ok
ade9a7f4-43e4-45ac-bdf3-1ed3e5e4bcd2,esp32-03,telemetry,1769615828290,1769615828492,1769615828494,1769615828494,1769615828494,1769615828494,300,5000,ok
587e23af-05e1-4675-bf5e-d2a3167ec5d6,esp32-01,telemetry,1769615828310,1769615829320,1769615829320,1769615829320,1769615829320,1769615829320,300,5000,ok
2489c67a-c78a-4992-810a-e8437b2cd8c2,esp32-02,telemetry,1769615828330,1769615829320,1769615829321,1769615829321,1769615829321,1769615829321,300,5000,ok
d4220d07-33a4-4c61-b0f7-4b948d0be641,esp32-03,telemetry,1769615828350,1769615829320,1769615829321,1769615829321,1769615829321,1769615829321,300,5000,ok
63728567-c7a6-4e6d-8194-44d5e5b01923,esp32-01,telemetry,1769615828371,1769615829320,1769615829321,1769615829321,1769615829321,1769615829321,300,5000,ok
4b7a29a5-13b9-4ee6-a7a0-b52da3f85fe1,esp32-01,telemetry,1769615829224,1769615829507,1769615829507,1769615829507,1769615829507,1769615829507,300,5000,ok
84626e73-a80c-40b9-bcd1-7689e6051933,esp32-02,telemetry,1769615829245,1769615829508,1769615829508,1769615829508,1769615829508,1769615829508,300,5000,ok
3b8c3824-6c9a-4e21-a841-5da970f06f3f,esp32-03,telemetry,1769615829265,1769615829508,1769615829508,1769615829508,1769615829508,1769615829508,300,5000,ok
b4a22a84-9ff8-4b2e-b830-7e3228bdc32b,esp32-01,telemetry,1769615829285,1769615829508,1769615829509,1769615829509,1769615829509,1769615829509,300,5000,ok
fcf07361-9e16-4de3-ac41-a70ef7383cc3,esp32-02,telemetry,1769615829305,1769615829581,1769615829581,1769615829581,1769615829581,1769615829581,300,5000,ok
c8556f9c-9de4-4875-aec9-b4587de14417,esp32-03,telemetry,1769615829325,1769615829581,1769615829582,1769615829582,1769615829582,1769615829582,300,5000,ok
2bd42d8f-60fe-4ef0-88f5-4d6dedc6ea61,esp32-01,telemetry,1769615829344,1769615829581,1769615829582,1769615829582,1769615829582,1769615829582,300,5000,ok
99fc953a-8838-48ba-9d53-dbf29ea34ed6,esp32-02,telemetry,1769615829365,1769615829581,1769615829583,1769615829583,1769615829583,1769615829583,300,5000,ok
cf00c9d1-c1b2-4e01-8baf-9ad5d59e0022,esp32-03,telemetry,1769615829384,1769615829582,1769615829583,1769615829583,1769615829583,1769615829583,300,5000,ok
13c0bda8-0d64-4791-bba2-be0cc3ca9220,esp32-01,telemetry,1769615829405,1769615829670,1769615829670,1769615829670,1769615829670,1769615829670,300,5000,ok
770c8fbd-32e6-4bea-82a2-7a8588297905,esp32-03,telemetry,1769615830232,1769615830519,1769615830519,1769615830519,1769615830519,1769615830519,300,5000,ok
d377dd0e-32a0-4cf4-bd33-32eeef4f212b,esp32-01,telemetry,1769615830253,1769615830520,1769615830520,1769615830520,1769615830520,1769615830520,300,5000,ok
f2f771ad-6dad-4d88-8a62-1fbc5b95dda6,esp32-02,telemetry,1769615830274,1769615830520,1769615830521,1769615830521,1769615830521,1769615830521,300,5000,ok
1a6096e3-f915-4172-8e58-9b77acf208f1,esp32-03,telemetry,1769615830294,1769615830520,1769615830521,1769615830521,1769615830521,1769615830521,300,5000,ok
0f0d0e39-b018-4429-af4f-befb7c3eb7b3,esp32-01,telemetry,1769615830313,1769615830520,1769615830522,1769615830522,1769615830522,1769615830522,300,5000,ok
2e90d479-bba7-48de-8ae2-46f62f00abe4,esp32-02,telemetry,1769615830333,1769615830608,1769615830608,1769615830608,1769615830608,1769615830608,300,5000,ok
047df749-edf0-4551-9270-88c05d6d64fa,esp32-03,telemetry,1769615830354,1769615830608,1769615830609,1769615830609,1769615830609,1769615830609,300,5000,ok
0998e2ff-40ef-47d0-a434-6bd531c0ae7a,esp32-01,telemetry,1769615830374,1769615830608,1769615830609,1769615830609,1769615830609,1769615830609,300,5000,ok
d5aa6cb8-1efa-497f-a5cb-34d8d3676da6,esp32-02,telemetry,1769615830394,1769615830608,1769615830609,1769615830609,1769615830609,1769615830609,300,5000,ok
ff40d000-4a8e-4cc8-85a4-ff56db2d9a92,esp32-03,telemetry,1769615830414,1769615830608,1769615830610,1769615830610,1769615830610,1769615830610,300,5000,ok
98e585d6-e1f0-4a2f-9579-3bd05611e0bf,esp32-03,telemetry,1769615831258,1769615831522,1769615831523,1769615831523,1769615831523,1769615831523,300,5000,ok
699a1ffd-296f-4b57-aacc-c3ac1258effa,esp32-01,telemetry,1769615831279,1769615831527,1769615831527,1769615831527,1769615831527,1769615831527,300,5000,ok
115a3689-b9b3-48b4-b7b6-2acae0ad08e9,esp32-02,telemetry,1769615831300,1769615831527,1769615831528,1769615831528,1769615831528,1769615831528,300,5000,ok
8d1c4f01-fb66-48b5-9661-32c5114474b4,esp32-03,telemetry,1769615831320,1769615831528,1769615831528,1769615831528,1769615831528,1769615831528,300,5000,ok
e05ad43b-e0f1-48ed-9d2d-2f5568408ef7,esp32-01,telemetry,1769615831340,1769615831575,1769615831575,1769615831575,1769615831575,1769615831575,300,5000,ok
c22e98b2-74a8-4d85-acaf-15bd41b669d4,esp32-02,telemetry,1769615831360,1769615831575,1769615831575,1769615831575,1769615831575,1769615831576,300,5000,ok
82df98c2-65bb-41f7-9990-e41fecc39ffe,esp32-03,telemetry,1769615831381,1769615831575,1769615831576,1769615831576,1769615831576,1769615831576,300,5000,ok
f5e18180-6fab-4de8-88df-51e81a11796b,esp32-01,telemetry,1769615831401,1769615831644,1769615831644,1769615831644,1769615831644,1769615831644,300,5000,ok
7f0dda3f-a233-4b0b-b09c-be6fe5bf0f43,esp32-02,telemetry,1769615831421,1769615831644,1769615831645,1769615831645,1769615831645,1769615831645,300,5000,ok
feb2a26c-907d-446f-a6e7-59f933ce37f7,esp32-03,telemetry,1769615831441,1769615831716,1769615831716,1769615831716,1769615831716,1769615831716,300,5000,ok
ac4eb011-5683-4322-8eaf-d6f6ebe66fee,esp32-02,telemetry,1769615832281,1769615832571,1769615832571,1769615832571,1769615832571,1769615832571,300,5000,ok
6d5aefb6-81c7-431d-91b5-d701fbd424d7,esp32-03,telemetry,1769615832301,1769615832571,1769615832572,1769615832572,1769615832572,1769615832572,300,5000,ok
8924b820-17c8-414c-8f7d-f4d7fa02533c,esp32-01,telemetry,1769615832321,1769615832571,1769615832572,1769615832572,1769615832572,1769615832572,300,5000,ok
d6dcc264-36b4-49fd-adc5-6fa115ce2787,esp32-02,telemetry,1769615832341,1769615832571,1769615832573,1769615832573,1769615832573,1769615832573,300,5000,ok
2dd02194-de0d-4d2c-a9ca-19b2b0f52926,esp32-03,telemetry,1769615832361,1769615832571,1769615832573,1769615832573,1769615832573,1769615832573,300,5000,ok
b205b503-9c5f-4860-8f44-dfb281435e77,esp32-01,telemetry,1769615832381,1769615832572,1769615832573,1769615832573,1769615832573,1769615832573,300,5000,ok
48e0fb70-8057-46e5-b69e-e80b3ad3af73,esp32-02,telemetry,1769615832400,1769615832655,1769615832655,1769615832655,1769615832655,1769615832655,300,5000,ok
08fb51a7-efad-48c6-a8bf-8bf2bfba91ea,esp32-03,telemetry,1769615832421,1769615832655,1769615832655,1769615832655,1769615832655,1769615832655,300,5000,ok
9c9e89fb-df5a-444d-aaac-138e654be2ae,esp32-01,telemetry,1769615832442,1769615832655,1769615832656,1769615832656,1769615832656,1769615832656,300,5000,ok
15e300c0-a99c-4b8e-9d51-864bb8c8ac9f,esp32-02,telemetry,1769615832463,1769615832655,1769615832656,1769615832656,1769615832656,1769615832656,300,5000,ok
637f4e2a-b590-4d2b-b938-71a37fd84b75,esp32-01,telemetry,1769615833344,1769615833604,1769615833604,1769615833604,1769615833604,1769615833604,300,5000,ok
4620eba4-2843-480f-8b72-771757af3f46,esp32-02,telemetry,1769615833364,1769615833605,1769615833605,1769615833605,1769615833605,1769615833605,300,5000,ok
77d66155-99b4-4fe0-8ff8-f3b0d9a0589e,esp32-03,telemetry,1769615833385,1769615833605,1769615833605,1769615833605,1769615833605,1769615833605,300,5000,ok
ab32bd93-6430-4fb8-a453-d4f98c4526b9,esp32-01,telemetry,1769615833404,1769615833605,1769615833606,1769615833606,1769615833606,1769615833606,300,5000,ok
27e51aa9-4b71-44fc-bf7b-c4efc9f8087a,esp32-02,telemetry,1769615833425,1769615833705,1769615833705,1769615833705,1769615833705,1769615833705,300,5000,ok
09c31637-ed45-4ca3-ae88-a1a2a2edba56,esp32-03,telemetry,1769615833445,1769615833705,1769615833705,1769615833705,1769615833705,1769615833705,300,5000,ok
04197116-d4ac-4adf-9dec-0d2f01bfd67e,esp32-01,telemetry,1769615833465,1769615833705,1769615833706,1769615833706,1769615833706,1769615833706,300,5000,ok
79193e8a-d6fa-4e60-a1b6-49758c5cd2b6,esp32-02,telemetry,1769615833485,1769615833705,1769615833706,1769615833706,1769615833706,1769615833706,300,5000,ok
0c3e2c81-bbfd-4ee7-b75e-1fbeacc53025,esp32-03,telemetry,1769615833506,1769615833705,1769615833706,1769615833706,1769615833706,1769615833706,300,5000,ok
178e5d4b-c7a0-43a7-bf1e-20346dd2d625,esp32-01,telemetry,1769615833525,1769615833792,1769615833792,1769615833792,1769615833792,1769615833792,300,5000,ok
61749bac-83e6-4e81-a40e-6d88e76cbe1b,esp32-03,telemetry,1769615834352,1769615834637,1769615834637,1769615834637,1769615834637,1769615834637,300,5000,ok
ece1cb94-e4da-413c-8794-6690a6a410ba,esp32-01,telemetry,1769615834373,1769615834638,1769615834638,1769615834638,1769615834638,1769615834638,300,5000,ok
2469f39b-b64f-4a78-8809-dcfad3eed2f7,esp32-02,telemetry,1769615834393,1769615834638,1769615834638,1769615834638,1769615834638,1769615834638,300,5000,ok
38056bc3-e222-458b-a844-a491e6e88f36,esp32-03,telemetry,1769615834413,1769615834638,1769615834639,1769615834639,1769615834639,1769615834639,300,5000,ok
0a4bb2a6-2664-44ca-924b-683e3b66fb37,esp32-01,telemetry,1769615834433,1769615834638,1769615834639,1769615834639,1769615834639,1769615834639,300,5000,ok
4e927f0e-0d9e-40ae-86b3-fbe4772a833b,esp32-02,telemetry,1769615834453,1769615834729,1769615834729,1769615834729,1769615834729,1769615834729,300,5000,ok
3ec9cb18-9dcc-4450-bac8-0e652658ccd7,esp32-03,telemetry,1769615834474,1769615834729,1769615834730,1769615834730,1769615834730,1769615834730,300,5000,ok
4ad7678c-6fca-42c3-9a3e-f3bd47c6a493,esp32-01,telemetry,1769615834493,1769615834730,1769615834730,1769615834730,1769615834730,1769615834730,300,5000,ok
1c65aff1-6669-4a49-82a6-af48fee83e45,esp32-02,telemetry,1769615834514,1769615834730,1769615834731,1769615834731,1769615834731,1769615834731,300,5000,ok
883e53ca-3034-4c32-8b0e-6130dd2f3108,esp32-03,telemetry,1769615834534,1769615834730,1769615834731,1769615834731,1769615834731,1769615834731,300,5000,ok
18d64b0a-169c-4bb7-b118-d051bd15bbf0,esp32-03,telemetry,1769615835400,1769615835671,1769615835671,1769615835671,1769615835671,1769615835671,300,5000,ok
590fdf5b-571f-43d3-a3bb-1189fc039d16,esp32-01,telemetry,1769615835420,1769615835671,1769615835671,1769615835671,1769615835671,1769615835671,300,5000,ok
905084b2-5237-48e5-a746-8a0bf784a542,esp32-02,telemetry,1769615835440,1769615835671,1769615835672,1769615835672,1769615835672,1769615835672,300,5000,ok
90fdd0d6-8f03-443a-a322-118e8395ea5d,esp32-03,telemetry,1769615835459,1769615835671,1769615835672,1769615835672,1769615835672,1769615835672,300,5000,ok
7c3f68a2-f54d-4ad9-9344-ab5f63cb94c7,esp32-01,telemetry,1769615835480,1769615835671,1769615835673,1769615835673,1769615835673,1769615835673,300,5000,ok
4da8873a-5e48-4252-8c94-1931d85e6253,esp32-02,telemetry,1769615835500,1769615835770,1769615835771,1769615835771,1769615835771,1769615835771,300,5000,ok
f7101571-36aa-4149-b905-4b450f8b2ba8,esp32-03,telemetry,1769615835520,1769615835771,1769615835771,1769615835771,1769615835771,1769615835771,300,5000,ok
4f6a7287-0ffa-40e9-b678-f9863d2df390,esp32-01,telemetry,1769615835540,1769615835771,1769615835772,1769615835772,1769615835772,1769615835772,300,5000,ok
f660f223-8968-4675-aa21-e96f9bf3a251,esp32-02,telemetry,1769615835560,1769615835771,1769615835772,1769615835772,1769615835772,1769615835772,300,5000,ok
f5a290d4-35ed-4edc-856b-f4130bf58d65,esp32-03,telemetry,1769615835581,1769615835771,1769615835772,1769615835772,1769615835772,1769615835772,300,5000,ok
59bfd62b-f7b2-4787-99bd-3ae0c5428992,esp32-03,telemetry,1769615836427,1769615836726,1769615836726,1769615836726,1769615836726,1769615836726,300,5000,ok
f7a73748-e965-4572-9cbc-6f89682c8fe5,esp32-01,telemetry,1769615836447,1769615836726,1769615836727,1769615836727,1769615836727,1769615836727,300,5000,ok
f49c0049-d558-4fd8-93c1-a7c536cece7b,esp32-02,telemetry,1769615836467,1769615836726,1769615836727,1769615836727,1769615836727,1769615836727,300,5000,ok
380101c8-b7ba-46a2-a367-1ad20d717a4c,esp32-03,telemetry,1769615836488,1769615836726,1769615836727,1769615836727,1769615836727,1769615836727,300,5000,ok
46aeb90d-a86a-4a16-b5c4-a512fa5bf16e,esp32-01,telemetry,1769615836508,1769615836726,1769615836728,1769615836728,1769615836728,1769615836728,300,5000,ok
7f40caaa-e725-4b28-9f5c-c5a3b0628d55,esp32-02,telemetry,1769615836529,1769615836727,1769615836728,1769615836728,1769615836728,1769615836728,300,5000,ok
501eec69-f076-4d52-94d1-82f9c7c3a7ad,esp32-03,telemetry,1769615836548,1769615836839,1769615836840,1769615836840,1769615836840,1769615836840,300,5000,ok
28b5d9dd-2d3e-42df-84aa-720234024ad1,esp32-01,telemetry,1769615836569,1769615836840,1769615836840,1769615836840,1769615836840,1769615836840,300,5000,ok
274317e3-d3c4-4baa-9bcd-998d047779dd,esp32-02,telemetry,1769615836589,1769615836840,1769615836841,1769615836841,1769615836841,1769615836841,300,5000,ok
0229aa4d-a0c3-4082-affb-47fea0e006b7,esp32-03,telemetry,1769615836609,1769615836840,1769615836841,1769615836841,1769615836841,1769615836841,300,5000,ok
d63f06f2-e058-49d4-971f-6c96f0fbf5e2,esp32-03,telemetry,1769615837518,1769615837791,1769615837792,1769615837792,1769615837792,1769615837792,300,5000,ok
864da348-c9f5-454a-a233-7c35eac11379,esp32-01,telemetry,1769615837537,1769615837792,1769615837792,1769615837792,1769615837792,1769615837792,300,5000,ok
df34b3db-a151-4a29-9a72-a0f5fb28af1a,esp32-02,telemetry,1769615837558,1769615837792,1769615837793,1769615837793,1769615837793,1769615837793,300,5000,ok
e4cd0b10-bc8c-496d-94a4-7286832560cb,esp32-03,telemetry,1769615837577,1769615837792,1769615837794,1769615837794,1769615837794,1769615837794,300,5000,ok
86d6f2c1-590d-438e-8c20-98aafc4187e0,esp32-01,telemetry,1769615837598,1769615837792,1769615837795,1769615837795,1769615837795,1769615837795,300,5000,ok
165bcbbf-25b8-4b59-b94a-5ac327e890fd,esp32-02,telemetry,1769615837617,1769615837890,1769615837890,1769615837890,1769615837890,1769615837890,300,5000,ok
1729bbf1-5d32-4614-a556-be9fe19b0f8c,esp32-03,telemetry,1769615837637,1769615837891,1769615837891,1769615837891,1769615837891,1769615837891,300,5000,ok
a9c5d5c3-f776-4635-9a43-dee6cb8e2bde,esp32-01,telemetry,1769615837658,1769615837891,1769615837892,1769615837892,1769615837892,1769615837892,300,5000,ok
8d9950cb-64cc-46bc-b06e-9a8f9a932213,esp32-02,telemetry,1769615837679,1769615837891,1769615837892,1769615837892,1769615837892,1769615837892,300,5000,ok
3f058a54-a822-41d2-8550-25cd42659186,esp32-03,telemetry,1769615837699,1769615837978,1769615837978,1769615837978,1769615837978,1769615837978,300,5000,ok
c454daa4-3a0f-41b3-9804-799c4b07db3e,esp32-03,telemetry,1769615838547,1769615838823,1769615838823,1769615838823,1769615838823,1769615838823,300,5000,ok
125d808e-8fa0-4228-9630-027f1e836995,esp32-01,telemetry,1769615838567,1769615838823,1769615838824,1769615838824,1769615838824,1769615838824,300,5000,ok
dee57aae-5fda-47b4-8ccb-b5da248d84ad,esp32-02,telemetry,1769615838588,1769615838823,1769615838824,1769615838824,1769615838824,1769615838824,300,5000,ok
0a82127d-b89e-4b62-aa89-017016bcad97,esp32-03,telemetry,1769615838608,1769615838823,1769615838824,1769615838824,1769615838824,1769615838825,300,5000,ok
afabf1d6-186c-4bc7-a802-00ef6dc513c0,esp32-01,telemetry,1769615838627,1769615838823,1769615838825,1769615838825,1769615838825,1769615838825,300,5000,ok
397f5b42-7373-431d-822c-95e60a97262f,esp32-02,telemetry,1769615838647,1769615838919,1769615838920,1769615838920,1769615838920,1769615838920,300,5000,ok
9d72bbfa-8675-4ef4-a1a5-25511a8d9c9f,esp32-03,telemetry,1769615838667,1769615838919,1769615838920,1769615838920,1769615838920,1769615838920,300,5000,ok
c7046c09-97fb-4092-a21c-fcffd48715b2,esp32-01,telemetry,1769615838687,1769615838919,1769615838920,1769615838920,1769615838920,1769615838920,300,5000,ok
37f235c7-bc9d-446b-b438-5469dd7a1f16,esp32-02,telemetry,1769615838708,1769615838919,1769615838921,1769615838921,1769615838921,1769615838921,300,5000,ok
ce67e7a7-fc02-44d3-8136-d18298c3de09,esp32-03,telemetry,1769615838728,1769615839019,1769615839019,1769615839019,1769615839019,1769615839019,300,5000,ok
7796bce6-7b43-4611-92d4-3d7eb00ad0ce,esp32-02,telemetry,1769615839618,1769615839855,1769615839855,1769615839855,1769615839855,1769615839855,300,5000,ok
5eacb220-4e08-423f-b3fb-30c11fc84d32,esp32-03,telemetry,1769615839638,1769615839863,1769615839863,1769615839863,1769615839863,1769615839863,300,5000,ok
18a5f46c-042b-4137-9a6a-a7a9ca5398f8,esp32-01,telemetry,1769615839658,1769615839863,1769615839863,1769615839863,1769615839863,1769615839863,300,5000,ok
989c7606-84d6-45b8-891b-4e7edf25c40e,esp32-02,telemetry,1769615839677,1769615839954,1769615839954,1769615839954,1769615839954,1769615839954,300,5000,ok
ed82ac39-e744-464c-91d7-8a57ada6b04b,esp32-03,telemetry,1769615839697,1769615839954,1769615839955,1769615839955,1769615839955,1769615839955,300,5000,ok
20ed5fb4-1f93-4d1e-a46d-e9f89afa12bf,esp32-01,telemetry,1769615839718,1769615839954,1769615839955,1769615839955,1769615839955,1769615839955,300,5000,ok
f6dc2f50-1baa-4a39-bc71-4bd60d6cc220,esp32-02,telemetry,1769615839738,1769615839955,1769615839956,1769615839956,1769615839956,1769615839956,300,5000,ok
980d2c45-2790-4a3b-9054-54b28bec3527,esp32-03,telemetry,1769615839758,1769615839955,1769615839956,1769615839956,1769615839957,1769615839957,300,5000,ok
d725c98d-f41c-4eac-9728-8987aad4c805,esp32-01,telemetry,1769615839778,1769615839994,1769615839994,1769615839994,1769615839994,1769615839994,300,5000,ok
8737a6bc-10b5-43ab-886a-8e740d5eec14,esp32-02,telemetry,1769615839798,1769615839994,1769615839995,1769615839995,1769615839995,1769615839995,300,5000,ok
738bdc9c-4627-484e-80d5-102f00f33b5e,esp32-03,telemetry,1769615840670,1769615840874,1769615840874,1769615840874,1769615840874,1769615840874,300,5000,ok
dda0b46e-976a-4d59-96ec-c83473e035fb,esp32-01,telemetry,1769615840690,1769615840921,1769615840921,1769615840921,1769615840921,1769615840921,300,5000,ok
f80705b8-acbb-45c4-8cec-681685168203,esp32-02,telemetry,1769615840709,1769615840922,1769615840922,1769615840922,1769615840922,1769615840922,300,5000,ok
eb07a144-6a29-4ec3-b1f5-4b2ed304e3c7,esp32-03,telemetry,1769615840729,1769615840922,1769615840922,1769615840922,1769615840922,1769615840922,300,5000,ok
63d4fccc-5015-4722-9fb9-56f0f9fdc325,esp32-01,telemetry,1769615840751,1769615841031,1769615841031,1769615841031,1769615841031,1769615841031,300,5000,ok
22d054b7-bc09-42f9-b030-4d62c8ee98f3,esp32-02,telemetry,1769615840770,1769615841031,1769615841032,1769615841032,1769615841032,1769615841032,300,5000,ok
dc09b81d-e6e5-4f17-a1b4-56bcc7addd08,esp32-03,telemetry,1769615840791,1769615841031,1769615841033,1769615841033,1769615841033,1769615841033,300,5000,ok
d1f888d1-ffd5-48e4-92b3-6e5f4c3a73d3,esp32-01,telemetry,1769615840811,1769615841031,1769615841033,1769615841033,1769615841033,1769615841033,300,5000,ok
1846a446-08df-4d25-b9e1-814c3caf5f49,esp32-02,telemetry,1769615840831,1769615841032,1769615841034,1769615841034,1769615841034,1769615841034,300,5000,ok
2d9a3022-d167-44cb-a7db-e4c638b7b88c,esp32-03,telemetry,1769615840850,1769615841069,1769615841069,1769615841069,1769615841069,1769615841069,300,5000,ok
49bb5db9-8a25-423a-9008-7e5a89899cd4,esp32-02,telemetry,1769615841679,1769615841960,1769615841960,1769615841960,1769615841960,1769615841960,300,5000,ok
b23d578d-d4d5-49a3-a65b-19c74193b1d6,esp32-03,telemetry,1769615841699,1769615841960,1769615841961,1769615841961,1769615841961,1769615841961,300,5000,ok
3173611c-0271-4054-aba5-60fc8d1a797b,esp32-01,telemetry,1769615841718,1769615841960,1769615841961,1769615841961,1769615841961,1769615841961,300,5000,ok
4dbf138b-3855-42e4-ad48-d6cddc078290,esp32-02,telemetry,1769615841739,1769615841961,1769615841961,1769615841962,1769615841962,1769615841962,300,5000,ok
6b9d70bb-4c3e-4b92-9bb6-4f8acdf49887,esp32-03,telemetry,1769615841758,1769615841961,1769615841962,1769615841962,1769615841962,1769615841962,300,5000,ok
2dfbcda5-212f-4b90-aa20-529481727afc,esp32-01,telemetry,1769615841779,1769615842034,1769615842034,1769615842034,1769615842034,1769615842034,300,5000,ok
739a5370-c011-4fae-a98e-1ed328706d03,esp32-02,telemetry,1769615841798,1769615842034,1769615842035,1769615842035,1769615842035,1769615842035,300,5000,ok
cf417ca5-ddaf-4a9d-baef-4fa178eef46a,esp32-03,telemetry,1769615841819,1769615842034,1769615842035,1769615842035,1769615842035,1769615842035,300,5000,ok
77fc287d-677c-41b6-a962-49a54656bd90,esp32-01,telemetry,1769615841839,1769615842034,1769615842035,1769615842035,1769615842035,1769615842035,300,5000,ok
0191854d-b671-4a5f-80f4-3f0835c6c655,esp32-02,telemetry,1769615841859,1769615842146,1769615842146,1769615842146,1769615842146,1769615842146,300,5000,ok
75afee97-58ef-40e1-b323-379c9e130a30,esp32-02,telemetry,1769615842704,1769615842969,1769615842969,1769615842969,1769615842969,1769615842969,300,5000,ok
a2a505bf-ee09-4cd4-a564-33a49a58ad76,esp32-03,telemetry,1769615842724,1769615842970,1769615842970,1769615842970,1769615842970,1769615842970,300,5000,ok
9c7d9dee-95d2-4ea3-ad7a-2706ee6cd448,esp32-01,telemetry,1769615842744,1769615842970,1769615842971,1769615842971,1769615842971,1769615842971,300,5000,ok
e52e7cba-c92b-4647-8243-b110bc5b7c8b,esp32-02,telemetry,1769615842765,1769615842970,1769615842971,1769615842971,1769615842971,1769615842971,300,5000,ok
d5194c47-9895-41e8-b0c3-8fafd1f2f230,esp32-03,telemetry,1769615842785,1769615843071,1769615843071,1769615843071,1769615843071,1769615843071,300,5000,ok
3aaa2837-8980-4fbd-a994-7be8c402131c,esp32-01,telemetry,1769615842804,1769615843071,1769615843072,1769615843072,1769615843072,1769615843072,300,5000,ok
b492236d-75f7-4f25-bfd4-a954c7619db0,esp32-02,telemetry,1769615842825,1769615843071,1769615843072,1769615843072,1769615843072,1769615843072,300,5000,ok
c7b60782-7f10-4a7c-ba5b-9b80f7c9e999,esp32-03,telemetry,1769615842844,1769615843072,1769615843073,1769615843073,1769615843073,1769615843073,300,5000,ok
deee17a8-21f6-4ba7-8d78-e5154a23642f,esp32-01,telemetry,1769615842865,1769615843072,1769615843073,1769615843073,1769615843073,1769615843073,300,5000,ok
27918e86-4333-43a1-97ad-212fc3aa7b7d,esp32-02,telemetry,1769615842884,1769615843159,1769615843159,1769615843159,1769615843159,1769615843159,300,5000,ok
23523043-6d7a-4132-8af3-be9b67546eb8,esp32-02,telemetry,1769615843732,1769615844019,1769615844019,1769615844019,1769615844019,1769615844019,300,5000,ok
e8f5f7e3-bf50-41e9-ae4f-a3e830ce4341,esp32-03,telemetry,1769615843752,1769615844019,1769615844020,1769615844020,1769615844020,1769615844020,300,5000,ok
50363a32-e25c-431f-8fe8-28b468251089,esp32-01,telemetry,1769615843771,1769615844019,1769615844020,1769615844020,1769615844020,1769615844020,300,5000,ok
3556a867-4799-44df-97e9-aab1332f71b1,esp32-02,telemetry,1769615843792,1769615844019,1769615844020,1769615844020,1769615844020,1769615844020,300,5000,ok
16fbc685-c090-44ff-b593-6946594216aa,esp32-03,telemetry,1769615843812,1769615844019,1769615844020,1769615844020,1769615844020,1769615844020,300,5000,ok
47e15c4a-2cb9-469c-83f7-f678d0e05feb,esp32-01,telemetry,1769615843833,1769615844102,1769615844102,1769615844102,1769615844102,1769615844102,300,5000,ok
b1401d59-429a-47e8-bbf7-f73110b84396,esp32-02,telemetry,1769615843853,1769615844103,1769615844103,1769615844103,1769615844103,1769615844103,300,5000,ok
9909ea96-8283-4baf-b625-82b973cc72f6,esp32-03,telemetry,1769615843873,1769615844103,1769615844104,1769615844104,1769615844104,1769615844104,300,5000,ok
850edbb9-0532-422d-96b9-8e1a44abd482,esp32-01,telemetry,1769615843894,1769615844103,1769615844104,1769615844104,1769615844104,1769615844104,300,5000,ok
ea33f620-d860-40b1-b519-d07efcc408d3,esp32-02,telemetry,1769615843915,1769615844204,1769615844204,1769615844204,1769615844204,1769615844204,300,5000,ok
8897950e-dae2-4407-b419-c7ba4222fdfe,esp32-02,telemetry,1769615844837,1769615845038,1769615845038,1769615845038,1769615845038,1769615845038,300,5000,ok
9768edcd-d509-4350-9db6-70630b8338a6,esp32-03,telemetry,1769615844856,1769615845072,1769615845072,1769615845072,1769615845072,1769615845072,300,5000,ok
dd60822e-7994-4d0f-bb19-fb271094c0e1,esp32-01,telemetry,1769615844877,1769615845073,1769615845073,1769615845073,1769615845073,1769615845073,300,5000,ok
b87ab1de-7f80-4d14-b47b-71300145a5e4,esp32-02,telemetry,1769615844897,1769615845187,1769615845187,1769615845187,1769615845187,1769615845187,300,5000,ok
c731e63a-8ec5-4703-a4be-796ecc838235,esp32-03,telemetry,1769615844916,1769615845187,1769615845188,1769615845188,1769615845188,1769615845188,300,5000,ok
9a4f902d-5844-416b-989e-a717176bf56a,esp32-01,telemetry,1769615844937,1769615845187,1769615845188,1769615845188,1769615845188,1769615845188,300,5000,ok
dae51c34-dfbb-43d0-b673-5748f84e223d,esp32-02,telemetry,1769615844957,1769615845187,1769615845189,1769615845189,1769615845189,1769615845189,300,5000,ok
6c50e99a-fcb6-4d8c-b0f1-4e093d680162,esp32-03,telemetry,1769615844977,1769615845187,1769615845189,1769615845189,1769615845189,1769615845189,300,5000,ok
c46ed529-57ad-4120-9590-e9e3a9965dc4,esp32-01,telemetry,1769615844996,1769615845187,1769615845190,1769615845190,1769615845190,1769615845190,300,5000,ok
346be866-7234-42ef-8fd5-9acbf6972ddd,esp32-02,telemetry,1769615845016,1769615845224,1769615845224,1769615845224,1769615845224,1769615845224,300,5000,ok
09e7cb40-d8b0-46d5-98b5-e8676149837b,esp32-01,telemetry,1769615845849,1769615846115,1769615846115,1769615846115,1769615846115,1769615846115,300,5000,ok
09e966bd-5b3a-4c7b-bfda-a770c6dd9fc7,esp32-02,telemetry,1769615845868,1769615846116,1769615846116,1769615846116,1769615846116,1769615846116,300,5000,ok
ba2744bc-edde-4d1e-82f9-760792b12eb3,esp32-03,telemetry,1769615845888,1769615846116,1769615846117,1769615846117,1769615846117,1769615846117,300,5000,ok
0ce04813-da5a-46de-818c-5eed092c24e3,esp32-01,telemetry,1769615845908,1769615846116,1769615846117,1769615846117,1769615846117,1769615846117,300,5000,ok
872d0b3d-3066-4453-8a0b-6d3677464ab0,esp32-02,telemetry,1769615845928,1769615846156,1769615846156,1769615846156,1769615846156,1769615846156,300,5000,ok
49622ae7-3f5e-4e83-a51c-47dd71149c8b,esp32-03,telemetry,1769615845948,1769615846156,1769615846156,1769615846156,1769615846156,1769615846156,300,5000,ok
6c3f2bb4-9a8c-4fda-a7d3-78330b134dde,esp32-01,telemetry,1769615845969,1769615846208,1769615846208,1769615846208,1769615846208,1769615846208,300,5000,ok
0988c2f3-060e-463e-b260-0ad8f9a30bbe,esp32-03,alarm,1769615845992,1769615846208,1769615846208,1769615846208,1769615846208,1769615846208,150,10000,alarm_type
6a715357-5560-497d-9590-e6bdd21aa7fa,esp32-02,telemetry,1769615845988,1769615846208,1769615846209,1769615846209,1769615846209,1769615846209,300,5000,ok
cdef7c7b-5966-4bdf-9248-9c41c0b2eba0,esp32-03,telemetry,1769615846009,1769615846208,1769615846209,1769615846209,1769615846209,1769615846209,300,5000,ok
faaf2d79-7056-4cb5-bbcf-08703dd29cd9,esp32-01,telemetry,1769615846874,1769615847178,1769615847178,1769615847178,1769615847178,1769615847178,300,5000,ok
b0098bfa-279d-4d33-8bd5-bb1a1b8d38c0,esp32-02,telemetry,1769615846895,1769615847178,1769615847179,1769615847179,1769615847179,1769615847179,300,5000,ok
14b6554d-8883-448c-8bfa-d066c2dd33cc,esp32-03,telemetry,1769615846915,1769615847178,1769615847179,1769615847179,1769615847179,1769615847179,300,5000,ok
42c264c7-82c8-46b5-806f-2e6ddfe975d9,esp32-01,telemetry,1769615846935,1769615847178,1769615847179,1769615847179,1769615847179,1769615847179,300,5000,ok
bb1a7751-9864-4db7-ad15-8a1b0233670a,esp32-02,telemetry,1769615846955,1769615847178,1769615847180,1769615847180,1769615847180,1769615847180,300,5000,ok
479a9c07-15db-4809-a3b0-35737510b78e,esp32-03,telemetry,1769615846975,1769615847178,1769615847180,1769615847180,1769615847180,1769615847180,300,5000,ok
e8ebba01-1f60-4ca0-94c6-bdea031d0f8e,esp32-01,telemetry,1769615846994,1769615847221,1769615847221,1769615847221,1769615847221,1769615847221,300,5000,ok
b2204f6b-f693-414b-90f1-533916396ba5,esp32-02,telemetry,1769615847015,1769615847221,1769615847221,1769615847221,1769615847221,1769615847221,300,5000,ok
49a6fb29-f2cf-48f0-b7c9-071fe0a64c40,esp32-03,telemetry,1769615847035,1769615847254,1769615847254,1769615847254,1769615847254,1769615847254,300,5000,ok
599c588f-5807-45ef-b897-b4ed7a49c035,esp32-01,telemetry,1769615847056,1769615847349,1769615847349,1769615847349,1769615847349,1769615847349,300,5000,ok
4744ff7a-7d2e-4b51-9059-fc1c3b1e2e75,esp32-01,telemetry,1769615847964,1769615848187,1769615848187,1769615848187,1769615848187,1769615848187,300,5000,ok
ce846407-c461-403d-a6e5-426f44f642fd,esp32-02,telemetry,1769615847984,1769615848187,1769615848188,1769615848188,1769615848188,1769615848188,300,5000,ok
0127c8f9-c1c0-4d23-91ae-5465f9940b52,esp32-03,telemetry,1769615848005,1769615848290,1769615848290,1769615848290,1769615848290,1769615848290,300,5000,ok
49328ef9-cf96-4f4f-9828-6b0ef7003739,esp32-01,telemetry,1769615848025,1769615848290,1769615848290,1769615848290,1769615848290,1769615848290,300,5000,ok
a4076f5c-06a2-4513-b687-3f253846b147,esp32-02,telemetry,1769615848044,1769615848290,1769615848291,1769615848291,1769615848291,1769615848291,300,5000,ok
5955ea98-7bdd-45b0-bc9e-b42f735a0bf2,esp32-03,telemetry,1769615848065,1769615848290,1769615848291,1769615848291,1769615848291,1769615848291,300,5000,ok
50c34f92-7fea-4bf9-ac1d-43502eebf837,esp32-01,telemetry,1769615848084,1769615848290,1769615848292,1769615848292,1769615848292,1769615848292,300,5000,ok
b74c4cbc-ed40-4132-92c8-6ce579d25357,esp32-02,telemetry,1769615848104,1769615848339,1769615848339,1769615848339,1769615848339,1769615848339,300,5000,ok
d2b4767c-5625-4ef8-ab24-1632e409c723,esp32-03,telemetry,1769615848124,1769615848339,1769615848339,1769615848339,1769615848339,1769615848339,300,5000,ok
8a0483f5-3177-44ab-a469-aa3871ae00b6,esp32-01,telemetry,1769615848145,1769615848339,1769615848340,1769615848340,1769615848340,1769615848340,300,5000,ok
9989e95a-0a27-45d8-8ba9-c0a2ec745fff,esp32-01,telemetry,1769615848948,1769615849222,1769615849222,1769615849222,1769615849222,1769615849222,300,5000,ok
df5bc174-8957-4bbc-bdda-065bfc3e183c,esp32-02,telemetry,1769615848968,1769615849223,1769615849223,1769615849223,1769615849223,1769615849223,300,5000,ok
9b434bdf-f9bf-469a-8ebd-1769ef9e39a4,esp32-03,telemetry,1769615848988,1769615849223,1769615849224,1769615849224,1769615849224,1769615849224,300,5000,ok
4e579b81-9d70-471d-b469-919b33183209,esp32-01,telemetry,1769615849008,1769615849223,1769615849224,1769615849224,1769615849224,1769615849224,300,5000,ok
e3cc122c-2bc7-4359-9a36-46715700d401,esp32-02,telemetry,1769615849029,1769615849223,1769615849224,1769615849224,1769615849224,1769615849224,300,5000,ok
a1b85dd5-59ce-4990-87d3-31556adaf294,esp32-03,telemetry,1769615849048,1769615849269,1769615849269,1769615849269,1769615849269,1769615849269,300,5000,ok
9dd6d3da-595a-49b5-ba70-15bf1737c423,esp32-01,telemetry,1769615849068,1769615849269,1769615849269,1769615849269,1769615849269,1769615849269,300,5000,ok
249d0a3c-298c-4674-9814-af24a47c1a56,esp32-02,telemetry,1769615849088,1769615849313,1769615849313,1769615849313,1769615849313,1769615849313,300,5000,ok
3abcfac5-d0cf-49d9-a383-0bc03976b969,esp32-03,telemetry,1769615849110,1769615849313,1769615849314,1769615849314,1769615849314,1769615849314,300,5000,ok
b1f65bb0-4ffb-41fa-8c0c-21497689a4d9,esp32-01,telemetry,1769615849129,1769615849410,1769615849410,1769615849410,1769615849410,1769615849410,300,5000,ok
5f60f18b-d783-4f14-9706-92e74de0b065,esp32-03,telemetry,1769615850017,1769615850301,1769615850301,1769615850301,1769615850301,1769615850301,300,5000,ok
ba3998ba-6442-4bf5-9d40-0ae88abef457,esp32-01,telemetry,1769615850038,1769615850301,1769615850302,1769615850302,1769615850302,1769615850302,300,5000,ok
98b007ff-6bdc-42bd-9b9a-d397cdc48292,esp32-02,telemetry,1769615850058,1769615850302,1769615850303,1769615850303,1769615850303,1769615850303,300,5000,ok
4f0cbd79-5079-477f-9c63-d106b3f0be52,esp32-03,telemetry,1769615850078,1769615850302,1769615850303,1769615850303,1769615850303,1769615850303,300,5000,ok
86cdfd25-cb91-45d0-a8e2-d07f208ae27b,esp32-01,telemetry,1769615850099,1769615850302,1769615850304,1769615850304,1769615850304,1769615850304,300,5000,ok
30bebf3a-a9ae-4aba-8161-d8d62bb3d6c7,esp32-02,telemetry,1769615850118,1769615850337,1769615850337,1769615850337,1769615850337,1769615850337,300,5000,ok
15886b5f-1013-484a-b822-5618532650be,esp32-03,telemetry,1769615850140,1769615850338,1769615850338,1769615850338,1769615850338,1769615850338,300,5000,ok
b0409ada-b031-423f-a2ec-6db1f8ef830b,esp32-01,telemetry,1769615850160,1769615850387,1769615850387,1769615850387,1769615850387,1769615850387,300,5000,ok
6c341fab-6a5b-4928-b146-17268b1f1a36,esp32-02,telemetry,1769615850179,1769615850388,1769615850388,1769615850388,1769615850388,1769615850388,300,5000,ok
88ae3e29-2e90-4ec8-9dfa-4e1df0e7ecb6,esp32-03,telemetry,1769615850200,1769615850498,1769615850498,1769615850498,1769615850498,1769615850498,300,5000,ok
9b276d61-3318-4af7-9c92-d362f9983767,esp32-03,telemetry,1769615851107,1769615851340,1769615851340,1769615851340,1769615851340,1769615851340,300,5000,ok
137180b5-0bd9-4661-bf83-7562410fadea,esp32-01,telemetry,1769615851127,1769615851341,1769615851341,1769615851341,1769615851341,1769615851341,300,5000,ok
2acf0500-77ca-434a-8fd1-d5d6a89e9beb,esp32-02,telemetry,1769615851146,1769615851341,1769615851341,1769615851341,1769615851341,1769615851341,300,5000,ok
126b6ef2-786a-49b3-ab9b-a54c66e25a41,esp32-03,telemetry,1769615851167,1769615851432,1769615851432,1769615851432,1769615851432,1769615851432,300,5000,ok
1e2b65eb-4afb-4d6f-b6d3-2f8ec6eee2f4,esp32-01,telemetry,1769615851186,1769615851433,1769615851433,1769615851433,1769615851433,1769615851433,300,5000,ok
1cf4fcc1-ecdb-42d4-98b5-050cf9cf0f8a,esp32-02,telemetry,1769615851207,1769615851433,1769615851434,1769615851434,1769615851434,1769615851434,300,5000,ok
2f96da9e-5616-444a-9d2e-6d641b28c39a,esp32-03,telemetry,1769615851227,1769615851433,1769615851434,1769615851434,1769615851434,1769615851434,300,5000,ok
dde07e65-fa62-4991-a18a-c99b4baac215,esp32-01,telemetry,1769615851247,1769615851526,1769615851527,1769615851527,1769615851527,1769615851527,300,5000,ok
121b7ba8-8475-46d6-8e88-3d4e028b983b,esp32-02,telemetry,1769615851267,1769615851527,1769615851527,1769615851527,1769615851527,1769615851527,300,5000,ok
95a90434-cdd0-4099-b119-627cd929465c,esp32-03,telemetry,1769615851286,1769615851527,1769615851528,1769615851528,1769615851528,1769615851528,300,5000,ok
edd0c30d-7813-46f3-ba20-22770b1506b4,esp32-03,telemetry,1769615852137,1769615852427,1769615852427,1769615852427,1769615852427,1769615852427,300,5000,ok
15edaaaa-0999-46c2-bf1e-f585ff09ce89,esp32-01,telemetry,1769615852157,1769615852428,1769615852428,1769615852428,1769615852428,1769615852428,300,5000,ok
acc8e9a7-5abd-4fe4-a095-e90b70a89426,esp32-02,telemetry,1769615852178,1769615852428,1769615852429,1769615852429,1769615852429,1769615852429,300,5000,ok
1d7a618a-d04d-4b8d-9e89-57f8535d5aa2,esp32-03,telemetry,1769615852198,1769615852428,1769615852429,1769615852429,1769615852429,1769615852429,300,5000,ok
bdb72ba2-5e06-4c8a-8736-77db4091eb10,esp32-01,telemetry,1769615852217,1769615852429,1769615852430,1769615852430,1769615852430,1769615852430,300,5000,ok
c1adc020-0bfd-4ef2-82da-e82a58e59ce9,esp32-02,telemetry,1769615852238,1769615852429,1769615852431,1769615852431,1769615852431,1769615852431,300,5000,ok
aa6e94e2-91ce-4970-949d-eec9a8dfbaaa,esp32-03,telemetry,1769615852258,1769615852513,1769615852513,1769615852513,1769615852513,1769615852513,300,5000,ok
6f2104ad-0085-4b12-864f-8e34227f3e96,esp32-01,telemetry,1769615852278,1769615852513,1769615852513,1769615852513,1769615852513,1769615852513,300,5000,ok
272b5937-492c-46bb-910c-872c1a9db5be,esp32-02,telemetry,1769615852298,1769615852513,1769615852514,1769615852514,1769615852514,1769615852514,300,5000,ok
34de9249-15e6-406b-853e-0993d160f540,esp32-03,telemetry,1769615852318,1769615852513,1769615852514,1769615852514,1769615852514,1769615852514,300,5000,ok
8729d2a6-4834-493b-ad57-b57bbeeaf070,esp32-03,telemetry,1769615853179,1769615853448,1769615853448,1769615853448,1769615853448,1769615853448,300,5000,ok
a7648ec6-a733-424a-bca2-c60459b0a342,esp32-01,telemetry,1769615853200,1769615853449,1769615853449,1769615853449,1769615853449,1769615853449,300,5000,ok
2d12b12f-f4d0-439b-b603-3976c7a24356,esp32-02,telemetry,1769615853220,1769615853449,1769615853450,1769615853450,1769615853450,1769615853450,300,5000,ok
7a910317-5961-4a3e-b869-798f46c15097,esp32-03,telemetry,1769615853239,1769615853449,1769615853450,1769615853450,1769615853450,1769615853450,300,5000,ok
1857ae5e-7f8f-4743-9fa7-8c64ec767427,esp32-01,telemetry,1769615853260,1769615853548,1769615853548,1769615853548,1769615853548,1769615853548,300,5000,ok
298e7f3d-2335-45cc-8475-8f6c5087f3fc,esp32-02,telemetry,1769615853280,1769615853548,1769615853549,1769615853549,1769615853549,1769615853549,300,5000,ok
14da79ac-41cb-4c94-abe6-b9c4de2a2a62,esp32-03,telemetry,1769615853299,1769615853549,1769615853550,1769615853550,1769615853550,1769615853550,300,5000,ok
23f510fd-a1d7-4a32-b287-b5241fea568c,esp32-01,telemetry,1769615853319,1769615853549,1769615853551,1769615853551,1769615853551,1769615853551,300,5000,ok
eaf73c4a-d109-49ec-a291-3697d07bce37,esp32-02,telemetry,1769615853339,1769615853549,1769615853551,1769615853551,1769615853551,1769615853551,300,5000,ok
b98d9c15-c7fc-465f-ba49-94875c7d986f,esp32-03,telemetry,1769615853360,1769615853635,1769615853635,1769615853635,1769615853635,1769615853635,300,5000,ok
ec35268e-26a9-4c3f-8a7d-2dae89d186f1,esp32-03,telemetry,1769615854207,1769615854481,1769615854481,1769615854481,1769615854481,1769615854481,300,5000,ok
c7cf85b3-e8b0-4c0b-8185-73da7e59c39b,esp32-01,telemetry,1769615854227,1769615854482,1769615854482,1769615854482,1769615854482,1769615854482,300,5000,ok
d19dae53-1a31-4827-9477-5acfb4317cb6,esp32-02,telemetry,1769615854248,1769615854482,1769615854482,1769615854482,1769615854482,1769615854482,300,5000,ok
f06588e9-97e1-4745-a264-a6543da3b6a5,esp32-03,telemetry,1769615854269,1769615854482,1769615854483,1769615854483,1769615854483,1769615854483,300,5000,ok
584a0d38-f6c2-4967-b2a4-502705e615b9,esp32-01,telemetry,1769615854289,1769615854482,1769615854484,1769615854484,1769615854484,1769615854484,300,5000,ok
309a64ba-af7b-49ae-a085-35444caae371,esp32-02,telemetry,1769615854309,1769615854568,1769615854568,1769615854568,1769615854568,1769615854568,300,5000,ok
17e98cf9-457d-4355-abdd-be5b7bbe1b9b,esp32-03,telemetry,1769615854328,1769615854568,1769615854569,1769615854569,1769615854569,1769615854569,300,5000,ok
c15ffafb-98da-4d8a-874d-8f038610b783,esp32-01,telemetry,1769615854349,1769615854568,1769615854569,1769615854569,1769615854569,1769615854569,300,5000,ok
5a593125-ae0c-45ac-9ccb-9faea2d282ff,esp32-02,telemetry,1769615854369,1769615854568,1769615854569,1769615854569,1769615854569,1769615854569,300,5000,ok
ca54ec10-9d9a-4fbe-a335-590fc9e3ec57,esp32-03,telemetry,1769615854388,1769615854678,1769615854679,1769615854679,1769615854679,1769615854679,300,5000,ok
6c4d0e94-3d43-4505-bb90-501e9a17d5f2,esp32-03,telemetry,1769615855296,1769615855515,1769615855515,1769615855515,1769615855515,1769615855515,300,5000,ok
08eff899-f3c1-4906-ac3d-9ab249f4f988,esp32-01,telemetry,1769615855316,1769615855607,1769615855607,1769615855607,1769615855607,1769615855607,300,5000,ok
1e869dd4-2905-438e-bf14-cb9a63c44f8f,esp32-02,telemetry,1769615855337,1769615855607,1769615855608,1769615855608,1769615855608,1769615855608,300,5000,ok
0e871009-2685-4cff-ba8f-66944e415ba2,esp32-03,telemetry,1769615855357,1769615855607,1769615855608,1769615855608,1769615855608,1769615855608,300,5000,ok
09cc51f2-0813-42c6-8223-4fc72d16f449,esp32-01,telemetry,1769615855378,1769615855608,1769615855609,1769615855609,1769615855609,1769615855609,300,5000,ok
e247c0db-56e3-4a55-b46c-3b772dc7931f,esp32-02,telemetry,1769615855398,1769615855608,1769615855609,1769615855609,1769615855609,1769615855609,300,5000,ok
5f8e1420-556a-47d0-a723-d70af2cc6c88,esp32-03,telemetry,1769615855417,1769615855665,1769615855665,1769615855665,1769615855665,1769615855665,300,5000,ok
333c30e7-a0af-4c3f-9e27-e329175072aa,esp32-01,telemetry,1769615855438,1769615855665,1769615855666,1769615855666,1769615855666,1769615855666,300,5000,ok
1e6d0e44-54d3-4319-8f82-2661c34c8c1b,esp32-02,telemetry,1769615855459,1769615855666,1769615855667,1769615855667,1769615855667,1769615855667,300,5000,ok
1baf7ea5-4193-402a-863d-103601cdce9c,esp32-03,telemetry,1769615855479,1769615855701,1769615855701,1769615855701,1769615855701,1769615855701,300,5000,ok
0fd80019-472d-493d-9455-c922e5f84f04,esp32-02,telemetry,1769615856248,1769615856552,1769615856552,1769615856552,1769615856552,1769615856552,300,5000,ok
32254cca-0534-4ba8-84fb-ae839339fa33,esp32-03,telemetry,1769615856268,1769615856552,1769615856553,1769615856553,1769615856553,1769615856553,300,5000,ok
2af502bf-354c-4d94-af25-b3e4cdbc2d7f,esp32-01,telemetry,1769615856289,1769615856552,1769615856553,1769615856553,1769615856553,1769615856553,300,5000,ok
e0987d48-46f1-430b-a1a7-70989312a75d,esp32-02,telemetry,1769615856310,1769615856552,1769615856554,1769615856554,1769615856554,1769615856554,300,5000,ok
b065a4cf-fdb7-437c-9c12-87bdd38e4a79,esp32-03,telemetry,1769615856330,1769615856552,1769615856554,1769615856554,1769615856554,1769615856554,300,5000,ok
31a1005d-20bd-4b3f-af75-eead0f8375cd,esp32-01,telemetry,1769615856351,1769615856552,1769615856555,1769615856555,1769615856555,1769615856555,300,5000,ok
329a89f0-b7a0-415c-b0c8-0136af6a1ef4,esp32-02,telemetry,1769615856371,1769615856660,1769615856660,1769615856660,1769615856660,1769615856660,300,5000,ok
5a8e5c9a-07ef-4e6b-8601-1ce493681070,esp32-03,telemetry,1769615856391,1769615856661,1769615856661,1769615856661,1769615856661,1769615856661,300,5000,ok
6edeece9-01a3-43a9-88f5-78738ec0f0a1,esp32-01,telemetry,1769615856411,1769615856661,1769615856662,1769615856662,1769615856662,1769615856662,300,5000,ok
52a04ccb-45fe-4449-b49b-1c4aec38ce7b,esp32-02,telemetry,1769615856430,1769615856661,1769615856662,1769615856662,1769615856662,1769615856662,300,5000,ok
84e6ece2-ae96-4be7-bc64-c921071e36ee,esp32-01,telemetry,1769615857319,1769615857605,1769615857605,1769615857605,1769615857605,1769615857605,300,5000,ok
6c28be01-d09e-4f1e-8c32-0fe0587875ac,esp32-02,telemetry,1769615857339,1769615857605,1769615857606,1769615857606,1769615857606,1769615857606,300,5000,ok
e7849bdc-79b3-4a41-86e0-cb5c63ba189d,esp32-03,telemetry,1769615857359,1769615857606,1769615857606,1769615857606,1769615857606,1769615857606,300,5000,ok
4339ca3d-1a56-4840-be6c-16adc2b536a4,esp32-01,telemetry,1769615857380,1769615857606,1769615857607,1769615857607,1769615857607,1769615857607,300,5000,ok
6867b7e6-21ef-4fd0-b352-6fac263faba8,esp32-02,telemetry,1769615857401,1769615857606,1769615857607,1769615857607,1769615857607,1769615857607,300,5000,ok
6452c7b0-54cc-436e-8183-508626eede8f,esp32-03,telemetry,1769615857420,1769615857674,1769615857674,1769615857674,1769615857674,1769615857674,300,5000,ok
adaede6c-00ca-4bff-8581-99cefe3f0ea1,esp32-01,telemetry,1769615857440,1769615857674,1769615857675,1769615857675,1769615857675,1769615857675,300,5000,ok
f0c267c4-60ed-49bf-930d-8a647fd7c73d,esp32-02,telemetry,1769615857461,1769615857675,1769615857675,1769615857675,1769615857675,1769615857675,300,5000,ok
0deecbd7-3c09-479e-8d16-8155e0f96945,esp32-03,telemetry,1769615857481,1769615857689,1769615857689,1769615857689,1769615857689,1769615857689,300,5000,ok
4c80911c-f079-424e-a2af-8c9a8956d952,esp32-01,telemetry,1769615857501,1769615857802,1769615857803,1769615857803,1769615857803,1769615857803,300,5000,ok
e1f23c13-f83b-49a0-bfe7-314b6bcfa103,esp32-02,telemetry,1769615858375,1769615858625,1769615858625,1769615858625,1769615858625,1769615858625,300,5000,ok
30b53ce0-cf14-461a-b22a-c19f06e6706a,esp32-03,telemetry,1769615858394,1769615858625,1769615858626,1769615858626,1769615858626,1769615858626,300,5000,ok
12df6f1f-00fd-499e-828b-0830e111e1d2,esp32-01,telemetry,1769615858415,1769615858625,1769615858626,1769615858626,1769615858626,1769615858626,300,5000,ok
18017e9e-5d1f-4ad8-8887-773852366f04,esp32-02,telemetry,1769615858434,1769615858645,1769615858645,1769615858645,1769615858645,1769615858645,300,5000,ok
e83ec715-1698-4dc6-b7f2-a62ad6787fcc,esp32-03,telemetry,1769615858454,1769615858741,1769615858742,1769615858742,1769615858742,1769615858742,300,5000,ok
1fa97852-5bc6-4323-b6d9-dce95121ce05,esp32-01,telemetry,1769615858475,1769615858742,1769615858743,1769615858743,1769615858743,1769615858743,300,5000,ok
f8b4ab9c-695e-4a83-93f0-77b99773c28b,esp32-02,telemetry,1769615858495,1769615858742,1769615858746,1769615858746,1769615858746,1769615858746,300,5000,ok
154ba5fd-23e6-4fbe-befc-ebef29dc69f6,esp32-03,telemetry,1769615858516,1769615858743,1769615858747,1769615858747,1769615858747,1769615858747,300,5000,ok
74b41304-fdf6-4962-a857-90b02c8c7fd8,esp32-01,telemetry,1769615858535,1769615858743,1769615858748,1769615858748,1769615858748,1769615858748,300,5000,ok
79cbde06-2f7a-4b63-9ed6-34b92121ed7b,esp32-02,telemetry,1769615858556,1769615858811,1769615858811,1769615858811,1769615858811,1769615858811,300,5000,ok
7a249dce-120a-47c4-973b-f44cb587d7cf,esp32-02,telemetry,1769615859398,1769615859700,1769615859700,1769615859700,1769615859700,1769615859700,300,5000,ok
0e6a132f-bf6f-45e8-b0f8-9e96cc5da4bb,esp32-03,telemetry,1769615859417,1769615859700,1769615859701,1769615859701,1769615859701,1769615859701,300,5000,ok
79344506-993c-4b16-a31c-f8851f52cfb7,esp32-01,telemetry,1769615859438,1769615859700,1769615859701,1769615859701,1769615859701,1769615859701,300,5000,ok
1d19345c-4801-4ed3-9d86-3e60256e18b4,esp32-02,telemetry,1769615859459,1769615859700,1769615859701,1769615859701,1769615859701,1769615859701,300,5000,ok
61d2448c-d708-48b9-a517-11318c9f9aa9,esp32-03,telemetry,1769615859479,1769615859700,1769615859702,1769615859702,1769615859702,1769615859702,300,5000,ok
788a3acd-194a-4ba8-ab6e-b96ed0c96e1d,esp32-01,telemetry,1769615859500,1769615859700,1769615859702,1769615859702,1769615859702,1769615859702,300,5000,ok
f97b892f-89da-4dc9-a218-1d75b8dda1c5,esp32-02,telemetry,1769615859520,1769615859769,1769615859769,1769615859769,1769615859769,1769615859769,300,5000,ok
673ca8bb-85cf-4811-bd8e-64c642975ea0,esp32-03,telemetry,1769615859541,1769615859769,1769615859770,1769615859770,1769615859770,1769615859770,300,5000,ok
7a9d513d-548b-4db4-bd7e-1e6c1de95dcd,esp32-01,telemetry,1769615859560,1769615859770,1769615859771,1769615859771,1769615859771,1769615859771,300,5000,ok
90b7e710-a5cd-4cf4-83e0-417f42c21f40,esp32-02,telemetry,1769615859581,1769615859874,1769615859874,1769615859874,1769615859874,1769615859874,300,5000,ok
e46f27c6-914d-49c5-9f40-5becbf58d453,esp32-03,telemetry,1769615860449,1769615860705,1769615860705,1769615860705,1769615860705,1769615860705,300,5000,ok
45a79c82-3235-4062-870d-5d7c7cfa24d7,esp32-01,telemetry,1769615860469,1769615860705,1769615860705,1769615860705,1769615860705,1769615860705,300,5000,ok
99e074b1-7405-4a01-9340-b3b9c9094418,esp32-02,telemetry,1769615860489,1769615860705,1769615860706,1769615860706,1769615860706,1769615860706,300,5000,ok
c366081e-61f5-46fe-8646-1397a347400e,esp32-03,telemetry,1769615860510,1769615860705,1769615860706,1769615860706,1769615860706,1769615860706,300,5000,ok
a578cce1-3049-420f-abe3-32d803686de6,esp32-01,telemetry,1769615860529,1769615860805,1769615860805,1769615860805,1769615860805,1769615860805,300,5000,ok
4208c14c-470d-4792-bc21-a98128fcc56f,esp32-02,telemetry,1769615860550,1769615860806,1769615860806,1769615860806,1769615860806,1769615860806,300,5000,ok
56c7f9c1-3486-4b54-9632-c5ada89b1758,esp32-03,telemetry,1769615860570,1769615860806,1769615860807,1769615860807,1769615860807,1769615860807,300,5000,ok
bf09783e-2c1d-4c6a-b5bf-792899840326,esp32-01,telemetry,1769615860590,1769615860806,1769615860807,1769615860807,1769615860807,1769615860807,300,5000,ok
add8f8e0-aae4-4c90-8496-ab7266229642,esp32-02,telemetry,1769615860609,1769615860806,1769615860807,1769615860807,1769615860807,1769615860807,300,5000,ok
a83d52c6-abd0-4ea9-8ad5-2dfca0d652c4,esp32-03,telemetry,1769615860629,1769615860894,1769615860894,1769615860894,1769615860894,1769615860894,300,5000,ok
e026727b-4acd-4b8e-8f1c-792497aa813d,esp32-02,telemetry,1769615861454,1769615861745,1769615861745,1769615861745,1769615861745,1769615861745,300,5000,ok
d426855f-585c-45d1-abb1-ad0c761b719e,esp32-03,telemetry,1769615861474,1769615861746,1769615861746,1769615861746,1769615861746,1769615861746,300,5000,ok
895352d5-384d-487e-b373-3bddab1f55b3,esp32-01,telemetry,1769615861494,1769615861746,1769615861746,1769615861746,1769615861746,1769615861746,300,5000,ok
7950c836-f052-4675-a7b8-3a49bd0227f0,esp32-02,telemetry,1769615861515,1769615861746,1769615861747,1769615861747,1769615861747,1769615861747,300,5000,ok
d0c9feef-1b00-417e-b399-27d2785d1b87,esp32-03,telemetry,1769615861536,1769615861746,1769615861747,1769615861747,1769615861747,1769615861747,300,5000,ok
2693d6cd-6065-4c15-a939-fd762b8690b0,esp32-01,telemetry,1769615861555,1769615861746,1769615861747,1769615861747,1769615861747,1769615861747,300,5000,ok
0d9c5cbb-1594-476f-b837-1935863c5c85,esp32-02,telemetry,1769615861575,1769615861779,1769615861780,1769615861780,1769615861780,1769615861780,300,5000,ok
ed5dd39f-efcd-41de-a2a6-3d25782a4309,esp32-03,telemetry,1769615861596,1769615861818,1769615861818,1769615861818,1769615861818,1769615861818,300,5000,ok
bfd786cc-89f2-4979-a232-5f2cb152e1de,esp32-01,telemetry,1769615861615,1769615861819,1769615861819,1769615861819,1769615861819,1769615861819,300,5000,ok
4fb51129-c98f-4005-9a5b-992dbd4c7640,esp32-02,telemetry,1769615861636,1769615861927,1769615861927,1769615861927,1769615861927,1769615861927,300,5000,ok
345ab859-e85d-4947-a198-cd6e886b8cf9,esp32-01,telemetry,1769615862525,1769615862814,1769615862815,1769615862815,1769615862815,1769615862815,300,5000,ok
072118b3-9f31-4f2f-bc6f-e51c24fe3652,esp32-02,telemetry,1769615862545,1769615862815,1769615862816,1769615862816,1769615862816,1769615862816,300,5000,ok
cdcf28fb-6f96-48a6-9b22-8e47ad131847,esp32-03,telemetry,1769615862565,1769615862816,1769615862816,1769615862816,1769615862816,1769615862816,300,5000,ok
4b2d6303-148b-46b5-badb-63eff84d732d,esp32-01,telemetry,1769615862585,1769615862816,1769615862817,1769615862817,1769615862817,1769615862817,300,5000,ok
11defcd0-6985-4426-82b5-579628fb8224,esp32-02,telemetry,1769615862604,1769615862816,1769615862817,1769615862817,1769615862817,1769615862817,300,5000,ok
15e5dcbc-6be0-4016-ac21-1697777bad04,esp32-03,telemetry,1769615862625,1769615862816,1769615862818,1769615862818,1769615862818,1769615862818,300,5000,ok
36aa31bc-d8d6-45f1-935a-e465c0d753f0,esp32-01,telemetry,1769615862645,1769615862901,1769615862901,1769615862901,1769615862901,1769615862901,300,5000,ok
81e363c1-6f29-46ab-ae29-b0429d18957b,esp32-02,telemetry,1769615862665,1769615862901,1769615862901,1769615862901,1769615862901,1769615862901,300,5000,ok
cef163e8-593f-4e7a-96ab-9cff05051497,esp32-03,telemetry,1769615862685,1769615862902,1769615862902,1769615862902,1769615862902,1769615862902,300,5000,ok
dee22825-54d6-4ad0-85af-864115a18975,esp32-01,telemetry,1769615862704,1769615862902,1769615862902,1769615862902,1769615862902,1769615862902,300,5000,ok
dd393dc6-b11a-455d-ac26-62a742ac9051,esp32-02,telemetry,1769615863571,1769615863837,1769615863838,1769615863838,1769615863838,1769615863838,300,5000,ok
5541bde5-381c-4d61-b1c3-ba13eca9c99e,esp32-03,telemetry,1769615863591,1769615863838,1769615863839,1769615863839,1769615863839,1769615863839,300,5000,ok
d58ebbeb-e7dc-4b5c-a343-803a8f950a66,esp32-01,telemetry,1769615863611,1769615863838,1769615863839,1769615863839,1769615863839,1769615863839,300,5000,ok
aea79428-a68b-4bd9-91e9-522157eaf3ab,esp32-02,telemetry,1769615863632,1769615863838,1769615863840,1769615863840,1769615863840,1769615863840,300,5000,ok
25d254e2-3683-4a5f-aec7-0233d5a8b89b,esp32-03,telemetry,1769615863652,1769615863942,1769615863942,1769615863942,1769615863942,1769615863942,300,5000,ok
179aee6a-e4e0-40e4-8471-ba85cad0418e,esp32-01,telemetry,1769615863672,1769615863942,1769615863942,1769615863942,1769615863942,1769615863942,300,5000,ok
8f7c5dbf-610d-48b0-8a95-168b2ae03c41,esp32-02,telemetry,1769615863693,1769615863942,1769615863943,1769615863943,1769615863943,1769615863943,300,5000,ok
dac840bc-f252-405d-bdd3-f2756fea69b2,esp32-03,telemetry,1769615863713,1769615863942,1769615863943,1769615863943,1769615863943,1769615863943,300,5000,ok
5af47081-316c-4cba-95c1-2a1c2a164d9f,esp32-01,telemetry,1769615863734,1769615863942,1769615863944,1769615863944,1769615863944,1769615863944,300,5000,ok
33489280-a559-4a92-85f3-15f9fbb09c84,esp32-02,telemetry,1769615863755,1769615864023,1769615864023,1769615864023,1769615864023,1769615864023,300,5000,ok
62db31a3-ad14-4195-8013-b3ff340ba863,esp32-01,telemetry,1769615864580,1769615864870,1769615864870,1769615864870,1769615864870,1769615864870,300,5000,ok
bcb6626f-e2d0-44f7-b12a-bba8d8bf7466,esp32-02,telemetry,1769615864601,1769615864870,1769615864871,1769615864871,1769615864871,1769615864871,300,5000,ok
5a1049c4-32e4-482f-b6c1-fef46b3d4174,esp32-03,telemetry,1769615864621,1769615864870,1769615864871,1769615864871,1769615864871,1769615864871,300,5000,ok
ec26d152-b5fa-4dbc-91fc-878467608dbf,esp32-01,telemetry,1769615864641,1769615864870,1769615864871,1769615864871,1769615864871,1769615864871,300,5000,ok
a950e73b-11f8-4d11-9603-819de77ca36c,esp32-02,telemetry,1769615864660,1769615864870,1769615864872,1769615864872,1769615864872,1769615864872,300,5000,ok
a2fcefe9-cbc1-4060-8bcd-61066cc41137,esp32-03,telemetry,1769615864680,1769615864870,1769615864872,1769615864872,1769615864872,1769615864872,300,5000,ok
ed5852a4-371e-430c-80a2-7c8229e9c5dd,esp32-01,telemetry,1769615864701,1769615864955,1769615864955,1769615864955,1769615864955,1769615864955,300,5000,ok
596c740a-291f-4f62-be43-71d1215a5333,esp32-02,telemetry,1769615864722,1769615864955,1769615864956,1769615864956,1769615864956,1769615864956,300,5000,ok
1856d050-f7ce-4a01-969c-4c26fa34718f,esp32-03,telemetry,1769615864742,1769615864955,1769615864956,1769615864956,1769615864956,1769615864956,300,5000,ok
6390cb8d-81df-42a2-ab16-60cfaa9f5741,esp32-01,telemetry,1769615864762,1769615864956,1769615864957,1769615864957,1769615864957,1769615864957,300,5000,ok
9a89b15f-fa25-4564-8c8c-303d1c222d6f,esp32-02,telemetry,1769615865630,1769615865895,1769615865895,1769615865895,1769615865895,1769615865895,300,5000,ok
b23e8eaa-0591-4d0d-9bb7-689fbcf0b120,esp32-03,telemetry,1769615865650,1769615865895,1769615865895,1769615865895,1769615865895,1769615865895,300,5000,ok
194b0be0-fc03-49c9-8d2e-b86fb193e58f,esp32-01,telemetry,1769615865669,1769615865895,1769615865896,1769615865896,1769615865896,1769615865896,300,5000,ok
07919122-388f-4d8c-9dd3-9ddd79d2c6db,esp32-02,telemetry,1769615865690,1769615865895,1769615865896,1769615865896,1769615865896,1769615865897,300,5000,ok
423560c9-068e-4473-84d8-cbeb0e3fb3ae,esp32-03,telemetry,1769615865710,1769615865991,1769615865991,1769615865991,1769615865991,1769615865991,300,5000,ok
5fe57007-4263-479e-bb0b-bf65182767d3,esp32-01,telemetry,1769615865730,1769615865991,1769615865992,1769615865992,1769615865992,1769615865992,300,5000,ok
e26bacf0-5230-4b9d-aa03-0bbea3b38f0c,esp32-02,telemetry,1769615865750,1769615865991,1769615865992,1769615865992,1769615865992,1769615865992,300,5000,ok
a3959b5b-28be-4a43-b761-b1f480a4e6b7,esp32-03,telemetry,1769615865770,1769615865991,1769615865993,1769615865993,1769615865993,1769615865993,300,5000,ok
3b00f7c2-f7dc-4949-a1f6-7e683277b0d3,esp32-01,telemetry,1769615865790,1769615865992,1769615865993,1769615865993,1769615865993,1769615865993,300,5000,ok
22f2931f-530e-48c3-a507-84b7b0fc45cf,esp32-02,telemetry,1769615865809,1769615866081,1769615866081,1769615866081,1769615866081,1769615866081,300,5000,ok
87a05124-d5dd-443b-b34f-b2612941bf3e,esp32-01,telemetry,1769615866695,1769615866928,1769615866929,1769615866929,1769615866929,1769615866929,300,5000,ok
88f1ac24-2e08-400d-a158-45b3ca46d66c,esp32-02,telemetry,1769615866715,1769615866929,1769615866929,1769615866929,1769615866929,1769615866929,300,5000,ok
3f763ac3-7501-4ed7-a7bc-53d27eb65e77,esp32-03,telemetry,1769615866736,1769615866929,1769615866930,1769615866930,1769615866930,1769615866930,300,5000,ok
1839292d-3dda-4236-b8e1-4b4e66474e76,esp32-01,telemetry,1769615866755,1769615867046,1769615867046,1769615867046,1769615867046,1769615867046,300,5000,ok
5b184961-7658-4b8c-b019-605ea458d8df,esp32-02,telemetry,1769615866776,1769615867046,1769615867047,1769615867047,1769615867047,1769615867047,300,5000,ok
d08275d2-f90c-4da7-8520-c8ca73e2aa98,esp32-03,telemetry,1769615866795,1769615867047,1769615867048,1769615867048,1769615867048,1769615867048,300,5000,ok
37824845-96c7-4881-9608-94e90d23ab10,esp32-01,telemetry,1769615866816,1769615867047,1769615867048,1769615867048,1769615867048,1769615867048,300,5000,ok
a846367b-1628-44d7-a0e4-c75a4c7cca08,esp32-02,telemetry,1769615866835,1769615867047,1769615867049,1769615867049,1769615867049,1769615867049,300,5000,ok
ce133061-4660-4a24-beb7-8ac852ec166c,esp32-03,telemetry,1769615866857,1769615867047,1769615867049,1769615867049,1769615867049,1769615867049,300,5000,ok
3b0f5deb-2a24-45bc-af23-6208a2f0ca26,esp32-01,telemetry,1769615866877,1769615867181,1769615867181,1769615867181,1769615867181,1769615867181,300,5000,ok
6fbfd846-6c8c-4458-ba02-4beaf2809393,esp32-03,telemetry,1769615867648,1769615867937,1769615867937,1769615867937,1769615867937,1769615867937,300,5000,ok
da108f94-697f-4014-afee-46a79c7710b0,esp32-01,telemetry,1769615867668,1769615867937,1769615867938,1769615867938,1769615867938,1769615867938,300,5000,ok
634f7932-ce38-45a8-afe0-d12293cdfac9,esp32-02,telemetry,1769615867688,1769615867937,1769615867938,1769615867938,1769615867938,1769615867938,300,5000,ok
a9c73806-24b2-415b-b941-29b9e2f4d235,esp32-03,telemetry,1769615867708,1769615867937,1769615867939,1769615867939,1769615867939,1769615867939,300,5000,ok
ff38d1ef-cb69-4973-ba69-c96cbbd05284,esp32-01,telemetry,1769615867728,1769615867937,1769615867939,1769615867939,1769615867939,1769615867939,300,5000,ok
b93f5a8c-cfbd-4ad5-9ca3-6439bf63559f,esp32-02,telemetry,1769615867748,1769615867938,1769615867940,1769615867940,1769615867940,1769615867940,300,5000,ok
805555c8-90e5-4449-8ce2-d0cd6a2e847d,esp32-03,telemetry,1769615867767,1769615868056,1769615868056,1769615868056,1769615868056,1769615868056,300,5000,ok
4f83792b-6c6c-45d2-8f43-c44ad33082bb,esp32-01,telemetry,1769615867788,1769615868057,1769615868057,1769615868057,1769615868057,1769615868057,300,5000,ok
c2341924-db55-4914-b87d-d9476b063507,esp32-02,telemetry,1769615867808,1769615868057,1769615868058,1769615868058,1769615868058,1769615868058,300,5000,ok
6c37c0cb-e982-43b4-81dc-e37c0cd948c4,esp32-03,telemetry,1769615867827,1769615868057,1769615868058,1769615868058,1769615868058,1769615868058,300,5000,ok
450a567d-be86-429f-bc3d-73e2309c56ea,esp32-03,telemetry,1769615868673,1769615868967,1769615868968,1769615868968,1769615868968,1769615868968,300,5000,ok
a5ca4697-330a-4d9d-80d3-f2f21aeb0012,esp32-01,telemetry,1769615868693,1769615868969,1769615868971,1769615868971,1769615868971,1769615868971,300,5000,ok
a26292ef-9dd1-4881-8294-ef1c6fa9d847,esp32-02,telemetry,1769615868715,1769615868969,1769615868972,1769615868972,1769615868972,1769615868972,300,5000,ok
365dd3aa-0189-4fd3-aef0-9592c26f3842,esp32-03,telemetry,1769615868736,1769615868970,1769615868973,1769615868973,1769615868973,1769615868973,300,5000,ok
a7f05595-e5ff-414a-bbde-4f9822949ebf,esp32-01,telemetry,1769615868757,1769615868970,1769615868974,1769615868974,1769615868974,1769615868974,300,5000,ok
c459e4a0-45ff-4a40-a953-5db438bf0a95,esp32-02,telemetry,1769615868777,1769615868971,1769615868975,1769615868975,1769615868975,1769615868975,300,5000,ok
f823b916-f3e5-409b-8282-dfeaf3eb8d37,esp32-03,telemetry,1769615868798,1769615869031,1769615869031,1769615869031,1769615869031,1769615869031,300,5000,ok
5009194e-8912-4231-bcbe-7a03c69971a5,esp32-01,telemetry,1769615868819,1769615869031,1769615869032,1769615869032,1769615869032,1769615869032,300,5000,ok
fdda52a2-2da1-4637-9530-78ed8c236791,esp32-02,telemetry,1769615868840,1769615869031,1769615869032,1769615869032,1769615869032,1769615869032,300,5000,ok
83ce54ad-fea0-4f90-ab56-de3686fd8d6e,esp32-03,telemetry,1769615868860,1769615869153,1769615869153,1769615869153,1769615869153,1769615869153,300,5000,ok
8aef8a02-7fcd-40ae-b48f-4dd176edfea2,esp32-03,telemetry,1769615869767,1769615870058,1769615870058,1769615870058,1769615870058,1769615870058,300,5000,ok
bf9ed125-15bd-441a-ab9d-892339e270b7,esp32-01,telemetry,1769615869787,1769615870058,1769615870058,1769615870058,1769615870058,1769615870058,300,5000,ok
926644da-fe3a-4526-a5e2-455830453f5c,esp32-02,telemetry,1769615869807,1769615870058,1769615870059,1769615870059,1769615870059,1769615870059,300,5000,ok
099ed56c-f5e9-40ca-86ac-439dc735f939,esp32-03,telemetry,1769615869828,1769615870058,1769615870059,1769615870059,1769615870059,1769615870059,300,5000,ok
9774d43f-4927-4676-8f67-0d98029e1ec1,esp32-01,telemetry,1769615869848,1769615870058,1769615870060,1769615870060,1769615870060,1769615870060,300,5000,ok
ff05b555-b955-4c16-9b15-652075b8630c,esp32-02,telemetry,1769615869868,1769615870058,1769615870060,1769615870060,1769615870060,1769615870060,300,5000,ok
2f7b53cd-e874-4fe0-9ec0-3ecf9b34ef98,esp32-03,telemetry,1769615869888,1769615870178,1769615870178,1769615870178,1769615870178,1769615870178,300,5000,ok
a1afe48c-1227-49df-a9d0-42e709f9f83c,esp32-01,telemetry,1769615869909,1769615870178,1769615870179,1769615870179,1769615870179,1769615870179,300,5000,ok
fbf7677e-2d2e-4b45-a7a9-bcb3ebbae861,esp32-02,telemetry,1769615869929,1769615870178,1769615870180,1769615870180,1769615870180,1769615870180,300,5000,ok
4d0a2c6d-a3ad-45db-9321-171044539797,esp32-03,telemetry,1769615869949,1769615870179,1769615870180,1769615870180,1769615870180,1769615870180,300,5000,ok
8b0b8da8-c5a6-4ff0-b378-ba5d3e5e4745,esp32-03,telemetry,1769615870796,1769615871086,1769615871086,1769615871086,1769615871086,1769615871086,300,5000,ok
14c9481f-2f63-4a12-b281-49249a8d1f95,esp32-01,telemetry,1769615870815,1769615871087,1769615871087,1769615871087,1769615871087,1769615871087,300,5000,ok
559a5eea-c589-428e-bbe7-6c94eb621a7e,esp32-02,telemetry,1769615870835,1769615871087,1769615871088,1769615871088,1769615871088,1769615871088,300,5000,ok
d3fd3b16-26b9-4704-91cd-a4a521df197e,esp32-03,telemetry,1769615870856,1769615871087,1769615871088,1769615871088,1769615871088,1769615871088,300,5000,ok
61869869-1c86-4438-bd17-2c06b9541572,esp32-01,telemetry,1769615870876,1769615871087,1769615871089,1769615871089,1769615871089,1769615871089,300,5000,ok
4c479cde-0ad4-45ff-a11e-7e062b66e406,esp32-02,telemetry,1769615870896,1769615871087,1769615871090,1769615871090,1769615871090,1769615871090,300,5000,ok
274a5192-2231-4b48-9547-ddee36c7f22d,esp32-03,telemetry,1769615870915,1769615871152,1769615871152,1769615871152,1769615871152,1769615871152,300,5000,ok
2c1652d7-88c2-4187-bc5c-a73a8acdcbfd,esp32-01,telemetry,1769615870936,1769615871152,1769615871153,1769615871153,1769615871153,1769615871153,300,5000,ok
7952b05c-c166-4327-a299-e8cc82075bff,esp32-02,telemetry,1769615870956,1769615871152,1769615871153,1769615871153,1769615871153,1769615871153,300,5000,ok
56aa3f44-f4dd-4a81-9eed-647e169cfc2d,esp32-03,telemetry,1769615870976,1769615871245,1769615871245,1769615871245,1769615871245,1769615871245,300,5000,ok
6802a82e-bd6b-4b92-b34d-434f0f53b2cc,esp32-03,telemetry,1769615871893,1769615872107,1769615872107,1769615872107,1769615872107,1769615872107,300,5000,ok
903169b1-54d5-4e31-837f-9dac47b20109,esp32-01,telemetry,1769615871914,1769615872107,1769615872107,1769615872107,1769615872107,1769615872107,300,5000,ok
ecda580a-821c-4c1f-a243-bac66525f6ef,esp32-02,telemetry,1769615871933,1769615872211,1769615872211,1769615872211,1769615872211,1769615872211,300,5000,ok
8d5c1a15-3e5d-436e-8a0a-3bab74203b8d,esp32-03,telemetry,1769615871954,1769615872211,1769615872211,1769615872211,1769615872211,1769615872211,300,5000,ok
52aa89d7-d4ff-45a2-85a2-5e5b4b73f46d,esp32-01,telemetry,1769615871974,1769615872211,1769615872212,1769615872212,1769615872212,1769615872212,300,5000,ok
9e8c9694-9b6f-4198-b58f-940f6e9c5224,esp32-02,telemetry,1769615871995,1769615872211,1769615872212,1769615872212,1769615872212,1769615872212,300,5000,ok
c994b8b0-e4f3-4413-8ef2-4a08197fe3a4,esp32-03,telemetry,1769615872014,1769615872211,1769615872213,1769615872213,1769615872213,1769615872213,300,5000,ok
95720fc4-2a12-4a31-8bb3-3b29a095ac32,esp32-01,telemetry,1769615872035,1769615872246,1769615872246,1769615872246,1769615872246,1769615872246,300,5000,ok
06649743-77d9-418c-b50c-fb4a8342d0f9,esp32-02,telemetry,1769615872055,1769615872246,1769615872246,1769615872246,1769615872246,1769615872246,300,5000,ok
f0f76973-a007-4c38-a30d-55f4fdca17b4,esp32-03,telemetry,1769615872075,1769615872293,1769615872293,1769615872293,1769615872293,1769615872293,300,5000,ok
ade193d9-62be-45c4-a389-fb51b3b28204,esp32-03,telemetry,1769615872919,1769615873124,1769615873124,1769615873124,1769615873124,1769615873124,300,5000,ok
af89a66e-e0b6-400b-894a-5f2ede6a25eb,esp32-01,telemetry,1769615872938,1769615873177,1769615873177,1769615873177,1769615873177,1769615873177,300,5000,ok
3aa9d00a-c216-49a4-b37f-496dc8f98d79,esp32-02,telemetry,1769615872959,1769615873177,1769615873178,1769615873178,1769615873178,1769615873178,300,5000,ok
f3d5ecfb-27c6-4473-a82e-2357e4005c11,esp32-03,telemetry,1769615872980,1769615873177,1769615873178,1769615873178,1769615873178,1769615873178,300,5000,ok
6b2d0028-22ac-4f50-93d4-6471c82e5a52,esp32-01,telemetry,1769615873001,1769615873280,1769615873281,1769615873281,1769615873281,1769615873281,300,5000,ok
3733f401-9a27-4109-90f1-82a815c53aa3,esp32-02,telemetry,1769615873021,1769615873281,1769615873281,1769615873281,1769615873281,1769615873281,300,5000,ok
fbd9ae6d-f478-412a-be7c-db965ad529c2,esp32-03,telemetry,1769615873041,1769615873281,1769615873282,1769615873282,1769615873282,1769615873282,300,5000,ok
f0f87618-38b8-4fb9-910d-0b2af0af8eb1,esp32-01,telemetry,1769615873062,1769615873281,1769615873282,1769615873282,1769615873282,1769615873282,300,5000,ok
72f5ab59-b6da-4006-b833-524dffd9b2b9,esp32-02,telemetry,1769615873081,1769615873281,1769615873283,1769615873283,1769615873283,1769615873283,300,5000,ok
42140547-1221-425e-a6b3-c13edb1b35d4,esp32-03,telemetry,1769615873102,1769615873311,1769615873311,1769615873311,1769615873311,1769615873311,300,5000,ok
f6da0475-2e25-49f1-81bb-a0f9a46fa4b2,esp32-02,telemetry,1769615873868,1769615874158,1769615874158,1769615874158,1769615874158,1769615874158,300,5000,ok
8b21877d-b80d-4977-9aef-f6615a43dd8f,esp32-03,telemetry,1769615873888,1769615874158,1769615874159,1769615874159,1769615874159,1769615874159,300,5000,ok
568e2f18-3a22-44cb-86c6-f83b039a3468,esp32-01,telemetry,1769615873909,1769615874158,1769615874159,1769615874159,1769615874159,1769615874159,300,5000,ok
9e79c6b0-2da3-42dc-a47b-28988f2f2b38,esp32-02,telemetry,1769615873928,1769615874158,1769615874160,1769615874160,1769615874160,1769615874160,300,5000,ok
91e4510c-68e8-4449-8c87-ddd18ed55e47,esp32-03,telemetry,1769615873948,1769615874158,1769615874160,1769615874160,1769615874160,1769615874160,300,5000,ok
b87fc89a-f2a0-4f0e-8a52-4edc3638b193,esp32-01,telemetry,1769615873968,1769615874159,1769615874161,1769615874161,1769615874161,1769615874161,300,5000,ok
76ff67f1-f913-42df-82e2-c327b8aadbad,esp32-02,telemetry,1769615873988,1769615874204,1769615874204,1769615874204,1769615874204,1769615874204,300,5000,ok
bce6757f-536a-4c96-a4a4-a6c5e5c50416,esp32-03,telemetry,1769615874009,1769615874204,1769615874204,1769615874204,1769615874204,1769615874204,300,5000,ok
ac63723c-9e19-464d-89b9-dbdea015d65c,esp32-01,telemetry,1769615874030,1769615874241,1769615874241,1769615874241,1769615874241,1769615874241,300,5000,ok
3d3f0413-2d29-4b19-bb8f-f79bbb8ea251,esp32-02,telemetry,1769615874049,1769615874242,1769615874242,1769615874242,1769615874242,1769615874242,300,5000,ok
a0adad29-27dd-4a49-b6ac-fee229bf632e,esp32-02,telemetry,1769615874961,1769615875174,1769615875174,1769615875174,1769615875174,1769615875174,300,5000,ok
e1f243e1-76b8-4514-9fb8-88e30b250f78,esp32-03,telemetry,1769615874980,1769615875175,1769615875175,1769615875175,1769615875175,1769615875175,300,5000,ok
6e772bc3-ce70-44a6-8d0b-799d52654b8e,esp32-01,telemetry,1769615875000,1769615875283,1769615875283,1769615875283,1769615875283,1769615875283,300,5000,ok
4aa544fb-704e-497b-a0f0-0432b7a82208,esp32-02,telemetry,1769615875021,1769615875283,1769615875284,1769615875284,1769615875284,1769615875284,300,5000,ok
1d0c6a42-6773-49ad-9952-9ade44a5400f,esp32-03,telemetry,1769615875040,1769615875283,1769615875284,1769615875284,1769615875284,1769615875284,300,5000,ok
cc44ddfc-9a20-4720-85e4-e235ae738038,esp32-01,telemetry,1769615875061,1769615875283,1769615875285,1769615875285,1769615875285,1769615875285,300,5000,ok
ce20c388-8dee-4c7c-8b47-42e91d7456b0,esp32-02,telemetry,1769615875080,1769615875283,1769615875285,1769615875285,1769615875285,1769615875285,300,5000,ok
61d05123-81c8-410a-baeb-23bae8eeed6e,esp32-03,telemetry,1769615875101,1769615875320,1769615875320,1769615875320,1769615875320,1769615875320,300,5000,ok
774afc68-8d6e-4ae1-b5cc-85bfcf64d2cf,esp32-01,telemetry,1769615875121,1769615875320,1769615875321,1769615875321,1769615875321,1769615875321,300,5000,ok
b60b9d6d-df74-40d1-8f49-0d0405069bc5,esp32-02,telemetry,1769615875141,1769615875361,1769615875361,1769615875361,1769615875361,1769615875361,300,5000,ok
363b767e-fe99-488c-867a-1327b717372f,esp32-02,telemetry,1769615875930,1769615876202,1769615876202,1769615876202,1769615876202,1769615876202,300,5000,ok
2087d3e1-6e40-4bb0-957e-623539b1cc22,esp32-02,alarm,1769615875992,1769615876203,1769615876203,1769615876203,1769615876203,1769615876203,150,10000,alarm_type
a843077d-c712-4f75-b9d0-1a8f608ff555,esp32-03,telemetry,1769615875950,1769615876202,1769615876204,1769615876204,1769615876204,1769615876204,300,5000,ok
6dfaccc6-499c-4086-b263-555ff76c8402,esp32-01,telemetry,1769615875970,1769615876202,1769615876204,1769615876204,1769615876204,1769615876204,300,5000,ok
cdc2ae8f-924a-46ee-b207-fa0b035814e7,esp32-02,telemetry,1769615875991,1769615876202,1769615876205,1769615876205,1769615876205,1769615876205,300,5000,ok
bf955b36-5246-48ad-adf7-346f5187bde8,esp32-03,telemetry,1769615876011,1769615876203,1769615876205,1769615876205,1769615876205,1769615876205,300,5000,ok
59c2b835-48fc-409a-b46a-0f6853817b85,esp32-01,telemetry,1769615876030,1769615876250,1769615876251,1769615876251,1769615876251,1769615876251,300,5000,ok
093b2da6-4fff-4fa1-a1ab-e4bbb5316da2,esp32-02,telemetry,1769615876050,1769615876251,1769615876251,1769615876251,1769615876251,1769615876251,300,5000,ok
d0fe4c7d-505e-48e9-807b-fa57891f6664,esp32-03,telemetry,1769615876071,1769615876298,1769615876299,1769615876299,1769615876299,1769615876299,300,5000,ok
5b2928a5-9dde-42dd-ae3b-a5e6531683d3,esp32-01,telemetry,1769615876091,1769615876303,1769615876303,1769615876303,1769615876303,1769615876303,300,5000,ok
91005f53-71b8-491a-9c1a-1b793e10f4e4,esp32-03,telemetry,1769615876973,1769615877242,1769615877242,1769615877242,1769615877242,1769615877242,300,5000,ok
0dae2021-711f-4b46-8f80-f7903f453bd0,esp32-01,telemetry,1769615876993,1769615877242,1769615877242,1769615877242,1769615877242,1769615877242,300,5000,ok
4b162b34-94de-4844-aaba-6bfb6f70d54a,esp32-02,telemetry,1769615877014,1769615877243,1769615877243,1769615877243,1769615877243,1769615877243,300,5000,ok
8091e285-4a0f-4576-aa97-41b7e1c870e9,esp32-03,telemetry,1769615877034,1769615877243,1769615877243,1769615877243,1769615877243,1769615877243,300,5000,ok
c833fdac-9819-48c0-9336-437c93fff2ba,esp32-01,telemetry,1769615877054,1769615877336,1769615877336,1769615877336,1769615877336,1769615877336,300,5000,ok
35fa7366-db40-413c-aae9-97caf746a166,esp32-02,telemetry,1769615877073,1769615877336,1769615877337,1769615877337,1769615877337,1769615877337,300,5000,ok
7c026f03-694f-46ba-9bd5-b2199dd2c9fd,esp32-03,telemetry,1769615877094,1769615877336,1769615877337,1769615877337,1769615877337,1769615877337,300,5000,ok
46e53972-6f6b-46ed-b90d-ce3387cbd010,esp32-01,telemetry,1769615877113,1769615877336,1769615877337,1769615877337,1769615877337,1769615877337,300,5000,ok
fa9d2bc1-8ba6-4208-8e36-e6238f62bd64,esp32-02,telemetry,1769615877134,1769615877336,1769615877338,1769615877338,1769615877338,1769615877338,300,5000,ok
826f9fc1-9e33-40eb-90e9-ed7f578eb002,esp32-03,telemetry,1769615877153,1769615877429,1769615877429,1769615877429,1769615877429,1769615877429,300,5000,ok
ea67ad60-9a5d-4296-bee7-15bab131a0d9,esp32-03,telemetry,1769615877999,1769615878269,1769615878269,1769615878269,1769615878269,1769615878269,300,5000,ok
04bca67d-e01b-4be2-9a23-92dcf53db3c1,esp32-01,telemetry,1769615878018,1769615878269,1769615878270,1769615878270,1769615878270,1769615878270,300,5000,ok
0882f180-3c5f-438d-ae72-0cb48a381bb6,esp32-02,telemetry,1769615878038,1769615878269,1769615878270,1769615878270,1769615878270,1769615878270,300,5000,ok
e2b6f876-f44b-4d8f-bfa0-d853a57ed1b3,esp32-03,telemetry,1769615878059,1769615878269,1769615878271,1769615878271,1769615878271,1769615878271,300,5000,ok
09797406-db78-4066-8a7b-91368f877a22,esp32-01,telemetry,1769615878080,1769615878363,1769615878363,1769615878363,1769615878363,1769615878363,300,5000,ok
fb9c309f-ed0c-4ed0-9284-f94542fc562b,esp32-02,telemetry,1769615878099,1769615878363,1769615878364,1769615878364,1769615878364,1769615878364,300,5000,ok
608be53a-4a3f-4b4a-a52c-b4a7d0ba6dff,esp32-03,telemetry,1769615878119,1769615878363,1769615878364,1769615878364,1769615878364,1769615878364,300,5000,ok
68cc660c-4611-4289-851f-ed362bebfbbf,esp32-01,telemetry,1769615878140,1769615878363,1769615878365,1769615878365,1769615878365,1769615878365,300,5000,ok
b23566d5-f365-4206-9874-69adbc0e63f4,esp32-02,telemetry,1769615878160,1769615878364,1769615878365,1769615878365,1769615878365,1769615878365,300,5000,ok
30beb469-865a-4eeb-b3bf-b81199c81801,esp32-03,telemetry,1769615878179,1769615878456,1769615878456,1769615878456,1769615878456,1769615878456,300,5000,ok
ec1144d8-41f0-426c-a5bb-35495bb74a3a,esp32-02,telemetry,1769615879020,1769615879295,1769615879295,1769615879295,1769615879295,1769615879295,300,5000,ok
c7b1f7f3-0828-48ac-b367-9aa6a45d16af,esp32-03,telemetry,1769615879040,1769615879296,1769615879296,1769615879296,1769615879296,1769615879296,300,5000,ok
ec4e945a-c504-401d-bfa8-76ab6a500a29,esp32-01,telemetry,1769615879060,1769615879296,1769615879297,1769615879297,1769615879297,1769615879297,300,5000,ok
d4cf93f3-2349-4620-88f1-b0ed8be23166,esp32-02,telemetry,1769615879080,1769615879296,1769615879297,1769615879297,1769615879297,1769615879297,300,5000,ok
7d75376f-23c8-41ab-b5ea-4f01bdd53f87,esp32-03,telemetry,1769615879100,1769615879296,1769615879298,1769615879298,1769615879298,1769615879298,300,5000,ok
d6ee944f-c013-4e03-b588-f9063f892420,esp32-01,telemetry,1769615879121,1769615879392,1769615879392,1769615879392,1769615879392,1769615879392,300,5000,ok
e1df6a95-f0d6-4e50-b80c-4c73e44de173,esp32-02,telemetry,1769615879140,1769615879393,1769615879393,1769615879393,1769615879393,1769615879393,300,5000,ok
bea436a6-4e1a-44ff-94ca-04f08f90184b,esp32-03,telemetry,1769615879160,1769615879393,1769615879393,1769615879393,1769615879393,1769615879393,300,5000,ok
d5a5ff1b-93e7-4e54-91b9-fdf660a16873,esp32-01,telemetry,1769615879181,1769615879393,1769615879394,1769615879394,1769615879394,1769615879394,300,5000,ok
fedcc5d7-1aaa-470a-9bc4-2871f78e5ed6,esp32-02,telemetry,1769615879201,1769615879393,1769615879394,1769615879394,1769615879394,1769615879394,300,5000,ok
cef0ead3-248d-4749-8b93-fdf9d0dc5db5,esp32-02,telemetry,1769615880046,1769615880336,1769615880336,1769615880336,1769615880336,1769615880336,300,5000,ok
f81b8300-1ee2-4eba-8115-e3a695aaab0e,esp32-03,telemetry,1769615880067,1769615880337,1769615880337,1769615880337,1769615880337,1769615880337,300,5000,ok
a7cc6f54-c16a-4e10-a2db-537ddae8081a,esp32-01,telemetry,1769615880086,1769615880337,1769615880338,1769615880338,1769615880338,1769615880338,300,5000,ok
1e971098-77a7-46b4-bdf3-528ed1ebf1d5,esp32-02,telemetry,1769615880106,1769615880337,1769615880338,1769615880338,1769615880338,1769615880338,300,5000,ok
01cd4ef5-5c97-42e1-8be8-ffbb52c3a4c1,esp32-03,telemetry,1769615880127,1769615880337,1769615880339,1769615880339,1769615880339,1769615880339,300,5000,ok
151b5604-ad5d-4ef6-bbf8-dc9e0806b4e8,esp32-01,telemetry,1769615880147,1769615880337,1769615880339,1769615880339,1769615880339,1769615880339,300,5000,ok
f4760ff7-b24b-43ff-ae3a-c01f49f44909,esp32-02,telemetry,1769615880166,1769615880369,1769615880369,1769615880369,1769615880369,1769615880369,300,5000,ok
e758b640-846f-4923-b2ab-106d9f2a64cf,esp32-03,telemetry,1769615880186,1769615880414,1769615880415,1769615880415,1769615880415,1769615880415,300,5000,ok
08f154e1-11d0-4b87-9997-75ac7f74f13b,esp32-01,telemetry,1769615880207,1769615880415,1769615880415,1769615880415,1769615880415,1769615880415,300,5000,ok
bd750ba8-c07a-4469-b9d7-25adf3a60167,esp32-02,telemetry,1769615880228,1769615880518,1769615880518,1769615880518,1769615880518,1769615880518,300,5000,ok
f7984e08-e648-40f5-9858-3ced7d195a55,esp32-01,telemetry,1769615881119,1769615881346,1769615881346,1769615881346,1769615881346,1769615881346,300,5000,ok
9014ccf9-9a05-41a9-b975-279b1ee0d85c,esp32-02,telemetry,1769615881139,1769615881346,1769615881347,1769615881347,1769615881347,1769615881347,300,5000,ok
426d7929-46fc-466a-932c-58ebb3b38ed2,esp32-03,telemetry,1769615881159,1769615881434,1769615881434,1769615881434,1769615881434,1769615881435,300,5000,ok
fd5125c4-5658-4dc0-b141-58b90ba391fb,esp32-01,telemetry,1769615881179,1769615881435,1769615881435,1769615881435,1769615881435,1769615881435,300,5000,ok
cca2c4d6-9a4e-4010-b597-93aa21d3fe6a,esp32-02,telemetry,1769615881198,1769615881435,1769615881436,1769615881436,1769615881436,1769615881436,300,5000,ok
65c24b7f-7b44-4572-bb08-13b4f36232d2,esp32-03,telemetry,1769615881219,1769615881435,1769615881436,1769615881436,1769615881436,1769615881436,300,5000,ok
3db74c37-e0a9-41e4-beb0-c7f86775b37d,esp32-01,telemetry,1769615881239,1769615881435,1769615881436,1769615881436,1769615881436,1769615881436,300,5000,ok
9bf87964-7af4-4a5f-812b-d177da5cfcc6,esp32-02,telemetry,1769615881260,1769615881534,1769615881534,1769615881534,1769615881534,1769615881534,300,5000,ok
aa872625-1566-445d-b3fc-6aab6744ea9b,esp32-03,telemetry,1769615881279,1769615881534,1769615881535,1769615881535,1769615881535,1769615881535,300,5000,ok
3fe7e27d-9499-492c-9da8-416a20d2328a,esp32-01,telemetry,1769615881300,1769615881534,1769615881535,1769615881535,1769615881535,1769615881535,300,5000,ok
f266e419-b19b-4558-b9e6-b902c6924da0,esp32-02,telemetry,1769615882104,1769615882379,1769615882380,1769615882380,1769615882380,1769615882380,300,5000,ok
660c2578-1a57-4440-9fad-aaa3d2076cac,esp32-03,telemetry,1769615882123,1769615882380,1769615882380,1769615882380,1769615882380,1769615882380,300,5000,ok
ef9c8e8f-4380-4971-8390-540b4457abdf,esp32-01,telemetry,1769615882144,1769615882380,1769615882381,1769615882381,1769615882381,1769615882381,300,5000,ok
7a081afe-8d68-4398-a524-7b7359a22a52,esp32-02,telemetry,1769615882164,1769615882380,1769615882381,1769615882381,1769615882381,1769615882381,300,5000,ok
25d41fc1-71cf-4067-ae4e-e189f9ab39f3,esp32-03,telemetry,1769615882184,1769615882380,1769615882382,1769615882382,1769615882382,1769615882382,300,5000,ok
afe306d6-c863-4a4a-9d3f-3b1838509f19,esp32-01,telemetry,1769615882203,1769615882462,1769615882462,1769615882462,1769615882462,1769615882462,300,5000,ok
d756005e-6cb4-4d75-b46b-2511fa9a1a3f,esp32-02,telemetry,1769615882224,1769615882462,1769615882463,1769615882463,1769615882463,1769615882463,300,5000,ok
5ccc3ca2-524e-4b9d-865f-ba3ea9540f02,esp32-03,telemetry,1769615882244,1769615882462,1769615882463,1769615882463,1769615882463,1769615882463,300,5000,ok
52a0224b-1b6a-40f0-b7a2-628f16c3eee3,esp32-01,telemetry,1769615882265,1769615882462,1769615882464,1769615882464,1769615882464,1769615882464,300,5000,ok
ce322b7b-f5b2-4368-9197-d7de7e3f682b,esp32-02,telemetry,1769615882285,1769615882566,1769615882566,1769615882566,1769615882566,1769615882566,300,5000,ok
e0749b9d-3c97-497b-9b03-c914a9e1a32b,esp32-02,telemetry,1769615883136,1769615883394,1769615883394,1769615883394,1769615883394,1769615883394,300,5000,ok
a24a1efc-46f2-435b-8739-4d1f6c16d132,esp32-03,telemetry,1769615883156,1769615883395,1769615883395,1769615883395,1769615883395,1769615883395,300,5000,ok
af90832b-39e0-4bb2-a440-78e85092dcaf,esp32-01,telemetry,1769615883176,1769615883395,1769615883395,1769615883395,1769615883395,1769615883395,300,5000,ok
f808c627-9f28-4609-8877-acae1a677b47,esp32-02,telemetry,1769615883196,1769615883395,1769615883396,1769615883396,1769615883396,1769615883396,300,5000,ok
ef5c2799-9cf0-408d-a62a-5b558e6fab4e,esp32-03,telemetry,1769615883216,1769615883498,1769615883498,1769615883498,1769615883498,1769615883498,300,5000,ok
51fd9db2-160f-4799-972c-c8d42ba1b429,esp32-01,telemetry,1769615883236,1769615883498,1769615883498,1769615883498,1769615883498,1769615883498,300,5000,ok
dfc727f5-9787-4d49-a5e3-6e20cd5bb0a4,esp32-02,telemetry,1769615883256,1769615883498,1769615883499,1769615883499,1769615883499,1769615883499,300,5000,ok
6c8fbb2e-8b46-43ae-8904-08d33fcc7383,esp32-03,telemetry,1769615883277,1769615883498,1769615883499,1769615883499,1769615883499,1769615883499,300,5000,ok
b47b245a-204b-4a97-a443-0c5764cba689,esp32-01,telemetry,1769615883296,1769615883498,1769615883500,1769615883500,1769615883500,1769615883500,300,5000,ok
03b5a532-8cba-4ff6-a41d-7a82c26ae2c5,esp32-02,telemetry,1769615883316,1769615883581,1769615883581,1769615883581,1769615883581,1769615883581,300,5000,ok
8bfba4be-a713-466f-a325-bc1b6bf06b96,esp32-01,telemetry,1769615884142,1769615884433,1769615884433,1769615884433,1769615884433,1769615884433,300,5000,ok
51460d2e-a7bc-4dad-92f7-8578243b7e7b,esp32-02,telemetry,1769615884162,1769615884433,1769615884434,1769615884434,1769615884434,1769615884434,300,5000,ok
0f48e468-ceae-4144-a9f0-5183d75cfb1f,esp32-03,telemetry,1769615884182,1769615884433,1769615884435,1769615884435,1769615884435,1769615884435,300,5000,ok
0b575f27-75ec-45f7-89ba-be7e0110b75a,esp32-01,telemetry,1769615884202,1769615884433,1769615884435,1769615884435,1769615884435,1769615884435,300,5000,ok
dce593ee-dbfa-4c54-9351-a9ede69165cc,esp32-02,telemetry,1769615884222,1769615884433,1769615884436,1769615884436,1769615884436,1769615884436,300,5000,ok
375eafd3-9482-4e47-baef-4591066f51f8,esp32-03,telemetry,1769615884243,1769615884433,1769615884436,1769615884436,1769615884436,1769615884436,300,5000,ok
5126ad5b-ece1-43d8-b1a7-019a2ba9f869,esp32-01,telemetry,1769615884263,1769615884516,1769615884516,1769615884516,1769615884516,1769615884516,300,5000,ok
6d25062b-30a8-4b66-9d6e-dce8299bf952,esp32-02,telemetry,1769615884284,1769615884516,1769615884516,1769615884516,1769615884516,1769615884516,300,5000,ok
d1aef877-647f-49f2-aaf2-c414b6127678,esp32-03,telemetry,1769615884304,1769615884517,1769615884517,1769615884517,1769615884517,1769615884517,300,5000,ok
f5347d1a-db1d-43cd-879b-c43ca532e2b4,esp32-01,telemetry,1769615884324,1769615884517,1769615884517,1769615884517,1769615884517,1769615884517,300,5000,ok
50abdfae-b47b-4c57-aa25-18a35ffe9604,esp32-02,telemetry,1769615885191,1769615885449,1769615885449,1769615885449,1769615885449,1769615885449,300,5000,ok
352085bc-a589-4d8f-af60-157759e75ef1,esp32-03,telemetry,1769615885211,1769615885449,1769615885450,1769615885450,1769615885450,1769615885450,300,5000,ok
6cd5d935-261b-41a1-bb52-eec2b870a168,esp32-01,telemetry,1769615885231,1769615885449,1769615885450,1769615885450,1769615885450,1769615885450,300,5000,ok
f3d9a183-e547-47a3-8774-0d4ad888d16c,esp32-02,telemetry,1769615885252,1769615885449,1769615885450,1769615885450,1769615885450,1769615885450,300,5000,ok
5a664de2-6729-4595-bba4-2cb426cd5142,esp32-03,telemetry,1769615885273,1769615885552,1769615885552,1769615885552,1769615885552,1769615885552,300,5000,ok
62912783-25d0-4466-9e22-08ca1daf4e84,esp32-01,telemetry,1769615885293,1769615885553,1769615885553,1769615885553,1769615885553,1769615885553,300,5000,ok
7a767721-d7af-482a-8791-ae71a69a179d,esp32-02,telemetry,1769615885314,1769615885553,1769615885554,1769615885554,1769615885554,1769615885554,300,5000,ok
1030be03-34f4-4152-b1e1-3509a496fdf8,esp32-03,telemetry,1769615885334,1769615885553,1769615885554,1769615885554,1769615885554,1769615885554,300,5000,ok
4d44f3ec-bf50-493b-bede-3c373cd658ee,esp32-01,telemetry,1769615885354,1769615885553,1769615885555,1769615885555,1769615885555,1769615885555,300,5000,ok
2a1b115b-a5b4-4ad7-9451-0b6294a1f599,esp32-02,telemetry,1769615885375,1769615885636,1769615885636,1769615885636,1769615885636,1769615885636,300,5000,ok
adb80fc6-e41c-4a3f-a049-d42c68427c90,esp32-01,telemetry,1769615886204,1769615886495,1769615886495,1769615886495,1769615886495,1769615886495,300,5000,ok
f0b34b19-04b8-4937-b3d5-3df0b68756e9,esp32-02,telemetry,1769615886225,1769615886496,1769615886496,1769615886496,1769615886496,1769615886496,300,5000,ok
87fd0e93-473c-46fb-94e5-2043c935faf2,esp32-03,telemetry,1769615886246,1769615886496,1769615886497,1769615886497,1769615886497,1769615886497,300,5000,ok
d1ee25c7-0330-4975-823e-66a2ed5b364d,esp32-01,telemetry,1769615886266,1769615886496,1769615886498,1769615886498,1769615886498,1769615886498,300,5000,ok
b957110a-716c-49da-a4f1-cc8a5e49bf72,esp32-02,telemetry,1769615886286,1769615886496,1769615886498,1769615886498,1769615886498,1769615886498,300,5000,ok
bb2ddb4b-a328-418e-b3b6-0af080d6053b,esp32-03,telemetry,1769615886306,1769615886496,1769615886499,1769615886499,1769615886499,1769615886499,300,5000,ok
afbbb270-001d-471b-b5e1-6b28272f39dc,esp32-01,telemetry,1769615886326,1769615886530,1769615886530,1769615886530,1769615886530,1769615886530,300,5000,ok
94269b2b-6d26-427e-8463-fd6d683619a2,esp32-02,telemetry,1769615886345,1769615886567,1769615886567,1769615886567,1769615886567,1769615886567,300,5000,ok
d9646aaf-72a7-4d15-bb13-016522e712c4,esp32-03,telemetry,1769615886365,1769615886567,1769615886568,1769615886568,1769615886568,1769615886568,300,5000,ok
14bf8886-f4d4-483a-adbe-9b697a2a12c1,esp32-01,telemetry,1769615886385,1769615886675,1769615886675,1769615886675,1769615886675,1769615886675,300,5000,ok
abd822e1-0525-49c9-befb-1c59237163b8,esp32-03,telemetry,1769615887284,1769615887511,1769615887511,1769615887511,1769615887511,1769615887511,300,5000,ok
df928d33-4cec-4da1-86bf-1b4cdc5b0eab,esp32-01,telemetry,1769615887304,1769615887511,1769615887511,1769615887511,1769615887511,1769615887511,300,5000,ok
756e8d73-e4a9-4f43-8772-31c26834e22b,esp32-02,telemetry,1769615887326,1769615887603,1769615887603,1769615887603,1769615887603,1769615887603,300,5000,ok
2c8a225a-4848-452a-a1c3-c2805ca05f66,esp32-03,telemetry,1769615887345,1769615887604,1769615887604,1769615887604,1769615887604,1769615887604,300,5000,ok
a0383997-02cd-48ff-a5d6-e4cfad3ab9ab,esp32-01,telemetry,1769615887365,1769615887604,1769615887604,1769615887604,1769615887604,1769615887604,300,5000,ok
730b06bd-7342-42d6-9359-3b269172b6b6,esp32-02,telemetry,1769615887386,1769615887604,1769615887605,1769615887605,1769615887605,1769615887605,300,5000,ok
1bd344ca-8fde-44ef-9214-eef53ac5b365,esp32-03,telemetry,1769615887406,1769615887604,1769615887605,1769615887605,1769615887605,1769615887605,300,5000,ok
dd57bcc2-c54c-4a71-abdd-f3334f3e393b,esp32-01,telemetry,1769615887426,1769615887653,1769615887653,1769615887653,1769615887653,1769615887653,300,5000,ok
e769dee6-b248-49e9-aa15-de34c671b37a,esp32-02,telemetry,1769615887445,1769615887654,1769615887654,1769615887654,1769615887654,1769615887654,300,5000,ok
b245dbcb-bbc1-431c-94b3-b1007f567aaf,esp32-03,telemetry,1769615887466,1769615887696,1769615887697,1769615887697,1769615887697,1769615887697,300,5000,ok
ce85b6fa-9deb-48b7-a6c1-0ab2a94cd81b,esp32-01,telemetry,1769615888274,1769615888537,1769615888537,1769615888537,1769615888537,1769615888537,300,5000,ok
0c47a84c-c5af-4fe3-a61b-1e75cf2854e4,esp32-02,telemetry,1769615888294,1769615888537,1769615888538,1769615888538,1769615888538,1769615888538,300,5000,ok
51087d0f-3558-4aa9-afc3-d5b05c409549,esp32-03,telemetry,1769615888314,1769615888537,1769615888538,1769615888538,1769615888538,1769615888538,300,5000,ok
a8b76015-b483-4f06-b891-dd806db76aa6,esp32-01,telemetry,1769615888333,1769615888537,1769615888538,1769615888538,1769615888538,1769615888538,300,5000,ok
d47fa1d5-108a-4ade-b38c-0e12a8a6d368,esp32-02,telemetry,1769615888353,1769615888585,1769615888585,1769615888586,1769615888586,1769615888586,300,5000,ok
b382064b-c311-45d1-a290-c78440320368,esp32-03,telemetry,1769615888374,1769615888586,1769615888586,1769615888586,1769615888586,1769615888586,300,5000,ok
127684ed-30a2-4fae-b8ff-22cdc2070bfb,esp32-01,telemetry,1769615888393,1769615888586,1769615888586,1769615888586,1769615888586,1769615888586,300,5000,ok
5dfc8865-8fba-4daf-a50a-8ca4e1f41f69,esp32-02,telemetry,1769615888414,1769615888637,1769615888637,1769615888637,1769615888637,1769615888637,300,5000,ok
786ed0c4-87c3-4d9a-b71e-3c4a9d8a676b,esp32-03,telemetry,1769615888434,1769615888637,1769615888637,1769615888637,1769615888637,1769615888637,300,5000,ok
b23ab2b2-6140-4e9a-bf36-03078ba8066d,esp32-01,telemetry,1769615888453,1769615888724,1769615888724,1769615888724,1769615888724,1769615888724,300,5000,ok
84fe699c-fb13-4865-9c60-d85a8b4b7e74,esp32-01,telemetry,1769615889365,1769615889570,1769615889570,1769615889570,1769615889570,1769615889570,300,5000,ok
38ad5b6c-0ff1-432a-be4e-34bbf2d04694,esp32-02,telemetry,1769615889385,1769615889664,1769615889664,1769615889664,1769615889664,1769615889664,300,5000,ok
90bdc21c-524f-4803-bcdd-f5265472d18b,esp32-03,telemetry,1769615889405,1769615889665,1769615889665,1769615889665,1769615889665,1769615889665,300,5000,ok
4f8939ee-2f5e-4308-81ea-58573cc3bf99,esp32-01,telemetry,1769615889425,1769615889665,1769615889666,1769615889666,1769615889666,1769615889666,300,5000,ok
ed425678-b3c6-4cd8-8f6b-6448d9434db8,esp32-02,telemetry,1769615889445,1769615889665,1769615889666,1769615889666,1769615889666,1769615889666,300,5000,ok
9db5c16c-ad21-42c3-855a-8713b39f6241,esp32-03,telemetry,1769615889466,1769615889665,1769615889666,1769615889666,1769615889667,1769615889667,300,5000,ok
e210f445-4c88-46a3-b60d-f80218e570d8,esp32-01,telemetry,1769615889486,1769615889722,1769615889722,1769615889722,1769615889722,1769615889722,300,5000,ok
94b4059d-02af-445b-9e3b-aa98be3d60d5,esp32-02,telemetry,1769615889506,1769615889722,1769615889723,1769615889723,1769615889723,1769615889723,300,5000,ok
a8946273-b93a-49fb-80f2-526ba82b1645,esp32-03,telemetry,1769615889526,1769615889723,1769615889723,1769615889723,1769615889723,1769615889723,300,5000,ok
cbed1a3c-7efe-41db-95ab-1fa5fdfdd1ed,esp32-01,telemetry,1769615889547,1769615889763,1769615889763,1769615889763,1769615889763,1769615889763,300,5000,ok
097cf930-0ef0-4e2b-894e-a2b490223ad8,esp32-01,telemetry,1769615890331,1769615890621,1769615890621,1769615890621,1769615890621,1769615890621,300,5000,ok
32984a69-07fc-4dbc-b69a-bf3a46427062,esp32-02,telemetry,1769615890352,1769615890622,1769615890623,1769615890623,1769615890623,1769615890623,300,5000,ok
1475b1c9-dcbf-4422-a33a-e9dacab3541e,esp32-03,telemetry,1769615890372,1769615890622,1769615890623,1769615890623,1769615890623,1769615890623,300,5000,ok
1542a808-31b9-42d3-95d8-f1f9818641d1,esp32-01,telemetry,1769615890391,1769615890622,1769615890623,1769615890623,1769615890623,1769615890623,300,5000,ok
f391d29c-06a6-40c0-9d28-b07ed91156b1,esp32-02,telemetry,1769615890411,1769615890622,1769615890624,1769615890624,1769615890624,1769615890624,300,5000,ok
6a327e56-58f0-4a28-9c4e-2c64a19a8f94,esp32-03,telemetry,1769615890431,1769615890622,1769615890624,1769615890624,1769615890624,1769615890624,300,5000,ok
4aff4a71-d9ad-4563-97fa-432781fe6265,esp32-01,telemetry,1769615890452,1769615890669,1769615890669,1769615890669,1769615890669,1769615890669,300,5000,ok
3c0fefd6-f9b3-45b7-b5b7-ae079f5303ca,esp32-02,telemetry,1769615890471,1769615890762,1769615890762,1769615890762,1769615890762,1769615890762,300,5000,ok
e332918c-b070-4b0b-98f2-49b726d73fa2,esp32-03,telemetry,1769615890491,1769615890762,1769615890763,1769615890763,1769615890763,1769615890763,300,5000,ok
7bbdb04d-b48a-4cc3-9f3c-3a64a5474a89,esp32-01,telemetry,1769615890511,1769615890762,1769615890763,1769615890763,1769615890763,1769615890763,300,5000,ok
44a9f361-4570-4951-8681-0f6100ce60fa,esp32-03,telemetry,1769615891401,1769615891639,1769615891639,1769615891639,1769615891639,1769615891639,300,5000,ok
fd122f53-6cb1-4191-80cb-59c627715f77,esp32-01,telemetry,1769615891421,1769615891639,1769615891640,1769615891640,1769615891640,1769615891640,300,5000,ok
1d5edb76-0855-4338-9162-6ab891ea34e9,esp32-02,telemetry,1769615891441,1769615891639,1769615891640,1769615891640,1769615891640,1769615891640,300,5000,ok
3e8aa43e-2186-4e80-aa44-6c8d70094003,esp32-03,telemetry,1769615891461,1769615891753,1769615891753,1769615891753,1769615891753,1769615891753,300,5000,ok
922f6489-1406-49a7-a2d3-6f0360565575,esp32-01,telemetry,1769615891481,1769615891753,1769615891753,1769615891753,1769615891753,1769615891753,300,5000,ok
539320b7-6dd5-4a04-a038-68495242549c,esp32-02,telemetry,1769615891501,1769615891754,1769615891754,1769615891754,1769615891754,1769615891754,300,5000,ok
3bdc4a1a-fbf8-49c4-83af-7e1f08478ae2,esp32-03,telemetry,1769615891521,1769615891754,1769615891755,1769615891755,1769615891755,1769615891755,300,5000,ok
ad38f7c5-d58e-41a4-842f-7d186965af27,esp32-01,telemetry,1769615891542,1769615891754,1769615891755,1769615891755,1769615891755,1769615891755,300,5000,ok
4380a7e5-8fef-4687-9f83-d5929700db3d,esp32-02,telemetry,1769615891563,1769615891754,1769615891756,1769615891756,1769615891756,1769615891756,300,5000,ok
5d0914e2-0439-4290-bfb2-08929e4e8998,esp32-03,telemetry,1769615891582,1769615891836,1769615891836,1769615891836,1769615891836,1769615891836,300,5000,ok
74b7c32e-f31f-4304-bcae-22a3ebfccc09,esp32-02,telemetry,1769615892414,1769615892680,1769615892680,1769615892680,1769615892680,1769615892680,300,5000,ok
94860689-92e6-41c7-b670-c11127beac95,esp32-03,telemetry,1769615892435,1769615892681,1769615892681,1769615892681,1769615892681,1769615892681,300,5000,ok
548656c9-c328-4ff4-aa21-086625ca24f6,esp32-01,telemetry,1769615892456,1769615892681,1769615892681,1769615892681,1769615892681,1769615892682,300,5000,ok
d2e41720-5d19-47f2-a21f-4b1bd7607830,esp32-02,telemetry,1769615892476,1769615892681,1769615892682,1769615892682,1769615892682,1769615892682,300,5000,ok
e4ea6a5d-fbdf-4918-8d80-aff44f6525e9,esp32-03,telemetry,1769615892496,1769615892775,1769615892775,1769615892775,1769615892775,1769615892775,300,5000,ok
0a835209-da74-4865-95f4-5a4620714673,esp32-01,telemetry,1769615892516,1769615892775,1769615892776,1769615892776,1769615892776,1769615892776,300,5000,ok
f158a197-e0c9-4620-832b-fdbc4d128957,esp32-02,telemetry,1769615892535,1769615892775,1769615892776,1769615892776,1769615892776,1769615892776,300,5000,ok
7281f433-7c7c-4806-b367-0985c64a5bae,esp32-03,telemetry,1769615892556,1769615892775,1769615892777,1769615892777,1769615892777,1769615892777,300,5000,ok
b78fd347-2528-4d2c-9d8e-855a6bcf17be,esp32-01,telemetry,1769615892576,1769615892775,1769615892778,1769615892778,1769615892778,1769615892778,300,5000,ok
548fdcd7-3010-47d3-821e-1944893ced05,esp32-02,telemetry,1769615892596,1769615892866,1769615892866,1769615892866,1769615892866,1769615892866,300,5000,ok
c42c4a79-0ef2-48ae-8df9-9cc27c015d83,esp32-01,telemetry,1769615893423,1769615893714,1769615893714,1769615893714,1769615893714,1769615893714,300,5000,ok
3e7560f9-13b2-429d-9c21-121d870470ea,esp32-02,telemetry,1769615893444,1769615893714,1769615893715,1769615893715,1769615893715,1769615893715,300,5000,ok
f3ff9d06-d957-4ea1-8566-6814e4c41b63,esp32-03,telemetry,1769615893464,1769615893715,1769615893715,1769615893715,1769615893715,1769615893715,300,5000,ok
150ea4be-5779-4114-abca-a9ec1dd29e42,esp32-01,telemetry,1769615893484,1769615893715,1769615893716,1769615893716,1769615893716,1769615893716,300,5000,ok
046c7557-fbf7-4298-85dc-70878f94536d,esp32-02,telemetry,1769615893505,1769615893715,1769615893716,1769615893716,1769615893716,1769615893716,300,5000,ok
cfd022de-ccdf-4b7e-b7f8-8d212f4e53e6,esp32-03,telemetry,1769615893524,1769615893715,1769615893717,1769615893717,1769615893717,1769615893717,300,5000,ok
86534db4-06ac-44e4-bf6c-ee6e6ac41e2c,esp32-01,telemetry,1769615893544,1769615893748,1769615893748,1769615893748,1769615893748,1769615893748,300,5000,ok
9933c801-296c-4276-beeb-525eb2d2b42c,esp32-02,telemetry,1769615893565,1769615893798,1769615893798,1769615893798,1769615893798,1769615893798,300,5000,ok
752dca38-4f88-406d-86ad-c759e49ded71,esp32-03,telemetry,1769615893585,1769615893798,1769615893799,1769615893799,1769615893799,1769615893799,300,5000,ok
cfafebe0-93e5-47a4-ab7a-830d587c6ad9,esp32-01,telemetry,1769615893604,1769615893799,1769615893800,1769615893800,1769615893800,1769615893800,300,5000,ok
0eef90df-6905-48d4-85d3-5d9e595b61bf,esp32-03,telemetry,1769615894491,1769615894783,1769615894783,1769615894783,1769615894783,1769615894783,300,5000,ok
66aa6b70-3d15-4ae6-8a40-2b400a8a8c2b,esp32-01,telemetry,1769615894512,1769615894783,1769615894785,1769615894785,1769615894785,1769615894785,300,5000,ok
26ec0e86-68f6-4d30-96b4-4e3e159d77e3,esp32-02,telemetry,1769615894532,1769615894784,1769615894785,1769615894785,1769615894785,1769615894785,300,5000,ok
e2469cd8-a1f4-4223-979e-3bdc520d9947,esp32-03,telemetry,1769615894552,1769615894784,1769615894785,1769615894785,1769615894785,1769615894785,300,5000,ok
515c3631-f390-40b5-8be5-17f8356e5657,esp32-01,telemetry,1769615894572,1769615894784,1769615894786,1769615894786,1769615894786,1769615894786,300,5000,ok
5002ae18-e5a1-4d08-b529-695c05895a02,esp32-02,telemetry,1769615894593,1769615894784,1769615894786,1769615894786,1769615894786,1769615894786,300,5000,ok
d8c4954d-6fe3-40c9-ac35-8505a27cc881,esp32-03,telemetry,1769615894612,1769615894828,1769615894828,1769615894828,1769615894828,1769615894828,300,5000,ok
ed0012b8-e0d1-41d6-84f0-4ca79f82869d,esp32-01,telemetry,1769615894632,1769615894865,1769615894865,1769615894865,1769615894865,1769615894865,300,5000,ok
51066c94-13bd-48a7-8dab-5f1e74b6d09b,esp32-02,telemetry,1769615894653,1769615894866,1769615894866,1769615894866,1769615894866,1769615894866,300,5000,ok
f0c630b3-3025-4e72-a6bb-3fc39d20789a,esp32-03,telemetry,1769615894673,1769615894866,1769615894866,1769615894866,1769615894866,1769615894866,300,5000,ok
25f9b4b3-1c4c-41b0-9c44-415e522d9fde,esp32-03,telemetry,1769615895585,1769615895806,1769615895806,1769615895806,1769615895806,1769615895806,300,5000,ok
c38f3f08-dc7c-4362-99af-9fb28a5c84fc,esp32-01,telemetry,1769615895605,1769615895806,1769615895807,1769615895807,1769615895807,1769615895807,300,5000,ok
9dac056a-5fd4-4af7-91b3-1de6e7117280,esp32-02,telemetry,1769615895625,1769615895902,1769615895902,1769615895902,1769615895902,1769615895902,300,5000,ok
5a295f73-11ff-487c-bde3-3aedd3845f73,esp32-03,telemetry,1769615895645,1769615895902,1769615895903,1769615895903,1769615895903,1769615895903,300,5000,ok
9fed5e73-b585-4036-9986-09862a5309b2,esp32-01,telemetry,1769615895666,1769615895902,1769615895903,1769615895903,1769615895903,1769615895903,300,5000,ok
b65bbf55-52ea-46fd-a889-115a2a853050,esp32-02,telemetry,1769615895686,1769615895902,1769615895904,1769615895904,1769615895904,1769615895904,300,5000,ok
371026b1-3042-408e-9b02-20134ccd695c,esp32-03,telemetry,1769615895706,1769615895903,1769615895904,1769615895904,1769615895904,1769615895904,300,5000,ok
95eede72-8a12-4122-8c5a-cfc8eb9768c5,esp32-01,telemetry,1769615895726,1769615895960,1769615895960,1769615895960,1769615895960,1769615895960,300,5000,ok
356dae42-3c5c-4247-858a-3552836ef279,esp32-02,telemetry,1769615895747,1769615895960,1769615895961,1769615895961,1769615895961,1769615895961,300,5000,ok
dd90432b-d9cc-47c6-8537-ea06b476fb41,esp32-03,telemetry,1769615895767,1769615895960,1769615895961,1769615895961,1769615895961,1769615895961,300,5000,ok
867fd4b2-d48e-4774-871c-e8ebfc8bcd8b,esp32-03,telemetry,1769615896564,1769615896840,1769615896840,1769615896840,1769615896840,1769615896840,300,5000,ok
e55fea58-818c-4cb6-9800-08bc01c5f596,esp32-01,telemetry,1769615896585,1769615896840,1769615896841,1769615896841,1769615896841,1769615896841,300,5000,ok
387fb36b-9322-4677-a653-87f2242861ee,esp32-02,telemetry,1769615896604,1769615896840,1769615896841,1769615896841,1769615896841,1769615896841,300,5000,ok
814d2345-56fa-4dc6-a834-8ce68da1a9ec,esp32-03,telemetry,1769615896625,1769615896841,1769615896842,1769615896842,1769615896842,1769615896842,300,5000,ok
13359970-48a7-4b28-b9f4-f02f30c51b26,esp32-01,telemetry,1769615896645,1769615896841,1769615896842,1769615896842,1769615896842,1769615896842,300,5000,ok
41d58521-eb90-480e-8d98-8bb86a39d75e,esp32-02,telemetry,1769615896665,1769615896923,1769615896924,1769615896924,1769615896924,1769615896924,300,5000,ok
3bd491e3-f5b5-4ed7-beb4-32e88b697d41,esp32-03,telemetry,1769615896686,1769615896924,1769615896924,1769615896924,1769615896924,1769615896924,300,5000,ok
70a70fb2-91c4-4e32-abe7-df23c753752a,esp32-01,telemetry,1769615896706,1769615896924,1769615896925,1769615896925,1769615896925,1769615896925,300,5000,ok
006c6c04-58fe-4cbf-b134-7dfe6433d454,esp32-02,telemetry,1769615896726,1769615896924,1769615896925,1769615896925,1769615896925,1769615896925,300,5000,ok
46443117-c975-4f59-98c1-d366ce866983,esp32-03,telemetry,1769615896746,1769615897026,1769615897027,1769615897027,1769615897027,1769615897027,300,5000,ok
b6584a15-2a86-440b-849c-3494378d1024,esp32-03,telemetry,1769615897589,1769615897864,1769615897864,1769615897864,1769615897864,1769615897864,300,5000,ok
4f97bdb4-5b7d-4338-b7a9-f5b5adb798d5,esp32-01,telemetry,1769615897610,1769615897864,1769615897865,1769615897865,1769615897865,1769615897865,300,5000,ok
113ed90b-2526-4f05-9a24-7ddf2f63d070,esp32-02,telemetry,1769615897630,1769615897865,1769615897865,1769615897865,1769615897865,1769615897865,300,5000,ok
1e46f0a0-4d0d-4d77-b2e1-cc469dded336,esp32-03,telemetry,1769615897649,1769615897865,1769615897865,1769615897865,1769615897865,1769615897865,300,5000,ok
459f7e4b-cd61-45fe-9ed1-92b2be449ea2,esp32-01,telemetry,1769615897670,1769615897961,1769615897961,1769615897961,1769615897961,1769615897961,300,5000,ok
b8984a04-462e-47fd-ac84-cc25998c0a16,esp32-02,telemetry,1769615897690,1769615897961,1769615897962,1769615897962,1769615897962,1769615897962,300,5000,ok
ac56941c-3d32-4dde-93ff-b3afd6c17ca7,esp32-03,telemetry,1769615897711,1769615897961,1769615897962,1769615897962,1769615897962,1769615897962,300,5000,ok
4d16db69-7233-4db2-a738-05d746d060d9,esp32-01,telemetry,1769615897730,1769615897961,1769615897963,1769615897963,1769615897963,1769615897963,300,5000,ok
1ef8db4c-618e-4177-80b6-ae96a8c4220d,esp32-02,telemetry,1769615897750,1769615897961,1769615897964,1769615897964,1769615897964,1769615897964,300,5000,ok
d30de1a3-f658-4112-a1e9-5eb84b8848b6,esp32-03,telemetry,1769615897771,1769615897961,1769615897965,1769615897965,1769615897965,1769615897965,300,5000,ok
223f7501-b2c5-488d-9d4d-6cebc2ab0bc5,esp32-01,telemetry,1769615898633,1769615898903,1769615898903,1769615898903,1769615898903,1769615898903,300,5000,ok
c7cf0ad8-7680-469e-b967-61b7857e6947,esp32-02,telemetry,1769615898654,1769615898904,1769615898904,1769615898904,1769615898904,1769615898904,300,5000,ok
04a631f9-58ed-4c0c-957a-d01409cb8ab6,esp32-03,telemetry,1769615898673,1769615898904,1769615898904,1769615898904,1769615898904,1769615898904,300,5000,ok
2e20cd09-8a9b-448e-a329-fbc10969e292,esp32-01,telemetry,1769615898694,1769615898904,1769615898905,1769615898905,1769615898905,1769615898905,300,5000,ok
f360ac99-d88e-4ac0-b9c2-7c9aaf94b6bb,esp32-02,telemetry,1769615898714,1769615899003,1769615899003,1769615899003,1769615899003,1769615899003,300,5000,ok
0a3fa43b-3779-4e0d-93b3-e43b6115e843,esp32-03,telemetry,1769615898733,1769615899003,1769615899004,1769615899004,1769615899004,1769615899004,300,5000,ok
d6ab2dd1-2a64-47cb-b9ec-a714b9b3be42,esp32-01,telemetry,1769615898753,1769615899004,1769615899004,1769615899004,1769615899004,1769615899004,300,5000,ok
7f6ea0c3-2abe-4eee-b79c-f4a0c7751c9b,esp32-02,telemetry,1769615898774,1769615899004,1769615899005,1769615899005,1769615899005,1769615899005,300,5000,ok
20a024a1-a192-4043-a887-d349b2d82aae,esp32-03,telemetry,1769615898795,1769615899004,1769615899005,1769615899005,1769615899005,1769615899005,300,5000,ok
4fe0a0a3-db15-49ec-8051-ffcecbc69b69,esp32-01,telemetry,1769615898814,1769615899090,1769615899090,1769615899090,1769615899090,1769615899090,300,5000,ok
3c19515d-a722-4111-90f9-e317a1b8f620,esp32-01,telemetry,1769615899659,1769615899950,1769615899950,1769615899950,1769615899950,1769615899950,300,5000,ok
ab4116cc-bdb6-4ce2-895d-dd5871d5e57a,esp32-02,telemetry,1769615899679,1769615899950,1769615899950,1769615899950,1769615899950,1769615899950,300,5000,ok
9ee92ff4-f1a1-4c79-b52f-7ccb3adcd447,esp32-03,telemetry,1769615899700,1769615899951,1769615899951,1769615899951,1769615899951,1769615899951,300,5000,ok
5a3be1b2-a5dc-4245-970c-7e7d873013d7,esp32-01,telemetry,1769615899720,1769615899951,1769615899951,1769615899951,1769615899951,1769615899951,300,5000,ok
58c0ba14-99c8-4810-b554-3d1c34c4863c,esp32-02,telemetry,1769615899740,1769615899951,1769615899952,1769615899952,1769615899952,1769615899952,300,5000,ok
1586c0d6-d291-4ace-a97f-ecd6613b63cd,esp32-03,telemetry,1769615899760,1769615899951,1769615899952,1769615899952,1769615899952,1769615899952,300,5000,ok
3ba2b196-202e-46e0-82fc-9420004fb499,esp32-01,telemetry,1769615899779,1769615899981,1769615899981,1769615899981,1769615899981,1769615899981,300,5000,ok
f1a9bfcf-70ca-4233-b5a6-b51bfb596430,esp32-02,telemetry,1769615899800,1769615900035,1769615900035,1769615900035,1769615900035,1769615900035,300,5000,ok
1171cf67-69a8-4aed-b59b-609b0ecbf552,esp32-03,telemetry,1769615899820,1769615900035,1769615900035,1769615900035,1769615900035,1769615900035,300,5000,ok
392982fc-055f-443e-a4b6-b894c876bfd3,esp32-01,telemetry,1769615899840,1769615900035,1769615900036,1769615900036,1769615900036,1769615900036,300,5000,ok
c2dcf139-74e2-4ff2-8c43-6306886816a7,esp32-03,telemetry,1769615900740,1769615900971,1769615900971,1769615900971,1769615900971,1769615900971,300,5000,ok
9472f4c8-07dc-4764-8ee2-953959fb2b53,esp32-01,telemetry,1769615900759,1769615900972,1769615900972,1769615900972,1769615900972,1769615900972,300,5000,ok
aa8caabc-18d5-47ea-ad38-89f276f903e4,esp32-02,telemetry,1769615900779,1769615900972,1769615900973,1769615900973,1769615900973,1769615900973,300,5000,ok
6a0ec59b-6f0c-4287-899d-7611fe4f9d2b,esp32-03,telemetry,1769615900800,1769615901074,1769615901074,1769615901074,1769615901074,1769615901074,300,5000,ok
ece27a26-9aeb-4b4b-b10e-ffac1a31014e,esp32-01,telemetry,1769615900820,1769615901075,1769615901075,1769615901075,1769615901075,1769615901075,300,5000,ok
b17b05a6-b908-440c-b9b7-7b7459d76627,esp32-02,telemetry,1769615900840,1769615901075,1769615901076,1769615901076,1769615901076,1769615901076,300,5000,ok
524d6fb3-c9e9-472b-8292-6c902d8d0e85,esp32-03,telemetry,1769615900861,1769615901075,1769615901076,1769615901076,1769615901076,1769615901076,300,5000,ok
1ad2f493-d277-4334-abeb-51f31c8de076,esp32-01,telemetry,1769615900880,1769615901104,1769615901104,1769615901104,1769615901104,1769615901104,300,5000,ok
6735892d-8698-4c4a-bb39-b23edb3d3d59,esp32-02,telemetry,1769615900901,1769615901104,1769615901104,1769615901104,1769615901104,1769615901104,300,5000,ok
de3cb451-d35c-41e8-a626-7da81b072f19,esp32-03,telemetry,1769615900921,1769615901157,1769615901157,1769615901157,1769615901157,1769615901157,300,5000,ok
f4fc1073-cda0-4be1-a5b2-89c99f634bc6,esp32-03,telemetry,1769615901768,1769615902034,1769615902034,1769615902034,1769615902034,1769615902034,300,5000,ok
82be6120-8419-4c50-89fe-85792dd49d2e,esp32-01,telemetry,1769615901788,1769615902035,1769615902035,1769615902036,1769615902036,1769615902036,300,5000,ok
0d6701cd-456e-4b60-853d-151f037eca96,esp32-02,telemetry,1769615901809,1769615902036,1769615902036,1769615902036,1769615902036,1769615902036,300,5000,ok
e4731e6b-3eb0-4803-8eb6-e7e348b8dbff,esp32-03,telemetry,1769615901829,1769615902036,1769615902036,1769615902036,1769615902036,1769615902036,300,5000,ok
fa59d9d7-ee93-443c-b4cb-57a7da0d643e,esp32-01,telemetry,1769615901849,1769615902129,1769615902129,1769615902129,1769615902129,1769615902129,300,5000,ok
a22ea46e-ca73-447d-9e8a-aae233d6f54c,esp32-02,telemetry,1769615901870,1769615902129,1769615902130,1769615902130,1769615902130,1769615902130,300,5000,ok
662afd7a-2e83-4279-8170-5c50ee352d7a,esp32-03,telemetry,1769615901890,1769615902129,1769615902130,1769615902130,1769615902130,1769615902130,300,5000,ok
5c29e832-8780-4318-a7e1-136952af9e50,esp32-01,telemetry,1769615901911,1769615902129,1769615902131,1769615902131,1769615902131,1769615902131,300,5000,ok
56f1bee7-9466-4b8e-a658-84ef49a49005,esp32-02,telemetry,1769615901932,1769615902129,1769615902131,1769615902131,1769615902131,1769615902131,300,5000,ok
b3872453-317f-4f79-b8ee-6b7956536526,esp32-03,telemetry,1769615901951,1769615902243,1769615902243,1769615902243,1769615902243,1769615902243,300,5000,ok
a73d4f4b-c694-4cc0-94e4-76fe69b1429b,esp32-03,telemetry,1769615902858,1769615903152,1769615903152,1769615903152,1769615903152,1769615903152,300,5000,ok
ff51baeb-279b-4ea9-a0a3-e9d166af24a3,esp32-01,telemetry,1769615902879,1769615903152,1769615903153,1769615903153,1769615903153,1769615903153,300,5000,ok
d4b7a333-ea4a-46b3-8710-fbcaaade9d92,esp32-02,telemetry,1769615902899,1769615903152,1769615903153,1769615903153,1769615903153,1769615903153,300,5000,ok
d8fb67d8-d1a0-4c36-be68-c9133fdbccca,esp32-03,telemetry,1769615902919,1769615903152,1769615903154,1769615903154,1769615903154,1769615903154,300,5000,ok
a7d75aed-baaf-4fad-b7e6-add7d5c5eaa3,esp32-01,telemetry,1769615902939,1769615903153,1769615903154,1769615903154,1769615903154,1769615903154,300,5000,ok
1c9bbf3f-5742-4b46-ad7e-2191393dc03e,esp32-02,telemetry,1769615902960,1769615903153,1769615903155,1769615903155,1769615903155,1769615903155,300,5000,ok
96e84397-f05a-4cfb-af19-e240947521c7,esp32-03,telemetry,1769615902980,1769615903215,1769615903215,1769615903215,1769615903215,1769615903215,300,5000,ok
fb27cc0f-ed19-495c-ad27-3ec17349b561,esp32-01,telemetry,1769615902999,1769615903215,1769615903215,1769615903215,1769615903215,1769615903215,300,5000,ok
4d718007-f4a2-4bb0-9223-ae0824490bbb,esp32-02,telemetry,1769615903020,1769615903215,1769615903216,1769615903216,1769615903216,1769615903216,300,5000,ok
1e32d44a-a557-412c-a575-87da86c722ad,esp32-03,telemetry,1769615903040,1769615903331,1769615903331,1769615903331,1769615903331,1769615903331,300,5000,ok
2eac27d2-c97d-4205-9f2f-332d275bb28c,esp32-03,telemetry,1769615903960,1769615904252,1769615904252,1769615904252,1769615904252,1769615904252,300,5000,ok
3b458165-8782-4412-8b91-eff67ea0464a,esp32-01,telemetry,1769615903981,1769615904252,1769615904252,1769615904252,1769615904252,1769615904252,300,5000,ok
d940f9f4-6cb8-4e44-be29-b3422da8e00c,esp32-02,telemetry,1769615904002,1769615904253,1769615904253,1769615904253,1769615904253,1769615904253,300,5000,ok
cc1e10ef-0735-4dee-a761-cb31c4498f92,esp32-03,telemetry,1769615904022,1769615904253,1769615904254,1769615904254,1769615904254,1769615904254,300,5000,ok
0f6d8e4a-a6e3-42dd-b930-815d0c6a9ae4,esp32-01,telemetry,1769615904043,1769615904253,1769615904254,1769615904254,1769615904254,1769615904254,300,5000,ok
9da08b58-04ad-4844-b52d-205feb370e60,esp32-02,telemetry,1769615904062,1769615904253,1769615904255,1769615904255,1769615904255,1769615904255,300,5000,ok
21d206ba-d4cd-4d54-b78a-535a29fd1a1d,esp32-03,telemetry,1769615904082,1769615904373,1769615904373,1769615904373,1769615904373,1769615904373,300,5000,ok
233efc82-a0c3-490d-a510-c550500a179e,esp32-01,telemetry,1769615904102,1769615904373,1769615904374,1769615904374,1769615904374,1769615904374,300,5000,ok
bb3c6ee9-e83c-4335-b919-e3fdb58980c4,esp32-02,telemetry,1769615904122,1769615904373,1769615904374,1769615904374,1769615904374,1769615904374,300,5000,ok
251589c8-2e81-42c5-83a9-91690fff5f7a,esp32-03,telemetry,1769615904143,1769615904373,1769615904374,1769615904374,1769615904374,1769615904374,300,5000,ok
c4adb28d-099f-4117-b048-c201ef5e3ebf,esp32-03,telemetry,1769615905045,1769615905335,1769615905335,1769615905335,1769615905335,1769615905335,300,5000,ok
349453dc-e7c8-449c-8f10-0901399076cf,esp32-01,telemetry,1769615905066,1769615905336,1769615905336,1769615905336,1769615905336,1769615905336,300,5000,ok
5b0215a6-636a-4f9d-9b3b-8ea142eca7fa,esp32-02,telemetry,1769615905086,1769615905336,1769615905336,1769615905336,1769615905336,1769615905336,300,5000,ok
56b1870c-de8a-4d95-99d0-b016438b2dfb,esp32-03,telemetry,1769615905106,1769615905336,1769615905337,1769615905337,1769615905337,1769615905337,300,5000,ok
59c796e6-6486-4268-b2d9-98d123e93798,esp32-01,telemetry,1769615905126,1769615905336,1769615905337,1769615905337,1769615905337,1769615905337,300,5000,ok
605b746a-8443-41de-a92e-fb2a95a6fa99,esp32-02,telemetry,1769615905145,1769615905336,1769615905337,1769615905337,1769615905337,1769615905337,300,5000,ok
54e98809-1d3f-4c8d-a424-65ee77679684,esp32-03,telemetry,1769615905166,1769615905413,1769615905413,1769615905413,1769615905413,1769615905413,300,5000,ok
0403b799-3502-4cef-88b5-ffc99cd9abd5,esp32-01,telemetry,1769615905186,1769615905414,1769615905414,1769615905414,1769615905414,1769615905414,300,5000,ok
6bc381dc-066f-484d-a467-4dbbb97172ce,esp32-02,telemetry,1769615905205,1769615905414,1769615905414,1769615905414,1769615905414,1769615905414,300,5000,ok
256c6729-f7d7-4a43-9577-7a18112dc47a,esp32-03,telemetry,1769615905226,1769615905516,1769615905516,1769615905516,1769615905516,1769615905516,300,5000,ok
7395bb66-e7d7-4493-b5d5-a8c2c77d6b6c,esp32-01,telemetry,1769615906092,1769615906385,1769615906385,1769615906385,1769615906385,1769615906385,300,5000,ok
c0c3984b-99c2-4599-983d-c83e528bc7de,esp32-02,telemetry,1769615906113,1769615906385,1769615906386,1769615906386,1769615906386,1769615906386,300,5000,ok
d7bc6b96-a0fe-44a3-ad90-3ffdbc5b5810,esp32-03,telemetry,1769615906133,1769615906386,1769615906386,1769615906386,1769615906386,1769615906386,300,5000,ok
bb611c22-b810-44a5-8f6e-0832092232e3,esp32-01,telemetry,1769615906154,1769615906386,1769615906387,1769615906387,1769615906387,1769615906387,300,5000,ok
eec78a74-c281-42f4-ad49-9d1ff2ecd0d0,esp32-02,telemetry,1769615906175,1769615906386,1769615906387,1769615906387,1769615906387,1769615906387,300,5000,ok
69d7ccdd-b514-42b3-b80d-fd815c34dd76,esp32-03,telemetry,1769615906195,1769615906386,1769615906388,1769615906388,1769615906388,1769615906388,300,5000,ok
240e7d01-f9ea-49d1-8bbf-c936b6572fa6,esp32-01,telemetry,1769615906215,1769615906449,1769615906449,1769615906449,1769615906449,1769615906449,300,5000,ok
a6469263-1ef6-4a24-bc1c-f3c7bf8d3dc9,esp32-02,telemetry,1769615906236,1769615906449,1769615906449,1769615906449,1769615906449,1769615906449,300,5000,ok
bf52b437-200a-4169-a433-1b6211e2cea3,esp32-03,telemetry,1769615906255,1769615906449,1769615906450,1769615906450,1769615906450,1769615906450,300,5000,ok
a1668617-f754-4083-bf16-f502f1f9d0df,esp32-01,telemetry,1769615906275,1769615906575,1769615906575,1769615906575,1769615906575,1769615906575,300,5000,ok
f486bb5a-76ba-4a8d-82ac-3d95050ee4d7,esp32-03,telemetry,1769615907165,1769615907454,1769615907454,1769615907454,1769615907454,1769615907454,300,5000,ok
8c3a3316-f0d4-4a21-8684-a4cf75335efd,esp32-01,telemetry,1769615907185,1769615907454,1769615907454,1769615907454,1769615907454,1769615907454,300,5000,ok
b271a1d4-ef7a-402d-8d98-66116b8b82c2,esp32-02,telemetry,1769615907204,1769615907455,1769615907455,1769615907455,1769615907455,1769615907455,300,5000,ok
86ac3420-07f2-4b1f-a4d4-f10c70a7cd10,esp32-03,telemetry,1769615907225,1769615907455,1769615907456,1769615907456,1769615907456,1769615907456,300,5000,ok
af085b7e-c743-4227-a6ba-b8b23cb66c20,esp32-01,telemetry,1769615907246,1769615907455,1769615907456,1769615907456,1769615907456,1769615907456,300,5000,ok
d38c1376-60f1-47ea-b3ee-a4280c781daf,esp32-02,telemetry,1769615907265,1769615907532,1769615907532,1769615907532,1769615907532,1769615907532,300,5000,ok
8e8b4883-61b6-4095-9649-0acfde1b8e78,esp32-03,telemetry,1769615907286,1769615907532,1769615907532,1769615907532,1769615907532,1769615907532,300,5000,ok
e5a76756-b9c9-4bfd-88d6-f14132d5d1d5,esp32-01,telemetry,1769615907306,1769615907532,1769615907533,1769615907533,1769615907533,1769615907533,300,5000,ok
9fc7d786-86c7-47ac-bbe2-698b521dde2d,esp32-02,telemetry,1769615907325,1769615907532,1769615907533,1769615907533,1769615907533,1769615907533,300,5000,ok
32773760-69ef-4da5-b5d5-b004bff5abad,esp32-03,telemetry,1769615907345,1769615907640,1769615907640,1769615907640,1769615907640,1769615907640,300,5000,ok
8d27a2ee-f5d9-4d4f-9360-a3d2d580608d,esp32-01,telemetry,1769615908213,1769615908491,1769615908491,1769615908491,1769615908491,1769615908491,300,5000,ok
64d25191-824c-4d85-8ee2-5f68b55565a5,esp32-02,telemetry,1769615908233,1769615908491,1769615908491,1769615908491,1769615908491,1769615908491,300,5000,ok
b2ba5660-dda6-437c-9656-07da5f26beb3,esp32-03,telemetry,1769615908253,1769615908491,1769615908492,1769615908492,1769615908492,1769615908492,300,5000,ok
19e73d2a-02df-43fb-a209-faa6acc92436,esp32-01,telemetry,1769615908273,1769615908491,1769615908492,1769615908492,1769615908492,1769615908492,300,5000,ok
0c8cfb9d-68f0-44dc-9a93-6dd85970c819,esp32-02,telemetry,1769615908295,1769615908595,1769615908596,1769615908596,1769615908596,1769615908596,300,5000,ok
7af3bcec-d759-42f8-bd1c-43d2ffc61256,esp32-03,telemetry,1769615908315,1769615908596,1769615908596,1769615908596,1769615908596,1769615908596,300,5000,ok
b05fa982-3241-4325-a2a3-8e02b7d572de,esp32-01,telemetry,1769615908334,1769615908597,1769615908597,1769615908597,1769615908597,1769615908597,300,5000,ok
28eedb61-0ae8-4f7a-9b72-0f21fcfc0d8e,esp32-02,telemetry,1769615908355,1769615908597,1769615908598,1769615908598,1769615908598,1769615908598,300,5000,ok
9ad806f9-4e4a-44d0-98c1-670605f88ad7,esp32-03,telemetry,1769615908376,1769615908597,1769615908598,1769615908598,1769615908598,1769615908598,300,5000,ok
8b220d02-6b7f-4004-8069-d55b5bcb2ab6,esp32-01,telemetry,1769615908396,1769615908597,1769615908599,1769615908599,1769615908599,1769615908599,300,5000,ok
fa250b78-ba3e-4451-9ac3-693e712ce187,esp32-02,telemetry,1769615909262,1769615909541,1769615909541,1769615909541,1769615909541,1769615909541,300,5000,ok
a9846831-2bed-48ec-95b3-7871d93691e0,esp32-03,telemetry,1769615909283,1769615909541,1769615909541,1769615909541,1769615909541,1769615909541,300,5000,ok
22fee7f7-1cf0-49b1-ac63-9180347f157c,esp32-01,telemetry,1769615909303,1769615909541,1769615909542,1769615909542,1769615909542,1769615909542,300,5000,ok
d10aadb5-cb27-4ece-a5b3-d2a890409af3,esp32-02,telemetry,1769615909324,1769615909541,1769615909542,1769615909542,1769615909542,1769615909542,300,5000,ok
fd303c0d-72f5-4737-b141-e0ad1b529032,esp32-03,telemetry,1769615909344,1769615909541,1769615909543,1769615909543,1769615909543,1769615909543,300,5000,ok
6afa2a0a-0d68-416f-854e-34c9d7f167bb,esp32-01,telemetry,1769615909364,1769615909647,1769615909647,1769615909647,1769615909647,1769615909647,300,5000,ok
8c7d210a-e5c1-40c2-9db7-793e80c4cee8,esp32-02,telemetry,1769615909384,1769615909647,1769615909648,1769615909648,1769615909648,1769615909648,300,5000,ok
bac9c395-b801-45e4-8556-24eee303560f,esp32-03,telemetry,1769615909403,1769615909647,1769615909648,1769615909648,1769615909648,1769615909648,300,5000,ok
a3595263-798f-4ea6-817c-67204575e19a,esp32-01,telemetry,1769615909423,1769615909647,1769615909648,1769615909648,1769615909648,1769615909648,300,5000,ok
8e7c03d2-feeb-4173-afd0-0279634ba04a,esp32-02,telemetry,1769615909443,1769615909647,1769615909649,1769615909649,1769615909649,1769615909649,300,5000,ok
668001e6-3790-4a18-a0fd-126458b43b90,esp32-03,telemetry,1769615910315,1769615910589,1769615910589,1769615910589,1769615910589,1769615910589,300,5000,ok
59bb7b49-9269-469e-8182-e46da4982ad5,esp32-01,telemetry,1769615910335,1769615910589,1769615910590,1769615910590,1769615910590,1769615910590,300,5000,ok
047a6c3e-da04-4f97-a8a0-e0edb126e4da,esp32-02,telemetry,1769615910355,1769615910589,1769615910591,1769615910591,1769615910591,1769615910591,300,5000,ok
af46cb6c-3d4d-4f55-a986-73d199f67687,esp32-03,telemetry,1769615910375,1769615910590,1769615910591,1769615910591,1769615910591,1769615910591,300,5000,ok
dffc0727-7db7-4aff-b9d3-8e563b0bce06,esp32-01,telemetry,1769615910396,1769615910590,1769615910591,1769615910591,1769615910591,1769615910592,300,5000,ok
03608707-f09e-490b-895b-4882d96389dd,esp32-02,telemetry,1769615910415,1769615910695,1769615910697,1769615910697,1769615910697,1769615910697,300,5000,ok
e0ee4e93-61ce-4a87-8181-ca46a1271196,esp32-03,telemetry,1769615910435,1769615910695,1769615910698,1769615910698,1769615910698,1769615910698,300,5000,ok
0e3a14ab-621f-4be4-97d9-afea65a7e77b,esp32-01,telemetry,1769615910456,1769615910695,1769615910699,1769615910699,1769615910699,1769615910699,300,5000,ok
49367b11-923e-4087-858c-5b9eb740795e,esp32-02,telemetry,1769615910475,1769615910695,1769615910699,1769615910699,1769615910699,1769615910699,300,5000,ok
f64043fe-e363-47f4-aaa0-4e6a75df885f,esp32-03,telemetry,1769615910495,1769615910781,1769615910781,1769615910781,1769615910781,1769615910781,300,5000,ok
776a8d02-55f6-4312-84c7-545126b5d5e7,esp32-02,telemetry,1769615911388,1769615911592,1769615911593,1769615911593,1769615911593,1769615911593,300,5000,ok
3c967cba-a284-4b82-bc69-22d237189668,esp32-03,telemetry,1769615911408,1769615911659,1769615911659,1769615911659,1769615911659,1769615911659,300,5000,ok
83b679be-8536-4ea6-8b2d-945196e4af76,esp32-01,telemetry,1769615911429,1769615911659,1769615911660,1769615911660,1769615911660,1769615911660,300,5000,ok
e42354dc-b0cc-46b8-8fce-81c42f5d911f,esp32-02,telemetry,1769615911449,1769615911659,1769615911661,1769615911661,1769615911661,1769615911661,300,5000,ok
7d8fa1ed-d98a-46df-8ea7-f04bcb319b6e,esp32-03,telemetry,1769615911469,1769615911746,1769615911746,1769615911746,1769615911746,1769615911746,300,5000,ok
8d013845-0481-4ffa-b756-b86287863adb,esp32-01,telemetry,1769615911490,1769615911746,1769615911746,1769615911746,1769615911746,1769615911746,300,5000,ok
c594908e-0be7-4be3-af9e-10c10138ed33,esp32-02,telemetry,1769615911509,1769615911746,1769615911747,1769615911747,1769615911747,1769615911747,300,5000,ok
ff4c2c28-ac41-42e4-ad50-3be3d61b9f1b,esp32-03,telemetry,1769615911530,1769615911746,1769615911747,1769615911747,1769615911747,1769615911747,300,5000,ok
33edcc23-e36e-4c1d-8474-bc8e6e63cf89,esp32-01,telemetry,1769615911550,1769615911746,1769615911747,1769615911747,1769615911747,1769615911747,300,5000,ok
65d56479-b7a4-4fc6-84db-f01fef303995,esp32-02,telemetry,1769615911571,1769615911782,1769615911782,1769615911782,1769615911782,1769615911782,300,5000,ok
434bd38e-a15c-4566-95d1-15a73d650b34,esp32-03,telemetry,1769615912376,1769615912616,1769615912616,1769615912616,1769615912616,1769615912616,300,5000,ok
0c36d938-0d4b-4668-bd6f-0347ee7579aa,esp32-01,telemetry,1769615912396,1769615912616,1769615912617,1769615912617,1769615912617,1769615912617,300,5000,ok
d03d13e5-a450-4b40-8e57-2ad66395e439,esp32-02,telemetry,1769615912417,1769615912616,1769615912617,1769615912617,1769615912617,1769615912617,300,5000,ok
deefadad-ce22-43f6-b70e-8d2b26f8577c,esp32-03,telemetry,1769615912437,1769615912727,1769615912727,1769615912727,1769615912727,1769615912727,300,5000,ok
b7649ce8-5cf1-4648-a0c5-851d2d83bdca,esp32-01,telemetry,1769615912457,1769615912728,1769615912728,1769615912728,1769615912728,1769615912729,300,5000,ok
bc68f60f-d90b-40a0-94cd-670121e91dd5,esp32-02,telemetry,1769615912477,1769615912728,1769615912729,1769615912729,1769615912729,1769615912729,300,5000,ok
08541c8b-45d3-471c-b93d-ef9a00895768,esp32-03,telemetry,1769615912498,1769615912728,1769615912730,1769615912730,1769615912730,1769615912730,300,5000,ok
a249baa3-8ff4-4aca-b03c-70f005e0cb5e,esp32-01,telemetry,1769615912518,1769615912728,1769615912731,1769615912731,1769615912731,1769615912732,300,5000,ok
8e6648bf-dc63-4b97-9812-8d1f8214bb33,esp32-02,telemetry,1769615912538,1769615912732,1769615912733,1769615912733,1769615912733,1769615912733,300,5000,ok
e1aaec68-ae79-4aed-99b3-f841d8a26b45,esp32-03,telemetry,1769615912557,1769615912819,1769615912819,1769615912819,1769615912819,1769615912819,300,5000,ok
b88fd44a-db30-4bc7-952b-eea2bccf9186,esp32-02,telemetry,1769615913386,1769615913654,1769615913654,1769615913654,1769615913654,1769615913654,300,5000,ok
d20f8e3f-dfad-4a9b-8d13-ea9c95ef52ed,esp32-03,telemetry,1769615913407,1769615913654,1769615913655,1769615913655,1769615913655,1769615913655,300,5000,ok
911fb689-9f4e-48d6-8412-cf56c8b01494,esp32-01,telemetry,1769615913428,1769615913654,1769615913655,1769615913655,1769615913655,1769615913655,300,5000,ok
92a5f7ff-8b51-4e11-a4d6-f7d3e64f2477,esp32-02,telemetry,1769615913449,1769615913654,1769615913655,1769615913655,1769615913655,1769615913655,300,5000,ok
63360cef-9668-46ee-bb8c-2b17ee66412b,esp32-03,telemetry,1769615913468,1769615913756,1769615913756,1769615913756,1769615913756,1769615913756,300,5000,ok
112633a5-514f-46d6-9653-e351ba3a8865,esp32-01,telemetry,1769615913488,1769615913757,1769615913758,1769615913758,1769615913758,1769615913758,300,5000,ok
a602d21b-ce8a-434f-8aaf-f842ec562e00,esp32-02,telemetry,1769615913509,1769615913757,1769615913759,1769615913759,1769615913759,1769615913759,300,5000,ok
82d36f20-be58-41c9-9b9d-ff515b7195fe,esp32-03,telemetry,1769615913528,1769615913757,1769615913759,1769615913759,1769615913759,1769615913759,300,5000,ok
3e37cea7-a4f0-4ea8-a9ee-2f6a0d0f3c1d,esp32-01,telemetry,1769615913549,1769615913757,1769615913760,1769615913760,1769615913760,1769615913760,300,5000,ok
72e96715-7624-45d3-8374-b558527843b0,esp32-02,telemetry,1769615913569,1769615913840,1769615913840,1769615913840,1769615913840,1769615913840,300,5000,ok
7c0288ca-eaa4-4031-82c8-81bb17e2082a,esp32-02,telemetry,1769615914414,1769615914691,1769615914691,1769615914691,1769615914691,1769615914691,300,5000,ok
57cb7da2-7644-412c-8bdf-af2ff7dfd742,esp32-03,telemetry,1769615914435,1769615914691,1769615914691,1769615914691,1769615914691,1769615914691,300,5000,ok
1b18110e-3b9a-4364-a481-9d4e0b0a57f9,esp32-01,telemetry,1769615914454,1769615914691,1769615914692,1769615914692,1769615914692,1769615914692,300,5000,ok
1e6d273d-58d8-4868-8db2-e70ed0a27758,esp32-02,telemetry,1769615914475,1769615914691,1769615914692,1769615914692,1769615914692,1769615914692,300,5000,ok
3fbe809c-c618-47da-84af-e7c903690cb3,esp32-03,telemetry,1769615914495,1769615914691,1769615914693,1769615914693,1769615914693,1769615914693,300,5000,ok
62885a46-f1c1-4fb5-ac64-b3ec17de8735,esp32-01,telemetry,1769615914515,1769615914774,1769615914774,1769615914774,1769615914774,1769615914774,300,5000,ok
1fc44123-9099-48c2-8119-661867878521,esp32-02,telemetry,1769615914535,1769615914774,1769615914774,1769615914774,1769615914774,1769615914774,300,5000,ok
b48d9b10-7bd1-4d3c-ae31-a0cdcbcd6d1a,esp32-03,telemetry,1769615914556,1769615914774,1769615914775,1769615914775,1769615914775,1769615914775,300,5000,ok
7eaa8524-1146-4431-86de-6c286007b70d,esp32-01,telemetry,1769615914575,1769615914774,1769615914775,1769615914775,1769615914775,1769615914775,300,5000,ok
826e0410-8c9f-4098-ab8e-7fc408dbfdda,esp32-02,telemetry,1769615914596,1769615914878,1769615914878,1769615914878,1769615914878,1769615914878,300,5000,ok
3cd6125b-05db-4dab-8580-021faff6b33e,esp32-02,telemetry,1769615915446,1769615915706,1769615915706,1769615915706,1769615915706,1769615915706,300,5000,ok
8ed5dc46-f4bd-4981-bb65-2a717f90b90e,esp32-03,telemetry,1769615915467,1769615915706,1769615915707,1769615915707,1769615915707,1769615915707,300,5000,ok
d7794f80-a749-423e-9e6c-ed7022de6e8d,esp32-01,telemetry,1769615915487,1769615915706,1769615915707,1769615915707,1769615915707,1769615915707,300,5000,ok
6391386a-8d7d-4b75-89b8-a402e9aeeb64,esp32-02,telemetry,1769615915508,1769615915706,1769615915708,1769615915708,1769615915708,1769615915708,300,5000,ok
0ae6bd18-2891-4669-803e-ee8f0c003d97,esp32-03,telemetry,1769615915528,1769615915809,1769615915809,1769615915809,1769615915809,1769615915809,300,5000,ok
2c4597fd-a5b2-4941-8e1e-4ae1a52a48a4,esp32-01,telemetry,1769615915547,1769615915809,1769615915810,1769615915810,1769615915810,1769615915810,300,5000,ok
f8f3e986-55b5-40d4-8dce-2e0bdebdc61c,esp32-02,telemetry,1769615915568,1769615915809,1769615915810,1769615915810,1769615915810,1769615915810,300,5000,ok
6f3b14a9-8c2f-4cf2-908e-3608bcc968dc,esp32-03,telemetry,1769615915587,1769615915809,1769615915810,1769615915810,1769615915810,1769615915810,300,5000,ok
e549c885-488e-4b50-9f35-46d5f3d231c8,esp32-01,telemetry,1769615915608,1769615915809,1769615915811,1769615915811,1769615915811,1769615915811,300,5000,ok
2cededd7-d340-4b66-a77b-87e132cf0d9e,esp32-02,telemetry,1769615915627,1769615915895,1769615915896,1769615915896,1769615915896,1769615915896,300,5000,ok
74d9e2f1-70ce-4ea3-b5bc-9ba261ad33ed,esp32-02,telemetry,1769615916479,1769615916707,1769615916707,1769615916707,1769615916707,1769615916707,300,5000,ok
b9018ccd-88d6-4fa2-9de0-1da176597eff,esp32-03,telemetry,1769615916500,1769615916707,1769615916708,1769615916708,1769615916708,1769615916708,300,5000,ok
834d1be5-5fed-444d-b663-af1946c8fef7,esp32-01,telemetry,1769615916520,1769615916741,1769615916742,1769615916742,1769615916742,1769615916742,300,5000,ok
b76097dc-defb-4cd0-a996-8c6ac10fc3a2,esp32-02,telemetry,1769615916540,1769615916742,1769615916742,1769615916742,1769615916742,1769615916742,300,5000,ok
a00d5581-def6-41da-9c3e-0ee42fda2bcb,esp32-03,telemetry,1769615916561,1769615916843,1769615916843,1769615916844,1769615916844,1769615916844,300,5000,ok
e0417fa9-f486-4e4d-8e00-7b9645c58b00,esp32-01,telemetry,1769615916581,1769615916844,1769615916844,1769615916844,1769615916844,1769615916844,300,5000,ok
97445b92-aede-408c-adff-8284ab01d933,esp32-02,telemetry,1769615916601,1769615916844,1769615916845,1769615916845,1769615916845,1769615916845,300,5000,ok
b870fa13-8b3a-423d-8396-428f3f67ff94,esp32-03,telemetry,1769615916621,1769615916844,1769615916845,1769615916845,1769615916845,1769615916845,300,5000,ok
24d217b6-8349-44ac-b4f8-115670824937,esp32-01,telemetry,1769615916641,1769615916844,1769615916846,1769615916846,1769615916846,1769615916846,300,5000,ok
40168ef9-3b9d-4956-86e7-dfd08a503271,esp32-02,telemetry,1769615916661,1769615916894,1769615916894,1769615916894,1769615916894,1769615916894,300,5000,ok
054c453e-5c6d-45b6-bd31-65bc255083a9,esp32-01,telemetry,1769615917491,1769615917778,1769615917778,1769615917778,1769615917778,1769615917778,300,5000,ok
705e8148-47c4-406a-b0a3-ecf214c23696,esp32-02,telemetry,1769615917512,1769615917778,1769615917778,1769615917778,1769615917778,1769615917778,300,5000,ok
50a4e6e5-66c2-4b8c-baf6-f600fe33cef8,esp32-03,telemetry,1769615917532,1769615917778,1769615917779,1769615917779,1769615917779,1769615917779,300,5000,ok
87ba17de-a7cd-4726-8af0-cf254e6aaa83,esp32-01,telemetry,1769615917553,1769615917778,1769615917779,1769615917779,1769615917779,1769615917779,300,5000,ok
6130e373-7873-47ae-a72c-a135eec71e81,esp32-02,telemetry,1769615917573,1769615917778,1769615917780,1769615917780,1769615917780,1769615917780,300,5000,ok
28bf2ec7-61fc-4e01-9f92-d17a7db30b65,esp32-03,telemetry,1769615917593,1769615917827,1769615917827,1769615917827,1769615917827,1769615917827,300,5000,ok
3f0a4af4-18f7-4690-834d-eaebfa33f06a,esp32-01,telemetry,1769615917614,1769615917827,1769615917827,1769615917827,1769615917827,1769615917827,300,5000,ok
46f4d583-02e6-4abc-9814-c97535055c87,esp32-02,telemetry,1769615917635,1769615917827,1769615917828,1769615917828,1769615917828,1769615917828,300,5000,ok
044f3d3c-3bc1-4883-a5fb-145c5b98302c,esp32-03,telemetry,1769615917655,1769615917858,1769615917858,1769615917858,1769615917858,1769615917858,300,5000,ok
083e03ae-3e93-4050-a3d4-790149597f3d,esp32-01,telemetry,1769615917675,1769615917968,1769615917969,1769615917969,1769615917969,1769615917969,300,5000,ok
7c7f8a06-894c-4c8c-ad8c-054b58363d57,esp32-03,telemetry,1769615918587,1769615918869,1769615918869,1769615918869,1769615918869,1769615918869,300,5000,ok
b1d921dd-0d0a-4fed-8fe0-368307eaf469,esp32-01,telemetry,1769615918607,1769615918869,1769615918870,1769615918870,1769615918870,1769615918870,300,5000,ok
32c8d0bf-4f7c-4053-924e-77657e8c1572,esp32-02,telemetry,1769615918627,1769615918869,1769615918871,1769615918871,1769615918871,1769615918871,300,5000,ok
b68d5872-7e01-4876-965f-0348a7b443ff,esp32-03,telemetry,1769615918647,1769615918869,1769615918871,1769615918871,1769615918871,1769615918871,300,5000,ok
eb09ab40-0d9e-485c-8887-5c508716f24b,esp32-01,telemetry,1769615918666,1769615918870,1769615918872,1769615918872,1769615918872,1769615918872,300,5000,ok
7c4c468a-0230-4474-b655-0248438e0660,esp32-02,telemetry,1769615918686,1769615918957,1769615918957,1769615918957,1769615918957,1769615918957,300,5000,ok
7650ae8d-3918-4e9d-a041-2983d3daf3ce,esp32-03,telemetry,1769615918707,1769615918957,1769615918958,1769615918958,1769615918958,1769615918958,300,5000,ok
3d2c9d74-aa7d-4572-bb80-b6922c126a19,esp32-01,telemetry,1769615918727,1769615918957,1769615918958,1769615918958,1769615918958,1769615918958,300,5000,ok
fca93e48-ebbb-4eb5-b4bb-814cc315e6c0,esp32-02,telemetry,1769615918747,1769615918957,1769615918959,1769615918959,1769615918959,1769615918959,300,5000,ok
220b59ab-3ded-4226-8d5a-4ddd59668a41,esp32-03,telemetry,1769615918768,1769615919061,1769615919061,1769615919061,1769615919061,1769615919061,300,5000,ok
aadd093b-48f4-4a74-b0da-d4e55fac849c,esp32-02,telemetry,1769615919656,1769615919908,1769615919908,1769615919908,1769615919908,1769615919908,300,5000,ok
653c978e-5cb6-42c9-970b-3fc7f30ea6ad,esp32-03,telemetry,1769615919677,1769615919908,1769615919909,1769615919909,1769615919909,1769615919909,300,5000,ok
cc43fe63-04f4-400b-8a6c-e98f72f3bf78,esp32-01,telemetry,1769615919697,1769615919908,1769615919909,1769615919909,1769615919909,1769615919909,300,5000,ok
58f8f46f-0192-4e37-b842-a25d7acb0488,esp32-02,telemetry,1769615919717,1769615919909,1769615919910,1769615919910,1769615919910,1769615919910,300,5000,ok
8de9b286-dbe1-45fb-a3a8-d680b8ea2497,esp32-03,telemetry,1769615919737,1769615920023,1769615920023,1769615920023,1769615920023,1769615920023,300,5000,ok
5612290f-1842-462f-b875-70c876837645,esp32-01,telemetry,1769615919756,1769615920023,1769615920023,1769615920023,1769615920023,1769615920023,300,5000,ok
10c0299f-a1f2-4b86-80fb-22b124d50240,esp32-02,telemetry,1769615919777,1769615920023,1769615920024,1769615920024,1769615920024,1769615920024,300,5000,ok
ed1539f4-70dc-4a3f-bd93-fb7bb2e65b81,esp32-03,telemetry,1769615919797,1769615920023,1769615920024,1769615920024,1769615920024,1769615920024,300,5000,ok
30d3fdd5-e6dc-49cc-adb9-feaf9793a404,esp32-01,telemetry,1769615919817,1769615920023,1769615920025,1769615920025,1769615920025,1769615920025,300,5000,ok
25664bf7-d816-4b48-95d6-ffebd8b99dc0,esp32-02,telemetry,1769615919837,1769615920094,1769615920105,1769615920105,1769615920105,1769615920105,300,5000,ok
e3dd0728-8804-463b-be9c-274c0f832c4d,esp32-02,telemetry,1769615920691,1769615920957,1769615920957,1769615920957,1769615920957,1769615920957,300,5000,ok
255a963d-06cd-4c90-bff0-2e3a968bddfe,esp32-03,telemetry,1769615920712,1769615920957,1769615920958,1769615920958,1769615920958,1769615920958,300,5000,ok
334e50a7-983a-4f9f-8011-60e92d86359b,esp32-01,telemetry,1769615920732,1769615920957,1769615920958,1769615920958,1769615920958,1769615920958,300,5000,ok
dbd73736-b1ff-4d6e-8399-b1bba5a1d917,esp32-02,telemetry,1769615920752,1769615920957,1769615920959,1769615920959,1769615920959,1769615920959,300,5000,ok
1b3fae99-e792-442b-b701-a772a537e7fa,esp32-03,telemetry,1769615920772,1769615921051,1769615921051,1769615921051,1769615921051,1769615921051,300,5000,ok
82715163-1593-4d08-9509-ad6b6c72f7fd,esp32-01,telemetry,1769615920792,1769615921051,1769615921052,1769615921052,1769615921052,1769615921052,300,5000,ok
b97cbfab-ee04-40fe-9533-1ea33a7f7669,esp32-02,telemetry,1769615920811,1769615921051,1769615921052,1769615921052,1769615921052,1769615921052,300,5000,ok
25afad85-0e74-4aa3-8dcf-d97c6725499d,esp32-03,telemetry,1769615920832,1769615921052,1769615921053,1769615921053,1769615921053,1769615921053,300,5000,ok
3290bddd-1e27-4ea3-b3e5-cec8602080d2,esp32-01,telemetry,1769615920852,1769615921052,1769615921053,1769615921053,1769615921053,1769615921053,300,5000,ok
c9213620-b988-4129-b2b8-44e60a4bd42b,esp32-02,telemetry,1769615920872,1769615921145,1769615921145,1769615921145,1769615921145,1769615921145,300,5000,ok
738e83f7-db26-4558-9047-1d6776b0107a,esp32-02,telemetry,1769615921720,1769615922009,1769615922009,1769615922009,1769615922009,1769615922009,300,5000,ok
c3f11d4c-389e-490f-8bdb-d7a431f7ea87,esp32-03,telemetry,1769615921740,1769615922009,1769615922010,1769615922010,1769615922010,1769615922010,300,5000,ok
9d098df5-8370-424d-bf4b-37def6e0f301,esp32-01,telemetry,1769615921760,1769615922009,1769615922010,1769615922010,1769615922010,1769615922010,300,5000,ok
cf113183-6aa1-4c4e-96f4-b0f8c0614ca2,esp32-02,telemetry,1769615921779,1769615922009,1769615922010,1769615922010,1769615922010,1769615922011,300,5000,ok
f563ccf7-0031-406d-9bac-30b9ec9d126a,esp32-03,telemetry,1769615921799,1769615922009,1769615922011,1769615922011,1769615922011,1769615922011,300,5000,ok
44419452-08d9-40e3-8ed2-95f4da8e2edc,esp32-01,telemetry,1769615921819,1769615922009,1769615922011,1769615922011,1769615922011,1769615922011,300,5000,ok
7f047f9f-559c-4635-b77f-6b1ea98979a9,esp32-02,telemetry,1769615921839,1769615922129,1769615922129,1769615922129,1769615922129,1769615922129,300,5000,ok
4aa2e588-094d-4554-bc2d-e62a9f6f2d40,esp32-03,telemetry,1769615921859,1769615922130,1769615922130,1769615922130,1769615922130,1769615922130,300,5000,ok
267e3bce-130d-4b1b-a8a7-4ed25dfd283d,esp32-01,telemetry,1769615921880,1769615922130,1769615922131,1769615922131,1769615922131,1769615922131,300,5000,ok
a13d932b-71f7-493c-963e-9a778f9a8050,esp32-02,telemetry,1769615921899,1769615922130,1769615922131,1769615922131,1769615922131,1769615922131,300,5000,ok
dcddcc6b-13e3-4505-98c8-06dd260e2e17,esp32-02,telemetry,1769615922742,1769615923033,1769615923034,1769615923034,1769615923034,1769615923034,300,5000,ok
e8f4e30a-a25c-42e9-82b5-37a463ad6591,esp32-03,telemetry,1769615922763,1769615923034,1769615923034,1769615923034,1769615923034,1769615923034,300,5000,ok
888d9f22-6e8a-476a-8526-8581873449f9,esp32-01,telemetry,1769615922783,1769615923034,1769615923035,1769615923035,1769615923035,1769615923035,300,5000,ok
e8b5b1ec-f352-45fc-a634-d82a62d8757f,esp32-02,telemetry,1769615922803,1769615923034,1769615923035,1769615923035,1769615923035,1769615923035,300,5000,ok
863b9b9b-28fa-427e-8df9-cec99c9c30e2,esp32-03,telemetry,1769615922822,1769615923034,1769615923036,1769615923036,1769615923036,1769615923036,300,5000,ok
f996f5d8-5689-4300-99b1-9f65cbc5a95d,esp32-01,telemetry,1769615922843,1769615923035,1769615923036,1769615923036,1769615923036,1769615923036,300,5000,ok
efec99ae-32c6-4b89-bc42-433ec6e689c4,esp32-02,telemetry,1769615922863,1769615923112,1769615923112,1769615923112,1769615923112,1769615923112,300,5000,ok
84ab0e6c-7702-4dc2-b2b1-0daf81f490e8,esp32-03,telemetry,1769615922884,1769615923112,1769615923113,1769615923113,1769615923113,1769615923113,300,5000,ok
7128567c-398b-4d1d-9f4b-5a16f0f4da00,esp32-01,telemetry,1769615922903,1769615923112,1769615923114,1769615923114,1769615923114,1769615923114,300,5000,ok
2a69f933-13c5-4a3f-8961-80215cd7fa67,esp32-02,telemetry,1769615922923,1769615923213,1769615923213,1769615923213,1769615923213,1769615923213,300,5000,ok
7a35513a-4f3d-484d-aede-1a4b9d45e239,esp32-01,telemetry,1769615923814,1769615924060,1769615924060,1769615924060,1769615924060,1769615924060,300,5000,ok
7975c0d4-bb6c-4421-9d79-6d03faf922cc,esp32-02,telemetry,1769615923835,1769615924060,1769615924061,1769615924061,1769615924061,1769615924061,300,5000,ok
3aa58b1a-c791-45a5-870a-f4cc1ca0e906,esp32-03,telemetry,1769615923855,1769615924060,1769615924062,1769615924062,1769615924062,1769615924062,300,5000,ok
6f97e33e-324e-4cfa-9943-2171a973d7ea,esp32-01,telemetry,1769615923875,1769615924165,1769615924165,1769615924165,1769615924165,1769615924165,300,5000,ok
860eca8b-d13e-447d-8efd-1b394ce82466,esp32-02,telemetry,1769615923895,1769615924165,1769615924165,1769615924165,1769615924166,1769615924166,300,5000,ok
4898e563-483a-42f1-9661-71286604bdf3,esp32-03,telemetry,1769615923915,1769615924166,1769615924166,1769615924166,1769615924166,1769615924166,300,5000,ok
535d81c0-e233-452f-a8d4-7d26bbc83cfe,esp32-01,telemetry,1769615923934,1769615924166,1769615924167,1769615924167,1769615924167,1769615924167,300,5000,ok
e5a51218-48eb-460b-9669-8a76c2c3d225,esp32-02,telemetry,1769615923955,1769615924166,1769615924167,1769615924167,1769615924167,1769615924167,300,5000,ok
b8de6403-2c7a-4e81-bf4c-14b7cba65134,esp32-03,telemetry,1769615923975,1769615924166,1769615924168,1769615924168,1769615924168,1769615924168,300,5000,ok
f1bf10b1-faea-460b-8acb-f2ad2e7f1376,esp32-01,telemetry,1769615923995,1769615924286,1769615924286,1769615924286,1769615924286,1769615924286,300,5000,ok
d34bf823-48c9-4c29-a7db-c9139abc8f56,esp32-01,telemetry,1769615924782,1769615925086,1769615925086,1769615925086,1769615925086,1769615925086,300,5000,ok
da5958ee-ca91-4ea3-bee7-d5f4ae93622f,esp32-02,telemetry,1769615924801,1769615925086,1769615925087,1769615925087,1769615925087,1769615925087,300,5000,ok
c245c062-8755-4bf1-9772-63f6f308729b,esp32-03,telemetry,1769615924822,1769615925086,1769615925087,1769615925087,1769615925087,1769615925087,300,5000,ok
c065fcfc-0eb4-4b94-b439-6f9192d67c08,esp32-01,telemetry,1769615924842,1769615925087,1769615925088,1769615925088,1769615925088,1769615925088,300,5000,ok
fbfff0cb-f9be-4c26-b248-befbd2476d4e,esp32-02,telemetry,1769615924861,1769615925087,1769615925088,1769615925088,1769615925088,1769615925088,300,5000,ok
06ce7bbc-bc98-4602-9847-5a8b0ad5ca4b,esp32-03,telemetry,1769615924882,1769615925087,1769615925089,1769615925089,1769615925089,1769615925089,300,5000,ok
71d77519-5004-4ac0-9f87-58a80db184b1,esp32-01,telemetry,1769615924902,1769615925192,1769615925192,1769615925192,1769615925192,1769615925192,300,5000,ok
b57f1264-853a-4ee7-bc98-9a576af167b1,esp32-02,telemetry,1769615924922,1769615925193,1769615925193,1769615925193,1769615925193,1769615925193,300,5000,ok
88c5bbba-4dd7-4d83-9c3a-c7ac04d5250e,esp32-03,telemetry,1769615924943,1769615925193,1769615925193,1769615925193,1769615925193,1769615925193,300,5000,ok
60d22765-e145-4421-876a-6a65e46a78f2,esp32-01,telemetry,1769615924963,1769615925193,1769615925194,1769615925194,1769615925194,1769615925194,300,5000,ok
6df1112f-b971-4492-a403-497d3ac8e8ba,esp32-01,telemetry,1769615925825,1769615926115,1769615926115,1769615926115,1769615926115,1769615926115,300,5000,ok
5c1d6cba-fc78-4891-8334-526e25b0e007,esp32-02,telemetry,1769615925844,1769615926115,1769615926117,1769615926117,1769615926117,1769615926117,300,5000,ok
3fa3264c-24df-48ba-8d20-78c3d799759b,esp32-03,telemetry,1769615925865,1769615926115,1769615926117,1769615926117,1769615926117,1769615926117,300,5000,ok
d2729cba-868d-47ca-b840-f3b38206711e,esp32-01,telemetry,1769615925884,1769615926115,1769615926118,1769615926118,1769615926118,1769615926118,300,5000,ok
ec94093b-ca6f-4338-8712-9ead09c2e972,esp32-02,telemetry,1769615925904,1769615926115,1769615926119,1769615926119,1769615926119,1769615926119,300,5000,ok
fefdaff1-0d7d-4b42-b103-69551830a6cb,esp32-03,telemetry,1769615925925,1769615926116,1769615926120,1769615926120,1769615926120,1769615926120,300,5000,ok
c335c280-13a7-4b32-b1c0-36ed8e1578c3,esp32-01,telemetry,1769615925945,1769615926177,1769615926177,1769615926177,1769615926177,1769615926177,300,5000,ok
82aff463-18ff-43be-a4d5-3817754b5e68,esp32-02,telemetry,1769615925965,1769615926178,1769615926178,1769615926178,1769615926178,1769615926178,300,5000,ok
7da3b3b8-ec31-4d2a-b99c-1f86022a222d,esp32-03,telemetry,1769615925985,1769615926257,1769615926257,1769615926257,1769615926257,1769615926257,300,5000,ok
e1ac151a-ff6b-40b8-ac44-5bb1d488f87e,esp32-01,alarm,1769615925994,1769615926257,1769615926258,1769615926258,1769615926258,1769615926258,150,10000,alarm_type
3e529762-e0ab-4709-bee8-856556d9ad83,esp32-02,telemetry,1769615926935,1769615927170,1769615927170,1769615927170,1769615927170,1769615927170,300,5000,ok
6726178e-b66a-4848-a6a4-be756e2d42aa,esp32-03,telemetry,1769615926954,1769615927170,1769615927171,1769615927171,1769615927171,1769615927171,300,5000,ok
e030d12f-0501-4c8d-b377-b772992f06b9,esp32-01,telemetry,1769615926974,1769615927170,1769615927171,1769615927171,1769615927171,1769615927171,300,5000,ok
2be577b1-4df7-459e-9939-acf9f96add85,esp32-02,telemetry,1769615926994,1769615927190,1769615927190,1769615927190,1769615927190,1769615927190,300,5000,ok
a248aa34-7b99-4956-ab45-9c3e1c01e56c,esp32-03,telemetry,1769615927015,1769615927295,1769615927295,1769615927295,1769615927295,1769615927295,300,5000,ok
272c7156-291c-4322-9a3f-620674802011,esp32-01,telemetry,1769615927035,1769615927295,1769615927295,1769615927295,1769615927295,1769615927295,300,5000,ok
c5a6a6ae-5dee-4a37-b0ce-fe5f9095133c,esp32-02,telemetry,1769615927056,1769615927295,1769615927296,1769615927296,1769615927296,1769615927296,300,5000,ok
668be70d-450f-497e-8701-9e3fafcd2621,esp32-03,telemetry,1769615927077,1769615927296,1769615927297,1769615927297,1769615927297,1769615927297,300,5000,ok
199b53f9-384a-4d37-965a-61cfda90cf75,esp32-01,telemetry,1769615927097,1769615927296,1769615927297,1769615927297,1769615927297,1769615927297,300,5000,ok
d15a6d70-d53b-4a8f-8540-8a076aba2588,esp32-02,telemetry,1769615927118,1769615927356,1769615927357,1769615927357,1769615927357,1769615927357,300,5000,ok
d3f6d6d9-34c9-43a4-bac4-6216fc9be560,esp32-03,telemetry,1769615927937,1769615928230,1769615928230,1769615928230,1769615928230,1769615928230,300,5000,ok
e760a538-0158-454b-b6ba-3a8c8953a859,esp32-01,telemetry,1769615927958,1769615928231,1769615928231,1769615928231,1769615928231,1769615928231,300,5000,ok
fd14cbfc-6612-4b69-a57e-4be5076475da,esp32-02,telemetry,1769615927977,1769615928231,1769615928232,1769615928232,1769615928232,1769615928232,300,5000,ok
29ae54c5-fc5a-41dc-83e0-87993839fa19,esp32-03,telemetry,1769615927997,1769615928231,1769615928233,1769615928233,1769615928233,1769615928233,300,5000,ok
6fdc279c-deba-4e2f-9007-6ae7872a2eee,esp32-01,telemetry,1769615928017,1769615928231,1769615928233,1769615928233,1769615928233,1769615928233,300,5000,ok
e52f5dab-f8d6-4cb8-ba21-0ded0b47884d,esp32-02,telemetry,1769615928039,1769615928231,1769615928233,1769615928233,1769615928233,1769615928233,300,5000,ok
e96e56df-8fa3-4f71-9093-e64a9ef5270a,esp32-03,telemetry,1769615928059,1769615928295,1769615928295,1769615928295,1769615928295,1769615928295,300,5000,ok
fa19ec92-8b30-4d98-81af-1ec0d18d666b,esp32-01,telemetry,1769615928078,1769615928295,1769615928296,1769615928296,1769615928296,1769615928296,300,5000,ok
d1ddf8b9-34a0-42c2-9de1-4760410ce2d2,esp32-02,telemetry,1769615928098,1769615928295,1769615928296,1769615928296,1769615928296,1769615928296,300,5000,ok
26c8fa26-6aa6-48f3-9153-9faa4b033f95,esp32-03,telemetry,1769615928118,1769615928408,1769615928408,1769615928408,1769615928408,1769615928408,300,5000,ok
4d50eb10-37bd-4c4a-b64c-b8b434739868,esp32-01,telemetry,1769615929043,1769615929333,1769615929333,1769615929333,1769615929333,1769615929333,300,5000,ok
f4435e91-ef2c-451a-bce4-43a1802bc2d9,esp32-02,telemetry,1769615929064,1769615929333,1769615929333,1769615929333,1769615929333,1769615929333,300,5000,ok
09e48d2a-61fd-482c-8e73-1726f7a14c23,esp32-03,telemetry,1769615929084,1769615929333,1769615929334,1769615929334,1769615929334,1769615929334,300,5000,ok
0ae09ba7-578c-454a-bcdb-79fd0b27ce35,esp32-01,telemetry,1769615929104,1769615929333,1769615929334,1769615929334,1769615929334,1769615929334,300,5000,ok
d1f59eb0-fc61-4ef7-8524-52fd4fcb5de1,esp32-02,telemetry,1769615929124,1769615929333,1769615929334,1769615929334,1769615929334,1769615929334,300,5000,ok
98c652ed-887f-4ebe-abdb-e54804224d05,esp32-03,telemetry,1769615929144,1769615929413,1769615929413,1769615929413,1769615929413,1769615929413,300,5000,ok
4e5ad522-cb82-497c-a4a3-8ce5a24fef0b,esp32-01,telemetry,1769615929164,1769615929413,1769615929413,1769615929413,1769615929413,1769615929413,300,5000,ok
56f57215-096e-4026-bd22-4d71409b5264,esp32-02,telemetry,1769615929184,1769615929413,1769615929414,1769615929414,1769615929414,1769615929414,300,5000,ok
bc507c6e-2531-4559-9314-ce4a81475617,esp32-03,telemetry,1769615929204,1769615929413,1769615929414,1769615929414,1769615929414,1769615929414,300,5000,ok
631c6059-aaa3-499a-8490-2a7a38c9455b,esp32-01,telemetry,1769615929225,1769615929518,1769615929518,1769615929518,1769615929518,1769615929518,300,5000,ok
b71c896b-33d2-4738-a943-8fb67fda35cf,esp32-01,telemetry,1769615930078,1769615930356,1769615930356,1769615930356,1769615930356,1769615930356,300,5000,ok
1f40d6ea-1898-47b9-bdc7-4d8b2ce6f176,esp32-02,telemetry,1769615930098,1769615930357,1769615930357,1769615930357,1769615930357,1769615930357,300,5000,ok
d1822c7a-2c92-448c-8c1f-660ab14d3c72,esp32-03,telemetry,1769615930118,1769615930357,1769615930358,1769615930358,1769615930358,1769615930358,300,5000,ok
22954ca0-3f3a-4c1c-9761-beeebd004f76,esp32-01,telemetry,1769615930137,1769615930357,1769615930358,1769615930358,1769615930358,1769615930358,300,5000,ok
346b7abd-551a-470b-88a4-edb9b061a7e9,esp32-02,telemetry,1769615930158,1769615930357,1769615930359,1769615930359,1769615930359,1769615930359,300,5000,ok
a1e1682f-ca1d-47d8-a424-27de9cdfc354,esp32-03,telemetry,1769615930178,1769615930452,1769615930452,1769615930452,1769615930452,1769615930452,300,5000,ok
23abbfe9-102b-4ab4-a3d4-c3a31701a191,esp32-01,telemetry,1769615930197,1769615930452,1769615930453,1769615930453,1769615930453,1769615930453,300,5000,ok
f4283aec-5cbe-48d0-8377-578a08acbc24,esp32-02,telemetry,1769615930218,1769615930452,1769615930453,1769615930453,1769615930453,1769615930453,300,5000,ok
bb95b8ae-0205-4fed-99f4-80e9b8f5f881,esp32-03,telemetry,1769615930239,1769615930452,1769615930454,1769615930454,1769615930454,1769615930454,300,5000,ok
40e566da-ccf4-48e6-b834-134e5d9f5c5d,esp32-01,telemetry,1769615930259,1769615930453,1769615930454,1769615930454,1769615930454,1769615930454,300,5000,ok
c84c6d09-5d9d-4da0-97ca-43a6ef19096d,esp32-02,telemetry,1769615931151,1769615931394,1769615931394,1769615931394,1769615931394,1769615931394,300,5000,ok
ce3c738e-4f25-4151-898f-e7ffd53307ff,esp32-03,telemetry,1769615931170,1769615931395,1769615931396,1769615931396,1769615931396,1769615931396,300,5000,ok
a6f32b4f-5344-4b40-8b1b-f02ef912d39c,esp32-01,telemetry,1769615931191,1769615931395,1769615931396,1769615931396,1769615931396,1769615931396,300,5000,ok
183bb414-72c3-4e62-a709-32d60c4e622f,esp32-02,telemetry,1769615931211,1769615931501,1769615931501,1769615931501,1769615931501,1769615931501,300,5000,ok
10d7a307-0448-42db-83a7-6f2755815e6a,esp32-03,telemetry,1769615931232,1769615931502,1769615931502,1769615931502,1769615931502,1769615931502,300,5000,ok
4120107f-2d02-422f-9860-d5da39ae05d3,esp32-01,telemetry,1769615931252,1769615931502,1769615931504,1769615931504,1769615931504,1769615931504,300,5000,ok
eb4faa05-969a-461c-94b7-0bca1556ffbb,esp32-02,telemetry,1769615931272,1769615931502,1769615931504,1769615931504,1769615931504,1769615931504,300,5000,ok
57c2afc0-9be8-46fa-b801-f6543f3fcff9,esp32-03,telemetry,1769615931291,1769615931503,1769615931505,1769615931505,1769615931505,1769615931505,300,5000,ok
cb36a193-452a-4fbe-8f0b-8d80b9f7e848,esp32-01,telemetry,1769615931312,1769615931503,1769615931505,1769615931505,1769615931505,1769615931505,300,5000,ok
848ab6f3-8a88-4cc3-8381-f10975ad1077,esp32-02,telemetry,1769615931331,1769615931622,1769615931622,1769615931622,1769615931622,1769615931622,300,5000,ok
ebed68c7-9661-41d2-a191-22be2be51990,esp32-02,telemetry,1769615932176,1769615932435,1769615932435,1769615932435,1769615932435,1769615932435,300,5000,ok
93212524-33ab-4141-b533-01a2a53431e3,esp32-03,telemetry,1769615932195,1769615932435,1769615932435,1769615932435,1769615932435,1769615932435,300,5000,ok
34038f0d-cc2d-4027-a2c0-f1dfed89ddbe,esp32-01,telemetry,1769615932216,1769615932435,1769615932436,1769615932436,1769615932436,1769615932436,300,5000,ok
56e36f8d-b948-4fb1-940a-ed85fc8921dd,esp32-02,telemetry,1769615932235,1769615932435,1769615932436,1769615932436,1769615932436,1769615932436,300,5000,ok
b99a327c-01cd-45bb-b682-5a36027f4bb5,esp32-03,telemetry,1769615932256,1769615932540,1769615932540,1769615932540,1769615932540,1769615932540,300,5000,ok
dddb72a2-5bd2-4b54-949d-6570bcd31b32,esp32-01,telemetry,1769615932277,1769615932540,1769615932540,1769615932540,1769615932540,1769615932540,300,5000,ok
d3f3f1ad-4adf-49f8-9ec7-b2e2b55a91f7,esp32-02,telemetry,1769615932298,1769615932540,1769615932541,1769615932541,1769615932541,1769615932541,300,5000,ok
d5b4c9c2-7088-4a0d-8f91-1baaed3d79dd,esp32-03,telemetry,1769615932317,1769615932540,1769615932541,1769615932541,1769615932541,1769615932541,300,5000,ok
72707546-4eb9-4a11-b1bb-d90a289e4a7f,esp32-01,telemetry,1769615932338,1769615932540,1769615932542,1769615932542,1769615932542,1769615932542,300,5000,ok
ab90d428-77ea-4aa6-a68f-14b5548939b7,esp32-02,telemetry,1769615932358,1769615932621,1769615932621,1769615932621,1769615932621,1769615932621,300,5000,ok
ec6e8108-b65f-480a-af6d-ad577abd69b3,esp32-01,telemetry,1769615933185,1769615933471,1769615933471,1769615933471,1769615933471,1769615933471,300,5000,ok
10ad6aa2-5338-45ff-88a4-4b76992439c9,esp32-02,telemetry,1769615933206,1769615933471,1769615933472,1769615933472,1769615933472,1769615933472,300,5000,ok
d7ee8c17-f14d-42ab-9191-b84d039c8051,esp32-03,telemetry,1769615933225,1769615933471,1769615933472,1769615933472,1769615933472,1769615933472,300,5000,ok
9ea21ce5-154d-481f-9ad4-73deeab701ff,esp32-01,telemetry,1769615933246,1769615933471,1769615933473,1769615933473,1769615933473,1769615933473,300,5000,ok
12fd2183-7d53-4e78-a9f7-8115998f50e8,esp32-02,telemetry,1769615933266,1769615933472,1769615933473,1769615933473,1769615933473,1769615933473,300,5000,ok
a7b08e44-41e1-4551-8ee9-2c3a4e175d76,esp32-03,telemetry,1769615933286,1769615933556,1769615933556,1769615933556,1769615933556,1769615933556,300,5000,ok
c7e9b792-2994-40b8-86d4-6a50909c7253,esp32-01,telemetry,1769615933306,1769615933556,1769615933557,1769615933557,1769615933557,1769615933557,300,5000,ok
8858b578-a459-4a86-a6b6-a1a13ac22586,esp32-02,telemetry,1769615933326,1769615933556,1769615933557,1769615933557,1769615933557,1769615933557,300,5000,ok
d6013b73-a2b8-4efb-a700-00efe9ba7139,esp32-03,telemetry,1769615933348,1769615933556,1769615933557,1769615933557,1769615933557,1769615933558,300,5000,ok
29720341-eff5-430d-87b7-bf37ac3ca9c9,esp32-01,telemetry,1769615933368,1769615933658,1769615933658,1769615933658,1769615933658,1769615933658,300,5000,ok
3971bbcd-9bc6-4cc2-8046-fcdf6945d281,esp32-02,telemetry,1769615934232,1769615934501,1769615934501,1769615934501,1769615934501,1769615934501,300,5000,ok
7eddc246-bcfc-4830-85be-2397a96a7d11,esp32-03,telemetry,1769615934252,1769615934501,1769615934501,1769615934501,1769615934501,1769615934501,300,5000,ok
17271d82-70ef-446d-8779-86590b3ae7a9,esp32-01,telemetry,1769615934272,1769615934501,1769615934502,1769615934502,1769615934502,1769615934502,300,5000,ok
89767acf-60bc-418a-a3d9-823938b5567b,esp32-02,telemetry,1769615934291,1769615934501,1769615934502,1769615934502,1769615934502,1769615934502,300,5000,ok
34d127c3-be3b-4316-87e9-8e2256e1eef9,esp32-03,telemetry,1769615934312,1769615934607,1769615934607,1769615934607,1769615934607,1769615934607,300,5000,ok
de61a271-a853-4095-b183-89c98e2fef7f,esp32-01,telemetry,1769615934331,1769615934607,1769615934607,1769615934607,1769615934607,1769615934607,300,5000,ok
6a3f06ba-cf15-475c-94d8-36099d23fd0b,esp32-02,telemetry,1769615934352,1769615934607,1769615934608,1769615934608,1769615934608,1769615934608,300,5000,ok
40a1bb62-125d-4ded-8c6f-8494fe6af962,esp32-03,telemetry,1769615934371,1769615934607,1769615934608,1769615934608,1769615934608,1769615934608,300,5000,ok
44d655e8-9752-4699-8dd9-bc70137cfc89,esp32-01,telemetry,1769615934391,1769615934607,1769615934609,1769615934609,1769615934609,1769615934609,300,5000,ok
c6452bad-92d8-4e33-9fbc-8c17e19492e5,esp32-02,telemetry,1769615934412,1769615934607,1769615934610,1769615934610,1769615934610,1769615934610,300,5000,ok
99d85c34-8e56-4b9c-8fed-eb7ee8ca6e48,esp32-03,telemetry,1769615935287,1769615935563,1769615935563,1769615935563,1769615935563,1769615935563,300,5000,ok
19b66150-f965-465d-bca5-d0cf25bb5eb5,esp32-01,telemetry,1769615935308,1769615935563,1769615935564,1769615935564,1769615935564,1769615935564,300,5000,ok
bfcb035f-4e94-4e3a-8cd2-ec4f0e66fec7,esp32-02,telemetry,1769615935329,1769615935564,1769615935565,1769615935565,1769615935565,1769615935565,300,5000,ok
3c35ea06-1e57-4790-b87a-7e75c11fd335,esp32-03,telemetry,1769615935349,1769615935564,1769615935565,1769615935565,1769615935565,1769615935565,300,5000,ok
7a4a3138-07c4-4686-80d0-68ebfe14c973,esp32-01,telemetry,1769615935369,1769615935564,1769615935566,1769615935566,1769615935566,1769615935566,300,5000,ok
980ac77c-1e0e-40e5-922c-9edc6e41072c,esp32-02,telemetry,1769615935390,1769615935611,1769615935611,1769615935611,1769615935611,1769615935611,300,5000,ok
060be2ab-cffc-4481-8a9d-0b9a0c99b9ed,esp32-03,telemetry,1769615935410,1769615935612,1769615935612,1769615935612,1769615935612,1769615935612,300,5000,ok
9449dbde-dffa-4d7e-ab56-e3d2faf14e90,esp32-01,telemetry,1769615935429,1769615935651,1769615935651,1769615935651,1769615935651,1769615935651,300,5000,ok
15ad2bc9-1151-4483-8623-e1c18e0914a8,esp32-02,telemetry,1769615935450,1769615935651,1769615935651,1769615935652,1769615935652,1769615935652,300,5000,ok
f97706a4-7b13-4ce1-a4a3-1b586b90d11e,esp32-03,telemetry,1769615935470,1769615935750,1769615935750,1769615935750,1769615935750,1769615935750,300,5000,ok
d33b9320-7819-4ab6-b770-2b6746e17315,esp32-02,telemetry,1769615936360,1769615936650,1769615936650,1769615936650,1769615936650,1769615936650,300,5000,ok
6dd1b2dc-5960-4b04-b328-d7e78f0509d3,esp32-03,telemetry,1769615936381,1769615936650,1769615936651,1769615936651,1769615936651,1769615936651,300,5000,ok
f3a9b55c-54c9-4b9a-b8e1-8aa9e1437fa7,esp32-01,telemetry,1769615936401,1769615936650,1769615936651,1769615936651,1769615936651,1769615936651,300,5000,ok
055bebdd-bd28-4a5b-8b07-85104383da12,esp32-02,telemetry,1769615936420,1769615936650,1769615936651,1769615936651,1769615936651,1769615936651,300,5000,ok
17d19fc3-c850-4ee3-b5db-5540236ee8b3,esp32-03,telemetry,1769615936441,1769615936650,1769615936652,1769615936652,1769615936652,1769615936652,300,5000,ok
e9f1c819-540a-4a40-889e-914d2725844a,esp32-01,telemetry,1769615936460,1769615936650,1769615936652,1769615936652,1769615936652,1769615936652,300,5000,ok
0922ce03-83b3-4b03-a2d2-ac9cfb75248b,esp32-02,telemetry,1769615936481,1769615936677,1769615936677,1769615936677,1769615936677,1769615936677,300,5000,ok
120e57d4-110d-42b7-b2e0-6ad63afdcf0e,esp32-03,telemetry,1769615936501,1769615936699,1769615936699,1769615936699,1769615936699,1769615936699,300,5000,ok
e825c4b4-2bd8-4691-960c-5a0dd84c8637,esp32-01,telemetry,1769615936521,1769615936735,1769615936735,1769615936736,1769615936736,1769615936736,300,5000,ok
e5fbd342-ec5b-4e3a-ad44-d06927858e90,esp32-02,telemetry,1769615936540,1769615936735,1769615936736,1769615936736,1769615936736,1769615936736,300,5000,ok
a9a34b79-8aa5-4a3f-aaff-50e87c973f1d,esp32-02,telemetry,1769615937450,1769615937660,1769615937660,1769615937660,1769615937660,1769615937660,300,5000,ok
ca30e3ef-60ba-46ac-8576-e63a67c88cea,esp32-03,telemetry,1769615937471,1769615937660,1769615937661,1769615937661,1769615937661,1769615937661,300,5000,ok
10f1b382-1731-492d-89ee-8224c24cee51,esp32-01,telemetry,1769615937490,1769615937690,1769615937690,1769615937690,1769615937690,1769615937690,300,5000,ok
7126f524-1235-4425-9d4d-c5fdbdd6effb,esp32-02,telemetry,1769615937510,1769615937787,1769615937787,1769615937787,1769615937787,1769615937787,300,5000,ok
bbbd1cfc-86cb-4137-963f-18e22e39bcc2,esp32-03,telemetry,1769615937531,1769615937787,1769615937788,1769615937788,1769615937788,1769615937788,300,5000,ok
9e0c50fd-ee6b-45bf-b68b-a8409cb8b036,esp32-01,telemetry,1769615937552,1769615937787,1769615937788,1769615937788,1769615937788,1769615937788,300,5000,ok
799120d5-647e-47d3-82a5-7850260e5a8f,esp32-02,telemetry,1769615937571,1769615937787,1769615937789,1769615937789,1769615937789,1769615937789,300,5000,ok
93f33143-ffca-446b-bff5-129967a5f4fc,esp32-03,telemetry,1769615937592,1769615937787,1769615937789,1769615937789,1769615937789,1769615937789,300,5000,ok
e29f7ad4-048c-4412-a165-e4b71b54a78a,esp32-01,telemetry,1769615937613,1769615937812,1769615937813,1769615937813,1769615937813,1769615937813,300,5000,ok
e3b87b23-77fb-43be-9d66-71d3a4c129a5,esp32-02,telemetry,1769615937633,1769615937850,1769615937851,1769615937851,1769615937851,1769615937851,300,5000,ok
1e94178b-7784-42b6-bdef-5813649054e4,esp32-01,telemetry,1769615938458,1769615938736,1769615938737,1769615938737,1769615938737,1769615938737,300,5000,ok
51197188-4fd0-41ae-9991-d882f1ad6234,esp32-02,telemetry,1769615938477,1769615938737,1769615938737,1769615938737,1769615938737,1769615938737,300,5000,ok
07afb526-0ce3-447f-9b30-2e8126ccc43c,esp32-03,telemetry,1769615938498,1769615938737,1769615938738,1769615938738,1769615938738,1769615938738,300,5000,ok
f1b565ba-bf36-4d71-9e19-2eae042581f1,esp32-01,telemetry,1769615938518,1769615938737,1769615938738,1769615938738,1769615938738,1769615938738,300,5000,ok
2a7b853f-7dda-4aa0-a103-84d9ad68529d,esp32-02,telemetry,1769615938538,1769615938773,1769615938773,1769615938773,1769615938773,1769615938773,300,5000,ok
8c86bae6-cce0-417a-b060-f9539c911fda,esp32-03,telemetry,1769615938560,1769615938773,1769615938773,1769615938773,1769615938773,1769615938773,300,5000,ok
42c70e07-4afd-4a85-9d8c-e175eddd63b3,esp32-01,telemetry,1769615938581,1769615938801,1769615938801,1769615938801,1769615938801,1769615938801,300,5000,ok
16b28abc-9e0c-4c27-8d28-7f94fbad44f1,esp32-02,telemetry,1769615938601,1769615938801,1769615938802,1769615938802,1769615938802,1769615938802,300,5000,ok
7678bb30-8fc8-4175-b898-09a99391531d,esp32-03,telemetry,1769615938620,1769615938831,1769615938831,1769615938831,1769615938831,1769615938831,300,5000,ok
cef92b35-0207-4ab7-801f-a79406e34664,esp32-01,telemetry,1769615938641,1769615938937,1769615938937,1769615938937,1769615938937,1769615938937,300,5000,ok
29a6e8db-4206-454f-9eeb-e4f71ea90af0,esp32-03,telemetry,1769615939534,1769615939729,1769615939729,1769615939729,1769615939729,1769615939729,300,5000,ok
eb4801a1-6e22-45ea-9db9-da6a82d66bc8,esp32-01,telemetry,1769615939554,1769615939773,1769615939773,1769615939773,1769615939773,1769615939773,300,5000,ok
31664e40-1517-4911-b19b-1e260a200e35,esp32-02,telemetry,1769615939574,1769615939773,1769615939773,1769615939773,1769615939773,1769615939773,300,5000,ok
674db476-8eac-44b2-851f-c93d74630213,esp32-03,telemetry,1769615939593,1769615939870,1769615939870,1769615939870,1769615939870,1769615939870,300,5000,ok
917a8754-f9f7-48cb-8df5-e2537d9a66de,esp32-01,telemetry,1769615939613,1769615939870,1769615939871,1769615939871,1769615939871,1769615939871,300,5000,ok
b63877e0-46f6-4637-8728-567e024aaaf3,esp32-02,telemetry,1769615939633,1769615939870,1769615939871,1769615939871,1769615939871,1769615939871,300,5000,ok
a8ce48ba-19fb-46c2-8726-4f92e8fe01bb,esp32-03,telemetry,1769615939654,1769615939870,1769615939872,1769615939872,1769615939872,1769615939872,300,5000,ok
8289fff2-4ad0-4d70-9baf-63a1ea113c49,esp32-01,telemetry,1769615939673,1769615939871,1769615939872,1769615939872,1769615939872,1769615939872,300,5000,ok
f675b767-53d6-4409-9d16-58f52486bfde,esp32-02,telemetry,1769615939693,1769615939904,1769615939904,1769615939904,1769615939904,1769615939904,300,5000,ok
856be6a4-0351-488f-b98b-89b591e8c2dc,esp32-03,telemetry,1769615939714,1769615939904,1769615939905,1769615939905,1769615939905,1769615939905,300,5000,ok
21333344-db93-4879-a8c0-efb3d404c1eb,esp32-01,telemetry,1769615940523,1769615940816,1769615940816,1769615940816,1769615940816,1769615940816,300,5000,ok
2ad5b39a-0d2c-4837-a43c-5fb736d96d8c,esp32-02,telemetry,1769615940542,1769615940816,1769615940817,1769615940817,1769615940817,1769615940817,300,5000,ok
0f5fc782-96a9-4cf2-8a7f-696acb74ef80,esp32-03,telemetry,1769615940563,1769615940816,1769615940818,1769615940818,1769615940818,1769615940818,300,5000,ok
b887df0c-491d-41cb-aea5-0892ec41f87b,esp32-01,telemetry,1769615940584,1769615940816,1769615940818,1769615940818,1769615940818,1769615940818,300,5000,ok
fdd8f031-4f1e-4065-be0b-c944420ea8d6,esp32-02,telemetry,1769615940603,1769615940817,1769615940819,1769615940819,1769615940819,1769615940819,300,5000,ok
83ba16c1-ac2d-484a-807d-ee621685e387,esp32-03,telemetry,1769615940623,1769615940817,1769615940819,1769615940819,1769615940819,1769615940819,300,5000,ok
3012cf9d-2e66-4dcb-a79b-291a2cc40f3d,esp32-01,telemetry,1769615940644,1769615940843,1769615940843,1769615940843,1769615940843,1769615940843,300,5000,ok
473806cc-7739-4ee4-99df-ac17da3c26f1,esp32-02,telemetry,1769615940663,1769615940894,1769615940894,1769615940894,1769615940894,1769615940894,300,5000,ok
16ed6e47-ca3a-4fa5-8f4e-a5175850e2ec,esp32-03,telemetry,1769615940683,1769615940894,1769615940895,1769615940895,1769615940895,1769615940895,300,5000,ok
d7f8d62d-b3da-4979-88c1-96d83055a4bf,esp32-01,telemetry,1769615940704,1769615940894,1769615940896,1769615940896,1769615940896,1769615940896,300,5000,ok
4a14c2bc-05b4-4d44-aed8-2ae849a56108,esp32-02,telemetry,1769615941568,1769615941824,1769615941824,1769615941824,1769615941824,1769615941824,300,5000,ok
c31c4590-407a-4b79-8ddc-991811646a3c,esp32-03,telemetry,1769615941588,1769615941824,1769615941825,1769615941825,1769615941825,1769615941825,300,5000,ok
e993520f-dd98-44bb-a92d-088276b70c39,esp32-01,telemetry,1769615941608,1769615941824,1769615941825,1769615941825,1769615941825,1769615941825,300,5000,ok
b299f19f-3517-4ec7-ac21-77d988f184ec,esp32-02,telemetry,1769615941629,1769615941824,1769615941826,1769615941826,1769615941826,1769615941826,300,5000,ok
22a28f4f-120a-47f1-96be-21872c6377b5,esp32-03,telemetry,1769615941648,1769615941930,1769615941930,1769615941930,1769615941930,1769615941930,300,5000,ok
d1225fe5-71cb-4608-b726-2727f14f8838,esp32-01,telemetry,1769615941668,1769615941930,1769615941931,1769615941931,1769615941931,1769615941931,300,5000,ok
346d6e0d-b4b2-4e8e-ac7b-0a5621e40761,esp32-02,telemetry,1769615941688,1769615941930,1769615941931,1769615941931,1769615941931,1769615941931,300,5000,ok
5cf2c803-ff5d-4ebe-9402-9d11855ae2e5,esp32-03,telemetry,1769615941709,1769615941930,1769615941931,1769615941931,1769615941931,1769615941931,300,5000,ok
cda7fe6d-54ce-4208-ac89-f4ad24fca5e6,esp32-01,telemetry,1769615941729,1769615941931,1769615941932,1769615941932,1769615941932,1769615941932,300,5000,ok
6650cd0f-2716-40f4-b770-0d2798d1ba69,esp32-02,telemetry,1769615941749,1769615942011,1769615942011,1769615942011,1769615942011,1769615942011,300,5000,ok
0df2ee45-1f23-4ef7-94b4-2007a8a3d3be,esp32-01,telemetry,1769615942575,1769615942860,1769615942860,1769615942860,1769615942860,1769615942860,300,5000,ok
2642b08d-5061-4234-909e-bd3224e389fd,esp32-02,telemetry,1769615942596,1769615942861,1769615942861,1769615942861,1769615942861,1769615942861,300,5000,ok
144b4c80-a6d4-49c2-b167-af472d615677,esp32-03,telemetry,1769615942616,1769615942861,1769615942862,1769615942862,1769615942862,1769615942862,300,5000,ok
9cecb870-fcf4-46a5-ba39-6021229be3eb,esp32-01,telemetry,1769615942637,1769615942861,1769615942862,1769615942862,1769615942862,1769615942862,300,5000,ok
53eb9736-b80b-4dac-b410-321ab5e99dec,esp32-02,telemetry,1769615942657,1769615942861,1769615942863,1769615942863,1769615942863,1769615942863,300,5000,ok
da46fac3-c4d5-4751-946f-a30f862b6b26,esp32-03,telemetry,1769615942677,1769615942945,1769615942945,1769615942945,1769615942945,1769615942945,300,5000,ok
11c89c42-092e-46fe-9735-77da4c4fcee9,esp32-01,telemetry,1769615942698,1769615942945,1769615942946,1769615942946,1769615942946,1769615942946,300,5000,ok
ddf72020-c560-4c11-b156-e2b18db8d3dd,esp32-02,telemetry,1769615942718,1769615942945,1769615942946,1769615942946,1769615942946,1769615942946,300,5000,ok
1bd40f84-7aa9-4fa1-a2dd-e24cfabe5095,esp32-03,telemetry,1769615942739,1769615942946,1769615942947,1769615942947,1769615942947,1769615942947,300,5000,ok
2a597dd6-381a-4d53-965f-b53eae19a946,esp32-01,telemetry,1769615942759,1769615943052,1769615943052,1769615943052,1769615943052,1769615943052,300,5000,ok
9a6bfa63-a863-4fb1-a3e1-8967105eebf3,esp32-02,telemetry,1769615943628,1769615943904,1769615943904,1769615943904,1769615943904,1769615943904,300,5000,ok
00949514-14c4-4120-b7e1-db95f22e8c0c,esp32-03,telemetry,1769615943649,1769615943904,1769615943905,1769615943905,1769615943905,1769615943905,300,5000,ok
655cc4df-4a6d-4e1f-b545-444a3d1105c1,esp32-01,telemetry,1769615943669,1769615943905,1769615943906,1769615943906,1769615943906,1769615943906,300,5000,ok
5b39a2fa-cca5-461e-9c04-cdd1d5b2ab2c,esp32-02,telemetry,1769615943689,1769615943905,1769615943906,1769615943906,1769615943906,1769615943906,300,5000,ok
d36fa5b8-4a40-420b-bb95-a188ecd07521,esp32-03,telemetry,1769615943710,1769615943905,1769615943906,1769615943906,1769615943906,1769615943906,300,5000,ok
651bdfcc-c00a-4e40-a792-9d62826c91d8,esp32-01,telemetry,1769615943730,1769615943987,1769615943987,1769615943987,1769615943987,1769615943987,300,5000,ok
df1c57f9-d6ce-47e3-86aa-18f80f62395a,esp32-02,telemetry,1769615943750,1769615943987,1769615943988,1769615943988,1769615943988,1769615943988,300,5000,ok
c4e4fe2d-208f-47bd-9fde-5d7b7bcea914,esp32-03,telemetry,1769615943771,1769615943987,1769615943988,1769615943988,1769615943988,1769615943988,300,5000,ok
db7755e1-b647-471b-b0d1-44b377298cf6,esp32-01,telemetry,1769615943791,1769615943987,1769615943988,1769615943988,1769615943988,1769615943988,300,5000,ok
a0fc2b12-b326-444f-8dc8-cedca06c491f,esp32-02,telemetry,1769615943811,1769615944096,1769615944096,1769615944096,1769615944096,1769615944096,300,5000,ok
3dc73f20-275d-4d63-a67f-898abe6d15f1,esp32-02,telemetry,1769615944661,1769615944925,1769615944925,1769615944925,1769615944925,1769615944925,300,5000,ok
6544bc4a-5ff8-48cd-978d-51ba8e52a1a3,esp32-03,telemetry,1769615944683,1769615944926,1769615944926,1769615944926,1769615944926,1769615944926,300,5000,ok
16238b8e-2115-49af-9f19-bb8978e5f67b,esp32-01,telemetry,1769615944703,1769615944926,1769615944927,1769615944927,1769615944927,1769615944927,300,5000,ok
f05f9def-6ec9-43e5-aa69-b003f5fac99a,esp32-02,telemetry,1769615944724,1769615944926,1769615944927,1769615944927,1769615944927,1769615944927,300,5000,ok
3dc73f20-275d-4d63-a67f-898abe6d15f1,esp32-02,telemetry,1769615944661,1769615944970,1769615944970,1769615944970,1769615944970,1769615944970,300,5000,ok
6544bc4a-5ff8-48cd-978d-51ba8e52a1a3,esp32-03,telemetry,1769615944683,1769615944970,1769615944971,1769615944971,1769615944971,1769615944971,300,5000,ok
16238b8e-2115-49af-9f19-bb8978e5f67b,esp32-01,telemetry,1769615944703,1769615944970,1769615944971,1769615944971,1769615944971,1769615944971,300,5000,ok
f05f9def-6ec9-43e5-aa69-b003f5fac99a,esp32-02,telemetry,1769615944724,1769615944970,1769615944972,1769615944972,1769615944972,1769615944972,300,5000,ok
d35a5a33-d2d7-4d19-826f-d764d48c579e,esp32-03,telemetry,1769615944744,1769615945031,1769615945031,1769615945031,1769615945031,1769615945031,300,5000,ok
fc4089b1-419e-468c-b69b-d0da56d302ad,esp32-01,telemetry,1769615944764,1769615945031,1769615945033,1769615945033,1769615945033,1769615945033,300,5000,ok
bd82b7f7-a8b7-4afc-9630-151fe0f24692,esp32-02,telemetry,1769615944784,1769615945032,1769615945033,1769615945033,1769615945033,1769615945033,300,5000,ok
a3e8a524-1497-4981-9a1c-f282936779fa,esp32-03,telemetry,1769615944804,1769615945032,1769615945034,1769615945034,1769615945034,1769615945034,300,5000,ok
21a8a210-5fb0-41cf-9c18-4f3e169a8aff,esp32-01,telemetry,1769615944823,1769615945032,1769615945034,1769615945034,1769615945034,1769615945034,300,5000,ok
d35a5a33-d2d7-4d19-826f-d764d48c579e,esp32-03,telemetry,1769615944744,1769615945075,1769615945075,1769615945075,1769615945075,1769615945075,300,5000,ok
fc4089b1-419e-468c-b69b-d0da56d302ad,esp32-01,telemetry,1769615944764,1769615945075,1769615945076,1769615945076,1769615945076,1769615945076,300,5000,ok
bd82b7f7-a8b7-4afc-9630-151fe0f24692,esp32-02,telemetry,1769615944784,1769615945075,1769615945076,1769615945076,1769615945076,1769615945076,300,5000,ok
a3e8a524-1497-4981-9a1c-f282936779fa,esp32-03,telemetry,1769615944804,1769615945075,1769615945077,1769615945077,1769615945077,1769615945077,300,5000,ok
21a8a210-5fb0-41cf-9c18-4f3e169a8aff,esp32-01,telemetry,1769615944823,1769615945076,1769615945078,1769615945078,1769615945078,1769615945078,300,5000,ok
9c2499b0-3898-4a55-8153-bbbd6bc3dd80,esp32-02,telemetry,1769615944843,1769615945112,1769615945112,1769615945112,1769615945112,1769615945112,300,5000,ok
9c2499b0-3898-4a55-8153-bbbd6bc3dd80,esp32-02,telemetry,1769615944843,1769615945155,1769615945156,1769615945156,1769615945156,1769615945156,300,5000,ok
70a1d92e-b5ca-431c-8a01-60adceb16096,esp32-01,telemetry,1769615944911,1769615945173,1769615945174,1769615945174,1769615945174,1769615945174,300,5000,ok
aa10d130-6e72-4400-8096-acb3ab679be8,esp32-03,alarm,1769615944911,1769615945174,1769615945174,1769615945174,1769615945174,1769615945174,150,10000,alarm_type
c5ab6b16-5561-41a7-8fc9-970a8bdf8120,esp32-02,telemetry,1769615944930,1769615945174,1769615945175,1769615945175,1769615945175,1769615945175,300,5000,ok
39f65d06-918d-4c83-b770-262e7d93e977,esp32-03,telemetry,1769615944950,1769615945174,1769615945175,1769615945175,1769615945175,1769615945176,300,5000,ok
70a1d92e-b5ca-431c-8a01-60adceb16096,esp32-01,telemetry,1769615944911,1769615945186,1769615945186,1769615945186,1769615945186,1769615945186,300,5000,ok
c5ab6b16-5561-41a7-8fc9-970a8bdf8120,esp32-02,telemetry,1769615944930,1769615945186,1769615945187,1769615945187,1769615945187,1769615945187,300,5000,ok
aa10d130-6e72-4400-8096-acb3ab679be8,esp32-03,alarm,1769615944911,1769615945186,1769615945187,1769615945187,1769615945187,1769615945187,150,10000,alarm_type
39f65d06-918d-4c83-b770-262e7d93e977,esp32-03,telemetry,1769615944950,1769615945187,1769615945188,1769615945188,1769615945188,1769615945188,300,5000,ok
04aa0ecb-309d-4df0-a383-01989cca6dc8,esp32-01,telemetry,1769615944970,1769615945256,1769615945256,1769615945256,1769615945256,1769615945256,300,5000,ok
6c167268-5475-449c-bbd6-c55eba8160e9,esp32-02,telemetry,1769615944991,1769615945256,1769615945257,1769615945257,1769615945257,1769615945257,300,5000,ok
608d26ca-ca8f-4525-bb31-e94428d89328,esp32-03,telemetry,1769615945010,1769615945256,1769615945257,1769615945257,1769615945257,1769615945257,300,5000,ok
04aa0ecb-309d-4df0-a383-01989cca6dc8,esp32-01,telemetry,1769615944970,1769615945266,1769615945266,1769615945266,1769615945266,1769615945266,300,5000,ok
6c167268-5475-449c-bbd6-c55eba8160e9,esp32-02,telemetry,1769615944991,1769615945267,1769615945267,1769615945267,1769615945267,1769615945267,300,5000,ok
608d26ca-ca8f-4525-bb31-e94428d89328,esp32-03,telemetry,1769615945010,1769615945267,1769615945268,1769615945268,1769615945268,1769615945268,300,5000,ok
b0abf4e5-bc01-4119-a4dd-5206f329187e,esp32-01,telemetry,1769615945031,1769615945399,1769615945399,1769615945399,1769615945399,1769615945399,300,5000,ok
efa9dce1-a6c6-49f6-80a8-a823fe43fc32,esp32-02,telemetry,1769615945051,1769615945400,1769615945400,1769615945400,1769615945400,1769615945400,300,5000,ok
6fc38b7d-bb4a-4ae2-a69a-66525cbbe46f,esp32-03,telemetry,1769615945071,1769615945400,1769615945401,1769615945401,1769615945401,1769615945401,300,5000,ok
b0abf4e5-bc01-4119-a4dd-5206f329187e,esp32-01,telemetry,1769615945031,1769615945412,1769615945412,1769615945412,1769615945412,1769615945412,300,5000,ok
efa9dce1-a6c6-49f6-80a8-a823fe43fc32,esp32-02,telemetry,1769615945051,1769615945412,1769615945413,1769615945413,1769615945413,1769615945413,300,5000,ok
6fc38b7d-bb4a-4ae2-a69a-66525cbbe46f,esp32-03,telemetry,1769615945071,1769615945412,1769615945413,1769615945413,1769615945413,1769615945413,300,5000,ok
33d79b32-c5b3-4795-9d76-dc52fa59adf0,esp32-01,telemetry,1769615945674,1769615945964,1769615945965,1769615945965,1769615945965,1769615945965,300,5000,ok
f359e3f3-3b8a-4255-82d3-bc932d54a7d9,esp32-02,telemetry,1769615945695,1769615945965,1769615945965,1769615945965,1769615945965,1769615945965,300,5000,ok
823fcb22-91e6-431f-9645-49172e7f6611,esp32-03,telemetry,1769615945715,1769615945965,1769615945966,1769615945966,1769615945966,1769615945966,300,5000,ok
db30fbda-6e4b-41df-a0a1-e0db25c9e450,esp32-01,telemetry,1769615945734,1769615945965,1769615945966,1769615945966,1769615945966,1769615945966,300,5000,ok
bfe722a2-ca85-4d02-bab8-005e9a621ba0,esp32-02,telemetry,1769615945755,1769615945965,1769615945967,1769615945967,1769615945967,1769615945967,300,5000,ok
8d13133c-40c1-4f43-8a45-c401755a9b4f,esp32-03,telemetry,1769615945775,1769615945965,1769615945967,1769615945967,1769615945967,1769615945967,300,5000,ok
33d79b32-c5b3-4795-9d76-dc52fa59adf0,esp32-01,telemetry,1769615945674,1769615946008,1769615946008,1769615946008,1769615946008,1769615946008,300,5000,ok
f359e3f3-3b8a-4255-82d3-bc932d54a7d9,esp32-02,telemetry,1769615945695,1769615946008,1769615946009,1769615946009,1769615946009,1769615946009,300,5000,ok
823fcb22-91e6-431f-9645-49172e7f6611,esp32-03,telemetry,1769615945715,1769615946008,1769615946009,1769615946009,1769615946009,1769615946010,300,5000,ok
db30fbda-6e4b-41df-a0a1-e0db25c9e450,esp32-01,telemetry,1769615945734,1769615946008,1769615946010,1769615946010,1769615946010,1769615946010,300,5000,ok
bfe722a2-ca85-4d02-bab8-005e9a621ba0,esp32-02,telemetry,1769615945755,1769615946009,1769615946011,1769615946011,1769615946011,1769615946011,300,5000,ok
8d13133c-40c1-4f43-8a45-c401755a9b4f,esp32-03,telemetry,1769615945775,1769615946009,1769615946011,1769615946011,1769615946011,1769615946011,300,5000,ok
bd87abd6-c59f-4ab2-98e8-f5d4193a6bc2,esp32-01,telemetry,1769615945795,1769615946045,1769615946062,1769615946062,1769615946062,1769615946062,300,5000,ok
7e77e8df-e3cd-4fba-82f3-efe6af587cd7,esp32-02,telemetry,1769615945816,1769615946045,1769615946070,1769615946070,1769615946070,1769615946070,300,5000,ok
17393492-a56f-4958-a7eb-cdd47a1ab83d,esp32-03,telemetry,1769615945835,1769615946045,1769615946071,1769615946071,1769615946071,1769615946071,300,5000,ok
bd87abd6-c59f-4ab2-98e8-f5d4193a6bc2,esp32-01,telemetry,1769615945795,1769615946091,1769615946102,1769615946102,1769615946102,1769615946102,300,5000,ok
7e77e8df-e3cd-4fba-82f3-efe6af587cd7,esp32-02,telemetry,1769615945816,1769615946091,1769615946103,1769615946103,1769615946103,1769615946103,300,5000,ok
17393492-a56f-4958-a7eb-cdd47a1ab83d,esp32-03,telemetry,1769615945835,1769615946091,1769615946103,1769615946103,1769615946103,1769615946103,300,5000,ok
833f9138-1079-4c1b-aa4c-8d5758852d56,esp32-01,telemetry,1769615945855,1769615946147,1769615946147,1769615946147,1769615946147,1769615946147,300,5000,ok
7cea7636-c388-4341-9a58-51887b155156,esp32-03,telemetry,1769615945857,1769615946181,1769615946182,1769615946182,1769615946182,1769615946182,300,5000,ok
3505ad95-70d7-40e3-82bc-c0cb08c5692d,esp32-01,telemetry,1769615945878,1769615946182,1769615946182,1769615946182,1769615946182,1769615946183,300,5000,ok
d52c4cb4-c16f-4d70-9647-d483fad0804c,esp32-02,telemetry,1769615945898,1769615946182,1769615946183,1769615946183,1769615946183,1769615946183,300,5000,ok
a735c421-83d6-4bf3-82cd-3e413bb304a6,esp32-03,telemetry,1769615945918,1769615946182,1769615946184,1769615946184,1769615946184,1769615946184,300,5000,ok
d2e361d0-f58e-4f9b-b0aa-3232353e1acc,esp32-01,telemetry,1769615945938,1769615946182,1769615946184,1769615946184,1769615946184,1769615946184,300,5000,ok
fa8fbfcf-7614-4709-a0d2-4160fd675ddb,esp32-02,telemetry,1769615945959,1769615946182,1769615946185,1769615946185,1769615946185,1769615946185,300,5000,ok
833f9138-1079-4c1b-aa4c-8d5758852d56,esp32-01,telemetry,1769615945855,1769615946196,1769615946196,1769615946196,1769615946196,1769615946196,300,5000,ok
7cea7636-c388-4341-9a58-51887b155156,esp32-03,telemetry,1769615945857,1769615946198,1769615946198,1769615946198,1769615946198,1769615946198,300,5000,ok
3505ad95-70d7-40e3-82bc-c0cb08c5692d,esp32-01,telemetry,1769615945878,1769615946198,1769615946199,1769615946199,1769615946199,1769615946199,300,5000,ok
d52c4cb4-c16f-4d70-9647-d483fad0804c,esp32-02,telemetry,1769615945898,1769615946198,1769615946199,1769615946199,1769615946199,1769615946199,300,5000,ok
a735c421-83d6-4bf3-82cd-3e413bb304a6,esp32-03,telemetry,1769615945918,1769615946198,1769615946200,1769615946200,1769615946200,1769615946200,300,5000,ok
d2e361d0-f58e-4f9b-b0aa-3232353e1acc,esp32-01,telemetry,1769615945938,1769615946198,1769615946200,1769615946200,1769615946200,1769615946200,300,5000,ok
fa8fbfcf-7614-4709-a0d2-4160fd675ddb,esp32-02,telemetry,1769615945959,1769615946198,1769615946201,1769615946201,1769615946201,1769615946201,300,5000,ok
2b8f802a-7fce-4fa5-b710-8790eaebfdca,esp32-03,telemetry,1769615945979,1769615946265,1769615946265,1769615946265,1769615946265,1769615946265,300,5000,ok
4e41d98c-d7b0-4c90-9821-8ed76bab1579,esp32-01,telemetry,1769615945999,1769615946265,1769615946265,1769615946265,1769615946265,1769615946265,300,5000,ok
b9a55fc0-5d40-4d9a-b1be-c91bd5685c15,esp32-02,telemetry,1769615946019,1769615946266,1769615946266,1769615946266,1769615946266,1769615946266,300,5000,ok
2b8f802a-7fce-4fa5-b710-8790eaebfdca,esp32-03,telemetry,1769615945979,1769615946276,1769615946276,1769615946276,1769615946276,1769615946276,300,5000,ok
4e41d98c-d7b0-4c90-9821-8ed76bab1579,esp32-01,telemetry,1769615945999,1769615946277,1769615946277,1769615946277,1769615946277,1769615946277,300,5000,ok
b9a55fc0-5d40-4d9a-b1be-c91bd5685c15,esp32-02,telemetry,1769615946019,1769615946277,1769615946277,1769615946277,1769615946277,1769615946277,300,5000,ok
d125df41-7736-4e41-ba50-c2d330fe7981,esp32-03,telemetry,1769615946040,1769615946314,1769615946314,1769615946314,1769615946314,1769615946314,300,5000,ok
d125df41-7736-4e41-ba50-c2d330fe7981,esp32-03,telemetry,1769615946040,1769615946320,1769615946320,1769615946320,1769615946320,1769615946320,300,5000,ok
3ceda9ee-f56a-4075-96c4-2c6f1c15518b,esp32-02,telemetry,1769615946732,1769615947024,1769615947024,1769615947024,1769615947024,1769615947024,300,5000,ok
3e79e858-92e0-4d07-8119-de3aa58ae8e1,esp32-03,telemetry,1769615946752,1769615947024,1769615947025,1769615947025,1769615947025,1769615947025,300,5000,ok
208eedf8-f5b2-4cfa-b3f3-2741c2a6426d,esp32-01,telemetry,1769615946773,1769615947024,1769615947025,1769615947025,1769615947025,1769615947025,300,5000,ok
c85ea54a-8406-46e6-8f5a-c5a8d0bc13cc,esp32-02,telemetry,1769615946793,1769615947025,1769615947026,1769615947026,1769615947026,1769615947026,300,5000,ok
78bc2912-9037-47e9-83c1-958987497cb3,esp32-03,telemetry,1769615946813,1769615947025,1769615947027,1769615947027,1769615947027,1769615947027,300,5000,ok
ea7b5aa9-376f-4b9e-a684-6b9b0a0e949e,esp32-01,telemetry,1769615946834,1769615947025,1769615947027,1769615947027,1769615947027,1769615947027,300,5000,ok
3ceda9ee-f56a-4075-96c4-2c6f1c15518b,esp32-02,telemetry,1769615946732,1769615947068,1769615947068,1769615947068,1769615947068,1769615947068,300,5000,ok
3e79e858-92e0-4d07-8119-de3aa58ae8e1,esp32-03,telemetry,1769615946752,1769615947068,1769615947069,1769615947069,1769615947069,1769615947069,300,5000,ok
208eedf8-f5b2-4cfa-b3f3-2741c2a6426d,esp32-01,telemetry,1769615946773,1769615947068,1769615947069,1769615947069,1769615947069,1769615947070,300,5000,ok
c85ea54a-8406-46e6-8f5a-c5a8d0bc13cc,esp32-02,telemetry,1769615946793,1769615947068,1769615947070,1769615947070,1769615947070,1769615947070,300,5000,ok
78bc2912-9037-47e9-83c1-958987497cb3,esp32-03,telemetry,1769615946813,1769615947068,1769615947071,1769615947071,1769615947071,1769615947071,300,5000,ok
ea7b5aa9-376f-4b9e-a684-6b9b0a0e949e,esp32-01,telemetry,1769615946834,1769615947068,1769615947071,1769615947071,1769615947072,1769615947072,300,5000,ok
c58a5a99-ccd0-4722-b38a-6155f6cc51b5,esp32-02,telemetry,1769615946854,1769615947148,1769615947148,1769615947148,1769615947148,1769615947148,300,5000,ok
96816dda-91f6-4dbf-a8ed-449884df50e0,esp32-03,telemetry,1769615946874,1769615947148,1769615947149,1769615947149,1769615947149,1769615947149,300,5000,ok
7fbd1a61-c0ef-46a6-bd2c-af8b9f66cf4f,esp32-01,telemetry,1769615946895,1769615947149,1769615947149,1769615947149,1769615947149,1769615947149,300,5000,ok
d38c5938-9fb1-4fbb-8031-9bda5b2b8d6b,esp32-02,telemetry,1769615946915,1769615947149,1769615947150,1769615947150,1769615947150,1769615947150,300,5000,ok
c58a5a99-ccd0-4722-b38a-6155f6cc51b5,esp32-02,telemetry,1769615946854,1769615947188,1769615947188,1769615947188,1769615947188,1769615947188,300,5000,ok
96816dda-91f6-4dbf-a8ed-449884df50e0,esp32-03,telemetry,1769615946874,1769615947189,1769615947189,1769615947189,1769615947189,1769615947189,300,5000,ok
7fbd1a61-c0ef-46a6-bd2c-af8b9f66cf4f,esp32-01,telemetry,1769615946895,1769615947189,1769615947190,1769615947190,1769615947190,1769615947190,300,5000,ok
d38c5938-9fb1-4fbb-8031-9bda5b2b8d6b,esp32-02,telemetry,1769615946915,1769615947189,1769615947191,1769615947191,1769615947191,1769615947191,300,5000,ok
7a9b76fb-76ef-4a42-8349-dff2459b176a,esp32-03,telemetry,1769615946958,1769615947218,1769615947218,1769615947218,1769615947218,1769615947218,300,5000,ok
e8d254f7-89b8-47e1-aa6f-c3fdebaff1a1,esp32-01,telemetry,1769615946977,1769615947218,1769615947219,1769615947219,1769615947219,1769615947219,300,5000,ok
7a9b76fb-76ef-4a42-8349-dff2459b176a,esp32-03,telemetry,1769615946958,1769615947227,1769615947227,1769615947227,1769615947227,1769615947227,300,5000,ok
e8d254f7-89b8-47e1-aa6f-c3fdebaff1a1,esp32-01,telemetry,1769615946977,1769615947227,1769615947300,1769615947300,1769615947300,1769615947300,300,5000,ok
d340beb5-bf1d-4ea9-b6b9-f0bf455b310d,esp32-02,telemetry,1769615946998,1769615947324,1769615947324,1769615947324,1769615947324,1769615947324,300,5000,ok
ca4f299e-1ca6-4a69-83a0-986be4bd30e7,esp32-03,telemetry,1769615947020,1769615947324,1769615947325,1769615947325,1769615947325,1769615947325,300,5000,ok
b08087cf-8bdf-4f71-9dd4-2d70f35e434a,esp32-01,telemetry,1769615947040,1769615947324,1769615947325,1769615947325,1769615947325,1769615947325,300,5000,ok
d7ad745b-08fc-471d-b12c-252c9129d39a,esp32-02,telemetry,1769615947060,1769615947324,1769615947325,1769615947325,1769615947325,1769615947325,300,5000,ok
3f1d2723-e526-4b6e-8832-52d63b18adba,esp32-03,telemetry,1769615947081,1769615947324,1769615947326,1769615947326,1769615947326,1769615947326,300,5000,ok
d340beb5-bf1d-4ea9-b6b9-f0bf455b310d,esp32-02,telemetry,1769615946998,1769615947336,1769615947336,1769615947336,1769615947336,1769615947336,300,5000,ok
ca4f299e-1ca6-4a69-83a0-986be4bd30e7,esp32-03,telemetry,1769615947020,1769615947336,1769615947337,1769615947337,1769615947337,1769615947337,300,5000,ok
b08087cf-8bdf-4f71-9dd4-2d70f35e434a,esp32-01,telemetry,1769615947040,1769615947336,1769615947337,1769615947337,1769615947337,1769615947337,300,5000,ok
d7ad745b-08fc-471d-b12c-252c9129d39a,esp32-02,telemetry,1769615947060,1769615947337,1769615947338,1769615947338,1769615947338,1769615947338,300,5000,ok
3f1d2723-e526-4b6e-8832-52d63b18adba,esp32-03,telemetry,1769615947081,1769615947337,1769615947338,1769615947338,1769615947338,1769615947338,300,5000,ok
e8addd74-db34-4088-ac03-1324e23ba5ba,esp32-01,telemetry,1769615947101,1769615947403,1769615947403,1769615947403,1769615947403,1769615947403,300,5000,ok
35f52459-6327-4422-b627-91f62936bc7f,esp32-02,telemetry,1769615947122,1769615947403,1769615947404,1769615947404,1769615947404,1769615947404,300,5000,ok
62228512-82ee-47c3-b70e-28a6ad7578ac,esp32-03,telemetry,1769615947141,1769615947404,1769615947404,1769615947404,1769615947404,1769615947404,300,5000,ok
e8addd74-db34-4088-ac03-1324e23ba5ba,esp32-01,telemetry,1769615947101,1769615947415,1769615947415,1769615947415,1769615947415,1769615947415,300,5000,ok
35f52459-6327-4422-b627-91f62936bc7f,esp32-02,telemetry,1769615947122,1769615947415,1769615947418,1769615947418,1769615947418,1769615947418,300,5000,ok
62228512-82ee-47c3-b70e-28a6ad7578ac,esp32-03,telemetry,1769615947141,1769615947415,1769615947419,1769615947419,1769615947419,1769615947419,300,5000,ok
1d9728c8-4f55-4b1e-9b04-ff29c84b4995,esp32-02,telemetry,1769615947766,1769615948058,1769615948058,1769615948058,1769615948058,1769615948058,300,5000,ok
97eacf95-d9fe-4b7f-8a87-8f44d7fbf7ed,esp32-03,telemetry,1769615947786,1769615948058,1769615948059,1769615948059,1769615948059,1769615948059,300,5000,ok
fff47d78-c52e-4e73-a801-4741b013a0e4,esp32-01,telemetry,1769615947807,1769615948058,1769615948059,1769615948059,1769615948059,1769615948059,300,5000,ok
fde596d2-f541-4718-b6c6-caaeb36e4748,esp32-02,telemetry,1769615947827,1769615948058,1769615948060,1769615948060,1769615948060,1769615948060,300,5000,ok
dc6f2789-53c3-4f48-8ac7-adc0708152ea,esp32-03,telemetry,1769615947848,1769615948058,1769615948060,1769615948060,1769615948060,1769615948060,300,5000,ok
307ba607-1ea9-4f7b-8729-87873665d4d6,esp32-01,telemetry,1769615947868,1769615948059,1769615948061,1769615948061,1769615948061,1769615948061,300,5000,ok
1d9728c8-4f55-4b1e-9b04-ff29c84b4995,esp32-02,telemetry,1769615947766,1769615948104,1769615948104,1769615948104,1769615948104,1769615948104,300,5000,ok
97eacf95-d9fe-4b7f-8a87-8f44d7fbf7ed,esp32-03,telemetry,1769615947786,1769615948105,1769615948105,1769615948105,1769615948105,1769615948105,300,5000,ok
fff47d78-c52e-4e73-a801-4741b013a0e4,esp32-01,telemetry,1769615947807,1769615948105,1769615948106,1769615948106,1769615948106,1769615948106,300,5000,ok
fde596d2-f541-4718-b6c6-caaeb36e4748,esp32-02,telemetry,1769615947827,1769615948105,1769615948106,1769615948106,1769615948106,1769615948106,300,5000,ok
dc6f2789-53c3-4f48-8ac7-adc0708152ea,esp32-03,telemetry,1769615947848,1769615948106,1769615948107,1769615948107,1769615948107,1769615948107,300,5000,ok
307ba607-1ea9-4f7b-8729-87873665d4d6,esp32-01,telemetry,1769615947868,1769615948106,1769615948107,1769615948107,1769615948107,1769615948107,300,5000,ok
b8a745d7-1f06-4e92-8ae0-aafe1cec3a93,esp32-02,telemetry,1769615947889,1769615948121,1769615948121,1769615948121,1769615948121,1769615948121,300,5000,ok
939a6f12-a393-4a3e-af17-ec68c1c953b3,esp32-03,telemetry,1769615947909,1769615948121,1769615948121,1769615948121,1769615948121,1769615948121,300,5000,ok
1f7ebe89-71b2-490d-ab94-751377f11f35,esp32-01,telemetry,1769615947928,1769615948122,1769615948122,1769615948122,1769615948122,1769615948122,300,5000,ok
b8a745d7-1f06-4e92-8ae0-aafe1cec3a93,esp32-02,telemetry,1769615947889,1769615948166,1769615948166,1769615948166,1769615948166,1769615948166,300,5000,ok
939a6f12-a393-4a3e-af17-ec68c1c953b3,esp32-03,telemetry,1769615947909,1769615948166,1769615948166,1769615948166,1769615948166,1769615948166,300,5000,ok
1f7ebe89-71b2-490d-ab94-751377f11f35,esp32-01,telemetry,1769615947928,1769615948166,1769615948167,1769615948167,1769615948167,1769615948167,300,5000,ok
8b74d3df-bb2c-41d7-9a84-349c95bd2baa,esp32-02,telemetry,1769615947913,1769615948222,1769615948222,1769615948222,1769615948222,1769615948222,300,5000,ok
c6b630ec-0d00-46f9-a5b9-c0e37002c4e6,esp32-03,telemetry,1769615947933,1769615948222,1769615948223,1769615948223,1769615948223,1769615948223,300,5000,ok
4bffa5ba-16ac-4b87-a833-225c2ea77b03,esp32-01,telemetry,1769615947954,1769615948223,1769615948224,1769615948224,1769615948224,1769615948224,300,5000,ok
e6f627c2-6085-4c81-89dd-2399a6d00d27,esp32-02,telemetry,1769615947973,1769615948223,1769615948224,1769615948224,1769615948224,1769615948224,300,5000,ok
14d67184-eef4-4811-ae13-fb0044c6c5aa,esp32-03,telemetry,1769615947993,1769615948223,1769615948224,1769615948224,1769615948225,1769615948225,300,5000,ok
8b74d3df-bb2c-41d7-9a84-349c95bd2baa,esp32-02,telemetry,1769615947913,1769615948233,1769615948233,1769615948233,1769615948233,1769615948233,300,5000,ok
c6b630ec-0d00-46f9-a5b9-c0e37002c4e6,esp32-03,telemetry,1769615947933,1769615948233,1769615948234,1769615948234,1769615948234,1769615948234,300,5000,ok
4bffa5ba-16ac-4b87-a833-225c2ea77b03,esp32-01,telemetry,1769615947954,1769615948233,1769615948234,1769615948234,1769615948235,1769615948235,300,5000,ok
e6f627c2-6085-4c81-89dd-2399a6d00d27,esp32-02,telemetry,1769615947973,1769615948246,1769615948246,1769615948246,1769615948246,1769615948246,300,5000,ok
14d67184-eef4-4811-ae13-fb0044c6c5aa,esp32-03,telemetry,1769615947993,1769615948247,1769615948247,1769615948247,1769615948247,1769615948247,300,5000,ok
72f49ffd-98c2-44a7-8ec6-eb67a3831754,esp32-02,telemetry,1769615947949,1769615948247,1769615948248,1769615948248,1769615948248,1769615948248,300,5000,ok
72f49ffd-98c2-44a7-8ec6-eb67a3831754,esp32-02,telemetry,1769615947949,1769615948285,1769615948285,1769615948285,1769615948285,1769615948285,300,5000,ok
4ef8cb96-429c-4c74-b9c7-d164dca8de2e,esp32-01,telemetry,1769615948014,1769615948326,1769615948326,1769615948326,1769615948326,1769615948326,300,5000,ok
137183a3-5872-475d-8694-4a99c74b19fe,esp32-02,telemetry,1769615948033,1769615948326,1769615948327,1769615948327,1769615948327,1769615948327,300,5000,ok
f840018d-3504-464e-81eb-74f93b2748fd,esp32-03,telemetry,1769615948054,1769615948326,1769615948328,1769615948328,1769615948328,1769615948328,300,5000,ok
a63955f3-f619-421c-89e2-fe76d49d43a0,esp32-01,telemetry,1769615948075,1769615948327,1769615948328,1769615948328,1769615948328,1769615948328,300,5000,ok
4ef8cb96-429c-4c74-b9c7-d164dca8de2e,esp32-01,telemetry,1769615948014,1769615948331,1769615948331,1769615948331,1769615948331,1769615948331,300,5000,ok
137183a3-5872-475d-8694-4a99c74b19fe,esp32-02,telemetry,1769615948033,1769615948331,1769615948331,1769615948331,1769615948331,1769615948331,300,5000,ok
f840018d-3504-464e-81eb-74f93b2748fd,esp32-03,telemetry,1769615948054,1769615948331,1769615948332,1769615948332,1769615948332,1769615948332,300,5000,ok
a63955f3-f619-421c-89e2-fe76d49d43a0,esp32-01,telemetry,1769615948075,1769615948331,1769615948333,1769615948333,1769615948333,1769615948333,300,5000,ok
01a74553-8f12-419e-be26-3350d4a1708c,esp32-02,telemetry,1769615948095,1769615948353,1769615948353,1769615948353,1769615948353,1769615948353,300,5000,ok
01a74553-8f12-419e-be26-3350d4a1708c,esp32-02,telemetry,1769615948095,1769615948360,1769615948360,1769615948360,1769615948360,1769615948360,300,5000,ok
e69d7e2d-d1b8-43d9-81ca-1129ab3dfba0,esp32-02,telemetry,1769615948858,1769615949113,1769615949113,1769615949113,1769615949113,1769615949113,300,5000,ok
8b470da2-4825-4b9a-a14b-a3a1e624cee1,esp32-03,telemetry,1769615948878,1769615949113,1769615949113,1769615949113,1769615949113,1769615949113,300,5000,ok
cb8874e8-7c32-410e-b35c-11822e17a6eb,esp32-01,telemetry,1769615948899,1769615949113,1769615949114,1769615949114,1769615949114,1769615949114,300,5000,ok
0e4eb78f-9eab-44b2-ae56-26672ab25c83,esp32-02,telemetry,1769615948919,1769615949113,1769615949114,1769615949114,1769615949114,1769615949114,300,5000,ok
e69d7e2d-d1b8-43d9-81ca-1129ab3dfba0,esp32-02,telemetry,1769615948858,1769615949156,1769615949156,1769615949156,1769615949156,1769615949156,300,5000,ok
8b470da2-4825-4b9a-a14b-a3a1e624cee1,esp32-03,telemetry,1769615948878,1769615949156,1769615949157,1769615949157,1769615949157,1769615949157,300,5000,ok
cb8874e8-7c32-410e-b35c-11822e17a6eb,esp32-01,telemetry,1769615948899,1769615949156,1769615949158,1769615949158,1769615949158,1769615949158,300,5000,ok
0e4eb78f-9eab-44b2-ae56-26672ab25c83,esp32-02,telemetry,1769615948919,1769615949157,1769615949158,1769615949158,1769615949158,1769615949158,300,5000,ok
76a1a44c-a310-4b09-95ff-bdf2195da1bc,esp32-03,telemetry,1769615948940,1769615949214,1769615949215,1769615949215,1769615949215,1769615949215,300,5000,ok
cebb0dd7-4735-4e8b-8c32-3a2bd43b31ac,esp32-01,telemetry,1769615948960,1769615949215,1769615949215,1769615949215,1769615949215,1769615949215,300,5000,ok
39ef7534-d6bd-40c8-8f6f-e32ab45ec3d8,esp32-02,telemetry,1769615948979,1769615949215,1769615949216,1769615949216,1769615949216,1769615949216,300,5000,ok
9e25eb6e-7240-43fd-bc33-7b74c3b7adce,esp32-03,telemetry,1769615949000,1769615949215,1769615949216,1769615949216,1769615949216,1769615949216,300,5000,ok
82b149af-1103-4588-86ab-237e42621e7b,esp32-01,telemetry,1769615949020,1769615949215,1769615949216,1769615949216,1769615949216,1769615949216,300,5000,ok
4b736a28-dc94-4b3c-a15a-7a46e96651ba,esp32-03,telemetry,1769615948904,1769615949240,1769615949240,1769615949240,1769615949240,1769615949240,300,5000,ok
92ef19ed-8b8e-4f8a-b1cd-c167144e0418,esp32-01,telemetry,1769615948925,1769615949240,1769615949241,1769615949241,1769615949241,1769615949241,300,5000,ok
5bd24ca8-fbb7-4c04-942d-266a25b97c94,esp32-02,telemetry,1769615948945,1769615949240,1769615949242,1769615949242,1769615949242,1769615949242,300,5000,ok
27cb8def-2370-4ec1-934e-475b5a033264,esp32-03,telemetry,1769615948965,1769615949240,1769615949243,1769615949243,1769615949243,1769615949243,300,5000,ok
ac14abfd-864d-4c54-8134-d25d35df549e,esp32-01,telemetry,1769615948986,1769615949240,1769615949243,1769615949243,1769615949243,1769615949243,300,5000,ok
4b736a28-dc94-4b3c-a15a-7a46e96651ba,esp32-03,telemetry,1769615948904,1769615949249,1769615949249,1769615949249,1769615949249,1769615949249,300,5000,ok
92ef19ed-8b8e-4f8a-b1cd-c167144e0418,esp32-01,telemetry,1769615948925,1769615949249,1769615949250,1769615949250,1769615949250,1769615949250,300,5000,ok
5bd24ca8-fbb7-4c04-942d-266a25b97c94,esp32-02,telemetry,1769615948945,1769615949249,1769615949251,1769615949251,1769615949251,1769615949251,300,5000,ok
27cb8def-2370-4ec1-934e-475b5a033264,esp32-03,telemetry,1769615948965,1769615949249,1769615949251,1769615949251,1769615949251,1769615949251,300,5000,ok
ac14abfd-864d-4c54-8134-d25d35df549e,esp32-01,telemetry,1769615948986,1769615949250,1769615949252,1769615949252,1769615949252,1769615949252,300,5000,ok
46b5fbed-68b2-4afa-b103-eb5fda0beb6b,esp32-02,telemetry,1769615949006,1769615949254,1769615949254,1769615949254,1769615949254,1769615949254,300,5000,ok
f639d71a-b67b-42ad-a313-7a7179ff2dae,esp32-03,telemetry,1769615949027,1769615949254,1769615949255,1769615949255,1769615949255,1769615949255,300,5000,ok
76a1a44c-a310-4b09-95ff-bdf2195da1bc,esp32-03,telemetry,1769615948940,1769615949259,1769615949259,1769615949259,1769615949259,1769615949259,300,5000,ok
cebb0dd7-4735-4e8b-8c32-3a2bd43b31ac,esp32-01,telemetry,1769615948960,1769615949259,1769615949260,1769615949260,1769615949260,1769615949260,300,5000,ok
39ef7534-d6bd-40c8-8f6f-e32ab45ec3d8,esp32-02,telemetry,1769615948979,1769615949259,1769615949261,1769615949261,1769615949261,1769615949261,300,5000,ok
9e25eb6e-7240-43fd-bc33-7b74c3b7adce,esp32-03,telemetry,1769615949000,1769615949260,1769615949262,1769615949262,1769615949262,1769615949262,300,5000,ok
82b149af-1103-4588-86ab-237e42621e7b,esp32-01,telemetry,1769615949020,1769615949260,1769615949262,1769615949262,1769615949262,1769615949262,300,5000,ok
46b5fbed-68b2-4afa-b103-eb5fda0beb6b,esp32-02,telemetry,1769615949006,1769615949301,1769615949301,1769615949301,1769615949301,1769615949301,300,5000,ok
f639d71a-b67b-42ad-a313-7a7179ff2dae,esp32-03,telemetry,1769615949027,1769615949301,1769615949302,1769615949302,1769615949302,1769615949302,300,5000,ok
407b8e09-4d33-4c04-a0e4-c4acc0793ede,esp32-02,telemetry,1769615949041,1769615949301,1769615949302,1769615949302,1769615949302,1769615949302,300,5000,ok
407b8e09-4d33-4c04-a0e4-c4acc0793ede,esp32-02,telemetry,1769615949041,1769615949343,1769615949343,1769615949343,1769615949343,1769615949343,300,5000,ok
2288e5c4-79fc-4a3b-94e7-8a3c19e85306,esp32-01,telemetry,1769615949046,1769615949371,1769615949371,1769615949371,1769615949371,1769615949371,300,5000,ok
809643a9-2032-4e5e-9832-1a37e1ec750d,esp32-02,telemetry,1769615949067,1769615949371,1769615949371,1769615949371,1769615949371,1769615949371,300,5000,ok
610450f9-033b-4786-b7ff-e477b0a32e44,esp32-03,telemetry,1769615949087,1769615949371,1769615949372,1769615949372,1769615949372,1769615949372,300,5000,ok
2288e5c4-79fc-4a3b-94e7-8a3c19e85306,esp32-01,telemetry,1769615949046,1769615949378,1769615949378,1769615949378,1769615949378,1769615949378,300,5000,ok
809643a9-2032-4e5e-9832-1a37e1ec750d,esp32-02,telemetry,1769615949067,1769615949378,1769615949379,1769615949379,1769615949379,1769615949379,300,5000,ok
610450f9-033b-4786-b7ff-e477b0a32e44,esp32-03,telemetry,1769615949087,1769615949379,1769615949380,1769615949380,1769615949380,1769615949380,300,5000,ok
7eb8bfa8-c5be-4962-8eeb-a2901a18c684,esp32-01,telemetry,1769615949867,1769615950150,1769615950150,1769615950150,1769615950150,1769615950150,300,5000,ok
ea42ca78-91c3-40c2-b162-cd38ec418445,esp32-02,telemetry,1769615949887,1769615950150,1769615950151,1769615950151,1769615950151,1769615950151,300,5000,ok
71d57771-db02-4faa-923f-ce65fb910ee7,esp32-03,telemetry,1769615949908,1769615950150,1769615950151,1769615950151,1769615950151,1769615950151,300,5000,ok
6b11313e-d6de-4ab4-9f87-7e51d9fa2cc2,esp32-01,telemetry,1769615949927,1769615950150,1769615950152,1769615950152,1769615950152,1769615950152,300,5000,ok
d7c174d7-0da5-4f0b-901b-c811dc5b8f10,esp32-02,telemetry,1769615949948,1769615950150,1769615950152,1769615950152,1769615950152,1769615950152,300,5000,ok
7eb8bfa8-c5be-4962-8eeb-a2901a18c684,esp32-01,telemetry,1769615949867,1769615950198,1769615950199,1769615950199,1769615950199,1769615950199,300,5000,ok
ea42ca78-91c3-40c2-b162-cd38ec418445,esp32-02,telemetry,1769615949887,1769615950199,1769615950200,1769615950200,1769615950200,1769615950200,300,5000,ok
71d57771-db02-4faa-923f-ce65fb910ee7,esp32-03,telemetry,1769615949908,1769615950199,1769615950200,1769615950200,1769615950200,1769615950200,300,5000,ok
6b11313e-d6de-4ab4-9f87-7e51d9fa2cc2,esp32-01,telemetry,1769615949927,1769615950199,1769615950201,1769615950201,1769615950201,1769615950201,300,5000,ok
d7c174d7-0da5-4f0b-901b-c811dc5b8f10,esp32-02,telemetry,1769615949948,1769615950199,1769615950201,1769615950201,1769615950201,1769615950201,300,5000,ok
6f69d420-19df-433a-a64f-4e1c8088537c,esp32-03,telemetry,1769615949967,1769615950233,1769615950233,1769615950233,1769615950233,1769615950233,300,5000,ok
93dc3c92-f4f2-431a-b1ee-d4bf196a9f4d,esp32-01,telemetry,1769615949988,1769615950233,1769615950233,1769615950233,1769615950233,1769615950233,300,5000,ok
87fbae88-1557-4ac8-b252-4da839dec27a,esp32-02,telemetry,1769615950009,1769615950233,1769615950234,1769615950234,1769615950234,1769615950234,300,5000,ok
36a55979-45b6-4b6b-a2ad-1206866068bb,esp32-03,telemetry,1769615950029,1769615950233,1769615950234,1769615950234,1769615950234,1769615950234,300,5000,ok
00b02366-2e3c-4656-a3aa-87f3c5bd8ae2,esp32-03,telemetry,1769615949936,1769615950264,1769615950265,1769615950265,1769615950265,1769615950265,300,5000,ok
d8bf0e55-3846-4820-b76e-515e79d8dfae,esp32-01,telemetry,1769615949956,1769615950265,1769615950265,1769615950265,1769615950265,1769615950265,300,5000,ok
756d57f9-80d2-4297-8b9d-a8d0977ed0c8,esp32-02,telemetry,1769615949976,1769615950265,1769615950266,1769615950266,1769615950266,1769615950266,300,5000,ok
7837f9dd-041b-482f-bc99-28d9a26d3d98,esp32-03,telemetry,1769615949997,1769615950265,1769615950266,1769615950266,1769615950266,1769615950266,300,5000,ok
bced4005-93ec-41c0-9e3c-349c43cede19,esp32-01,telemetry,1769615950017,1769615950265,1769615950267,1769615950267,1769615950267,1769615950267,300,5000,ok
00b02366-2e3c-4656-a3aa-87f3c5bd8ae2,esp32-03,telemetry,1769615949936,1769615950274,1769615950274,1769615950274,1769615950274,1769615950274,300,5000,ok
d8bf0e55-3846-4820-b76e-515e79d8dfae,esp32-01,telemetry,1769615949956,1769615950274,1769615950275,1769615950275,1769615950275,1769615950275,300,5000,ok
756d57f9-80d2-4297-8b9d-a8d0977ed0c8,esp32-02,telemetry,1769615949976,1769615950275,1769615950275,1769615950275,1769615950275,1769615950275,300,5000,ok
7837f9dd-041b-482f-bc99-28d9a26d3d98,esp32-03,telemetry,1769615949997,1769615950275,1769615950276,1769615950276,1769615950276,1769615950276,300,5000,ok
6f69d420-19df-433a-a64f-4e1c8088537c,esp32-03,telemetry,1769615949967,1769615950276,1769615950276,1769615950276,1769615950276,1769615950276,300,5000,ok
bced4005-93ec-41c0-9e3c-349c43cede19,esp32-01,telemetry,1769615950017,1769615950275,1769615950276,1769615950276,1769615950276,1769615950276,300,5000,ok
93dc3c92-f4f2-431a-b1ee-d4bf196a9f4d,esp32-01,telemetry,1769615949988,1769615950276,1769615950277,1769615950277,1769615950277,1769615950277,300,5000,ok
87fbae88-1557-4ac8-b252-4da839dec27a,esp32-02,telemetry,1769615950009,1769615950276,1769615950277,1769615950277,1769615950277,1769615950277,300,5000,ok
36a55979-45b6-4b6b-a2ad-1206866068bb,esp32-03,telemetry,1769615950029,1769615950276,1769615950278,1769615950278,1769615950278,1769615950278,300,5000,ok
093e376d-7ca4-4c1d-8f48-76ede6eba39d,esp32-01,telemetry,1769615950049,1769615950337,1769615950338,1769615950338,1769615950338,1769615950338,300,5000,ok
0f4d19e7-f272-4643-b146-a60b649f8bb0,esp32-02,telemetry,1769615950038,1769615950381,1769615950388,1769615950388,1769615950388,1769615950388,300,5000,ok
0f4d19e7-f272-4643-b146-a60b649f8bb0,esp32-02,telemetry,1769615950038,1769615950381,1769615950389,1769615950389,1769615950389,1769615950389,300,5000,ok
5b8b6402-f7b9-494b-84aa-343133284b98,esp32-03,telemetry,1769615950059,1769615950381,1769615950389,1769615950389,1769615950389,1769615950389,300,5000,ok
1fdda8f8-3e1a-412a-8c91-64fd9be8e0e6,esp32-01,telemetry,1769615950079,1769615950381,1769615950390,1769615950390,1769615950390,1769615950390,300,5000,ok
e1389b7f-ef72-4b16-8c68-fbe9d41da030,esp32-02,telemetry,1769615950099,1769615950381,1769615950390,1769615950390,1769615950390,1769615950390,300,5000,ok
419ae8ca-0bfa-4317-8bf5-307a391b604f,esp32-03,telemetry,1769615950118,1769615950381,1769615950391,1769615950391,1769615950391,1769615950391,300,5000,ok
5b8b6402-f7b9-494b-84aa-343133284b98,esp32-03,telemetry,1769615950059,1769615950425,1769615950425,1769615950425,1769615950425,1769615950425,300,5000,ok
1fdda8f8-3e1a-412a-8c91-64fd9be8e0e6,esp32-01,telemetry,1769615950079,1769615950425,1769615950426,1769615950426,1769615950426,1769615950426,300,5000,ok
e1389b7f-ef72-4b16-8c68-fbe9d41da030,esp32-02,telemetry,1769615950099,1769615950426,1769615950427,1769615950427,1769615950427,1769615950427,300,5000,ok
419ae8ca-0bfa-4317-8bf5-307a391b604f,esp32-03,telemetry,1769615950118,1769615950426,1769615950428,1769615950428,1769615950428,1769615950428,300,5000,ok
093e376d-7ca4-4c1d-8f48-76ede6eba39d,esp32-01,telemetry,1769615950049,1769615950426,1769615950428,1769615950428,1769615950428,1769615950428,300,5000,ok
9d093e31-904e-467a-bc89-b72f3c32d74d,esp32-03,telemetry,1769615950893,1769615951174,1769615951174,1769615951174,1769615951174,1769615951174,300,5000,ok
2b6732ed-02cc-45d8-baca-c68744841135,esp32-01,telemetry,1769615950914,1769615951174,1769615951175,1769615951175,1769615951175,1769615951175,300,5000,ok
7541d183-7460-4292-834b-052e19870e75,esp32-02,telemetry,1769615950935,1769615951174,1769615951175,1769615951175,1769615951175,1769615951175,300,5000,ok
c309a5ed-9bc9-4bd3-91c5-182c4875abc2,esp32-03,telemetry,1769615950954,1769615951174,1769615951176,1769615951176,1769615951176,1769615951176,300,5000,ok
d8776d02-0a4f-4544-8a7c-04e9b6c29b73,esp32-01,telemetry,1769615950975,1769615951175,1769615951176,1769615951176,1769615951176,1769615951176,300,5000,ok
9d093e31-904e-467a-bc89-b72f3c32d74d,esp32-03,telemetry,1769615950893,1769615951218,1769615951218,1769615951218,1769615951218,1769615951219,300,5000,ok
2b6732ed-02cc-45d8-baca-c68744841135,esp32-01,telemetry,1769615950914,1769615951218,1769615951219,1769615951219,1769615951219,1769615951219,300,5000,ok
7541d183-7460-4292-834b-052e19870e75,esp32-02,telemetry,1769615950935,1769615951218,1769615951220,1769615951220,1769615951220,1769615951220,300,5000,ok
c309a5ed-9bc9-4bd3-91c5-182c4875abc2,esp32-03,telemetry,1769615950954,1769615951219,1769615951220,1769615951220,1769615951220,1769615951220,300,5000,ok
d8776d02-0a4f-4544-8a7c-04e9b6c29b73,esp32-01,telemetry,1769615950975,1769615951219,1769615951221,1769615951221,1769615951221,1769615951221,300,5000,ok
5994b493-6bf9-45f7-ac8d-0d54fbaf6aa9,esp32-01,telemetry,1769615950995,1769615951292,1769615951292,1769615951292,1769615951292,1769615951292,300,5000,ok
ba32e1ff-ea45-4df8-ab6b-ae911d093720,esp32-02,telemetry,1769615951015,1769615951292,1769615951292,1769615951292,1769615951292,1769615951292,300,5000,ok
f526424b-f2f0-4e65-a2cf-9138069ef931,esp32-03,telemetry,1769615951036,1769615951292,1769615951293,1769615951293,1769615951293,1769615951293,300,5000,ok
86a5ffb5-2d74-4fa8-a9dd-403c1c1ea4b7,esp32-01,telemetry,1769615951055,1769615951292,1769615951293,1769615951293,1769615951293,1769615951293,300,5000,ok
5994b493-6bf9-45f7-ac8d-0d54fbaf6aa9,esp32-01,telemetry,1769615950995,1769615951299,1769615951299,1769615951299,1769615951299,1769615951299,300,5000,ok
ba32e1ff-ea45-4df8-ab6b-ae911d093720,esp32-02,telemetry,1769615951015,1769615951300,1769615951300,1769615951300,1769615951300,1769615951300,300,5000,ok
f526424b-f2f0-4e65-a2cf-9138069ef931,esp32-03,telemetry,1769615951036,1769615951300,1769615951300,1769615951300,1769615951300,1769615951300,300,5000,ok
86a5ffb5-2d74-4fa8-a9dd-403c1c1ea4b7,esp32-01,telemetry,1769615951055,1769615951300,1769615951301,1769615951301,1769615951301,1769615951301,300,5000,ok
93b746e6-e18c-4e00-ba1e-fba5f17f9b08,esp32-02,telemetry,1769615951076,1769615951400,1769615951400,1769615951400,1769615951400,1769615951400,300,5000,ok
f5939239-7ce3-4683-b13f-6541ad727a7a,esp32-03,telemetry,1769615951097,1769615951401,1769615951401,1769615951401,1769615951401,1769615951401,300,5000,ok
9d936c92-fea2-4745-89b8-13e2caafa163,esp32-01,telemetry,1769615951117,1769615951401,1769615951401,1769615951401,1769615951401,1769615951401,300,5000,ok
3515314c-6c87-4129-8519-4d794e1d9f4d,esp32-02,telemetry,1769615951136,1769615951401,1769615951402,1769615951402,1769615951402,1769615951402,300,5000,ok
93b746e6-e18c-4e00-ba1e-fba5f17f9b08,esp32-02,telemetry,1769615951076,1769615951412,1769615951412,1769615951412,1769615951412,1769615951412,300,5000,ok
f5939239-7ce3-4683-b13f-6541ad727a7a,esp32-03,telemetry,1769615951097,1769615951412,1769615951413,1769615951413,1769615951413,1769615951413,300,5000,ok
9d936c92-fea2-4745-89b8-13e2caafa163,esp32-01,telemetry,1769615951117,1769615951413,1769615951413,1769615951413,1769615951413,1769615951413,300,5000,ok
3515314c-6c87-4129-8519-4d794e1d9f4d,esp32-02,telemetry,1769615951136,1769615951413,1769615951414,1769615951414,1769615951414,1769615951414,300,5000,ok
22168041-0617-4ca0-93b1-e45842a37943,esp32-03,telemetry,1769615951156,1769615951413,1769615951414,1769615951414,1769615951414,1769615951414,300,5000,ok
916157b5-5b27-4b47-bc2e-5f9db8e1e3bb,esp32-01,telemetry,1769615951177,1769615951413,1769615951414,1769615951414,1769615951415,1769615951415,300,5000,ok
22168041-0617-4ca0-93b1-e45842a37943,esp32-03,telemetry,1769615951156,1769615951440,1769615951440,1769615951440,1769615951440,1769615951440,300,5000,ok
916157b5-5b27-4b47-bc2e-5f9db8e1e3bb,esp32-01,telemetry,1769615951177,1769615951440,1769615951441,1769615951441,1769615951441,1769615951441,300,5000,ok
7080d5a0-5711-4f51-b142-06654d1dc8d4,esp32-02,telemetry,1769615951986,1769615952295,1769615952295,1769615952295,1769615952295,1769615952295,300,5000,ok
5cdff9f9-0832-44c9-ab9c-3b264a4bc1a7,esp32-03,telemetry,1769615952007,1769615952295,1769615952296,1769615952296,1769615952296,1769615952296,300,5000,ok
cb7e9682-23d7-46c6-8b59-57c8783335f7,esp32-01,telemetry,1769615952026,1769615952295,1769615952296,1769615952296,1769615952296,1769615952296,300,5000,ok
fc39f971-f71b-4378-8818-20b7638ecf37,esp32-02,telemetry,1769615952046,1769615952295,1769615952296,1769615952296,1769615952296,1769615952296,300,5000,ok
196f44ff-5f85-4155-8bba-3022be2e2ffc,esp32-03,telemetry,1769615952067,1769615952295,1769615952297,1769615952297,1769615952297,1769615952297,300,5000,ok
7080d5a0-5711-4f51-b142-06654d1dc8d4,esp32-02,telemetry,1769615951986,1769615952306,1769615952306,1769615952306,1769615952306,1769615952306,300,5000,ok
5cdff9f9-0832-44c9-ab9c-3b264a4bc1a7,esp32-03,telemetry,1769615952007,1769615952306,1769615952307,1769615952307,1769615952307,1769615952307,300,5000,ok
cb7e9682-23d7-46c6-8b59-57c8783335f7,esp32-01,telemetry,1769615952026,1769615952306,1769615952307,1769615952307,1769615952307,1769615952307,300,5000,ok
fc39f971-f71b-4378-8818-20b7638ecf37,esp32-02,telemetry,1769615952046,1769615952306,1769615952308,1769615952308,1769615952308,1769615952308,300,5000,ok
196f44ff-5f85-4155-8bba-3022be2e2ffc,esp32-03,telemetry,1769615952067,1769615952306,1769615952308,1769615952308,1769615952308,1769615952308,300,5000,ok
8349b8bc-bce7-439b-9015-27be35a94155,esp32-01,telemetry,1769615952088,1769615952337,1769615952337,1769615952337,1769615952337,1769615952337,300,5000,ok
86ab2fbe-46c6-4059-84e0-59e37b0a54c7,esp32-02,telemetry,1769615952108,1769615952338,1769615952338,1769615952338,1769615952338,1769615952338,300,5000,ok
8349b8bc-bce7-439b-9015-27be35a94155,esp32-01,telemetry,1769615952088,1769615952349,1769615952349,1769615952349,1769615952349,1769615952349,300,5000,ok
86ab2fbe-46c6-4059-84e0-59e37b0a54c7,esp32-02,telemetry,1769615952108,1769615952349,1769615952350,1769615952350,1769615952350,1769615952350,300,5000,ok
b938b7a1-526f-4864-993e-50f3cf636b3c,esp32-03,telemetry,1769615952129,1769615952419,1769615952419,1769615952419,1769615952419,1769615952419,300,5000,ok
8a8e6bfc-8894-4ab3-b7ef-22a774a493c5,esp32-01,telemetry,1769615952149,1769615952419,1769615952419,1769615952419,1769615952419,1769615952419,300,5000,ok
ce661d32-a987-415a-a0f7-34dd76a7bb21,esp32-02,telemetry,1769615952169,1769615952419,1769615952420,1769615952420,1769615952420,1769615952420,300,5000,ok
b938b7a1-526f-4864-993e-50f3cf636b3c,esp32-03,telemetry,1769615952129,1769615952431,1769615952431,1769615952431,1769615952431,1769615952431,300,5000,ok
8a8e6bfc-8894-4ab3-b7ef-22a774a493c5,esp32-01,telemetry,1769615952149,1769615952431,1769615952431,1769615952431,1769615952431,1769615952431,300,5000,ok
ce661d32-a987-415a-a0f7-34dd76a7bb21,esp32-02,telemetry,1769615952169,1769615952431,1769615952432,1769615952432,1769615952432,1769615952432,300,5000,ok
0bf6fdc8-7940-45a3-bf72-34da1f07a3f1,esp32-02,telemetry,1769615953024,1769615953324,1769615953324,1769615953324,1769615953325,1769615953325,300,5000,ok
6aeee8be-dbf3-41db-bd54-2e4b076bda27,esp32-03,telemetry,1769615953045,1769615953325,1769615953325,1769615953325,1769615953325,1769615953325,300,5000,ok
779fb9fe-fccf-42b9-87c4-77574003822c,esp32-01,telemetry,1769615953065,1769615953325,1769615953325,1769615953325,1769615953325,1769615953325,300,5000,ok
c21b83a8-b4ec-4804-9db6-68dca7b4e1a9,esp32-02,telemetry,1769615953084,1769615953325,1769615953326,1769615953326,1769615953326,1769615953326,300,5000,ok
0bf6fdc8-7940-45a3-bf72-34da1f07a3f1,esp32-02,telemetry,1769615953024,1769615953337,1769615953337,1769615953337,1769615953337,1769615953337,300,5000,ok
b762a1d5-f33b-4b0a-8226-694fa44fc711,esp32-03,telemetry,1769615953104,1769615953429,1769615953429,1769615953429,1769615953429,1769615953429,300,5000,ok
7a100774-2dff-4313-b100-2e11472950d6,esp32-01,telemetry,1769615953124,1769615953429,1769615953430,1769615953430,1769615953430,1769615953430,300,5000,ok
a17184a2-d623-4e25-864d-89cafd59dfc5,esp32-02,telemetry,1769615953145,1769615953429,1769615953430,1769615953430,1769615953430,1769615953430,300,5000,ok
539d6398-80f5-4fdc-b132-b863958d7e28,esp32-03,telemetry,1769615953165,1769615953429,1769615953430,1769615953430,1769615953430,1769615953430,300,5000,ok
fb39d3cb-54e1-4930-90a3-152bcf5195ed,esp32-01,telemetry,1769615953185,1769615953429,1769615953431,1769615953431,1769615953431,1769615953431,300,5000,ok
dadb5385-9f6b-4e77-9345-fac04b4e2afd,esp32-02,telemetry,1769615953205,1769615953429,1769615953431,1769615953431,1769615953431,1769615953431,300,5000,ok
a5cb0f9b-579b-4eac-92d2-ed001085bae8,esp32-03,telemetry,1769615954009,1769615954331,1769615954331,1769615954331,1769615954331,1769615954331,300,5000,ok
98470c1a-f2fe-435e-b493-947eb1807265,esp32-01,telemetry,1769615954029,1769615954332,1769615954332,1769615954332,1769615954332,1769615954332,300,5000,ok
9959218d-36bd-4014-80db-074048ef9b14,esp32-02,telemetry,1769615954050,1769615954332,1769615954333,1769615954333,1769615954333,1769615954333,300,5000,ok
deec063d-3425-44ae-bbc0-c944ff3c44af,esp32-03,telemetry,1769615954070,1769615954332,1769615954333,1769615954333,1769615954333,1769615954333,300,5000,ok
940d82a2-1261-4441-9cd3-9db9de69ed5b,esp32-01,telemetry,1769615954089,1769615954332,1769615954333,1769615954333,1769615954333,1769615954333,300,5000,ok
391bab05-f281-4e6e-a44e-7ebd427bce3f,esp32-02,telemetry,1769615954110,1769615954372,1769615954372,1769615954372,1769615954372,1769615954372,300,5000,ok
989d3053-64e7-4a6c-8375-169aab44a553,esp32-03,telemetry,1769615954129,1769615954372,1769615954373,1769615954373,1769615954373,1769615954373,300,5000,ok
a135cef7-5685-4824-901c-f0f8e26f9ca5,esp32-01,telemetry,1769615954149,1769615954454,1769615954454,1769615954454,1769615954454,1769615954454,300,5000,ok
9924e7cd-e8ab-457b-b6a1-cbf44859714e,esp32-02,telemetry,1769615954170,1769615954454,1769615954455,1769615954455,1769615954455,1769615954455,300,5000,ok
a85536a1-a115-4065-9cd0-03aedf71b585,esp32-03,telemetry,1769615954190,1769615954454,1769615954455,1769615954455,1769615954455,1769615954455,300,5000,ok
c83133a6-bbc4-4b20-ac85-e394ed549eb8,esp32-03,telemetry,1769615955088,1769615955337,1769615955337,1769615955337,1769615955337,1769615955337,300,5000,ok
95a12916-7473-4220-b155-e3c2d08646bf,esp32-01,telemetry,1769615955093,1769615955337,1769615955337,1769615955337,1769615955337,1769615955337,300,5000,ok
00e7d56e-5c0e-4252-b3ea-6501cb31eff4,esp32-02,telemetry,1769615955098,1769615955338,1769615955338,1769615955338,1769615955338,1769615955338,300,5000,ok
c8cf2889-9288-40c2-a245-59bfb31f3bbb,esp32-03,telemetry,1769615955103,1769615955338,1769615955339,1769615955339,1769615955339,1769615955339,300,5000,ok
dca71692-3f8e-47b7-9125-36c883a4a5a6,esp32-01,telemetry,1769615955108,1769615955338,1769615955339,1769615955339,1769615955339,1769615955339,300,5000,ok
45615033-22f0-4d32-ad20-8ffa9fdf2e0a,esp32-02,telemetry,1769615955114,1769615955338,1769615955339,1769615955339,1769615955339,1769615955339,300,5000,ok
d56b8fd5-a9a2-4afb-8671-76b46b4e1ba2,esp32-03,telemetry,1769615955119,1769615955358,1769615955358,1769615955358,1769615955358,1769615955358,300,5000,ok
2e8e4c4c-dc92-4162-9c33-b294482918f1,esp32-01,telemetry,1769615955124,1769615955358,1769615955359,1769615955359,1769615955359,1769615955359,300,5000,ok
f30cf384-91e3-4458-94e4-34189189c629,esp32-02,telemetry,1769615955129,1769615955358,1769615955359,1769615955359,1769615955359,1769615955359,300,5000,ok
2efb897e-8035-4edf-a92a-59a1ccad047f,esp32-03,telemetry,1769615955134,1769615955358,1769615955359,1769615955359,1769615955359,1769615955359,300,5000,ok
5af64745-f2f2-4cdd-b74a-d784c917af04,esp32-03,telemetry,1769615956102,1769615956352,1769615956352,1769615956352,1769615956352,1769615956352,300,5000,ok
074eefe5-a6f1-4a75-893b-9daea76be87b,esp32-01,telemetry,1769615956107,1769615956352,1769615956353,1769615956353,1769615956353,1769615956353,300,5000,ok
e7de0b7b-3f0e-4320-830b-7433e3d03a9c,esp32-02,telemetry,1769615956112,1769615956352,1769615956353,1769615956353,1769615956353,1769615956353,300,5000,ok
cf09d6b4-b99c-4464-b9d7-144cf18e31a1,esp32-03,telemetry,1769615956118,1769615956352,1769615956354,1769615956354,1769615956354,1769615956354,300,5000,ok
92d57fc5-ee1d-42f1-9566-516a63f875c9,esp32-01,telemetry,1769615956123,1769615956352,1769615956354,1769615956354,1769615956354,1769615956354,300,5000,ok
aae42a6a-e553-4270-8925-4b9d3a9601db,esp32-02,telemetry,1769615956127,1769615956353,1769615956354,1769615956354,1769615956354,1769615956354,300,5000,ok
d9cf8789-6e33-4d20-9ba8-944ceedf6086,esp32-03,telemetry,1769615956133,1769615956379,1769615956379,1769615956379,1769615956379,1769615956379,300,5000,ok
7f258960-e0a5-4d6f-a338-b8c56c65ed2f,esp32-01,telemetry,1769615956137,1769615956379,1769615956380,1769615956380,1769615956380,1769615956380,300,5000,ok
2e8d0f3f-6502-4a67-9a66-d800330a028c,esp32-02,telemetry,1769615956142,1769615956379,1769615956380,1769615956380,1769615956380,1769615956380,300,5000,ok
570f2afb-defd-432d-a03b-f570aed4cdda,esp32-03,telemetry,1769615956148,1769615956379,1769615956380,1769615956380,1769615956380,1769615956380,300,5000,ok
05f7a8d0-2fce-4549-91e8-b7ecc36986a8,esp32-03,telemetry,1769615957127,1769615957374,1769615957374,1769615957374,1769615957374,1769615957374,300,5000,ok
be386345-7012-483a-9636-093814637eca,esp32-01,telemetry,1769615957132,1769615957374,1769615957375,1769615957375,1769615957375,1769615957375,300,5000,ok
075019cb-b07a-437b-a4d5-feebb1af43a1,esp32-02,telemetry,1769615957136,1769615957374,1769615957375,1769615957375,1769615957375,1769615957375,300,5000,ok
a37c72d1-aec6-4a87-a6c6-9ce06ea61d18,esp32-03,telemetry,1769615957141,1769615957375,1769615957376,1769615957376,1769615957376,1769615957376,300,5000,ok
b6705ad6-e11e-4e91-98ad-2479940f0114,esp32-01,telemetry,1769615957146,1769615957375,1769615957376,1769615957376,1769615957376,1769615957376,300,5000,ok
55959fbf-a8d6-44de-bb05-555525a1c510,esp32-02,telemetry,1769615957151,1769615957375,1769615957376,1769615957376,1769615957376,1769615957376,300,5000,ok
a8a32fcb-0593-4a04-94a5-f1967f887d56,esp32-03,telemetry,1769615957157,1769615957399,1769615957400,1769615957400,1769615957400,1769615957400,300,5000,ok
346a7fb3-f7bb-4803-bdbe-1bcd075c2dff,esp32-01,telemetry,1769615957161,1769615957400,1769615957400,1769615957400,1769615957400,1769615957400,300,5000,ok
fa27f8c5-fc71-4eb3-83d2-297ad74917cf,esp32-02,telemetry,1769615957166,1769615957400,1769615957401,1769615957401,1769615957401,1769615957401,300,5000,ok
5ae617f5-6a60-418f-9486-6e8fb69cfa52,esp32-03,telemetry,1769615957172,1769615957400,1769615957401,1769615957401,1769615957401,1769615957401,300,5000,ok
1c368369-9591-4b70-badb-e9fdfc084656,esp32-03,telemetry,1769615958150,1769615958375,1769615958376,1769615958376,1769615958376,1769615958376,300,5000,ok
b4b895cc-2e82-403e-889f-9dc3065f7eed,esp32-01,telemetry,1769615958155,1769615958409,1769615958409,1769615958409,1769615958409,1769615958409,300,5000,ok
d5f4cab1-3d4e-4c55-bcab-56a071001c08,esp32-02,telemetry,1769615958161,1769615958409,1769615958410,1769615958410,1769615958410,1769615958410,300,5000,ok
93bc771f-4b01-4dfd-a81b-a53041104606,esp32-03,telemetry,1769615958165,1769615958410,1769615958411,1769615958411,1769615958411,1769615958411,300,5000,ok
fb2e2ead-b8ed-4cfb-b501-dea0d9958e28,esp32-01,telemetry,1769615958171,1769615958410,1769615958411,1769615958411,1769615958411,1769615958411,300,5000,ok
90ebb30d-a5d1-46c8-8f9c-3a520264d301,esp32-02,telemetry,1769615958177,1769615958410,1769615958412,1769615958412,1769615958412,1769615958412,300,5000,ok
44e59c3b-1ec2-479c-86ef-22bdff30b288,esp32-03,telemetry,1769615958183,1769615958410,1769615958412,1769615958412,1769615958412,1769615958412,300,5000,ok
75af24ff-b01b-458c-8677-ece65d8814d5,esp32-01,telemetry,1769615958188,1769615958423,1769615958423,1769615958423,1769615958423,1769615958423,300,5000,ok
a4b1f431-0590-41fe-ad8a-5874e2e7e3ad,esp32-02,telemetry,1769615958193,1769615958423,1769615958424,1769615958424,1769615958424,1769615958424,300,5000,ok
7e038048-5cfd-4063-8556-4b8cc3d82d4f,esp32-03,telemetry,1769615958199,1769615958445,1769615958445,1769615958445,1769615958445,1769615958445,300,5000,ok
a7f228b0-4a2d-4d08-9604-3ae97859e022,esp32-01,telemetry,1769615958887,1769616020449,1769616020449,1769616020449,1769616020449,1769616020449,300,5000,ok
a3c79968-ba2d-4a73-9f0f-8ba5ef94b2ff,esp32-02,telemetry,1769615958892,1769616020449,1769616020450,1769616020450,1769616020450,1769616020450,300,5000,ok
34e4670d-9ec1-49df-a83d-0aee1632d6dd,esp32-03,telemetry,1769615958898,1769616020449,1769616020450,1769616020450,1769616020450,1769616020450,300,5000,ok
b40cfb5b-cbb9-4005-9af2-899cfcd416a1,esp32-01,telemetry,1769615958903,1769616020449,1769616020451,1769616020451,1769616020451,1769616020451,300,5000,ok
10250634-24d0-42e4-a51c-0944fb0436b5,esp32-02,telemetry,1769615958910,1769616020449,1769616020451,1769616020451,1769616020451,1769616020451,300,5000,ok
0a9ec924-e2e8-4b2b-bccd-20a5ed151b4b,esp32-03,telemetry,1769615958915,1769616020950,1769616020950,1769616020950,1769616020950,1769616020950,300,5000,ok
7b109bde-5454-4ff8-9634-27d526e58ee4,esp32-01,telemetry,1769615958920,1769616020950,1769616020951,1769616020951,1769616020951,1769616020951,300,5000,ok
f22299eb-a2a7-4129-a8e0-cc2e818413d8,esp32-02,telemetry,1769615958925,1769616020950,1769616020952,1769616020952,1769616020952,1769616020952,300,5000,ok
43bda519-bcee-497a-bfe1-41e77cf0ffdf,esp32-03,telemetry,1769615958929,1769616020951,1769616020952,1769616020952,1769616020952,1769616020952,300,5000,ok
436b27b0-2089-4109-b718-b9444e27dc34,esp32-01,telemetry,1769615958935,1769616020951,1769616020953,1769616020953,1769616020953,1769616020953,300,5000,ok
83aacb6a-73db-4aa3-962a-ea348ab1a93e,esp32-01,telemetry,1769615959568,1769616020951,1769616020954,1769616020954,1769616020954,1769616020954,300,5000,ok
2e971bc7-be0b-4899-96b9-fff1d8e072c3,esp32-02,telemetry,1769615959573,1769616020951,1769616020954,1769616020954,1769616020954,1769616020954,300,5000,ok
e3b1612c-6242-469e-9f06-36fdf227f5df,esp32-03,telemetry,1769615959579,1769616020951,1769616020955,1769616020955,1769616020955,1769616020955,300,5000,ok
5a735afb-01ff-4e49-b816-a637bdb4d239,esp32-01,telemetry,1769615959584,1769616020951,1769616020955,1769616020955,1769616020955,1769616020955,300,5000,ok
c2d0f2c7-48cb-4c76-8cb6-aa028e03f330,esp32-02,telemetry,1769615959589,1769616020951,1769616020956,1769616020956,1769616020956,1769616020956,300,5000,ok
80bc294d-83ae-4891-8aa8-6c9dc342519c,esp32-03,telemetry,1769615959594,1769616020951,1769616020958,1769616020958,1769616020958,1769616020958,300,5000,ok
9751499e-a6c8-4bce-8e3c-936c8600cbab,esp32-01,telemetry,1769615959600,1769616020952,1769616020959,1769616020959,1769616020959,1769616020959,300,5000,ok
c68f5be5-3377-4bb6-88eb-7795f07e7ed6,esp32-02,telemetry,1769615959606,1769616020952,1769616020960,1769616020960,1769616020960,1769616020960,300,5000,ok
23fd0e73-cf21-486e-be11-298ea8507b7d,esp32-03,telemetry,1769615959611,1769616020952,1769616020960,1769616020960,1769616020960,1769616020960,300,5000,ok
09bcca1d-1707-43f9-9b13-61f4b4d633c2,esp32-01,telemetry,1769615959617,1769616020952,1769616020961,1769616020961,1769616020961,1769616020961,300,5000,ok
198c101f-3b09-413a-93eb-c2f02c773978,esp32-02,telemetry,1769615963810,1769616020952,1769616020961,1769616020961,1769616020961,1769616020961,300,5000,ok
882031b8-56e0-454e-ba05-f0754e5d4d6f,esp32-03,telemetry,1769615963831,1769616020952,1769616020962,1769616020962,1769616020962,1769616020962,300,5000,ok
f12b0532-8a69-4e02-92f7-276492b6f7ac,esp32-01,telemetry,1769615963850,1769616020952,1769616020962,1769616020962,1769616020962,1769616020962,300,5000,ok
d058a3d4-f0c9-4dd6-abb1-0bc39d20e991,esp32-02,telemetry,1769615963870,1769616020952,1769616020963,1769616020963,1769616020963,1769616020963,300,5000,ok
6f27e9e3-dd52-44ca-b2ed-4568ba71a468,esp32-03,telemetry,1769615963890,1769616020952,1769616020963,1769616020963,1769616020963,1769616020963,300,5000,ok
d569e3d7-8bf6-472f-9889-d443dd2c3ef7,esp32-01,telemetry,1769615963911,1769616021174,1769616021178,1769616021178,1769616021178,1769616021178,300,5000,ok
6c79e189-607a-409d-b274-e134e5b0475c,esp32-02,telemetry,1769615963932,1769616021174,1769616021179,1769616021179,1769616021179,1769616021179,300,5000,ok
e7cd0043-d6d2-4d05-85f7-1eab697e6509,esp32-03,telemetry,1769615963952,1769616021174,1769616021180,1769616021180,1769616021180,1769616021180,300,5000,ok
aa78eefe-f6fe-43aa-9575-07192e0bcabb,esp32-01,telemetry,1769615963972,1769616021175,1769616021180,1769616021180,1769616021180,1769616021180,300,5000,ok
627941c6-dd86-47f3-b109-1ea2a6cbeaee,esp32-02,telemetry,1769615963992,1769616021175,1769616021181,1769616021181,1769616021181,1769616021181,300,5000,ok
347a14b5-c42e-49fa-bc85-4e6632d2691e,esp32-02,telemetry,1769615966892,1769616021175,1769616021181,1769616021181,1769616021181,1769616021181,300,5000,ok
8da47308-2675-4bcf-b220-7056335dfaad,esp32-03,telemetry,1769615966912,1769616021175,1769616021182,1769616021182,1769616021182,1769616021182,300,5000,ok
a2c7b5e0-f463-45d6-9b2e-64b0e4d74032,esp32-01,telemetry,1769615966932,1769616021175,1769616021182,1769616021182,1769616021182,1769616021182,300,5000,ok
647d5db6-003e-4bc4-b91c-280f62141cff,esp32-02,telemetry,1769615966952,1769616021175,1769616021183,1769616021183,1769616021183,1769616021183,300,5000,ok
42ea11fd-bc36-41a7-87e7-02ddb305dcaf,esp32-03,telemetry,1769615966973,1769616021175,1769616021183,1769616021183,1769616021183,1769616021183,300,5000,ok
a181a435-22ec-4ba2-8b1c-f2d73351e417,esp32-01,telemetry,1769615966993,1769616021175,1769616021184,1769616021184,1769616021184,1769616021184,300,5000,ok
c2ad0960-8190-447f-b971-f02ec2d9b515,esp32-02,telemetry,1769615967014,1769616021213,1769616021213,1769616021213,1769616021213,1769616021213,300,5000,ok
01a7d56c-380f-4b4e-89cf-82fc7bc64a9e,esp32-03,telemetry,1769615967033,1769616021213,1769616021214,1769616021214,1769616021214,1769616021214,300,5000,ok
a9a8378b-88ac-4964-b16e-70b8e6fec43d,esp32-01,telemetry,1769615967054,1769616021214,1769616021215,1769616021215,1769616021215,1769616021215,300,5000,ok
71f8b83a-8d66-4c00-b3a4-a81c77b67572,esp32-02,telemetry,1769615967073,1769616021214,1769616021215,1769616021215,1769616021215,1769616021215,300,5000,ok
134113f1-956c-452c-b7b2-c15fcc38a21e,esp32-02,telemetry,1769615967860,1769616021214,1769616021216,1769616021216,1769616021216,1769616021216,300,5000,ok
564b26e7-6ce3-488e-bbce-ba0a0cffbd5d,esp32-03,telemetry,1769615967880,1769616021214,1769616021216,1769616021216,1769616021216,1769616021216,300,5000,ok
d669a4cd-0e31-4a0d-9a5f-7a5d25031fac,esp32-01,telemetry,1769615967899,1769616021214,1769616021216,1769616021216,1769616021216,1769616021216,300,5000,ok
fb416739-7709-4f25-aabf-ddaf8ece87dd,esp32-02,telemetry,1769615967920,1769616021214,1769616021217,1769616021217,1769616021217,1769616021217,300,5000,ok
157e8d86-8e66-4626-8645-4bfcc306ee69,esp32-03,telemetry,1769615967939,1769616021214,1769616021217,1769616021217,1769616021217,1769616021217,300,5000,ok
f6628f14-6ed9-477f-945c-ce60541a9865,esp32-01,telemetry,1769615967960,1769616021214,1769616021218,1769616021218,1769616021218,1769616021218,300,5000,ok
c5346d49-520c-4504-8434-cfd561435f1f,esp32-02,telemetry,1769615967980,1769616021396,1769616021396,1769616021396,1769616021396,1769616021396,300,5000,ok
82dfbb8f-c1f5-404c-8347-73cacd296c22,esp32-03,telemetry,1769615968000,1769616021396,1769616021397,1769616021397,1769616021397,1769616021397,300,5000,ok
39a67ae5-c621-44a4-b44b-026cdaabf76a,esp32-01,telemetry,1769615968020,1769616021397,1769616021398,1769616021398,1769616021398,1769616021398,300,5000,ok
2c0ba874-9987-4e6f-9c0e-15367a7885c3,esp32-02,telemetry,1769615968040,1769616021397,1769616021399,1769616021399,1769616021399,1769616021399,300,5000,ok
b7a2f543-ba35-43bf-b406-69275827983c,esp32-01,telemetry,1769615968925,1769616021397,1769616021400,1769616021400,1769616021400,1769616021400,300,5000,ok
dd35415e-bfc5-4902-854a-f469ff02dfe7,esp32-02,telemetry,1769615968946,1769616021397,1769616021400,1769616021400,1769616021400,1769616021400,300,5000,ok
a5d8e115-561a-4bc9-9332-a914baf4b40b,esp32-03,telemetry,1769615968966,1769616021397,1769616021400,1769616021400,1769616021400,1769616021400,300,5000,ok
f3ebfc3f-1a0b-4a3f-9a2c-7e400fbac791,esp32-01,telemetry,1769615968986,1769616021397,1769616021401,1769616021401,1769616021401,1769616021401,300,5000,ok
b70f850d-1b4a-4f91-b124-30ca0194fb50,esp32-02,telemetry,1769615969006,1769616021397,1769616021401,1769616021401,1769616021401,1769616021401,300,5000,ok
e99538c8-4f3d-4c4e-a300-e0cd77fa24e1,esp32-03,telemetry,1769615969026,1769616021398,1769616021401,1769616021401,1769616021401,1769616021401,300,5000,ok
88c76eec-2f1e-4d74-8733-c5e20f6d817a,esp32-01,telemetry,1769615969045,1769616021398,1769616021402,1769616021402,1769616021402,1769616021402,300,5000,ok
b263fa5e-b60b-4c5e-afc2-7145cf8fcf5d,esp32-02,telemetry,1769615969065,1769616021398,1769616021402,1769616021402,1769616021402,1769616021402,300,5000,ok
c7921bd2-9889-4357-b095-57ef54ca2544,esp32-03,telemetry,1769615969086,1769616021399,1769616021402,1769616021402,1769616021402,1769616021402,300,5000,ok
27f783af-183e-4fdd-a88b-15a816530961,esp32-01,telemetry,1769615969106,1769616021399,1769616021403,1769616021403,1769616021403,1769616021403,300,5000,ok
71bc8bb5-f609-43f6-8f10-a1f42b7e5c3b,esp32-03,telemetry,1769615969931,1769616021399,1769616021403,1769616021403,1769616021403,1769616021403,300,5000,ok
e066a72b-1ed0-4a8b-9626-d305a7d2a804,esp32-01,telemetry,1769615969951,1769616021399,1769616021403,1769616021403,1769616021403,1769616021403,300,5000,ok
454d82f2-4860-42f8-a63f-5fdc43cf85be,esp32-02,telemetry,1769615969971,1769616021399,1769616021404,1769616021404,1769616021404,1769616021404,300,5000,ok
0df2214a-180b-458a-88a2-9debce0c836c,esp32-03,telemetry,1769615969991,1769616021399,1769616021404,1769616021404,1769616021404,1769616021404,300,5000,ok
6ed252a0-70f6-4252-a592-75244bea8c38,esp32-01,telemetry,1769615970012,1769616021435,1769616021435,1769616021435,1769616021435,1769616021435,300,5000,ok
31229a4e-1c92-4049-ad64-3391eb4e4b3c,esp32-02,telemetry,1769615970032,1769616021435,1769616021436,1769616021436,1769616021436,1769616021436,300,5000,ok
e7851206-45d2-44a5-af4b-e606b745a030,esp32-03,telemetry,1769615970052,1769616021435,1769616021436,1769616021436,1769616021436,1769616021436,300,5000,ok
774eda92-fa6c-4e22-8bae-bd8a6e248a41,esp32-01,telemetry,1769615970072,1769616021435,1769616021437,1769616021437,1769616021437,1769616021437,300,5000,ok
29759c75-2b83-4ef8-991b-092b97b7e875,esp32-02,telemetry,1769615970091,1769616021435,1769616021437,1769616021437,1769616021437,1769616021437,300,5000,ok
344c4a48-f2e4-4cb6-9140-c44b771f906c,esp32-03,telemetry,1769615970111,1769616021435,1769616021438,1769616021438,1769616021438,1769616021438,300,5000,ok
ed85b9f8-d8d3-481e-99f3-2e024061a415,esp32-03,telemetry,1769615970960,1769616021435,1769616021438,1769616021438,1769616021438,1769616021438,300,5000,ok
645792c2-d131-44c7-ac02-06fec4cc6d2c,esp32-01,telemetry,1769615970980,1769616021435,1769616021439,1769616021439,1769616021439,1769616021439,300,5000,ok
347e2bc9-d028-4fa1-b343-59ed0819c608,esp32-02,telemetry,1769615971000,1769616021435,1769616021439,1769616021439,1769616021439,1769616021439,300,5000,ok
98ca9852-fe35-44f0-8c8f-00c999a7b73c,esp32-03,telemetry,1769615971019,1769616021436,1769616021440,1769616021440,1769616021440,1769616021440,300,5000,ok
36ac3f18-360c-4492-ba2b-f534143af2bf,esp32-01,telemetry,1769615971039,1769616021436,1769616021441,1769616021441,1769616021441,1769616021441,300,5000,ok
9c7c498e-571e-478b-a6ea-515983a13a6c,esp32-02,telemetry,1769615971060,1769616021436,1769616021441,1769616021441,1769616021441,1769616021441,300,5000,ok
4d5e7489-829a-42f5-b3dc-43bd48839c8c,esp32-03,telemetry,1769615971080,1769616021436,1769616021442,1769616021442,1769616021442,1769616021442,300,5000,ok
e067ae98-cd3a-42f5-9041-a9e0144cbd00,esp32-01,telemetry,1769615971101,1769616021436,1769616021442,1769616021442,1769616021442,1769616021442,300,5000,ok
7bfd669d-b8b0-4da0-942f-d012406d6919,esp32-02,telemetry,1769615971120,1769616021436,1769616021443,1769616021443,1769616021443,1769616021443,300,5000,ok
b22cf89e-4526-44d3-8162-28c43422e444,esp32-03,telemetry,1769615971141,1769616021617,1769616021617,1769616021617,1769616021617,1769616021617,300,5000,ok
74a83e22-d0a7-4366-ac26-8a7bfd52f342,esp32-03,telemetry,1769615971988,1769616021617,1769616021618,1769616021618,1769616021618,1769616021618,300,5000,ok
393ac8ea-1b8e-4de8-a539-5c62dc1f9cd9,esp32-01,telemetry,1769615972009,1769616021617,1769616021618,1769616021618,1769616021618,1769616021618,300,5000,ok
4674c7bd-3274-426c-b027-e12fb83f9bf3,esp32-02,telemetry,1769615972029,1769616021617,1769616021619,1769616021619,1769616021619,1769616021619,300,5000,ok
bdef2a5e-09fe-4e8b-9008-3df3c06d7e68,esp32-03,telemetry,1769615972048,1769616021617,1769616021619,1769616021619,1769616021619,1769616021619,300,5000,ok
5a567796-c478-46a6-bbfd-945f753db948,esp32-01,telemetry,1769615972069,1769616021618,1769616021620,1769616021620,1769616021620,1769616021620,300,5000,ok
33d8bfff-8230-4cbc-920c-c6cbacd23235,esp32-02,telemetry,1769615972088,1769616021618,1769616021620,1769616021620,1769616021620,1769616021620,300,5000,ok
3817c11f-fec5-420c-b43b-0580595db8e3,esp32-03,telemetry,1769615972109,1769616021618,1769616021621,1769616021621,1769616021621,1769616021621,300,5000,ok
1e81f292-3b99-47c3-919e-a74eb7db57d3,esp32-01,telemetry,1769615972129,1769616021618,1769616021621,1769616021621,1769616021621,1769616021621,300,5000,ok
3de38d5a-ee0d-40ca-9705-2d95547b7be3,esp32-02,telemetry,1769615972149,1769616021618,1769616021621,1769616021621,1769616021621,1769616021621,300,5000,ok
4982d1b3-e785-43db-ac32-7ddec41a018b,esp32-03,telemetry,1769615972168,1769616021618,1769616021622,1769616021622,1769616021622,1769616021622,300,5000,ok
c6ac0cb1-f3c2-4317-a42c-b9168b42f8d5,esp32-03,telemetry,1769615973018,1769616021619,1769616021622,1769616021622,1769616021622,1769616021622,300,5000,ok
65c3b045-6eea-4a25-9867-b66548103ffe,esp32-01,telemetry,1769615973038,1769616021619,1769616021623,1769616021623,1769616021623,1769616021623,300,5000,ok
3b376bbb-5010-4a7d-870a-3afe2a475f69,esp32-02,telemetry,1769615973057,1769616021619,1769616021623,1769616021623,1769616021623,1769616021623,300,5000,ok
35b50860-ba43-4b11-9ac5-98e2aead902a,esp32-03,telemetry,1769615973078,1769616021620,1769616021623,1769616021623,1769616021623,1769616021623,300,5000,ok
3c502f7b-3240-4501-8bdc-431687755626,esp32-01,telemetry,1769615973097,1769616021620,1769616021624,1769616021624,1769616021624,1769616021624,300,5000,ok
180ba3ed-7a6c-45cf-94fc-ad2e2c6698e4,esp32-02,telemetry,1769615973118,1769616021620,1769616021624,1769616021624,1769616021624,1769616021624,300,5000,ok
f896e0f5-d3b0-4627-9bde-b3c30feea30d,esp32-03,telemetry,1769615973137,1769616021620,1769616021625,1769616021625,1769616021625,1769616021625,300,5000,ok
c722f15a-4c95-4e12-bd7b-8e7f80c6f4af,esp32-01,telemetry,1769615973157,1769616021620,1769616021625,1769616021625,1769616021625,1769616021625,300,5000,ok
b5952c4b-3e31-4911-9f53-897f60b33420,esp32-02,telemetry,1769615973177,1769616021620,1769616021625,1769616021625,1769616021625,1769616021625,300,5000,ok
7c3e44bf-70c2-43a4-97ba-a44a211741c4,esp32-03,telemetry,1769615973197,1769616021620,1769616021626,1769616021626,1769616021626,1769616021626,300,5000,ok
f6d28307-c362-4537-a771-a0d26637bb51,esp32-03,telemetry,1769615974044,1769616021656,1769616021656,1769616021656,1769616021656,1769616021656,300,5000,ok
80f85d4a-4c61-4686-aa98-0a925cbe69be,esp32-01,telemetry,1769615974065,1769616021657,1769616021657,1769616021657,1769616021657,1769616021657,300,5000,ok
78066eec-d64a-4cad-842e-2d0781f302cc,esp32-02,telemetry,1769615974085,1769616021657,1769616021658,1769616021658,1769616021658,1769616021658,300,5000,ok
19554ec6-97cb-43f2-917e-c75678360413,esp32-03,telemetry,1769615974105,1769616021657,1769616021659,1769616021659,1769616021659,1769616021659,300,5000,ok
e8ec1670-0b52-4118-bc5e-220efeb035ca,esp32-01,telemetry,1769615974126,1769616021657,1769616021659,1769616021659,1769616021659,1769616021659,300,5000,ok
d89398ae-d271-4fc7-a75a-3802bc474389,esp32-02,telemetry,1769615974146,1769616021657,1769616021659,1769616021659,1769616021659,1769616021659,300,5000,ok
599e5e1a-88f4-479e-851d-f339f74e058d,esp32-03,telemetry,1769615974166,1769616021657,1769616021660,1769616021660,1769616021660,1769616021660,300,5000,ok
9311a2c7-5ea7-4158-a389-d951ea3f1e00,esp32-01,telemetry,1769615974186,1769616021658,1769616021660,1769616021660,1769616021660,1769616021660,300,5000,ok
0740e983-e414-4473-964d-5249210733aa,esp32-02,telemetry,1769615974206,1769616021658,1769616021660,1769616021660,1769616021660,1769616021660,300,5000,ok
bb34b110-d86b-4f53-8330-40072a04d088,esp32-03,telemetry,1769615974227,1769616021658,1769616021661,1769616021661,1769616021661,1769616021661,300,5000,ok
196d700c-0a5c-46d9-bec9-dd613e20ccb5,esp32-03,telemetry,1769615975079,1769616021658,1769616021661,1769616021661,1769616021661,1769616021661,300,5000,ok
461b3ce6-57e5-48b8-9b2b-31645454893d,esp32-01,telemetry,1769615975099,1769616021658,1769616021662,1769616021662,1769616021662,1769616021662,300,5000,ok
46f35cc5-e9ef-4ead-8bd3-23e00d7dc864,esp32-02,telemetry,1769615975119,1769616021658,1769616021662,1769616021663,1769616021663,1769616021663,300,5000,ok
102a45a9-68bc-4706-a008-cd7104bb7029,esp32-03,telemetry,1769615975138,1769616021658,1769616021663,1769616021663,1769616021663,1769616021663,300,5000,ok
6bb17408-9b1e-4d6c-bff8-23bdee79929a,esp32-01,telemetry,1769615975159,1769616021658,1769616021663,1769616021663,1769616021663,1769616021663,300,5000,ok
87702e4d-37b4-41da-ae86-9365729dd373,esp32-02,telemetry,1769615975179,1769616021839,1769616021839,1769616021839,1769616021839,1769616021839,300,5000,ok
86cacb32-dd04-474b-9c30-bd3e6312d017,esp32-03,telemetry,1769615975200,1769616021839,1769616021840,1769616021840,1769616021840,1769616021840,300,5000,ok
3dae813e-d58b-4936-922f-992fabc8e46e,esp32-01,telemetry,1769615975220,1769616021839,1769616021841,1769616021841,1769616021841,1769616021841,300,5000,ok
a3438eef-f4c1-4265-bcb4-6691961c5d83,esp32-02,telemetry,1769615975240,1769616021839,1769616021843,1769616021843,1769616021843,1769616021843,300,5000,ok
e821244c-59fe-4a21-9681-9c6b2abb2778,esp32-03,telemetry,1769615975261,1769616021839,1769616021844,1769616021844,1769616021844,1769616021844,300,5000,ok
f00edac4-5e73-4bd0-a137-88d96e07ce75,esp32-03,telemetry,1769615976106,1769616021840,1769616021844,1769616021844,1769616021844,1769616021844,300,5000,ok
e48400af-73d3-4838-9ddb-acd0cf0cf144,esp32-01,telemetry,1769615976127,1769616021840,1769616021845,1769616021845,1769616021845,1769616021845,300,5000,ok
3ac69b1c-3b77-4caf-8dd1-ebaae2333e7f,esp32-02,telemetry,1769615976147,1769616021840,1769616021846,1769616021846,1769616021846,1769616021846,300,5000,ok
822fac8e-a43b-4fef-b8dc-14062af732e6,esp32-03,telemetry,1769615976178,1769616021840,1769616021848,1769616021848,1769616021848,1769616021848,300,5000,ok
9432cd25-4ec2-4480-b7c7-f82af96fed2d,esp32-01,telemetry,1769615976198,1769616021840,1769616021849,1769616021849,1769616021849,1769616021849,300,5000,ok
6d03b09f-d8f2-4c7f-8254-56f2f5ec0190,esp32-02,telemetry,1769615976218,1769616021841,1769616021850,1769616021850,1769616021850,1769616021850,300,5000,ok
e977a877-506f-41eb-8cb6-027109977f38,esp32-03,telemetry,1769615976237,1769616021842,1769616021850,1769616021850,1769616021850,1769616021850,300,5000,ok
82df81f2-7c75-426b-a670-570a63b902c1,esp32-01,telemetry,1769615976258,1769616021842,1769616021851,1769616021851,1769616021851,1769616021851,300,5000,ok
28a85f1e-11c5-4cfb-9640-558b45845345,esp32-02,telemetry,1769615976278,1769616021842,1769616021852,1769616021852,1769616021852,1769616021852,300,5000,ok
e0d2be74-13b6-49ef-9cd3-bec3e131eacc,esp32-03,telemetry,1769615976299,1769616021842,1769616021852,1769616021852,1769616021852,1769616021852,300,5000,ok
188e31cc-8b4e-4ba5-bd2e-5d0671c45312,esp32-01,telemetry,1769615977124,1769616021842,1769616021853,1769616021853,1769616021853,1769616021853,300,5000,ok
48eda2c9-f71f-4827-8038-bb5e9ee9b1ca,esp32-02,telemetry,1769615977144,1769616021843,1769616021853,1769616021853,1769616021853,1769616021853,300,5000,ok
f19a50b8-70ef-4349-85cd-027af361ae4d,esp32-03,telemetry,1769615977164,1769616021843,1769616021854,1769616021854,1769616021854,1769616021854,300,5000,ok
6ee07d06-6eff-45cd-a8ab-261e4aa52f00,esp32-01,telemetry,1769615977185,1769616021843,1769616021854,1769616021854,1769616021854,1769616021854,300,5000,ok
cda77610-7803-4e7e-8c39-741c020d4be6,esp32-02,telemetry,1769615977206,1769616021843,1769616021855,1769616021855,1769616021855,1769616021855,300,5000,ok
f2a5c5e9-7cda-48d6-9c55-b68d6a961ff0,esp32-03,telemetry,1769615977226,1769616021843,1769616021855,1769616021855,1769616021855,1769616021855,300,5000,ok
d62642ab-92a5-4dea-934f-bceba5fb477e,esp32-01,telemetry,1769615977247,1769616021878,1769616021878,1769616021878,1769616021878,1769616021878,300,5000,ok
f81949e6-605e-4238-bc45-8f7f08e41f98,esp32-02,telemetry,1769615977267,1769616021878,1769616021879,1769616021879,1769616021879,1769616021879,300,5000,ok
73c2f544-bee2-44b7-8111-c71c4a0e383b,esp32-03,telemetry,1769615977287,1769616021878,1769616021880,1769616021880,1769616021880,1769616021880,300,5000,ok
bad6ff85-7bc6-40dd-a1c1-ecab14ecffbd,esp32-01,telemetry,1769615977307,1769616021879,1769616021880,1769616021880,1769616021880,1769616021880,300,5000,ok
2c81e688-837a-4a93-a90e-b613a994439d,esp32-01,telemetry,1769615978155,1769616021879,1769616021881,1769616021881,1769616021881,1769616021881,300,5000,ok
0a075210-4d56-4d8a-ba22-1d033dfebf40,esp32-02,telemetry,1769615978176,1769616021879,1769616021881,1769616021881,1769616021881,1769616021881,300,5000,ok
470b3c91-d07b-4923-9bb5-ae400f354465,esp32-03,telemetry,1769615978197,1769616021879,1769616021882,1769616021882,1769616021882,1769616021882,300,5000,ok
7b8be397-8814-4909-8578-076496f257c1,esp32-01,telemetry,1769615978218,1769616021879,1769616021882,1769616021882,1769616021882,1769616021882,300,5000,ok
d5601a5a-86dc-49fb-b537-9a5ce3d754ef,esp32-02,telemetry,1769615978238,1769616021879,1769616021883,1769616021883,1769616021883,1769616021883,300,5000,ok
d4c2bfa8-3360-4b73-8e34-fc2749803bac,esp32-03,telemetry,1769615978258,1769616021879,1769616021883,1769616021883,1769616021883,1769616021883,300,5000,ok
60efb7c6-1358-4a80-b74f-0f3298c722a5,esp32-01,telemetry,1769615978278,1769616021921,1769616021921,1769616021921,1769616021921,1769616021921,300,5000,ok
73669977-6440-48e3-bf86-3d1191dfa97c,esp32-02,telemetry,1769615978299,1769616021921,1769616021922,1769616021922,1769616021922,1769616021922,300,5000,ok
fb60c3d6-fcf1-433a-ae4c-02d220232824,esp32-03,telemetry,1769615978318,1769616021921,1769616021923,1769616021923,1769616021923,1769616021923,300,5000,ok
db7d8bdf-f054-4ea0-a047-e27bfcfab247,esp32-01,telemetry,1769615978340,1769616021921,1769616021923,1769616021923,1769616021923,1769616021923,300,5000,ok
6245bffe-661f-4f76-8548-355e10328294,esp32-01,telemetry,1769615979184,1769616021922,1769616021924,1769616021924,1769616021924,1769616021924,300,5000,ok
5d5259de-73ad-423e-9997-276b79d4fecd,esp32-02,telemetry,1769615979203,1769616021922,1769616021925,1769616021925,1769616021925,1769616021925,300,5000,ok
8c8bd556-0506-4b7f-b18e-93fed2e1e7a5,esp32-03,telemetry,1769615979223,1769616021922,1769616021925,1769616021925,1769616021925,1769616021925,300,5000,ok
3a998641-369d-4299-ab67-f128dae372aa,esp32-01,telemetry,1769615979243,1769616021922,1769616021925,1769616021926,1769616021926,1769616021926,300,5000,ok
b5a8081a-4672-41e6-9b45-81a17f4e5d49,esp32-02,telemetry,1769615979264,1769616021922,1769616021926,1769616021926,1769616021926,1769616021926,300,5000,ok
8d128f42-901f-4757-bf5b-604ea0fcae76,esp32-03,telemetry,1769615979284,1769616021922,1769616021926,1769616021926,1769616021926,1769616021926,300,5000,ok
23e32720-bdea-4878-9391-c7760a667b38,esp32-01,telemetry,1769615979304,1769616022060,1769616022061,1769616022061,1769616022061,1769616022061,300,5000,ok
ff21aa41-04cf-4f5b-b699-f627a0a83d1c,esp32-02,telemetry,1769615979325,1769616022061,1769616022061,1769616022061,1769616022061,1769616022061,300,5000,ok
8f632d9d-0566-4914-ac5f-90c2b16219db,esp32-03,telemetry,1769615979344,1769616022061,1769616022062,1769616022062,1769616022062,1769616022062,300,5000,ok
e11c9e57-eca1-4ec3-a11a-e3b47c02d750,esp32-01,telemetry,1769615979365,1769616022061,1769616022062,1769616022062,1769616022062,1769616022062,300,5000,ok
83b08b83-0033-4b48-97d4-4b55e4508ea7,esp32-03,telemetry,1769615980190,1769616022061,1769616022062,1769616022062,1769616022062,1769616022062,300,5000,ok
7b861f3b-8ed5-423b-b1fc-a7f2d9e0e94f,esp32-01,telemetry,1769615980210,1769616022061,1769616022064,1769616022064,1769616022064,1769616022064,300,5000,ok
337c2350-1f06-4135-8f9c-f78e732a3afe,esp32-02,telemetry,1769615980231,1769616022061,1769616022065,1769616022065,1769616022065,1769616022065,300,5000,ok
966a0cee-b25b-4889-9941-c32714d77ec4,esp32-03,telemetry,1769615980250,1769616022061,1769616022066,1769616022066,1769616022066,1769616022066,300,5000,ok
0d697ddb-3a16-4b0d-bfbc-0f91d6fd6697,esp32-01,telemetry,1769615980270,1769616022063,1769616022067,1769616022067,1769616022067,1769616022067,300,5000,ok
954bd53f-bcf8-467c-936a-f7fbde65825f,esp32-02,telemetry,1769615980291,1769616022063,1769616022067,1769616022067,1769616022067,1769616022067,300,5000,ok
e94ff5e8-35b0-4461-be7b-6aebff0aebb7,esp32-03,telemetry,1769615980312,1769616022064,1769616022067,1769616022067,1769616022067,1769616022067,300,5000,ok
033ca7e7-2f48-4c31-a309-93e9c6dfd477,esp32-01,telemetry,1769615980331,1769616022064,1769616022068,1769616022068,1769616022068,1769616022068,300,5000,ok
8226fb4b-2da6-4d9f-9225-9a3edf7944c1,esp32-02,telemetry,1769615980352,1769616022065,1769616022068,1769616022068,1769616022068,1769616022068,300,5000,ok
4fe48337-ef7d-4779-a046-fe03172b13a5,esp32-03,telemetry,1769615980373,1769616022065,1769616022069,1769616022069,1769616022069,1769616022069,300,5000,ok
92b1149e-d3fb-4ad0-b199-801d18e40d44,esp32-03,telemetry,1769615981224,1769616022065,1769616022069,1769616022069,1769616022069,1769616022069,300,5000,ok
545dc645-711d-465b-9ec0-6fe591a691d6,esp32-01,telemetry,1769615981245,1769616022065,1769616022070,1769616022070,1769616022070,1769616022070,300,5000,ok
01fefa74-8d30-4474-95d9-595af5eadfbf,esp32-02,telemetry,1769615981264,1769616022065,1769616022071,1769616022071,1769616022071,1769616022071,300,5000,ok
0245eceb-ea49-4309-8ffe-d2ea6a20700b,esp32-03,telemetry,1769615981286,1769616022065,1769616022071,1769616022071,1769616022071,1769616022071,300,5000,ok
93252918-e279-44bd-8d35-692ab1b98721,esp32-01,telemetry,1769615981306,1769616022100,1769616022100,1769616022100,1769616022100,1769616022100,300,5000,ok
407141b1-6198-483e-be1d-0f43c7e57723,esp32-02,telemetry,1769615981327,1769616022100,1769616022101,1769616022101,1769616022101,1769616022101,300,5000,ok
dee34a10-43c9-4ee7-831f-9df5ee99b76d,esp32-03,telemetry,1769615981346,1769616022100,1769616022102,1769616022102,1769616022102,1769616022102,300,5000,ok
17354f05-4ab4-41e9-a785-10a16cf2e976,esp32-01,telemetry,1769615981366,1769616022101,1769616022103,1769616022103,1769616022103,1769616022103,300,5000,ok
3f41d092-085d-45dc-9c12-be51b23bf395,esp32-02,telemetry,1769615981386,1769616022101,1769616022103,1769616022103,1769616022103,1769616022103,300,5000,ok
78bb7da0-ab85-49da-9f81-396090c1d730,esp32-03,telemetry,1769615981406,1769616022101,1769616022104,1769616022104,1769616022104,1769616022104,300,5000,ok
455aee3d-2899-4a0c-b1ac-b88906aa69e5,esp32-03,telemetry,1769615982251,1769616022101,1769616022105,1769616022105,1769616022105,1769616022105,300,5000,ok
0adf3a71-1261-408c-9a5f-3ce57cc5cb53,esp32-01,telemetry,1769615982272,1769616022101,1769616022105,1769616022105,1769616022105,1769616022105,300,5000,ok
0036afd3-bcca-4cb1-9309-ca0cabad656a,esp32-02,telemetry,1769615982293,1769616022101,1769616022106,1769616022106,1769616022106,1769616022106,300,5000,ok
501b5b8b-5094-4952-8644-b1202f022bda,esp32-03,telemetry,1769615982314,1769616022101,1769616022107,1769616022107,1769616022107,1769616022107,300,5000,ok
440dce97-3a74-4467-8d79-8f610aa64e9c,esp32-01,telemetry,1769615982334,1769616022144,1769616022144,1769616022144,1769616022144,1769616022144,300,5000,ok
c935d344-837a-4009-95ea-cb09751e2da3,esp32-02,telemetry,1769615982354,1769616022144,1769616022145,1769616022145,1769616022145,1769616022145,300,5000,ok
873548b8-aa9b-4c1c-b112-60365e8d5569,esp32-03,telemetry,1769615982374,1769616022144,1769616022146,1769616022146,1769616022146,1769616022146,300,5000,ok
b92aad98-b3a4-4244-9ba9-5dce6f190e62,esp32-01,telemetry,1769615982394,1769616022144,1769616022146,1769616022146,1769616022146,1769616022146,300,5000,ok
1cd7d5dd-6f50-4e65-9c96-92f7d70426bf,esp32-02,telemetry,1769615982414,1769616022144,1769616022147,1769616022147,1769616022147,1769616022147,300,5000,ok
fcccd4f0-4bfa-40af-aa22-2eed3b4121b3,esp32-03,telemetry,1769615982435,1769616022144,1769616022148,1769616022148,1769616022148,1769616022148,300,5000,ok
e4e25d27-c17c-4a09-a9dd-546b08e1e6b0,esp32-03,telemetry,1769615983279,1769616022145,1769616022149,1769616022149,1769616022149,1769616022149,300,5000,ok
7ed964f4-6c73-469e-a17e-211b4344cdb3,esp32-01,telemetry,1769615983298,1769616022145,1769616022149,1769616022149,1769616022149,1769616022149,300,5000,ok
a112b742-8faf-4518-b71f-7a2000ea5278,esp32-02,telemetry,1769615983319,1769616022145,1769616022150,1769616022150,1769616022150,1769616022150,300,5000,ok
1e54c9f4-774d-403c-95a1-0951e640b46b,esp32-03,telemetry,1769615983338,1769616022145,1769616022150,1769616022150,1769616022150,1769616022150,300,5000,ok
4989fac2-12b4-43f9-b76e-7f96a7a1e694,esp32-01,telemetry,1769615983359,1769616022145,1769616022151,1769616022151,1769616022151,1769616022151,300,5000,ok
13953541-ac11-4a73-8642-c28961cc9909,esp32-02,telemetry,1769615983379,1769616022283,1769616022283,1769616022283,1769616022283,1769616022283,300,5000,ok
26fa465d-cb11-4dcd-a1c0-f8d388b0c716,esp32-03,telemetry,1769615983399,1769616022283,1769616022284,1769616022284,1769616022284,1769616022284,300,5000,ok
3df71894-d135-4641-892f-04d62cc0f819,esp32-01,telemetry,1769615983420,1769616022283,1769616022284,1769616022284,1769616022284,1769616022284,300,5000,ok
3088aba5-678d-48dc-83b5-05bcd304332d,esp32-02,telemetry,1769615983439,1769616022283,1769616022284,1769616022284,1769616022284,1769616022285,300,5000,ok
48ba4025-a61f-46d5-9c14-e8b35fb46fdc,esp32-03,telemetry,1769615983459,1769616022283,1769616022285,1769616022285,1769616022285,1769616022285,300,5000,ok
5b0607ff-9091-4e5d-a58a-8af62b4bd8f3,esp32-02,telemetry,1769615984305,1769616022283,1769616022286,1769616022286,1769616022286,1769616022286,300,5000,ok
970b87aa-fcc4-4071-87cc-4adbd66f8131,esp32-03,telemetry,1769615984325,1769616022283,1769616022286,1769616022286,1769616022286,1769616022286,300,5000,ok
40bcb03f-1c33-4699-877c-6f287d110642,esp32-01,telemetry,1769615984344,1769616022283,1769616022287,1769616022287,1769616022287,1769616022287,300,5000,ok
91397225-f928-4606-ae1e-fc2d4bd0adff,esp32-02,telemetry,1769615984364,1769616022283,1769616022287,1769616022287,1769616022287,1769616022287,300,5000,ok
0c91ced9-e1ef-4ed0-926c-cc37911389bd,esp32-03,telemetry,1769615984384,1769616022284,1769616022288,1769616022288,1769616022288,1769616022288,300,5000,ok
cd0dee0a-75d2-43ce-86d4-3b66b94aab74,esp32-01,telemetry,1769615984405,1769616022285,1769616022288,1769616022288,1769616022288,1769616022288,300,5000,ok
b880a3d5-90c5-4648-a77c-c319d293d0ba,esp32-02,telemetry,1769615984425,1769616022285,1769616022289,1769616022289,1769616022289,1769616022289,300,5000,ok
6b6766b5-99c8-4a55-a13a-9531afed567a,esp32-03,telemetry,1769615984445,1769616022285,1769616022289,1769616022289,1769616022289,1769616022289,300,5000,ok
783da8f4-b6db-4fc4-a406-c9d7456e5d12,esp32-01,telemetry,1769615984466,1769616022285,1769616022289,1769616022289,1769616022289,1769616022289,300,5000,ok
a20d7694-4ab5-4f77-88e1-a8321043117d,esp32-02,telemetry,1769615984486,1769616022285,1769616022291,1769616022291,1769616022291,1769616022291,300,5000,ok
4686682c-bb69-426e-b4e8-5178d3d3753c,esp32-02,telemetry,1769615985329,1769616022286,1769616022291,1769616022291,1769616022291,1769616022291,300,5000,ok
d7f6962c-a6fe-435b-ae91-b1e91e3757a4,esp32-03,telemetry,1769615985349,1769616022286,1769616022292,1769616022292,1769616022292,1769616022292,300,5000,ok
6894b2d0-e266-4cfc-a616-b465336dee4a,esp32-01,telemetry,1769615985369,1769616022286,1769616022292,1769616022292,1769616022292,1769616022292,300,5000,ok
0cacec32-c072-4fba-9627-5c4e680ead7f,esp32-02,telemetry,1769615985390,1769616022286,1769616022293,1769616022293,1769616022293,1769616022293,300,5000,ok
7f75ab92-f0e0-4020-b5e3-2618ed853f87,esp32-03,telemetry,1769615985411,1769616022286,1769616022293,1769616022293,1769616022293,1769616022293,300,5000,ok
bb4c2b42-3e0d-45e0-b62b-2bcdb00b8bb4,esp32-01,telemetry,1769615985432,1769616022286,1769616022294,1769616022294,1769616022294,1769616022294,300,5000,ok
000e8c9b-f798-490b-a49b-c15360b7d9e4,esp32-02,telemetry,1769615985452,1769616022321,1769616022321,1769616022321,1769616022321,1769616022321,300,5000,ok
bd1e973b-a6b7-487f-909e-18dd1cfeed84,esp32-03,telemetry,1769615985472,1769616022322,1769616022322,1769616022322,1769616022322,1769616022322,300,5000,ok
8aeff3ec-642f-4cc7-ab39-09b8dd9106f9,esp32-01,telemetry,1769615985491,1769616022322,1769616022323,1769616022323,1769616022323,1769616022323,300,5000,ok
0328a509-4098-44d4-83ed-0fa4124ee001,esp32-02,telemetry,1769615985511,1769616022322,1769616022324,1769616022324,1769616022324,1769616022324,300,5000,ok
192503bd-22d9-411c-ba3d-6376f8aa3e5a,esp32-02,telemetry,1769615986362,1769616022322,1769616022325,1769616022325,1769616022325,1769616022325,300,5000,ok
a93e8b45-04a7-4668-98cc-79ce3ee68067,esp32-03,telemetry,1769615986383,1769616022322,1769616022325,1769616022325,1769616022325,1769616022325,300,5000,ok
29615204-2df2-465c-aa27-b9aa9d397b80,esp32-01,telemetry,1769615986402,1769616022322,1769616022326,1769616022326,1769616022326,1769616022326,300,5000,ok
da9092ac-b263-4c32-9e41-9ed97cd27756,esp32-02,telemetry,1769615986423,1769616022322,1769616022327,1769616022327,1769616022327,1769616022327,300,5000,ok
92fff807-20ee-47a8-81e4-bf9d1c4a29c3,esp32-03,telemetry,1769615986444,1769616022323,1769616022328,1769616022328,1769616022328,1769616022328,300,5000,ok
0cf9abc4-fa61-443d-89e9-36b8e3b61593,esp32-01,telemetry,1769615986464,1769616022323,1769616022328,1769616022328,1769616022328,1769616022328,300,5000,ok
78d237ad-41ed-48f0-8ce7-7c17f7618fa2,esp32-02,telemetry,1769615986483,1769616022365,1769616022365,1769616022365,1769616022365,1769616022365,300,5000,ok
a2cb15b3-e421-401e-8543-bc9427f15c01,esp32-03,telemetry,1769615986504,1769616022365,1769616022366,1769616022366,1769616022366,1769616022366,300,5000,ok
3a0792a2-66b1-4860-b917-dfec9288e205,esp32-01,telemetry,1769615986524,1769616022365,1769616022367,1769616022367,1769616022367,1769616022367,300,5000,ok
ae07ccc4-2978-4b0f-b526-1b43177601ae,esp32-02,telemetry,1769615986544,1769616022365,1769616022368,1769616022368,1769616022368,1769616022368,300,5000,ok
2dc0a7f1-379b-4952-bd45-86117dcf598e,esp32-02,telemetry,1769615987390,1769616022366,1769616022368,1769616022368,1769616022368,1769616022368,300,5000,ok
3c7378c0-b9ac-4652-947e-f58e2ebb70a4,esp32-03,telemetry,1769615987409,1769616022366,1769616022369,1769616022369,1769616022369,1769616022369,300,5000,ok
a772275a-e508-41e7-9d1b-8acb68c4dded,esp32-01,telemetry,1769615987429,1769616022366,1769616022369,1769616022369,1769616022369,1769616022369,300,5000,ok
affe0a1a-92fc-463d-9585-b1cb5c59366b,esp32-02,telemetry,1769615987449,1769616022366,1769616022370,1769616022370,1769616022370,1769616022370,300,5000,ok
962b0a06-08a5-40b0-8d7f-219a71874ebf,esp32-03,telemetry,1769615987469,1769616022366,1769616022370,1769616022370,1769616022370,1769616022370,300,5000,ok
30da7ec8-1411-47aa-8ea4-80aa422fe67a,esp32-01,telemetry,1769615987490,1769616022366,1769616022371,1769616022371,1769616022371,1769616022371,300,5000,ok
943de0c4-76aa-4797-8703-25929ecf69c8,esp32-02,telemetry,1769615987509,1769616022366,1769616022371,1769616022371,1769616022371,1769616022371,300,5000,ok
0473079f-3ba0-4402-9483-09f0859bb4f8,esp32-03,telemetry,1769615987529,1769616022366,1769616022372,1769616022372,1769616022372,1769616022372,300,5000,ok
6b648e6d-87ea-437b-b4ff-adcd2dfa594c,esp32-01,telemetry,1769615987549,1769616022367,1769616022372,1769616022372,1769616022372,1769616022372,300,5000,ok
f925d160-09b0-4a44-bc6f-812cb5bf9537,esp32-02,telemetry,1769615987570,1769616022367,1769616022373,1769616022373,1769616022373,1769616022373,300,5000,ok
c8965e41-bf8b-484b-be2d-edf76e823b09,esp32-02,telemetry,1769615988416,1769616022367,1769616022374,1769616022374,1769616022374,1769616022374,300,5000,ok
3f8452f1-76ea-4a5c-8a6f-6d9608774e80,esp32-03,telemetry,1769615988435,1769616022367,1769616022374,1769616022374,1769616022374,1769616022374,300,5000,ok
9c3039cd-fae8-4925-b1fc-c60ccde5f20b,esp32-01,telemetry,1769615988456,1769616022513,1769616022518,1769616022518,1769616022518,1769616022518,300,5000,ok
d70d12d2-9d43-485e-a213-4e0eec6cf180,esp32-02,telemetry,1769615988476,1769616022514,1769616022518,1769616022518,1769616022518,1769616022519,300,5000,ok
5722a337-783d-4b06-8773-b2af634d1aa4,esp32-03,telemetry,1769615988496,1769616022514,1769616022519,1769616022519,1769616022519,1769616022519,300,5000,ok
2563f40f-8512-4db9-88d8-2c05e6d85c35,esp32-01,telemetry,1769615988515,1769616022514,1769616022519,1769616022519,1769616022519,1769616022520,300,5000,ok
1282fd26-a894-4279-9cb7-8b68b653502e,esp32-02,telemetry,1769615988536,1769616022514,1769616022520,1769616022520,1769616022520,1769616022520,300,5000,ok
0bee6b5d-1ba4-4b41-9bc4-ef7b0cf28011,esp32-03,telemetry,1769615988556,1769616022514,1769616022520,1769616022520,1769616022520,1769616022520,300,5000,ok
38b98ac8-e135-4128-8e69-67802f2bb602,esp32-01,telemetry,1769615988576,1769616022514,1769616022521,1769616022521,1769616022521,1769616022521,300,5000,ok
e7290eae-49f9-468a-9faa-8de8fab61aba,esp32-02,telemetry,1769615988597,1769616022514,1769616022522,1769616022522,1769616022522,1769616022522,300,5000,ok
44ecc1a0-cbca-4f99-8760-2551c2cc827d,esp32-02,telemetry,1769615989443,1769616022514,1769616022522,1769616022522,1769616022522,1769616022522,300,5000,ok
1408d8b6-729a-4c09-bb15-614f6acac51f,esp32-03,telemetry,1769615989464,1769616022514,1769616022523,1769616022523,1769616022523,1769616022523,300,5000,ok
d1f896c4-39d0-4f43-993c-f0c9b24f389e,esp32-01,telemetry,1769615989484,1769616022514,1769616022525,1769616022525,1769616022525,1769616022525,300,5000,ok
657f464a-4935-40bf-ba47-5a99f581957b,esp32-02,telemetry,1769615989505,1769616022514,1769616022525,1769616022526,1769616022526,1769616022526,300,5000,ok
3ad61192-57bb-435a-b196-a3da928b5d5a,esp32-03,telemetry,1769615989527,1769616022514,1769616022526,1769616022526,1769616022526,1769616022526,300,5000,ok
98c4f064-3389-48ba-82a7-84e725a0bba1,esp32-01,telemetry,1769615989550,1769616022514,1769616022527,1769616022527,1769616022527,1769616022527,300,5000,ok
4a22bf0e-7e47-43a6-8b6f-2dcd95043765,esp32-02,telemetry,1769615989570,1769616022515,1769616022527,1769616022527,1769616022527,1769616022527,300,5000,ok
13a11f4b-f294-4c77-91af-a281d5d78c76,esp32-03,telemetry,1769615989589,1769616022515,1769616022528,1769616022528,1769616022528,1769616022528,300,5000,ok
ccc14d99-5547-4dd3-a089-62c74839c980,esp32-01,telemetry,1769615989610,1769616022515,1769616022528,1769616022528,1769616022528,1769616022528,300,5000,ok
ef662a9c-b6b7-4fdc-a472-feed185b1bab,esp32-02,telemetry,1769615989630,1769616022515,1769616022529,1769616022529,1769616022529,1769616022529,300,5000,ok
7423ffdb-0565-43ba-be8d-3a3f6dd5124a,esp32-02,telemetry,1769615990477,1769616022515,1769616022530,1769616022530,1769616022530,1769616022530,300,5000,ok
886a0282-3571-4839-87a4-5a6a143787cd,esp32-03,telemetry,1769615990498,1769616022515,1769616022530,1769616022530,1769616022530,1769616022530,300,5000,ok
50f2a647-d826-4d30-a38f-7d8247d84293,esp32-01,telemetry,1769615990518,1769616022544,1769616022544,1769616022544,1769616022544,1769616022544,300,5000,ok
65b80c01-0b9c-47db-a649-d253092b0699,esp32-02,telemetry,1769615990538,1769616022544,1769616022544,1769616022544,1769616022544,1769616022544,300,5000,ok
e2b517fa-9b62-4d63-958a-3998caaf28d7,esp32-03,telemetry,1769615990558,1769616022544,1769616022545,1769616022545,1769616022545,1769616022545,300,5000,ok
6d2edb29-cd1d-4f12-be5e-431e96ffa927,esp32-01,telemetry,1769615990578,1769616022544,1769616022545,1769616022545,1769616022545,1769616022545,300,5000,ok
10c6d5d1-a9a6-4ce7-977a-caae9cc8e9f2,esp32-02,telemetry,1769615990598,1769616022877,1769616022877,1769616022877,1769616022877,1769616022877,300,5000,ok
94256e9f-ddbf-4d06-9da8-6ce786f4fee3,esp32-03,telemetry,1769615990617,1769616022878,1769616022883,1769616022883,1769616022883,1769616022883,300,5000,ok
60574243-9efe-47f8-83d7-680433b90c31,esp32-01,telemetry,1769615990638,1769616022879,1769616022898,1769616022898,1769616022898,1769616022898,300,5000,ok
eca880da-f4fc-409d-8cf2-f02d30ca995b,esp32-02,telemetry,1769615990659,1769616022879,1769616022900,1769616022900,1769616022900,1769616022900,300,5000,ok
39557056-d798-40d5-b5d6-68fa6ad26d29,esp32-02,telemetry,1769615991503,1769616022879,1769616022903,1769616022903,1769616022903,1769616022903,300,5000,ok
cc8c49f9-9d2c-4f29-b418-1cf7965245ce,esp32-03,telemetry,1769615991523,1769616022880,1769616022905,1769616022905,1769616022905,1769616022905,300,5000,ok
815e5463-d420-4979-8f4e-213987a35c66,esp32-01,telemetry,1769615991543,1769616022882,1769616022907,1769616022907,1769616022907,1769616022907,300,5000,ok
099c7075-07cc-465e-b682-f75834ec0f80,esp32-02,telemetry,1769615991563,1769616022884,1769616022909,1769616022909,1769616022909,1769616022909,300,5000,ok
aa66528b-a0d0-45e0-8a42-15368c7ae1af,esp32-03,telemetry,1769615991583,1769616022884,1769616022910,1769616022910,1769616022910,1769616022910,300,5000,ok
d1f1dac0-5927-4da8-9a10-0229f32103e1,esp32-01,telemetry,1769615991604,1769616022885,1769616022911,1769616022911,1769616022911,1769616022911,300,5000,ok
138b8bed-5adb-41a9-9cf9-74dd2e2673b2,esp32-02,telemetry,1769615991623,1769616022886,1769616022912,1769616022912,1769616022912,1769616022912,300,5000,ok
540b1cb2-c653-4fda-8a24-bed39a118f67,esp32-03,telemetry,1769615991643,1769616022886,1769616022913,1769616022913,1769616022913,1769616022913,300,5000,ok
1bb4d5d5-caea-499b-9f33-b8d8f3bbf42f,esp32-01,telemetry,1769615991664,1769616022887,1769616022914,1769616022914,1769616022914,1769616022914,300,5000,ok
297b4cb3-7f34-4a8e-bfc9-46e13c2eaa1c,esp32-02,telemetry,1769615991683,1769616022887,1769616022915,1769616022915,1769616022915,1769616022915,300,5000,ok
d8e97bc7-4d35-4882-8184-d330b2dcdcc4,esp32-02,telemetry,1769615992533,1769616022888,1769616022916,1769616022916,1769616022916,1769616022916,300,5000,ok
9553e780-f54e-479a-840e-4367edab6531,esp32-03,telemetry,1769615992554,1769616022888,1769616022917,1769616022917,1769616022917,1769616022917,300,5000,ok
3815a918-e616-4d6a-bf1a-3878f0095145,esp32-01,telemetry,1769615992574,1769616022888,1769616022918,1769616022918,1769616022918,1769616022918,300,5000,ok
1e1ba802-5f68-4b65-884d-8888a889803c,esp32-02,telemetry,1769615992594,1769616022889,1769616022918,1769616022918,1769616022918,1769616022918,300,5000,ok
7a1fc66b-bec4-48be-b759-c144c2876fd4,esp32-03,telemetry,1769615992614,1769616022889,1769616022919,1769616022919,1769616022919,1769616022919,300,5000,ok
8b1eabac-bf05-4238-93e3-ab1ae19e4e69,esp32-01,telemetry,1769615992635,1769616022889,1769616022920,1769616022920,1769616022920,1769616022920,300,5000,ok
417887dd-72de-4886-afd6-0e3e40677651,esp32-02,telemetry,1769615992656,1769616022890,1769616022920,1769616022920,1769616022920,1769616022920,300,5000,ok
d6984d06-96f2-4d0f-9ba4-a47321bce3e2,esp32-03,telemetry,1769615992677,1769616022890,1769616022921,1769616022921,1769616022921,1769616022921,300,5000,ok
babb194b-19ff-4d5b-9bac-79891a270040,esp32-01,telemetry,1769615992698,1769616022890,1769616022921,1769616022921,1769616022921,1769616022921,300,5000,ok
60a8ee8b-5cb1-4c9d-bb49-0d43cf3d02c0,esp32-02,telemetry,1769615992719,1769616022891,1769616022922,1769616022922,1769616022922,1769616022922,300,5000,ok
b726b115-21b3-4b5d-85be-1398928aa6e6,esp32-02,telemetry,1769615993568,1769616022891,1769616022922,1769616022922,1769616022922,1769616022922,300,5000,ok
0b316b92-5b1f-43e8-b150-378f822638dc,esp32-03,telemetry,1769615993590,1769616022892,1769616022923,1769616022923,1769616022923,1769616022923,300,5000,ok
989e4f55-b703-4217-80d3-0a08e7777db8,esp32-01,telemetry,1769615993609,1769616022892,1769616022924,1769616022924,1769616022924,1769616022924,300,5000,ok
a1ebba01-12fb-469a-a0c9-bf2f979a9ce1,esp32-02,telemetry,1769615993629,1769616022892,1769616022925,1769616022925,1769616022925,1769616022925,300,5000,ok
7aefdc3c-cdeb-4569-9311-4f2d9e0e9b25,esp32-03,telemetry,1769615993650,1769616022892,1769616022926,1769616022926,1769616022926,1769616022926,300,5000,ok
ff841863-87af-45e3-b4a9-7224273e147d,esp32-01,telemetry,1769615993669,1769616022893,1769616022926,1769616022926,1769616022926,1769616022926,300,5000,ok
e2b69ac9-2e8f-4031-9525-34c0cac16577,esp32-02,telemetry,1769615993689,1769616022893,1769616022927,1769616022927,1769616022927,1769616022927,300,5000,ok
f447de88-d574-4762-96a6-8a2279f243ac,esp32-03,telemetry,1769615993711,1769616022893,1769616022928,1769616022928,1769616022928,1769616022928,300,5000,ok
43a015d0-2f16-4209-99cc-6043bb6ce774,esp32-01,telemetry,1769615993730,1769616022894,1769616022928,1769616022928,1769616022928,1769616022928,300,5000,ok
4516fc65-272d-45a9-9ad9-cd5156767f65,esp32-02,telemetry,1769615993751,1769616022894,1769616022930,1769616022930,1769616022930,1769616022930,300,5000,ok
04ba6063-5e7e-4aa7-9bf5-71ad44654a4f,esp32-02,telemetry,1769615994599,1769616022894,1769616022932,1769616022932,1769616022932,1769616022932,300,5000,ok
488d702f-7f1b-48e2-821d-943352bdd1e2,esp32-03,telemetry,1769615994618,1769616022895,1769616022932,1769616022932,1769616022932,1769616022932,300,5000,ok
7c68561d-9d06-46e1-b5b3-5798d86dc7ea,esp32-01,telemetry,1769615994638,1769616022895,1769616022933,1769616022933,1769616022933,1769616022933,300,5000,ok
1aa3a066-28f7-40d1-a99f-1eafedf28a58,esp32-02,telemetry,1769615994658,1769616022896,1769616022934,1769616022934,1769616022934,1769616022934,300,5000,ok
08209382-d218-465c-ad1e-c0bf7823f6de,esp32-03,telemetry,1769615994679,1769616022896,1769616022934,1769616022934,1769616022934,1769616022934,300,5000,ok
113766e5-38bf-41cb-8c0b-4a1b733cf240,esp32-01,telemetry,1769615994700,1769616022897,1769616022934,1769616022934,1769616022934,1769616022934,300,5000,ok
dc5aefd8-ca5e-4d51-be08-454b4d896146,esp32-02,telemetry,1769615994721,1769616022897,1769616022935,1769616022935,1769616022935,1769616022935,300,5000,ok
7c60d587-9db6-41ab-a73c-9051196223eb,esp32-03,telemetry,1769615994741,1769616022898,1769616022935,1769616022935,1769616022935,1769616022935,300,5000,ok
a44b562e-2ec5-4526-93a9-d34b37e5ad48,esp32-01,telemetry,1769615994760,1769616022899,1769616022936,1769616022936,1769616022936,1769616022936,300,5000,ok
5e5002c8-1d6a-4dde-aff2-ecceae04ed6e,esp32-02,telemetry,1769615994781,1769616022899,1769616022936,1769616022936,1769616022936,1769616022936,300,5000,ok
95a9e07c-01de-4dc7-8449-f10ebb3d6a6c,esp32-03,telemetry,1769615995717,1769616022899,1769616022936,1769616022936,1769616022936,1769616022936,300,5000,ok
3e725f8d-a5f9-4bf7-90c9-0ea63ab9c2fb,esp32-01,telemetry,1769615995737,1769616022900,1769616022937,1769616022937,1769616022937,1769616022937,300,5000,ok
9d6a393b-3d8c-4f95-a2de-e260eae4fd4e,esp32-02,telemetry,1769615995757,1769616022900,1769616022937,1769616022937,1769616022937,1769616022937,300,5000,ok
3b7b5d97-fd95-455f-a313-1771ac66caff,esp32-03,telemetry,1769615995778,1769616022901,1769616022938,1769616022938,1769616022938,1769616022938,300,5000,ok
0424285b-ae96-46aa-a7f9-53ef42d8b1cf,esp32-01,telemetry,1769615995797,1769616022901,1769616022938,1769616022938,1769616022938,1769616022938,300,5000,ok
e37ffcf6-709c-42d4-99b5-fca5d4ddaee1,esp32-02,telemetry,1769615995818,1769616022901,1769616022939,1769616022939,1769616022939,1769616022939,300,5000,ok
57ce2e9d-051a-4b66-b3e7-d233a7b10f38,esp32-03,telemetry,1769615995838,1769616022902,1769616022939,1769616022939,1769616022939,1769616022939,300,5000,ok
8a01114f-fd7b-46c9-8d44-6a365b559cbe,esp32-01,telemetry,1769615995858,1769616022902,1769616022941,1769616022941,1769616022941,1769616022941,300,5000,ok
4654dfd0-0b9e-42be-9884-c7015aa335ab,esp32-02,telemetry,1769615995878,1769616022902,1769616022942,1769616022942,1769616022942,1769616022942,300,5000,ok
70c4a456-4f0b-4026-b2f3-da5bb29dac54,esp32-03,telemetry,1769615995898,1769616022902,1769616022942,1769616022942,1769616022942,1769616022942,300,5000,ok
08315e3d-11df-4894-af41-eb0093ee91bd,esp32-03,telemetry,1769615996630,1769616022903,1769616022943,1769616022943,1769616022943,1769616022943,300,5000,ok
cdf0c850-a33b-4270-8891-d74b6d4e29b0,esp32-01,telemetry,1769615996650,1769616022903,1769616022943,1769616022943,1769616022943,1769616022943,300,5000,ok
39156494-c0e1-4beb-b3bc-7fa88658fdbe,esp32-02,telemetry,1769615996670,1769616022904,1769616022944,1769616022944,1769616022944,1769616022944,300,5000,ok
92fd7d85-a556-4ac0-bbff-5546ca78fa6f,esp32-03,telemetry,1769615996691,1769616022904,1769616022944,1769616022944,1769616022944,1769616022944,300,5000,ok
d01c39c0-94d8-41e1-a96d-05e7d1df0907,esp32-01,telemetry,1769615996711,1769616022904,1769616022944,1769616022944,1769616022944,1769616022944,300,5000,ok
41f12e20-ab70-4f79-ae49-871f20e328b0,esp32-02,telemetry,1769615996730,1769616022905,1769616022945,1769616022945,1769616022945,1769616022945,300,5000,ok
95e2eb8e-417e-4cfe-abbc-23924e90b6dc,esp32-03,telemetry,1769615996751,1769616022959,1769616022959,1769616022959,1769616022959,1769616022959,300,5000,ok
5813ec03-1d3b-4eaf-96e9-181e829465ae,esp32-01,telemetry,1769615996771,1769616022960,1769616022960,1769616022960,1769616022960,1769616022960,300,5000,ok
fb0572c7-979d-4bf7-bfbe-96e8a8b05f2a,esp32-02,telemetry,1769615996791,1769616022960,1769616022961,1769616022961,1769616022961,1769616022961,300,5000,ok
7401fe17-1e0a-437a-8080-fcc9e64fb1ae,esp32-03,telemetry,1769615996810,1769616022960,1769616022961,1769616022961,1769616022961,1769616022961,300,5000,ok
6312eec7-2ec6-40f2-a8fb-4895de246307,esp32-01,telemetry,1769615997696,1769616022960,1769616022962,1769616022962,1769616022962,1769616022962,300,5000,ok
709452e2-4d4a-4e3e-883e-3e1e31592fc7,esp32-02,telemetry,1769615997717,1769616022960,1769616022962,1769616022962,1769616022962,1769616022962,300,5000,ok
98561f14-d9b5-405c-a17f-df717b66ce52,esp32-03,telemetry,1769615997737,1769616022960,1769616022963,1769616022963,1769616022963,1769616022963,300,5000,ok
9a308d9e-fb0f-4df0-a5a3-c297b99a1c37,esp32-01,telemetry,1769615997758,1769616022960,1769616022966,1769616022966,1769616022966,1769616022966,300,5000,ok
f7ae3738-9d4d-4bb2-8f20-e3cae39d71fa,esp32-02,telemetry,1769615997778,1769616022960,1769616022967,1769616022967,1769616022967,1769616022967,300,5000,ok
502cedbe-901d-4a67-b9f0-fcd7445197b4,esp32-03,telemetry,1769615997798,1769616022960,1769616022968,1769616022968,1769616022968,1769616022968,300,5000,ok
b4c0f5e0-e3d9-4eba-8298-aa64a672dea0,esp32-01,telemetry,1769615997818,1769616023033,1769616023033,1769616023033,1769616023033,1769616023033,300,5000,ok
c1693874-e618-41c7-af01-b6435863f77b,esp32-02,telemetry,1769615997838,1769616023033,1769616023034,1769616023034,1769616023034,1769616023034,300,5000,ok
067cbe52-58a3-4f11-8935-9410f74991a7,esp32-03,telemetry,1769615997859,1769616023034,1769616023035,1769616023035,1769616023035,1769616023035,300,5000,ok
bdc96080-9265-45eb-8fe0-a204aff40ed8,esp32-01,telemetry,1769615997879,1769616023034,1769616023035,1769616023035,1769616023035,1769616023035,300,5000,ok
c5c4ad17-99ab-4666-8b49-32e5cd7cbfdd,esp32-03,telemetry,1769615998705,1769616023034,1769616023036,1769616023036,1769616023036,1769616023036,300,5000,ok
fc8338e1-bdcd-4106-b977-f1925d295c6f,esp32-01,telemetry,1769615998724,1769616023034,1769616023036,1769616023036,1769616023036,1769616023036,300,5000,ok
1fdbc4e2-93d5-4eb3-b7e2-0a066aef3098,esp32-02,telemetry,1769615998745,1769616023034,1769616023037,1769616023037,1769616023037,1769616023037,300,5000,ok
0db89783-ea34-4d3d-9233-5d417e5f3bc1,esp32-03,telemetry,1769615998765,1769616023034,1769616023037,1769616023037,1769616023037,1769616023037,300,5000,ok
c546bead-1e8d-49ec-8bf8-0d605cfbcec7,esp32-01,telemetry,1769615998785,1769616023034,1769616023038,1769616023038,1769616023038,1769616023038,300,5000,ok
6ccf6e44-3002-4ec3-b8ea-fb2c6de49a25,esp32-02,telemetry,1769615998805,1769616023035,1769616023038,1769616023038,1769616023038,1769616023038,300,5000,ok
0d667b55-465b-4853-bcef-d1694b1f5143,esp32-03,telemetry,1769615998824,1769616023035,1769616023038,1769616023038,1769616023038,1769616023038,300,5000,ok
8758f70e-1ed3-48ba-928d-1b456882d57a,esp32-01,telemetry,1769615998845,1769616023047,1769616023047,1769616023048,1769616023048,1769616023048,300,5000,ok
116f4202-2f33-4c8b-ad43-20bf7532eec1,esp32-02,telemetry,1769615998865,1769616023048,1769616023048,1769616023048,1769616023048,1769616023048,300,5000,ok
722fa6de-11c5-456a-a74a-b556071559d9,esp32-03,telemetry,1769615998884,1769616023048,1769616023049,1769616023049,1769616023049,1769616023049,300,5000,ok
fd89b6d8-732c-4701-ab0c-ab5ecbdf4f5b,esp32-01,telemetry,1769615999751,1769616023048,1769616023049,1769616023049,1769616023049,1769616023049,300,5000,ok
6bb4bd34-734b-4f75-887b-9d3a6bd4fa80,esp32-02,telemetry,1769615999771,1769616023048,1769616023050,1769616023050,1769616023050,1769616023050,300,5000,ok
1ae7f555-9702-412e-9a2e-cc0792625c7a,esp32-03,telemetry,1769615999792,1769616023098,1769616023098,1769616023098,1769616023098,1769616023098,300,5000,ok
6aec9f80-4f12-4f30-8b77-7763b55f4d15,esp32-01,telemetry,1769615999812,1769616023099,1769616023099,1769616023099,1769616023099,1769616023099,300,5000,ok
19eb1472-342a-41fe-b62d-f38d731aad66,esp32-02,telemetry,1769615999831,1769616023099,1769616023100,1769616023100,1769616023100,1769616023100,300,5000,ok
a1eecbb3-29b9-466e-ad61-d53e894a2e4e,esp32-03,telemetry,1769615999852,1769616023099,1769616023100,1769616023100,1769616023100,1769616023100,300,5000,ok
0a02fdeb-b60e-4b4d-9637-5f6487e858ae,esp32-01,telemetry,1769615999871,1769616023099,1769616023101,1769616023101,1769616023101,1769616023101,300,5000,ok
ad36019e-1dfb-4990-8d7f-228e8ae1d7c4,esp32-02,telemetry,1769615999892,1769616023181,1769616023181,1769616023181,1769616023181,1769616023181,300,5000,ok
7bb467ef-d902-406a-bff2-bfeb310028bc,esp32-01,alarm,1769615999913,1769616023181,1769616023182,1769616023182,1769616023182,1769616023182,150,10000,alarm_type
5c48194f-29bc-4a9a-896c-554974ee8df4,esp32-03,telemetry,1769615999912,1769616023181,1769616023183,1769616023183,1769616023183,1769616023183,300,5000,ok
d7a2b02f-3660-465a-a84f-e5bb305f0219,esp32-02,telemetry,1769616000739,1769616023182,1769616023184,1769616023184,1769616023184,1769616023184,300,5000,ok
5df077ee-8068-480d-93f6-8b1dda1e4fdc,esp32-03,telemetry,1769616000759,1769616023182,1769616023184,1769616023184,1769616023184,1769616023184,300,5000,ok
e0e9d974-3614-40cb-aba1-901db5009f14,esp32-01,telemetry,1769616000779,1769616023182,1769616023185,1769616023185,1769616023185,1769616023185,300,5000,ok
35d336dd-8bfa-4a79-a428-3088660c5f72,esp32-02,telemetry,1769616000799,1769616023182,1769616023185,1769616023185,1769616023185,1769616023185,300,5000,ok
c90ae4a9-ca4d-4763-a316-e8191043b857,esp32-03,telemetry,1769616000820,1769616023182,1769616023186,1769616023186,1769616023186,1769616023186,300,5000,ok
16c39422-d119-4c2f-ad5e-69338d8874cf,esp32-01,telemetry,1769616000840,1769616023182,1769616023186,1769616023186,1769616023186,1769616023186,300,5000,ok
c460f51e-0494-44a4-a00b-64a2e84f1eeb,esp32-02,telemetry,1769616000861,1769616023182,1769616023186,1769616023186,1769616023186,1769616023186,300,5000,ok
0bea92db-6aa9-46c8-abce-a017c5f6532f,esp32-03,telemetry,1769616000881,1769616023182,1769616023187,1769616023187,1769616023187,1769616023187,300,5000,ok
71fdb838-81af-4b9a-95b7-d32eb214367e,esp32-01,telemetry,1769616000900,1769616023182,1769616023187,1769616023187,1769616023187,1769616023187,300,5000,ok
c54475f9-d0a5-4881-81bc-09ed488dbbda,esp32-02,telemetry,1769616000920,1769616023183,1769616023188,1769616023188,1769616023188,1769616023188,300,5000,ok
120a760d-0d96-41e5-a772-9761282b26ef,esp32-01,telemetry,1769616001747,1769616023183,1769616023188,1769616023188,1769616023188,1769616023188,300,5000,ok
fa058366-80b9-43cc-8949-f552af0e0fce,esp32-02,telemetry,1769616001767,1769616023183,1769616023189,1769616023189,1769616023189,1769616023189,300,5000,ok
9c2f166f-9676-4690-a6bc-4bc8ba021d7f,esp32-03,telemetry,1769616001788,1769616023183,1769616023189,1769616023189,1769616023189,1769616023189,300,5000,ok
090eead3-438a-4815-9ffe-b41e56cc0193,esp32-01,telemetry,1769616001808,1769616023183,1769616023190,1769616023190,1769616023190,1769616023190,300,5000,ok
db83f2c9-6927-45a2-a665-b94030b48016,esp32-02,telemetry,1769616001828,1769616023183,1769616023191,1769616023191,1769616023191,1769616023192,300,5000,ok
2062c3ee-86f0-4a4a-9cf3-a6ad159416b9,esp32-03,telemetry,1769616001849,1769616023183,1769616023192,1769616023192,1769616023192,1769616023192,300,5000,ok
333e00d4-50dd-4990-b98e-056d9ec4b254,esp32-01,telemetry,1769616001869,1769616023183,1769616023193,1769616023193,1769616023193,1769616023193,300,5000,ok
bc27e4e3-e009-4a82-8338-d1a19525ad71,esp32-02,telemetry,1769616001889,1769616023184,1769616023193,1769616023193,1769616023193,1769616023193,300,5000,ok
1b97c293-a7e4-415d-88c7-56dfb2bff7a4,esp32-03,telemetry,1769616001910,1769616023255,1769616023255,1769616023255,1769616023255,1769616023255,300,5000,ok
4a48b9c7-3a3a-4430-a5c7-5dabd16bd300,esp32-01,telemetry,1769616001929,1769616023255,1769616023257,1769616023257,1769616023257,1769616023257,300,5000,ok
47d2b090-691d-413b-9f52-43eb881d0878,esp32-03,telemetry,1769616002759,1769616023255,1769616023258,1769616023258,1769616023258,1769616023258,300,5000,ok
4172ba9e-ab07-4fd1-b80a-b47501d9ba74,esp32-01,telemetry,1769616002778,1769616023255,1769616023259,1769616023259,1769616023259,1769616023259,300,5000,ok
4dfb91d4-6f87-44f3-91c1-079942142690,esp32-02,telemetry,1769616002798,1769616023255,1769616023259,1769616023259,1769616023259,1769616023259,300,5000,ok
7abdc987-cc57-498a-aa59-66a025747ac4,esp32-03,telemetry,1769616002818,1769616023256,1769616023260,1769616023260,1769616023260,1769616023260,300,5000,ok
c3f3c946-531b-4ae2-9575-b814c4168468,esp32-01,telemetry,1769616002839,1769616023256,1769616023260,1769616023260,1769616023260,1769616023260,300,5000,ok
480bae19-140c-4a02-9db6-2fef7d99848e,esp32-02,telemetry,1769616002859,1769616023256,1769616023261,1769616023261,1769616023261,1769616023261,300,5000,ok
5019d739-79df-4576-b891-04bbf5fe013d,esp32-03,telemetry,1769616002880,1769616023256,1769616023263,1769616023263,1769616023263,1769616023263,300,5000,ok
1dc0f3c3-f3b2-4965-b9d0-05f4c8221843,esp32-01,telemetry,1769616002900,1769616023256,1769616023264,1769616023264,1769616023264,1769616023264,300,5000,ok
797fcc9c-f1dc-414e-84f6-b82fa187d788,esp32-02,telemetry,1769616002920,1769616023314,1769616023314,1769616023314,1769616023314,1769616023314,300,5000,ok
f38e3b23-7119-454e-9e0f-cffcd98aeeb5,esp32-03,telemetry,1769616002941,1769616023314,1769616023315,1769616023315,1769616023315,1769616023315,300,5000,ok
e47e141b-e433-4b7d-bf08-b19596272d5b,esp32-02,telemetry,1769616003770,1769616023314,1769616023315,1769616023315,1769616023315,1769616023315,300,5000,ok
3b48401a-0925-401c-8e68-bf952f1dfac1,esp32-03,telemetry,1769616003791,1769616023314,1769616023316,1769616023316,1769616023316,1769616023316,300,5000,ok
6674d5d3-8c01-435a-8787-6afde327ae6d,esp32-01,telemetry,1769616003811,1769616023315,1769616023316,1769616023316,1769616023316,1769616023316,300,5000,ok
ae94f222-1327-48d9-8855-849ee4ef50cf,esp32-02,telemetry,1769616003832,1769616023375,1769616023375,1769616023375,1769616023375,1769616023375,300,5000,ok
b9b929d3-b28c-453a-b2d8-eed88b58e065,esp32-03,telemetry,1769616003852,1769616023376,1769616023376,1769616023376,1769616023376,1769616023376,300,5000,ok
e5ba2033-5afc-4bf2-8373-25c216409f7b,esp32-01,telemetry,1769616003873,1769616023376,1769616023376,1769616023376,1769616023376,1769616023377,300,5000,ok
b1fe6297-1d5c-43c3-a61e-e358bff5b907,esp32-02,telemetry,1769616003893,1769616023376,1769616023377,1769616023377,1769616023377,1769616023377,300,5000,ok
7721c9ad-28d2-44b6-8fbd-7e234d354f5b,esp32-03,telemetry,1769616003914,1769616023376,1769616023377,1769616023377,1769616023377,1769616023377,300,5000,ok
16bc4850-e9f6-4440-8ab4-d6bfc7b8f03d,esp32-01,telemetry,1769616003933,1769616023404,1769616023404,1769616023404,1769616023404,1769616023404,300,5000,ok
2aaa674b-3a72-46e6-905a-4ca867503083,esp32-02,telemetry,1769616003954,1769616023404,1769616023405,1769616023405,1769616023405,1769616023405,300,5000,ok
2a82eb59-3c09-45c3-b0b8-f620b7fdc1d3,esp32-02,alarm,1769616004913,1769616023405,1769616023405,1769616023405,1769616023405,1769616023405,150,10000,alarm_type
502e9f50-7da8-432d-a90e-3d5bb6ab435d,esp32-01,telemetry,1769616004781,1769616023404,1769616023406,1769616023406,1769616023406,1769616023406,300,5000,ok
e5647f79-7d8b-48e4-899e-9dd6523c7917,esp32-02,telemetry,1769616004802,1769616023404,1769616023408,1769616023408,1769616023408,1769616023408,300,5000,ok
dcb5d1be-da81-4b85-aa00-e823cbf56a51,esp32-03,telemetry,1769616004822,1769616023404,1769616023408,1769616023409,1769616023409,1769616023409,300,5000,ok
0a540797-bc4f-4487-b436-7d801aa5d7ad,esp32-01,telemetry,1769616004841,1769616023404,1769616023409,1769616023409,1769616023409,1769616023409,300,5000,ok
f05002df-47cd-40ac-8148-f5d43ce7de04,esp32-02,telemetry,1769616004862,1769616023405,1769616023410,1769616023410,1769616023410,1769616023410,300,5000,ok
c198ba50-e32f-4702-9497-1ed424a973f1,esp32-03,telemetry,1769616004882,1769616023405,1769616023410,1769616023410,1769616023410,1769616023410,300,5000,ok
a9cc6366-15d7-4fc2-925b-188b867360cc,esp32-01,telemetry,1769616004903,1769616023405,1769616023411,1769616023411,1769616023411,1769616023411,300,5000,ok
d44f6aa8-83b7-4b56-9323-68cf31bf16da,esp32-02,telemetry,1769616004922,1769616023405,1769616023411,1769616023411,1769616023411,1769616023411,300,5000,ok
e08e14f5-6d9f-4435-88ee-d17c8c39bd63,esp32-03,telemetry,1769616004943,1769616023405,1769616023412,1769616023412,1769616023412,1769616023412,300,5000,ok
6dd42371-b945-470a-b462-04f4d6335ca4,esp32-01,telemetry,1769616005869,1769616023406,1769616023412,1769616023412,1769616023412,1769616023412,300,5000,ok
15ca109d-7ddb-44f2-b105-34154fc89593,esp32-02,telemetry,1769616005889,1769616023406,1769616023413,1769616023413,1769616023413,1769616023413,300,5000,ok
733ec7b3-35b0-499d-ba15-9c95476b80e6,esp32-03,telemetry,1769616005910,1769616023406,1769616023413,1769616023413,1769616023413,1769616023413,300,5000,ok
7af92bfb-e045-4252-bf1e-8916347c576b,esp32-01,telemetry,1769616005930,1769616023406,1769616023414,1769616023414,1769616023414,1769616023414,300,5000,ok
a4ab7f05-825c-419d-87ab-3ef027865dd2,esp32-02,telemetry,1769616005952,1769616023406,1769616023414,1769616023414,1769616023414,1769616023414,300,5000,ok
5011ad91-6c9b-4277-9963-21db173c2d2f,esp32-03,telemetry,1769616005971,1769616023407,1769616023415,1769616023415,1769616023415,1769616023415,300,5000,ok
ea1cb32d-9524-41c6-ba9e-45d779f27994,esp32-01,telemetry,1769616005992,1769616023407,1769616023415,1769616023415,1769616023415,1769616023415,300,5000,ok
ad383ccb-395f-4422-8710-74475dbdd2fe,esp32-02,telemetry,1769616006011,1769616023407,1769616023416,1769616023416,1769616023416,1769616023416,300,5000,ok
e72e2573-79bd-4b2d-acbf-f65ced9bc637,esp32-03,telemetry,1769616006031,1769616023408,1769616023416,1769616023416,1769616023416,1769616023416,300,5000,ok
68ec3c1b-79d4-4273-be29-3d9f5d8c4c5d,esp32-01,telemetry,1769616006051,1769616023491,1769616023501,1769616023501,1769616023501,1769616023501,300,5000,ok
4282bbcd-2a39-4266-989c-ef8d318442a5,esp32-02,telemetry,1769616006920,1769616023491,1769616023510,1769616023510,1769616023510,1769616023510,300,5000,ok
2cafeb25-9e41-4e3a-8b1b-ceda8088bafa,esp32-03,telemetry,1769616006940,1769616023491,1769616023512,1769616023512,1769616023512,1769616023512,300,5000,ok
c2b6a658-5f02-434c-806a-9df7ca5dd387,esp32-01,telemetry,1769616006960,1769616023491,1769616023513,1769616023513,1769616023513,1769616023513,300,5000,ok
4e6de6cf-c20f-4b8b-8c08-997b94d44222,esp32-02,telemetry,1769616006981,1769616023491,1769616023513,1769616023513,1769616023513,1769616023513,300,5000,ok
f076e7de-7f15-401d-b5b8-44461f4caac5,esp32-03,telemetry,1769616007002,1769616023491,1769616023514,1769616023514,1769616023514,1769616023514,300,5000,ok
f87b1baa-ad9c-4d5e-a4ee-6d0dcbc427a9,esp32-01,telemetry,1769616007022,1769616023491,1769616023515,1769616023515,1769616023515,1769616023515,300,5000,ok
be36b8b8-3eec-4ebe-9cb0-c02ae4862d85,esp32-02,telemetry,1769616007043,1769616023491,1769616023516,1769616023516,1769616023516,1769616023516,300,5000,ok
b157d708-c812-4f4b-8f64-ed69f4636528,esp32-03,telemetry,1769616007063,1769616023492,1769616023517,1769616023517,1769616023517,1769616023517,300,5000,ok
4602077e-1783-4bd0-855c-970041f5cde3,esp32-01,telemetry,1769616007083,1769616023492,1769616023517,1769616023517,1769616023517,1769616023517,300,5000,ok
39001f04-4c73-4dd5-8a12-5d349eb0f2ed,esp32-02,telemetry,1769616007103,1769616023546,1769616023546,1769616023546,1769616023546,1769616023546,300,5000,ok
fc0bb082-915f-4eb9-a5e9-c1af083384df,esp32-03,telemetry,1769616007853,1769616023546,1769616023547,1769616023547,1769616023547,1769616023547,300,5000,ok
4cf96850-f53a-4c2b-94da-16dd2e96df7d,esp32-01,telemetry,1769616007872,1769616023546,1769616023547,1769616023547,1769616023547,1769616023547,300,5000,ok
cffe98f1-d86b-4b93-8e59-056b537f5cba,esp32-02,telemetry,1769616007892,1769616023546,1769616023548,1769616023548,1769616023548,1769616023548,300,5000,ok
e40aebf4-efc6-45b1-a8f1-64011daca174,esp32-03,telemetry,1769616007913,1769616023546,1769616023548,1769616023548,1769616023548,1769616023548,300,5000,ok
30efcf72-7f13-49b5-9c20-8185f61ae264,esp32-01,telemetry,1769616007932,1769616023546,1769616023549,1769616023549,1769616023549,1769616023549,300,5000,ok
76f39862-7dfa-4139-bdb7-0ef44f0a5f9c,esp32-02,telemetry,1769616007953,1769616023547,1769616023549,1769616023549,1769616023549,1769616023549,300,5000,ok
ef344bdd-bd84-470a-83f2-962dafe74a67,esp32-03,telemetry,1769616007973,1769616023547,1769616023550,1769616023550,1769616023550,1769616023550,300,5000,ok
73b2ec70-4fbb-48b5-a715-6349f9fc1501,esp32-01,telemetry,1769616007993,1769616023547,1769616023550,1769616023550,1769616023550,1769616023550,300,5000,ok
954976b6-80a8-4c99-a6eb-6bc0bafbd51c,esp32-02,telemetry,1769616008013,1769616023547,1769616023551,1769616023551,1769616023551,1769616023551,300,5000,ok
bcd9ce35-7581-4111-995c-a4f2f4b95dfe,esp32-03,telemetry,1769616008033,1769616023547,1769616023551,1769616023551,1769616023551,1769616023551,300,5000,ok
34f7ada7-bcf7-4678-8987-aa8efe26f440,esp32-02,telemetry,1769616008859,1769616023601,1769616023601,1769616023601,1769616023601,1769616023601,300,5000,ok
0fd94855-9a31-4bcf-940a-9ba0cc212b0e,esp32-03,telemetry,1769616008880,1769616023601,1769616023602,1769616023602,1769616023602,1769616023602,300,5000,ok
6cbb99cc-d271-4ead-ab07-36b202b3bc35,esp32-01,telemetry,1769616008900,1769616023602,1769616023603,1769616023603,1769616023603,1769616023603,300,5000,ok
613a21ba-a809-4166-9ded-91a6e1d2a5e8,esp32-02,telemetry,1769616008921,1769616023602,1769616023603,1769616023603,1769616023603,1769616023603,300,5000,ok
c756c8a3-d16f-4a02-b24f-cd39fc15b022,esp32-03,telemetry,1769616008941,1769616023602,1769616023604,1769616023604,1769616023604,1769616023604,300,5000,ok
e24a71c3-0ac9-4c7b-849d-f74b1c42036d,esp32-01,telemetry,1769616008961,1769616023626,1769616023626,1769616023626,1769616023626,1769616023626,300,5000,ok
6513b691-4a7a-48af-b580-0a65208712c0,esp32-02,alarm,1769616009913,1769616023627,1769616023627,1769616023627,1769616023627,1769616023627,150,10000,alarm_type
f8fbdcde-b614-4d76-8142-8aeeabef4a89,esp32-02,telemetry,1769616008981,1769616023626,1769616023628,1769616023628,1769616023628,1769616023628,300,5000,ok
08b8ad31-fa67-4caf-9b0d-548a4c208792,esp32-03,telemetry,1769616009000,1769616023627,1769616023629,1769616023629,1769616023629,1769616023629,300,5000,ok
a4074faa-36d5-4342-afab-39224933e2c7,esp32-01,telemetry,1769616009020,1769616023627,1769616023630,1769616023630,1769616023630,1769616023630,300,5000,ok
ce88d6d0-4b49-4d33-a4e4-49daf017f2bb,esp32-02,telemetry,1769616009041,1769616023627,1769616023630,1769616023630,1769616023630,1769616023630,300,5000,ok
92a45767-9255-4b91-b493-39efc7ce869e,esp32-02,telemetry,1769616009889,1769616023627,1769616023631,1769616023631,1769616023631,1769616023631,300,5000,ok
9276b480-8c29-42e4-8d30-7dadaae431d3,esp32-03,telemetry,1769616009909,1769616023627,1769616023631,1769616023631,1769616023631,1769616023631,300,5000,ok
75d5af21-6d47-42d4-86c7-e884f8371928,esp32-01,telemetry,1769616009930,1769616023627,1769616023632,1769616023632,1769616023632,1769616023632,300,5000,ok
04f41cba-fd0e-4b07-b52c-eb7599f2191a,esp32-02,telemetry,1769616009950,1769616023628,1769616023632,1769616023632,1769616023632,1769616023632,300,5000,ok
8d2c30ad-30d9-4ad7-b9b7-459466bfc25b,esp32-03,telemetry,1769616009969,1769616023628,1769616023633,1769616023633,1769616023633,1769616023633,300,5000,ok
9d6a5e8f-0b77-4989-a9ac-935790bbec1b,esp32-01,telemetry,1769616009989,1769616023628,1769616023633,1769616023633,1769616023633,1769616023633,300,5000,ok
343a6b0c-c5ed-41aa-975b-aeb36d4fee02,esp32-02,telemetry,1769616010010,1769616023628,1769616023634,1769616023634,1769616023634,1769616023634,300,5000,ok
6a23c6e2-6634-49c0-b6c0-d3e08d0e161a,esp32-03,telemetry,1769616010030,1769616023628,1769616023635,1769616023635,1769616023635,1769616023635,300,5000,ok
c82dfd46-9053-4ae9-a511-fb75d3ee344b,esp32-01,telemetry,1769616010049,1769616023628,1769616023635,1769616023635,1769616023635,1769616023635,300,5000,ok
e33d2ed1-e377-4d2b-a5eb-61ba0c0de19e,esp32-01,telemetry,1769616010960,1769616023628,1769616023636,1769616023636,1769616023636,1769616023636,300,5000,ok
e728f2a4-f696-4c01-9ef1-90df491ce842,esp32-02,telemetry,1769616010979,1769616023628,1769616023637,1769616023637,1769616023637,1769616023637,300,5000,ok
aa2811f0-2710-4385-955d-549fe133acc2,esp32-03,telemetry,1769616011000,1769616023629,1769616023637,1769616023637,1769616023637,1769616023637,300,5000,ok
bc7c4a0c-80f2-4cbb-b9c3-3b43ba98c785,esp32-01,telemetry,1769616011021,1769616023629,1769616023638,1769616023638,1769616023638,1769616023638,300,5000,ok
1c672f19-3bfd-43e2-a486-e205da29d478,esp32-02,telemetry,1769616011041,1769616023629,1769616023639,1769616023639,1769616023639,1769616023639,300,5000,ok
e128c92d-085a-4e5c-81b3-7d05f50ae59e,esp32-03,telemetry,1769616011061,1769616023629,1769616023639,1769616023639,1769616023639,1769616023639,300,5000,ok
aaa61964-c79b-4b0d-a5c7-3b72fca3fa96,esp32-01,telemetry,1769616011082,1769616023712,1769616023712,1769616023712,1769616023712,1769616023712,300,5000,ok
791a1b48-49ba-439c-a418-7bda950870a5,esp32-02,telemetry,1769616011102,1769616023712,1769616023713,1769616023713,1769616023713,1769616023713,300,5000,ok
6961b1f3-7cc5-429f-9938-8f7343af5396,esp32-03,telemetry,1769616011122,1769616023712,1769616023713,1769616023713,1769616023713,1769616023713,300,5000,ok
f7af22ec-5b3c-403d-bf1c-b3838a3bfffb,esp32-01,telemetry,1769616011142,1769616023712,1769616023714,1769616023714,1769616023714,1769616023714,300,5000,ok
0d412321-d865-4418-b8af-2e635060a168,esp32-01,telemetry,1769616011929,1769616023712,1769616023715,1769616023715,1769616023715,1769616023715,300,5000,ok
357aa05f-20c8-41d6-b53f-b6830440536c,esp32-02,telemetry,1769616011949,1769616023712,1769616023715,1769616023715,1769616023715,1769616023715,300,5000,ok
0ebc2a69-6740-4b59-b84f-e0a414274fc8,esp32-03,telemetry,1769616011969,1769616023713,1769616023715,1769616023715,1769616023715,1769616023715,300,5000,ok
db4571f8-2f33-467d-8d1f-22ee83339f2a,esp32-01,telemetry,1769616011989,1769616023713,1769616023716,1769616023716,1769616023716,1769616023716,300,5000,ok
e9e525f4-8b03-4076-9a40-b770b65e5556,esp32-02,telemetry,1769616012010,1769616023713,1769616023716,1769616023716,1769616023716,1769616023716,300,5000,ok
1a5c26eb-7319-4c89-8905-e2d06d8d447b,esp32-03,telemetry,1769616012030,1769616023713,1769616023717,1769616023717,1769616023717,1769616023717,300,5000,ok
9f9bb9da-3545-4891-a8ee-44f468996ac4,esp32-01,telemetry,1769616012051,1769616023769,1769616023769,1769616023769,1769616023769,1769616023769,300,5000,ok
7d137c27-ece7-4ca7-8920-5ac4344a6832,esp32-02,telemetry,1769616012071,1769616023769,1769616023770,1769616023770,1769616023770,1769616023770,300,5000,ok
39f12ba5-6cd8-4ec8-a22a-f2b1639bdca2,esp32-03,telemetry,1769616012091,1769616023769,1769616023771,1769616023771,1769616023771,1769616023771,300,5000,ok
66ad5650-a7d8-4f0d-9a24-9627fdf05049,esp32-01,telemetry,1769616012111,1769616023770,1769616023771,1769616023771,1769616023771,1769616023771,300,5000,ok
329eee23-83f8-4a88-a041-9610503b8bc0,esp32-03,telemetry,1769616013001,1769616023770,1769616023772,1769616023772,1769616023772,1769616023772,300,5000,ok
b6c03048-fc08-4fbc-b1e1-7046a6c3638a,esp32-01,telemetry,1769616013022,1769616023770,1769616023772,1769616023772,1769616023772,1769616023772,300,5000,ok
448a5aa0-0f7a-4b7b-9e17-4e48eb8dbf63,esp32-02,telemetry,1769616013043,1769616023770,1769616023774,1769616023774,1769616023774,1769616023774,300,5000,ok
852a92ed-20e7-478f-90c3-72d53d7323ec,esp32-03,telemetry,1769616013062,1769616023770,1769616023774,1769616023774,1769616023774,1769616023774,300,5000,ok
706af463-6a54-4d58-b8dd-f24b1a416b40,esp32-01,telemetry,1769616013082,1769616023770,1769616023775,1769616023775,1769616023775,1769616023775,300,5000,ok
ba7f4f05-05bc-431b-813a-31a7c192a0a7,esp32-02,telemetry,1769616013103,1769616023770,1769616023776,1769616023776,1769616023776,1769616023776,300,5000,ok
ff7afc82-6452-4d40-a3aa-ceaab78cdb9f,esp32-03,telemetry,1769616013122,1769616023824,1769616023824,1769616023824,1769616023824,1769616023824,300,5000,ok
a685c0c5-ebb7-4797-934b-4f2ce614b24f,esp32-01,telemetry,1769616013142,1769616023824,1769616023825,1769616023825,1769616023825,1769616023825,300,5000,ok
b80b686e-3d55-40a1-9572-55097f91e640,esp32-02,telemetry,1769616013163,1769616023824,1769616023825,1769616023825,1769616023825,1769616023825,300,5000,ok
ad871b91-9fbf-4513-87b4-2d87020c90bf,esp32-03,telemetry,1769616013182,1769616023824,1769616023826,1769616023826,1769616023826,1769616023826,300,5000,ok
6d34e694-90b2-480c-b8e7-2aee9703e887,esp32-02,telemetry,1769616014074,1769616023824,1769616023826,1769616023826,1769616023826,1769616023826,300,5000,ok
29f3be7c-ec75-408d-bafd-d46b73569ba1,esp32-03,telemetry,1769616014093,1769616023825,1769616023827,1769616023827,1769616023827,1769616023827,300,5000,ok
1ed971b3-cc1a-4b45-a170-e9f094d50d8b,esp32-01,telemetry,1769616014114,1769616023825,1769616023827,1769616023827,1769616023827,1769616023827,300,5000,ok
bdf6e749-6048-4326-9a0c-8b3f901be1fb,esp32-02,telemetry,1769616014133,1769616023825,1769616023828,1769616023828,1769616023828,1769616023828,300,5000,ok
65618e54-821f-4c00-b0ec-443b1b25b2e9,esp32-03,telemetry,1769616014154,1769616023825,1769616023828,1769616023828,1769616023828,1769616023828,300,5000,ok
13c2600a-37ab-4abe-a43c-0fa6211f720f,esp32-01,telemetry,1769616014175,1769616023825,1769616023828,1769616023828,1769616023828,1769616023828,300,5000,ok
a9871129-82b7-4c60-80d4-6a2266f2819a,esp32-02,telemetry,1769616014195,1769616023825,1769616023829,1769616023829,1769616023829,1769616023829,300,5000,ok
77373c94-66d8-432d-ab4a-ecbc1bd31978,esp32-03,telemetry,1769616014215,1769616023851,1769616023851,1769616023851,1769616023851,1769616023851,300,5000,ok
aec95ee8-f238-430d-8f62-cdce931117d1,esp32-01,telemetry,1769616014236,1769616023851,1769616023852,1769616023852,1769616023852,1769616023852,300,5000,ok
5d98533b-37a4-431c-9a91-d845a48ea591,esp32-02,telemetry,1769616014257,1769616023851,1769616023853,1769616023853,1769616023853,1769616023853,300,5000,ok
8d37449c-b73e-41ee-b131-46dff6649509,esp32-01,telemetry,1769616015084,1769616023851,1769616023853,1769616023853,1769616023853,1769616023853,300,5000,ok
0aff2ba9-48d9-4284-8dba-a4fe686d22ca,esp32-02,telemetry,1769616015105,1769616023851,1769616023854,1769616023854,1769616023854,1769616023854,300,5000,ok
477173cf-2bf5-4b32-b7a5-78ef61c36c7c,esp32-03,telemetry,1769616015126,1769616023851,1769616023854,1769616023854,1769616023854,1769616023854,300,5000,ok
af38de74-8592-4615-8f18-cbd4922f120c,esp32-01,telemetry,1769616015146,1769616023851,1769616023855,1769616023855,1769616023855,1769616023855,300,5000,ok
9c1afd7a-703a-4d49-8ca6-ca0ec649916d,esp32-02,telemetry,1769616015165,1769616023851,1769616023855,1769616023855,1769616023855,1769616023855,300,5000,ok
1ddf1f07-2bc7-4529-87d1-2dade1d470d0,esp32-03,telemetry,1769616015186,1769616023851,1769616023856,1769616023856,1769616023856,1769616023856,300,5000,ok
c3c7d1a3-994e-4fdd-b2d5-9e95da5d1925,esp32-01,telemetry,1769616015206,1769616023852,1769616023856,1769616023856,1769616023856,1769616023856,300,5000,ok
2c453442-d482-4844-91cf-3f6bd47c6bf8,esp32-02,telemetry,1769616015227,1769616023852,1769616023857,1769616023857,1769616023857,1769616023857,300,5000,ok
c01ddc11-86e1-47e7-902a-afac19d5ec7b,esp32-03,telemetry,1769616015247,1769616023852,1769616023858,1769616023858,1769616023858,1769616023858,300,5000,ok
56d43753-6dfb-4f13-8874-a3c0799e1580,esp32-01,telemetry,1769616015268,1769616023852,1769616023859,1769616023859,1769616023859,1769616023859,300,5000,ok
c54f2b1d-7c10-4bd5-b3f9-9ddb2c4c463f,esp32-03,telemetry,1769616016098,1769616023852,1769616023859,1769616023859,1769616023859,1769616023859,300,5000,ok
37b2f9d7-34b4-46df-9039-6f80351aedab,esp32-01,telemetry,1769616016118,1769616023852,1769616023860,1769616023860,1769616023860,1769616023860,300,5000,ok
b772595a-6eb1-4146-b1cc-6cf16befc48f,esp32-02,telemetry,1769616016139,1769616023852,1769616023860,1769616023860,1769616023860,1769616023860,300,5000,ok
f78e7f44-3d47-43ae-9b8e-6ad51ea332ba,esp32-03,telemetry,1769616016159,1769616023852,1769616023861,1769616023861,1769616023861,1769616023861,300,5000,ok
e707f819-a823-4593-9ea9-f44832153a9f,esp32-01,telemetry,1769616016179,1769616023852,1769616023861,1769616023861,1769616023861,1769616023861,300,5000,ok
cdde4329-a40f-49a6-b498-de1a44a9676b,esp32-02,telemetry,1769616016200,1769616023852,1769616023861,1769616023861,1769616023861,1769616023861,300,5000,ok
9e6afe3d-e612-4f9d-810e-ad861a068d22,esp32-03,telemetry,1769616016220,1769616023852,1769616023862,1769616023862,1769616023862,1769616023862,300,5000,ok
3e05a34a-36c6-4ff6-9ec6-526fb22c0bb2,esp32-01,telemetry,1769616016240,1769616023932,1769616023932,1769616023932,1769616023932,1769616023932,300,5000,ok
8acaa5c7-b188-4252-b665-c3a78e09af43,esp32-02,telemetry,1769616016261,1769616023933,1769616023933,1769616023933,1769616023933,1769616023933,300,5000,ok
4ecea27f-3780-40c9-8a68-2cd60d3a93b9,esp32-03,telemetry,1769616016281,1769616023933,1769616023934,1769616023934,1769616023934,1769616023934,300,5000,ok
5f171dcb-9d21-4eac-a108-d83474491ca5,esp32-02,telemetry,1769616017113,1769616023933,1769616023934,1769616023934,1769616023934,1769616023934,300,5000,ok
600677b1-4d30-4a19-b04c-4b77b61f7ad2,esp32-03,telemetry,1769616017134,1769616023933,1769616023934,1769616023934,1769616023934,1769616023934,300,5000,ok
31b85e9a-e20d-4093-a28a-b37fe01d97f0,esp32-01,telemetry,1769616017154,1769616023933,1769616023935,1769616023935,1769616023935,1769616023935,300,5000,ok
c811d66c-9695-4e4f-b74d-db9ce22d245d,esp32-02,telemetry,1769616017174,1769616023933,1769616023935,1769616023935,1769616023935,1769616023935,300,5000,ok
151110ff-5ed2-4a53-aaee-1f2c38e81a4c,esp32-03,telemetry,1769616017194,1769616023933,1769616023936,1769616023936,1769616023936,1769616023936,300,5000,ok
49bdc6c9-ae56-4ad9-909c-e93c1d429fb8,esp32-01,telemetry,1769616017214,1769616023933,1769616023936,1769616023936,1769616023936,1769616023936,300,5000,ok
34eb26e6-3b90-41d2-ac94-4a3a79ba051d,esp32-02,telemetry,1769616017235,1769616023933,1769616023936,1769616023936,1769616023936,1769616023936,300,5000,ok
27516c8d-c68d-47e7-a346-461918146ad2,esp32-03,telemetry,1769616017255,1769616023933,1769616023937,1769616023937,1769616023937,1769616023937,300,5000,ok
addbb58a-0405-4684-bdf1-79b56dfca698,esp32-01,telemetry,1769616017276,1769616023991,1769616023991,1769616023991,1769616023991,1769616023991,300,5000,ok
77d10f58-9518-4973-90da-36e3938a4b59,esp32-02,telemetry,1769616017296,1769616023991,1769616023992,1769616023992,1769616023992,1769616023992,300,5000,ok
d1492f92-76f7-4ffe-bd30-54ddc922d312,esp32-02,telemetry,1769616018205,1769616023991,1769616023992,1769616023992,1769616023992,1769616023992,300,5000,ok
cd7b68bc-83af-44e2-b08d-0ea0e936ba34,esp32-03,telemetry,1769616018226,1769616023991,1769616023993,1769616023993,1769616023993,1769616023993,300,5000,ok
de96222c-0bba-494e-927f-2ffbb12ef789,esp32-01,telemetry,1769616018246,1769616023991,1769616023993,1769616023993,1769616023993,1769616023993,300,5000,ok
d2e738c8-3b0b-4656-8a5b-bc8ce8bde725,esp32-02,telemetry,1769616018266,1769616023991,1769616023993,1769616023993,1769616023993,1769616023993,300,5000,ok
0da512f4-0da6-48b2-b027-bf2fe49402a0,esp32-03,telemetry,1769616018287,1769616023991,1769616023994,1769616023994,1769616023994,1769616023994,300,5000,ok
8d9b87ed-1208-4577-8abd-f3d29ddd2f52,esp32-01,telemetry,1769616018307,1769616023991,1769616023994,1769616023994,1769616023994,1769616023994,300,5000,ok
e34268d6-b202-4bab-891c-677f9bbf3884,esp32-02,telemetry,1769616018327,1769616023991,1769616023995,1769616023995,1769616023995,1769616023995,300,5000,ok
5d5bd18d-36f4-4d23-baa4-c2bfea97018b,esp32-03,telemetry,1769616018347,1769616023992,1769616023995,1769616023995,1769616023995,1769616023995,300,5000,ok
deb4a2d5-c304-441e-92ac-3b0480d78f58,esp32-01,telemetry,1769616018367,1769616024045,1769616024045,1769616024045,1769616024045,1769616024045,300,5000,ok
b2a89abd-1a75-4b5d-8675-0903326c58e6,esp32-02,telemetry,1769616018388,1769616024045,1769616024046,1769616024046,1769616024046,1769616024046,300,5000,ok
f1ca1faa-81f1-4caa-9578-c14445a33589,esp32-01,telemetry,1769616019157,1769616024046,1769616024047,1769616024047,1769616024047,1769616024047,300,5000,ok
0253dcd3-9abd-4530-8ae1-e02217fd95cf,esp32-02,telemetry,1769616019178,1769616024046,1769616024047,1769616024047,1769616024047,1769616024047,300,5000,ok
5c91cb70-c907-4f2e-9fc0-6b973fdc1ab0,esp32-03,telemetry,1769616019198,1769616024046,1769616024048,1769616024048,1769616024048,1769616024048,300,5000,ok
8d8a9564-65b0-471b-bfeb-48d8711437ab,esp32-01,telemetry,1769616019218,1769616024046,1769616024048,1769616024048,1769616024048,1769616024048,300,5000,ok
355a811e-f874-464d-9668-12872a4777a8,esp32-02,telemetry,1769616019239,1769616024046,1769616024049,1769616024049,1769616024049,1769616024049,300,5000,ok
9f40a454-27db-4d86-b4ae-e0be451dc27c,esp32-03,telemetry,1769616019259,1769616024046,1769616024049,1769616024049,1769616024049,1769616024049,300,5000,ok
09ed3c89-a16e-4de9-ac63-178ce06d48a8,esp32-01,telemetry,1769616019280,1769616024046,1769616024050,1769616024050,1769616024050,1769616024050,300,5000,ok
605e2ec9-d8a3-436c-ae2d-47757dab8e0f,esp32-02,telemetry,1769616019300,1769616024046,1769616024050,1769616024050,1769616024050,1769616024050,300,5000,ok
b6f6482b-e8a5-446d-a1ad-78e9124645d6,esp32-03,telemetry,1769616019320,1769616024047,1769616024051,1769616024051,1769616024051,1769616024051,300,5000,ok
b47ec87c-3a47-4eed-8ebc-e1e214f130a7,esp32-01,telemetry,1769616019341,1769616024074,1769616024089,1769616024089,1769616024089,1769616024089,300,5000,ok
029743a5-2f2d-4524-a95f-be4ec8c2939c,esp32-02,telemetry,1769616020148,1769616024074,1769616024090,1769616024090,1769616024090,1769616024090,300,5000,ok
3565c3ae-5828-46e3-9f8e-252de4b8dc2d,esp32-03,telemetry,1769616020169,1769616024074,1769616024091,1769616024091,1769616024091,1769616024091,300,5000,ok
5e9a34bd-9a74-4652-847e-4e4677870dea,esp32-01,telemetry,1769616020189,1769616024074,1769616024092,1769616024092,1769616024092,1769616024092,300,5000,ok
22215f00-5fec-4423-87ef-f4d30ec45df1,esp32-02,telemetry,1769616020208,1769616024074,1769616024095,1769616024095,1769616024095,1769616024095,300,5000,ok
8d5b8212-25f0-45a7-9f06-12171d175a5c,esp32-03,telemetry,1769616020229,1769616024074,1769616024096,1769616024096,1769616024096,1769616024096,300,5000,ok
a3d7fd8a-09c7-41ab-9bda-a0f49b73641f,esp32-01,telemetry,1769616020249,1769616024074,1769616024096,1769616024096,1769616024096,1769616024097,300,5000,ok
fe7f7875-81f1-4709-adb1-50fae2564d9c,esp32-02,telemetry,1769616020268,1769616024074,1769616024097,1769616024097,1769616024097,1769616024097,300,5000,ok
84ac67d9-e3f0-43b3-b87b-c61eaa481bcb,esp32-03,telemetry,1769616020289,1769616024074,1769616024098,1769616024098,1769616024098,1769616024098,300,5000,ok
2801d6cd-579e-4721-8cb7-36ac7f29c7be,esp32-01,telemetry,1769616020309,1769616024074,1769616024098,1769616024098,1769616024098,1769616024098,300,5000,ok
1a33ec8e-71b7-481b-bac5-32e3a4069be6,esp32-02,telemetry,1769616020330,1769616024074,1769616024098,1769616024098,1769616024098,1769616024098,300,5000,ok
d869808c-1b3a-4466-b4e1-3de0f4c1e86f,esp32-03,telemetry,1769616021177,1769616024075,1769616024099,1769616024099,1769616024099,1769616024099,300,5000,ok
4c98e0c5-dd3d-4213-8e54-40f7554d9610,esp32-01,telemetry,1769616021198,1769616024075,1769616024099,1769616024099,1769616024099,1769616024099,300,5000,ok
3b60a5cb-da61-4019-b756-7b97df20070f,esp32-02,telemetry,1769616021219,1769616024075,1769616024100,1769616024100,1769616024100,1769616024100,300,5000,ok
9ebb8649-be2d-448a-a932-181119250c7c,esp32-03,telemetry,1769616021240,1769616024075,1769616024100,1769616024100,1769616024100,1769616024100,300,5000,ok
57c6fae8-0650-4fa3-af2c-d6a05440c311,esp32-01,telemetry,1769616021259,1769616024075,1769616024101,1769616024101,1769616024101,1769616024101,300,5000,ok
44c7d58d-3c6f-40e5-9728-f130b2a2d8d1,esp32-02,telemetry,1769616021280,1769616024075,1769616024102,1769616024102,1769616024102,1769616024102,300,5000,ok
efe8c06e-6107-4ddc-a4ce-3e7f22a992cb,esp32-03,telemetry,1769616021299,1769616024075,1769616024102,1769616024102,1769616024102,1769616024102,300,5000,ok
a6e61f89-d8cb-478e-bc9d-cff3e1bc4bf2,esp32-01,telemetry,1769616021320,1769616024075,1769616024103,1769616024103,1769616024103,1769616024103,300,5000,ok
74664e04-28b7-4327-aee0-e672b3c063fb,esp32-02,telemetry,1769616021340,1769616024075,1769616024103,1769616024103,1769616024103,1769616024103,300,5000,ok
05d51a74-5451-46d5-af80-ab99448c067e,esp32-03,telemetry,1769616021360,1769616024154,1769616024154,1769616024154,1769616024154,1769616024154,300,5000,ok
6ec25c02-9e03-48d7-a088-5cfb69325424,esp32-03,telemetry,1769616022271,1769616024155,1769616024155,1769616024155,1769616024155,1769616024155,300,5000,ok
e02b1fa1-6171-40f4-b260-01cf60ca54ff,esp32-01,telemetry,1769616022292,1769616024155,1769616024157,1769616024157,1769616024157,1769616024157,300,5000,ok
3b111c5b-0e8d-4d6d-bd60-aea4cb0c3c12,esp32-02,telemetry,1769616022312,1769616024155,1769616024158,1769616024158,1769616024158,1769616024158,300,5000,ok
2ed7016f-c997-45a8-a5ff-c885b7649ef3,esp32-03,telemetry,1769616022332,1769616024155,1769616024159,1769616024159,1769616024159,1769616024159,300,5000,ok
3842e53a-05f7-4d04-845d-bbe5afe9bc4f,esp32-01,telemetry,1769616022353,1769616024155,1769616024160,1769616024160,1769616024160,1769616024160,300,5000,ok
20df73ee-41d5-4b1b-a7f9-81cbe8922c00,esp32-02,telemetry,1769616022373,1769616024156,1769616024160,1769616024160,1769616024160,1769616024160,300,5000,ok
d4e0d136-89ea-4b4b-9750-e659436f2cb1,esp32-03,telemetry,1769616022394,1769616024156,1769616024161,1769616024161,1769616024161,1769616024161,300,5000,ok
39a5e694-9897-4f92-a813-8b8bc368c645,esp32-01,telemetry,1769616022415,1769616024156,1769616024162,1769616024162,1769616024162,1769616024162,300,5000,ok
f1d18e71-6e1a-408e-8fd4-4fb6982dac4d,esp32-02,telemetry,1769616022435,1769616024156,1769616024162,1769616024162,1769616024162,1769616024162,300,5000,ok
349c2623-d982-40b5-b777-ff284e4722ed,esp32-03,telemetry,1769616022455,1769616024156,1769616024162,1769616024162,1769616024163,1769616024163,300,5000,ok
4cffbfd1-93a6-465a-bf5a-569e717b2916,esp32-02,telemetry,1769616023231,1769616024212,1769616024212,1769616024212,1769616024212,1769616024212,300,5000,ok
3563fb0c-79f0-4f29-8dab-08b989b90284,esp32-03,telemetry,1769616023252,1769616024213,1769616024214,1769616024214,1769616024214,1769616024214,300,5000,ok
0df4001a-4448-4ed8-98ce-512b98d201f1,esp32-01,telemetry,1769616023272,1769616024213,1769616024215,1769616024215,1769616024215,1769616024215,300,5000,ok
d2f6f71f-76d3-4470-a288-b744f8c83af2,esp32-02,telemetry,1769616023292,1769616024213,1769616024216,1769616024216,1769616024216,1769616024216,300,5000,ok
43828732-80ad-46e0-891b-b1c292dcb72b,esp32-03,telemetry,1769616023312,1769616024213,1769616024217,1769616024217,1769616024217,1769616024217,300,5000,ok
3af7f54a-b336-4bb2-a8a3-fa8c9ee08178,esp32-01,telemetry,1769616023332,1769616024213,1769616024217,1769616024217,1769616024217,1769616024217,300,5000,ok
11d31f7a-6135-4101-9b2b-8d58ecab5656,esp32-02,telemetry,1769616023352,1769616024213,1769616024218,1769616024218,1769616024218,1769616024218,300,5000,ok
2750dc14-139b-43d3-b2e6-5d0a84e19b85,esp32-03,telemetry,1769616023372,1769616024213,1769616024218,1769616024218,1769616024218,1769616024218,300,5000,ok
3f573c4d-4608-48d4-8d0a-d1cf4e25f613,esp32-01,telemetry,1769616023392,1769616024213,1769616024219,1769616024219,1769616024219,1769616024219,300,5000,ok
d411d7b0-c623-4ee8-bfc6-81a53b589ad5,esp32-02,telemetry,1769616023412,1769616024213,1769616024219,1769616024219,1769616024219,1769616024219,300,5000,ok
adc1dfd9-a994-454d-8f58-0814c0c4280e,esp32-01,telemetry,1769616024330,1769616024653,1769616024653,1769616024653,1769616024653,1769616024653,300,5000,ok
7710db6d-6999-4a42-899a-9bdd761824c8,esp32-02,telemetry,1769616024350,1769616024653,1769616024654,1769616024654,1769616024654,1769616024654,300,5000,ok
74bb7818-5f8e-4b75-8a05-9d53e21472d5,esp32-03,telemetry,1769616024370,1769616024654,1769616024654,1769616024654,1769616024654,1769616024654,300,5000,ok
62113b82-daf6-49a8-b6cf-db87b05c3173,esp32-01,telemetry,1769616024391,1769616024654,1769616024655,1769616024655,1769616024655,1769616024655,300,5000,ok
43ddb24d-6643-471a-b8d2-efa5461bf7fa,esp32-02,telemetry,1769616024411,1769616024654,1769616024656,1769616024656,1769616024656,1769616024656,300,5000,ok
a27be614-67b4-4088-8eb1-8985e3531b3b,esp32-03,telemetry,1769616024430,1769616024703,1769616024703,1769616024703,1769616024703,1769616024703,300,5000,ok
66cc16d1-10bf-40b3-bd93-4c9a3941bf3e,esp32-01,telemetry,1769616024450,1769616024703,1769616024704,1769616024704,1769616024704,1769616024704,300,5000,ok
a5d04aaf-fafd-45d1-b1bc-e2952246d061,esp32-02,telemetry,1769616024470,1769616024703,1769616024704,1769616024704,1769616024704,1769616024704,300,5000,ok
e404405e-69d7-43bb-acf3-997a698c801e,esp32-03,telemetry,1769616024491,1769616024764,1769616024764,1769616024764,1769616024764,1769616024764,300,5000,ok
9feb6d09-5d41-4333-a2be-07021d4c9465,esp32-01,telemetry,1769616024512,1769616024764,1769616024765,1769616024765,1769616024765,1769616024765,300,5000,ok
95332264-e6ca-4628-9e03-5dec0c74c40f,esp32-03,telemetry,1769616025347,1769616025671,1769616025671,1769616025671,1769616025671,1769616025671,300,5000,ok
fa3e6647-39be-4f53-8d7a-5b6f888b8a2b,esp32-01,telemetry,1769616025367,1769616025672,1769616025672,1769616025672,1769616025672,1769616025672,300,5000,ok
b7a9e9b4-8bf3-4257-9675-97af7011698c,esp32-02,telemetry,1769616025387,1769616025672,1769616025674,1769616025674,1769616025674,1769616025674,300,5000,ok
2d8cb86f-34bd-4be1-bbe7-06e029d3ad63,esp32-03,telemetry,1769616025408,1769616025672,1769616025675,1769616025675,1769616025675,1769616025675,300,5000,ok
3739dab7-8d66-41d7-961f-3094d4186a4c,esp32-01,telemetry,1769616025427,1769616025672,1769616025675,1769616025675,1769616025675,1769616025675,300,5000,ok
b8441e2e-39e1-4963-84a0-ebf85f182384,esp32-02,telemetry,1769616025448,1769616025672,1769616025676,1769616025676,1769616025676,1769616025676,300,5000,ok
d3fbadce-7610-4edd-a238-86b7eeaba02b,esp32-03,telemetry,1769616025469,1769616025714,1769616025715,1769616025715,1769616025715,1769616025715,300,5000,ok
9e96b7cd-8bb6-4b28-aedd-ae3dbf935e6c,esp32-01,telemetry,1769616025488,1769616025715,1769616025715,1769616025715,1769616025715,1769616025715,300,5000,ok
13d817ac-1888-4692-9fb1-0e4188204790,esp32-02,telemetry,1769616025509,1769616025832,1769616025833,1769616025833,1769616025833,1769616025833,300,5000,ok
ad2babde-5d27-4b4a-97e1-9de49e87056f,esp32-03,telemetry,1769616025530,1769616025832,1769616025834,1769616025834,1769616025834,1769616025834,300,5000,ok
edff8925-a400-441a-a0c2-07974dea75b9,esp32-03,telemetry,1769616026399,1769616026721,1769616026721,1769616026721,1769616026721,1769616026721,300,5000,ok
14b3a1df-a514-4ced-984f-a065628d365c,esp32-01,telemetry,1769616026420,1769616026721,1769616026722,1769616026722,1769616026722,1769616026722,300,5000,ok
4b85d011-81f0-4c90-b173-4f793d846a02,esp32-02,telemetry,1769616026439,1769616026721,1769616026722,1769616026722,1769616026722,1769616026722,300,5000,ok
e30ddf0d-f5f9-4daf-a22e-bde256158829,esp32-03,telemetry,1769616026460,1769616026721,1769616026723,1769616026723,1769616026723,1769616026723,300,5000,ok
4ca5d159-976e-4f39-8cb5-045c9b2419dd,esp32-01,telemetry,1769616026479,1769616026722,1769616026723,1769616026723,1769616026723,1769616026723,300,5000,ok
14017421-86ee-4524-90dd-8c4e1670bbe9,esp32-02,telemetry,1769616026499,1769616026722,1769616026724,1769616026724,1769616026724,1769616026724,300,5000,ok
80d77fbd-848a-49be-9d41-9522b520b65d,esp32-03,telemetry,1769616026520,1769616026745,1769616026746,1769616026746,1769616026746,1769616026746,300,5000,ok
ecf47922-9590-4d78-b1a9-6b14ff2f9a49,esp32-01,telemetry,1769616026539,1769616026831,1769616026831,1769616026831,1769616026831,1769616026831,300,5000,ok
47110ff3-a04d-4365-9b68-6c9d09a90590,esp32-02,telemetry,1769616026559,1769616026831,1769616026832,1769616026832,1769616026832,1769616026832,300,5000,ok
7ec75e03-f685-4b78-b772-b195a65be624,esp32-03,telemetry,1769616026580,1769616026831,1769616026832,1769616026832,1769616026832,1769616026832,300,5000,ok
8f5dfbd0-98ec-462b-8cd1-43267e7f4e65,esp32-02,telemetry,1769616027405,1769616027728,1769616027728,1769616027728,1769616027728,1769616027728,300,5000,ok
5e9656fb-139c-4aa2-a1ba-cd5c6d92e97b,esp32-03,telemetry,1769616027425,1769616027728,1769616027729,1769616027729,1769616027729,1769616027729,300,5000,ok
559fd39c-a1a2-4e7f-9d7c-f0188b940670,esp32-01,telemetry,1769616027445,1769616027728,1769616027729,1769616027729,1769616027729,1769616027729,300,5000,ok
b69928f9-798c-4cbb-9105-a18a16c8b8e7,esp32-02,telemetry,1769616027465,1769616027728,1769616027730,1769616027730,1769616027730,1769616027730,300,5000,ok
f50efcdb-7b93-440e-9018-d266eecdf670,esp32-03,telemetry,1769616027486,1769616027728,1769616027730,1769616027730,1769616027730,1769616027730,300,5000,ok
49adfc64-df33-434b-a6fe-38fec02a0099,esp32-01,telemetry,1769616027506,1769616027728,1769616027730,1769616027730,1769616027730,1769616027730,300,5000,ok
adc8ddbc-9f88-4d27-8efd-f96cb0e44693,esp32-02,telemetry,1769616027526,1769616027834,1769616027834,1769616027834,1769616027834,1769616027834,300,5000,ok
cec75c3a-05c8-49d6-9ff6-7eeaba5b4e49,esp32-03,telemetry,1769616027545,1769616027834,1769616027835,1769616027835,1769616027835,1769616027835,300,5000,ok
f04d5615-7bab-423a-83f9-f3878dd739d6,esp32-01,telemetry,1769616027566,1769616027834,1769616027835,1769616027835,1769616027835,1769616027835,300,5000,ok
d4557e9e-7fc0-436d-894b-97b1aac437f9,esp32-02,telemetry,1769616027586,1769616027834,1769616027835,1769616027835,1769616027835,1769616027835,300,5000,ok
6b1d533f-24ef-4139-840f-26e25c4428e2,esp32-01,telemetry,1769616028413,1769616028741,1769616028741,1769616028741,1769616028741,1769616028741,300,5000,ok
f1b6a1c6-446b-4184-b41c-5bf9982497a4,esp32-02,telemetry,1769616028432,1769616028741,1769616028742,1769616028742,1769616028742,1769616028742,300,5000,ok
4e2f2e9b-4ff7-408d-b57d-1a7702435912,esp32-03,telemetry,1769616028453,1769616028741,1769616028742,1769616028742,1769616028742,1769616028742,300,5000,ok
2daf67be-55eb-4ef7-991e-3aadab677f6e,esp32-01,telemetry,1769616028474,1769616028741,1769616028743,1769616028743,1769616028743,1769616028743,300,5000,ok
f41c215e-6d43-420d-be90-e20468b440f2,esp32-02,telemetry,1769616028495,1769616028741,1769616028743,1769616028743,1769616028743,1769616028743,300,5000,ok
57c1c13b-0179-4a9d-af27-00cbf1050da5,esp32-03,telemetry,1769616028515,1769616028741,1769616028744,1769616028744,1769616028744,1769616028744,300,5000,ok
9afc9352-d308-4cf2-b9ae-9fea1f8da806,esp32-01,telemetry,1769616028534,1769616028859,1769616028859,1769616028859,1769616028859,1769616028859,300,5000,ok
f5bdeb2b-b6d9-4b3a-aea3-f54e25720b3a,esp32-02,telemetry,1769616028555,1769616028859,1769616028860,1769616028860,1769616028860,1769616028860,300,5000,ok
ba80b8f9-694f-4c72-a708-2ce049f95a49,esp32-03,telemetry,1769616028575,1769616028859,1769616028860,1769616028860,1769616028860,1769616028860,300,5000,ok
c0784fbe-d21f-403a-957f-98138b0621c6,esp32-01,telemetry,1769616028596,1769616028859,1769616028861,1769616028861,1769616028861,1769616028861,300,5000,ok
73c6976d-66d3-49c1-a809-0343332e159f,esp32-01,telemetry,1769616029440,1769616029752,1769616029752,1769616029752,1769616029752,1769616029752,300,5000,ok
eb9aef4e-dc7a-4d5e-aff7-a9474b03c4d9,esp32-02,telemetry,1769616029462,1769616029753,1769616029753,1769616029753,1769616029753,1769616029753,300,5000,ok
34c85d2d-cf05-45c1-af82-049f3bcc59c9,esp32-03,telemetry,1769616029482,1769616029753,1769616029754,1769616029754,1769616029754,1769616029754,300,5000,ok
e029453e-0afc-4baa-939d-c7419d02273a,esp32-01,telemetry,1769616029503,1769616029753,1769616029754,1769616029754,1769616029754,1769616029754,300,5000,ok
00505239-c2c5-4260-bc8e-43a0bbf5aa5d,esp32-02,telemetry,1769616029524,1769616029753,1769616029755,1769616029755,1769616029755,1769616029755,300,5000,ok
1bdff133-452a-46ed-95cd-adc34b701b41,esp32-03,telemetry,1769616029543,1769616029875,1769616029876,1769616029876,1769616029876,1769616029876,300,5000,ok
e34ba050-baa3-4ce8-8793-8f6b9cc77f69,esp32-01,telemetry,1769616029563,1769616029875,1769616029877,1769616029877,1769616029877,1769616029877,300,5000,ok
a7141284-ccec-4e64-bedc-8fed6d43a923,esp32-02,telemetry,1769616029583,1769616029875,1769616029883,1769616029883,1769616029883,1769616029883,300,5000,ok
73d7b5b0-9966-4982-9b83-fbc4bb457684,esp32-03,telemetry,1769616029604,1769616029875,1769616029884,1769616029884,1769616029884,1769616029884,300,5000,ok
c43aec22-cbfd-417d-b368-d914d2e1902b,esp32-01,telemetry,1769616029625,1769616029875,1769616029884,1769616029884,1769616029884,1769616029884,300,5000,ok
421b1620-9f51-49b1-9661-1c45b6f2d5c9,esp32-02,telemetry,1769616030524,1769616030777,1769616030777,1769616030777,1769616030777,1769616030777,300,5000,ok
ec144d95-cb6d-4a31-a27a-04a04e4cbb47,esp32-03,telemetry,1769616030544,1769616030777,1769616030777,1769616030777,1769616030777,1769616030777,300,5000,ok
23bb8165-16ec-446d-8eba-ce47700c627b,esp32-01,telemetry,1769616030564,1769616030864,1769616030864,1769616030864,1769616030864,1769616030864,300,5000,ok
eef2b7cf-3dcf-4d28-a30f-4bf6aa55996e,esp32-02,telemetry,1769616030584,1769616030864,1769616030864,1769616030864,1769616030864,1769616030864,300,5000,ok
9d55517c-4b6a-4fff-94df-77194c8197a9,esp32-03,telemetry,1769616030605,1769616030864,1769616030865,1769616030865,1769616030865,1769616030865,300,5000,ok
f37d1e02-cf0f-4443-9bbc-c06b7043f189,esp32-01,telemetry,1769616030625,1769616030864,1769616030865,1769616030865,1769616030865,1769616030865,300,5000,ok
2b0c0717-0e69-4b74-a9c8-335fbd3f25d8,esp32-02,telemetry,1769616030644,1769616030954,1769616030954,1769616030954,1769616030954,1769616030954,300,5000,ok
33747a9e-9759-4be0-b731-2deb9ecb7017,esp32-03,telemetry,1769616030665,1769616030954,1769616030955,1769616030955,1769616030955,1769616030955,300,5000,ok
e22a9713-c9ce-46d8-abcc-b830129bdc3a,esp32-01,telemetry,1769616030685,1769616030954,1769616030955,1769616030955,1769616030955,1769616030955,300,5000,ok
85e4af1e-d0c4-47e0-a707-84bd074f3479,esp32-02,telemetry,1769616030705,1769616030954,1769616030955,1769616030955,1769616030955,1769616030956,300,5000,ok
494715d0-8086-49d7-832c-aa964b356d2a,esp32-03,telemetry,1769616031567,1769616031863,1769616031863,1769616031863,1769616031863,1769616031863,300,5000,ok
fd0bfdb8-bd46-4dd8-bf02-ce20fea188fd,esp32-01,telemetry,1769616031588,1769616031863,1769616031864,1769616031864,1769616031864,1769616031864,300,5000,ok
88761b70-66b3-460a-b3bc-c558f1921568,esp32-02,telemetry,1769616031608,1769616031863,1769616031864,1769616031864,1769616031864,1769616031864,300,5000,ok
c2fc79dc-d78f-4870-b274-390308798a87,esp32-03,telemetry,1769616031629,1769616031863,1769616031864,1769616031864,1769616031864,1769616031864,300,5000,ok
ff3f5433-7f32-4b0b-885f-7a190efb5d05,esp32-01,telemetry,1769616031649,1769616031971,1769616031971,1769616031971,1769616031971,1769616031971,300,5000,ok
c8612302-b2f8-4c1c-b89a-3dde0907b8f5,esp32-02,telemetry,1769616031669,1769616031971,1769616031972,1769616031972,1769616031972,1769616031972,300,5000,ok
5f1488ea-3fc4-40ba-b747-da39b6a2332d,esp32-03,telemetry,1769616031690,1769616031971,1769616031972,1769616031972,1769616031972,1769616031972,300,5000,ok
c481e2ff-2d1f-4050-8bb1-04e16b0afde3,esp32-01,telemetry,1769616031710,1769616031971,1769616031973,1769616031973,1769616031973,1769616031973,300,5000,ok
a001fbb9-b414-4d05-8b8e-b7f564aa27c4,esp32-02,telemetry,1769616031729,1769616031972,1769616031974,1769616031974,1769616031974,1769616031974,300,5000,ok
b1498e52-6d3d-41ad-a898-79052f7fc413,esp32-03,telemetry,1769616031749,1769616032011,1769616032011,1769616032011,1769616032011,1769616032011,300,5000,ok
f6e48e61-f1da-4fed-a9fd-1bba260dbdf7,esp32-02,telemetry,1769616032574,1769616032901,1769616032901,1769616032901,1769616032901,1769616032901,300,5000,ok
d67ae162-1cda-4f72-80d8-ce7bbbaca460,esp32-03,telemetry,1769616032594,1769616032901,1769616032901,1769616032901,1769616032901,1769616032901,300,5000,ok
b97c54ce-ac80-4f82-8e26-8062ea780245,esp32-01,telemetry,1769616032614,1769616032901,1769616032902,1769616032902,1769616032902,1769616032902,300,5000,ok
adb8e827-81fd-4338-aace-9c0b1bc55889,esp32-02,telemetry,1769616032633,1769616032901,1769616032902,1769616032902,1769616032902,1769616032902,300,5000,ok
d3a5c4b1-65f9-49bd-97c0-0157df01e1b8,esp32-03,telemetry,1769616032653,1769616032901,1769616032902,1769616032902,1769616032902,1769616032902,300,5000,ok
abe40545-a788-4eb0-9aaa-956bd6652951,esp32-01,telemetry,1769616032673,1769616032930,1769616032930,1769616032930,1769616032930,1769616032930,300,5000,ok
a295976a-f262-4718-832c-69b5695d8346,esp32-02,telemetry,1769616032694,1769616032930,1769616032930,1769616032930,1769616032930,1769616032930,300,5000,ok
249d1e77-e033-4d2a-8745-d2e2fd32bc97,esp32-03,telemetry,1769616032714,1769616033029,1769616033029,1769616033029,1769616033029,1769616033029,300,5000,ok
04f03546-61dd-4d87-8c89-05adbd2e3fb3,esp32-01,telemetry,1769616032734,1769616033029,1769616033030,1769616033030,1769616033030,1769616033030,300,5000,ok
18ab12f7-e58a-4d27-a97d-b95da8d6d85f,esp32-02,telemetry,1769616032753,1769616033029,1769616033030,1769616033031,1769616033031,1769616033031,300,5000,ok
9613176b-692e-4137-81a1-41b0483f1e80,esp32-02,telemetry,1769616033622,1769616033944,1769616033944,1769616033944,1769616033945,1769616033945,300,5000,ok
8b005cf8-7f9f-4bd6-8a69-9d4963af9624,esp32-03,telemetry,1769616033642,1769616033945,1769616033945,1769616033945,1769616033945,1769616033945,300,5000,ok
0fe25d27-4195-4e10-8c6b-30a8c7286f3b,esp32-01,telemetry,1769616033661,1769616033945,1769616033945,1769616033945,1769616033945,1769616033945,300,5000,ok
d1fa501d-7de3-4226-b494-727353f96656,esp32-02,telemetry,1769616033681,1769616033945,1769616033946,1769616033946,1769616033946,1769616033946,300,5000,ok
1e1028fb-587f-4b40-bdec-b96c8c000c73,esp32-03,telemetry,1769616033701,1769616033945,1769616033946,1769616033946,1769616033946,1769616033946,300,5000,ok
552f161b-6493-4a38-bf4b-eee8c942395f,esp32-01,telemetry,1769616033722,1769616033945,1769616033947,1769616033947,1769616033947,1769616033947,300,5000,ok
1704dae1-5a83-417d-ab5f-3e7792ef6be6,esp32-02,telemetry,1769616033742,1769616034063,1769616034064,1769616034064,1769616034064,1769616034064,300,5000,ok
b50f839d-5e23-4688-a39a-0a101c8d1ada,esp32-03,telemetry,1769616033761,1769616034064,1769616034064,1769616034064,1769616034064,1769616034064,300,5000,ok
ca515e52-8254-479d-9a6c-b80cec758bba,esp32-01,telemetry,1769616033782,1769616034064,1769616034065,1769616034065,1769616034065,1769616034065,300,5000,ok
d514a88a-3d97-4c86-8478-de8f9bc791dc,esp32-02,telemetry,1769616033803,1769616034064,1769616034065,1769616034065,1769616034065,1769616034065,300,5000,ok
984b6bc6-2f8c-4f78-a2a3-61d40843dfaf,esp32-01,telemetry,1769616034627,1769616034951,1769616034951,1769616034951,1769616034951,1769616034951,300,5000,ok
baa49af9-4b7a-4d29-8b44-3663a805a03e,esp32-02,telemetry,1769616034647,1769616034951,1769616034952,1769616034952,1769616034952,1769616034952,300,5000,ok
e13ea05d-e3cf-4a53-8881-206a29ad2335,esp32-03,telemetry,1769616034667,1769616034951,1769616034952,1769616034952,1769616034952,1769616034952,300,5000,ok
1b50d86b-8fdc-4e05-91ed-85437a99a918,esp32-01,telemetry,1769616034688,1769616034951,1769616034953,1769616034953,1769616034953,1769616034953,300,5000,ok
16f88571-107c-4c67-8410-6f215aaa05a5,esp32-02,telemetry,1769616034708,1769616034952,1769616034953,1769616034953,1769616034953,1769616034953,300,5000,ok
788016d3-d32f-49a1-bc4b-d97a799bbf0a,esp32-03,telemetry,1769616034728,1769616034952,1769616034954,1769616034954,1769616034954,1769616034954,300,5000,ok
510a2942-bfda-40bf-b35b-7d0a11972eb5,esp32-01,telemetry,1769616034748,1769616035071,1769616035071,1769616035071,1769616035071,1769616035071,300,5000,ok
6d90303c-6855-46c6-aa76-e9eae130ad02,esp32-02,telemetry,1769616034768,1769616035071,1769616035072,1769616035072,1769616035072,1769616035072,300,5000,ok
cacdcc60-6c60-420c-a5e3-46d3388be23f,esp32-03,telemetry,1769616034788,1769616035071,1769616035072,1769616035072,1769616035072,1769616035072,300,5000,ok
a468b08c-3f89-4fab-8d4f-a6b303e93b17,esp32-01,telemetry,1769616034808,1769616035071,1769616035073,1769616035073,1769616035073,1769616035073,300,5000,ok
c81260f6-ba5c-43d3-a160-df897ec54421,esp32-02,telemetry,1769616035675,1769616035966,1769616035966,1769616035966,1769616035966,1769616035966,300,5000,ok
3211070a-f367-457a-8e00-829f6a8e7d14,esp32-03,telemetry,1769616035695,1769616035966,1769616035966,1769616035966,1769616035966,1769616035966,300,5000,ok
1f5e1ab5-6d5f-4dfd-a71f-7ebfa26ddf6a,esp32-01,telemetry,1769616035715,1769616035966,1769616035967,1769616035967,1769616035967,1769616035967,300,5000,ok
3ef5dbfa-cb51-498d-82f6-35aff790611c,esp32-02,telemetry,1769616035735,1769616035966,1769616035967,1769616035967,1769616035967,1769616035967,300,5000,ok
369391bc-f817-4ebc-ac89-dd44f79acec8,esp32-03,telemetry,1769616035755,1769616036077,1769616036078,1769616036078,1769616036078,1769616036078,300,5000,ok
aba0691a-a2de-44c3-a1a2-f9e571e9ccc4,esp32-01,telemetry,1769616035775,1769616036078,1769616036078,1769616036078,1769616036078,1769616036078,300,5000,ok
1fa3fda3-4b6c-480f-bbd5-e9f7b4bfc706,esp32-02,telemetry,1769616035795,1769616036078,1769616036079,1769616036079,1769616036079,1769616036079,300,5000,ok
abff7d16-ad27-4800-b2e0-e34fac949a27,esp32-03,telemetry,1769616035815,1769616036078,1769616036079,1769616036079,1769616036079,1769616036079,300,5000,ok
ce9f748a-a5c2-4877-bf66-00df16fa1204,esp32-01,telemetry,1769616035836,1769616036078,1769616036080,1769616036080,1769616036080,1769616036080,300,5000,ok
e83aa28f-780e-46bf-a0f7-1331842136c9,esp32-02,telemetry,1769616035855,1769616036078,1769616036080,1769616036080,1769616036080,1769616036080,300,5000,ok
226536ea-1201-43cf-845d-cc8d26480a82,esp32-03,telemetry,1769616036670,1769616036978,1769616036978,1769616036978,1769616036978,1769616036978,300,5000,ok
eb1be126-491b-4356-92f0-200496a6f4dd,esp32-01,telemetry,1769616036690,1769616036978,1769616036979,1769616036979,1769616036979,1769616036979,300,5000,ok
6155ff7c-3581-4893-bd1d-d7e44352ba1b,esp32-02,telemetry,1769616036710,1769616036978,1769616036979,1769616036979,1769616036979,1769616036979,300,5000,ok
05b853c1-0693-4d47-bb6d-8f2776fd6230,esp32-03,telemetry,1769616036730,1769616036978,1769616036980,1769616036980,1769616036980,1769616036980,300,5000,ok
37e6aefa-b7c2-40d9-8073-1a2f3436b4d3,esp32-01,telemetry,1769616036750,1769616036978,1769616036980,1769616036980,1769616036980,1769616036980,300,5000,ok
359561f0-da22-4c4f-afff-060ff96ddf01,esp32-02,telemetry,1769616036771,1769616037026,1769616037026,1769616037026,1769616037026,1769616037026,300,5000,ok
0248c0a6-ce26-43ef-8ceb-d52cbe114086,esp32-03,telemetry,1769616036792,1769616037026,1769616037027,1769616037027,1769616037027,1769616037027,300,5000,ok
05d26926-89b4-4536-b185-b141261d29a0,esp32-01,telemetry,1769616036812,1769616037117,1769616037129,1769616037129,1769616037129,1769616037129,300,5000,ok
c5ae2446-fae4-4644-acec-2653f85d6349,esp32-02,telemetry,1769616036833,1769616037117,1769616037129,1769616037129,1769616037129,1769616037129,300,5000,ok
2bfbf830-d0e9-4e20-a814-908d179b0ca2,esp32-03,telemetry,1769616036852,1769616037117,1769616037130,1769616037130,1769616037130,1769616037130,300,5000,ok
25e56edc-7483-4cd2-bba3-5e300d7d4530,esp32-01,telemetry,1769616037720,1769616038041,1769616038041,1769616038041,1769616038041,1769616038041,300,5000,ok
91f7a830-65b8-42c5-99ef-91765000902b,esp32-02,telemetry,1769616037740,1769616038041,1769616038042,1769616038042,1769616038042,1769616038042,300,5000,ok
6d156143-81ee-4729-94c5-b57ac7a713e4,esp32-03,telemetry,1769616037760,1769616038041,1769616038042,1769616038042,1769616038042,1769616038042,300,5000,ok
0a364023-06c0-4ddc-b9c8-cabf8654e3c1,esp32-01,telemetry,1769616037780,1769616038041,1769616038043,1769616038043,1769616038043,1769616038043,300,5000,ok
28ac6b71-9a7e-4d81-82a4-6717ba7c330f,esp32-02,telemetry,1769616037800,1769616038041,1769616038043,1769616038043,1769616038043,1769616038043,300,5000,ok
7f0f85be-3f4d-409f-90d3-c392f67d84f7,esp32-03,telemetry,1769616037819,1769616038110,1769616038110,1769616038110,1769616038110,1769616038110,300,5000,ok
b2293d81-2a89-45ce-8154-ddba51d44619,esp32-01,telemetry,1769616037840,1769616038110,1769616038111,1769616038111,1769616038111,1769616038111,300,5000,ok
fa5f7936-6985-4895-8dd7-81bc3aef902d,esp32-02,telemetry,1769616037861,1769616038110,1769616038111,1769616038111,1769616038111,1769616038111,300,5000,ok
63785dce-3666-48ff-80f8-06a08dd2b2dc,esp32-03,telemetry,1769616037881,1769616038110,1769616038112,1769616038112,1769616038112,1769616038112,300,5000,ok
a790ccb4-86ae-457c-8ba0-98669f5f0224,esp32-01,telemetry,1769616037900,1769616038162,1769616038162,1769616038162,1769616038162,1769616038162,300,5000,ok
f9b30673-d137-4292-aac3-081f82efdd63,esp32-01,telemetry,1769616038813,1769616039066,1769616039066,1769616039066,1769616039066,1769616039066,300,5000,ok
fee09d45-62e8-4fd6-83cc-346a08eb9326,esp32-02,telemetry,1769616038833,1769616039066,1769616039067,1769616039067,1769616039067,1769616039067,300,5000,ok
4cc95a05-0871-4964-a6e5-5ac359ecf02b,esp32-03,telemetry,1769616038853,1769616039169,1769616039169,1769616039169,1769616039169,1769616039169,300,5000,ok
355ad251-924f-4b3b-9dc4-6382ca1c1fab,esp32-01,telemetry,1769616038874,1769616039169,1769616039170,1769616039170,1769616039170,1769616039170,300,5000,ok
d3eea066-2b06-476f-913f-0c6bea6ef069,esp32-02,telemetry,1769616038894,1769616039170,1769616039170,1769616039170,1769616039170,1769616039170,300,5000,ok
37129fd4-6927-4845-8e7f-b9013cbc0675,esp32-03,telemetry,1769616038915,1769616039170,1769616039171,1769616039171,1769616039171,1769616039171,300,5000,ok
ed422913-6576-490e-a054-14729a6d3590,esp32-01,telemetry,1769616038935,1769616039170,1769616039171,1769616039171,1769616039171,1769616039171,300,5000,ok
578e2f32-bd18-41d7-9ecb-5d873114624b,esp32-02,telemetry,1769616038955,1769616039251,1769616039251,1769616039251,1769616039251,1769616039251,300,5000,ok
c0604aed-6200-4f20-b809-2af078a1ea89,esp32-03,telemetry,1769616038975,1769616039251,1769616039252,1769616039252,1769616039252,1769616039252,300,5000,ok
b2fe890b-844b-466a-9aac-4f9dcbb5d3e8,esp32-01,telemetry,1769616038996,1769616039251,1769616039252,1769616039252,1769616039252,1769616039252,300,5000,ok
e7a27f06-df37-4f34-9e34-553e8823daf4,esp32-03,telemetry,1769616039761,1769616040074,1769616040074,1769616040074,1769616040074,1769616040074,300,5000,ok
1ae4d8bf-0c7e-43ad-bff6-7cf858828e1a,esp32-01,telemetry,1769616039781,1769616040074,1769616040075,1769616040075,1769616040075,1769616040075,300,5000,ok
0ffd27d7-7290-4986-a817-23d89640dd53,esp32-02,telemetry,1769616039803,1769616040075,1769616040075,1769616040075,1769616040075,1769616040075,300,5000,ok
0ffbf94a-03e3-44d8-903a-b5b76832a6b6,esp32-03,telemetry,1769616039823,1769616040075,1769616040076,1769616040076,1769616040076,1769616040076,300,5000,ok
a399627d-7477-49f2-beb4-0db3ee647a27,esp32-01,telemetry,1769616039842,1769616040075,1769616040076,1769616040076,1769616040076,1769616040076,300,5000,ok
42ee7b92-848d-477f-bcff-d02edb564ab6,esp32-02,telemetry,1769616039863,1769616040176,1769616040177,1769616040177,1769616040177,1769616040177,300,5000,ok
072afa66-e534-406b-9c90-486724f034d7,esp32-01,alarm,1769616039913,1769616040177,1769616040178,1769616040178,1769616040178,1769616040178,150,10000,alarm_type
99746255-51bb-45c2-bd18-35e1551116d1,esp32-03,telemetry,1769616039882,1769616040177,1769616040178,1769616040178,1769616040178,1769616040178,300,5000,ok
4d708cbb-3d19-4a7a-b972-d6c3b122f19c,esp32-01,telemetry,1769616039903,1769616040177,1769616040179,1769616040179,1769616040179,1769616040179,300,5000,ok
096e680c-047c-4f05-b84b-fafddc78ceb1,esp32-02,telemetry,1769616039924,1769616040177,1769616040179,1769616040179,1769616040179,1769616040179,300,5000,ok
174bc024-fcbe-4f63-922c-9d08070cb268,esp32-02,telemetry,1769616040785,1769616041092,1769616041092,1769616041092,1769616041092,1769616041092,300,5000,ok
1a9f323c-036d-46bd-8257-6ffacd7f5831,esp32-03,telemetry,1769616040805,1769616041093,1769616041094,1769616041094,1769616041094,1769616041094,300,5000,ok
41af05ae-ac5b-4d91-b8db-d575f7ba61e7,esp32-01,telemetry,1769616040825,1769616041093,1769616041094,1769616041094,1769616041094,1769616041094,300,5000,ok
8f036786-d84f-46a5-9443-31f6668d582d,esp32-02,telemetry,1769616040845,1769616041093,1769616041095,1769616041095,1769616041095,1769616041095,300,5000,ok
f39c4377-33df-4f56-87a4-894f31846f9b,esp32-03,telemetry,1769616040864,1769616041093,1769616041096,1769616041096,1769616041096,1769616041096,300,5000,ok
a8446a0f-2da1-406c-bda5-fcb6fc3fe4b4,esp32-01,telemetry,1769616040885,1769616041208,1769616041208,1769616041208,1769616041208,1769616041208,300,5000,ok
d3c7195c-7ef1-4422-8a70-33665bd593eb,esp32-02,telemetry,1769616040904,1769616041208,1769616041209,1769616041209,1769616041209,1769616041209,300,5000,ok
8e86738b-f1f5-44b0-a338-0f80afc14609,esp32-03,telemetry,1769616040924,1769616041209,1769616041210,1769616041210,1769616041210,1769616041210,300,5000,ok
48770190-fc0c-4d8d-8e63-8fe143ba2599,esp32-01,telemetry,1769616040944,1769616041209,1769616041210,1769616041210,1769616041210,1769616041210,300,5000,ok
21f9138d-8eeb-43fa-9fb9-b15bc141514c,esp32-02,telemetry,1769616040965,1769616041209,1769616041211,1769616041211,1769616041211,1769616041211,300,5000,ok
3edb9c65-20f7-4143-9ed6-6866cb385aff,esp32-02,telemetry,1769616041811,1769616042124,1769616042124,1769616042124,1769616042124,1769616042124,300,5000,ok
3c0b9506-1b30-4bbd-95be-43bf7571eae3,esp32-03,telemetry,1769616041832,1769616042125,1769616042125,1769616042125,1769616042125,1769616042125,300,5000,ok
39476189-fe77-4c72-a68d-cf9531f23c3c,esp32-01,telemetry,1769616041852,1769616042125,1769616042126,1769616042126,1769616042126,1769616042126,300,5000,ok
18627c02-317a-4df8-8a04-854f53a189ae,esp32-02,telemetry,1769616041872,1769616042125,1769616042126,1769616042126,1769616042126,1769616042126,300,5000,ok
767c5360-fdd4-42da-aded-22e9f80901ab,esp32-03,telemetry,1769616041893,1769616042125,1769616042127,1769616042127,1769616042127,1769616042127,300,5000,ok
dc9e5696-f618-4e5f-9b8e-0d2b82f42ab1,esp32-01,telemetry,1769616041913,1769616042236,1769616042236,1769616042236,1769616042236,1769616042236,300,5000,ok
a396c423-2705-4c53-ad9a-fab23be8fa10,esp32-02,telemetry,1769616041932,1769616042236,1769616042237,1769616042237,1769616042237,1769616042237,300,5000,ok
84436440-f21f-4e75-998a-6a864d898e84,esp32-03,telemetry,1769616041953,1769616042237,1769616042237,1769616042237,1769616042237,1769616042237,300,5000,ok
b01d4e84-9718-4200-8180-e85491f2d82b,esp32-01,telemetry,1769616041972,1769616042238,1769616042238,1769616042238,1769616042238,1769616042238,300,5000,ok
a54345df-b7cc-497c-a1cf-28c9328173ac,esp32-02,telemetry,1769616041992,1769616042238,1769616042239,1769616042239,1769616042239,1769616042239,300,5000,ok
59b2785b-b746-4c1c-b4c3-6f5e64b990ce,esp32-02,telemetry,1769616042841,1769616043130,1769616043130,1769616043130,1769616043130,1769616043130,300,5000,ok
6988b6e4-566d-4ad9-84cc-8c690060479d,esp32-03,telemetry,1769616042862,1769616043130,1769616043130,1769616043130,1769616043130,1769616043130,300,5000,ok
5c79df91-5831-440c-a823-03d3b029cbe1,esp32-01,telemetry,1769616042883,1769616043130,1769616043131,1769616043131,1769616043131,1769616043131,300,5000,ok
1aec92f1-7812-49fe-8c78-863f728e7da8,esp32-02,telemetry,1769616042904,1769616043130,1769616043131,1769616043131,1769616043131,1769616043131,300,5000,ok
360ebd9f-1c28-4d48-ab41-f6c05f52d0f8,esp32-03,telemetry,1769616042923,1769616043246,1769616043246,1769616043246,1769616043246,1769616043246,300,5000,ok
7288897c-6790-4560-b836-f959314fd907,esp32-01,telemetry,1769616042944,1769616043246,1769616043247,1769616043247,1769616043247,1769616043247,300,5000,ok
61c2146b-bf1c-4172-92fb-5003228ef863,esp32-02,telemetry,1769616042964,1769616043246,1769616043248,1769616043248,1769616043248,1769616043248,300,5000,ok
664f8020-abde-4449-82ed-f47e29e4cc0c,esp32-03,telemetry,1769616042984,1769616043247,1769616043248,1769616043248,1769616043248,1769616043248,300,5000,ok
cfac1257-122e-4a1a-a236-46aaa641efbb,esp32-01,telemetry,1769616043003,1769616043247,1769616043249,1769616043249,1769616043249,1769616043249,300,5000,ok
f24e99ff-4c41-4332-a442-26c186f4af8b,esp32-02,telemetry,1769616043023,1769616043247,1769616043250,1769616043250,1769616043250,1769616043250,300,5000,ok
e317f065-a53a-4d84-8361-e24a300b354d,esp32-02,telemetry,1769616043872,1769616044162,1769616044162,1769616044162,1769616044162,1769616044162,300,5000,ok
6751899a-b53e-4efc-8797-2d49c8a2c341,esp32-03,telemetry,1769616043893,1769616044162,1769616044163,1769616044163,1769616044163,1769616044163,300,5000,ok
0dc985cb-06d1-4fef-8aca-6b8a6790b160,esp32-01,telemetry,1769616043913,1769616044162,1769616044163,1769616044163,1769616044163,1769616044163,300,5000,ok
be2c52cf-ab23-4799-b7e7-189a9c818ec2,esp32-02,telemetry,1769616043933,1769616044162,1769616044164,1769616044164,1769616044164,1769616044164,300,5000,ok
fc164afa-0de8-442f-9456-25ec37a7ce93,esp32-03,telemetry,1769616043954,1769616044279,1769616044279,1769616044279,1769616044279,1769616044279,300,5000,ok
5a23b715-211c-47bb-b0c2-df69ec49fe1c,esp32-01,telemetry,1769616043975,1769616044279,1769616044280,1769616044280,1769616044280,1769616044280,300,5000,ok
0b5bcca3-0b2e-424e-960e-ab0775c3ed2a,esp32-02,telemetry,1769616043995,1769616044279,1769616044280,1769616044280,1769616044280,1769616044280,300,5000,ok
94ae0ac9-74df-4361-98ec-7458a5c33c83,esp32-03,telemetry,1769616044015,1769616044279,1769616044281,1769616044281,1769616044281,1769616044281,300,5000,ok
9f7d1caa-74e5-46e0-8db2-6e7b4c2aace1,esp32-01,telemetry,1769616044035,1769616044279,1769616044281,1769616044281,1769616044281,1769616044281,300,5000,ok
8d90fede-57eb-4f00-b098-9ad68d4a62fb,esp32-02,telemetry,1769616044056,1769616044279,1769616044281,1769616044281,1769616044281,1769616044281,300,5000,ok
e538a54e-f4d5-4202-bff1-e64efcd2f3fc,esp32-01,telemetry,1769616044884,1769616045184,1769616045185,1769616045185,1769616045185,1769616045185,300,5000,ok
2e8b5e1a-6eb5-4da7-bccb-a17262246929,esp32-03,alarm,1769616044913,1769616045185,1769616045186,1769616045186,1769616045186,1769616045186,150,10000,alarm_type
70777192-74ce-418b-816b-d3c1b692c6cd,esp32-02,telemetry,1769616044904,1769616045185,1769616045186,1769616045186,1769616045186,1769616045186,300,5000,ok
9dc0ea5c-e3cf-4db4-a199-d40381f6b8ca,esp32-03,telemetry,1769616044925,1769616045185,1769616045186,1769616045186,1769616045186,1769616045186,300,5000,ok
f9d0b4d7-cc68-4b1e-b13c-ab562d6d9a47,esp32-01,telemetry,1769616044944,1769616045186,1769616045187,1769616045187,1769616045187,1769616045187,300,5000,ok
2948973f-7d67-4a3b-bb4e-4914e86f9ded,esp32-02,telemetry,1769616044964,1769616045284,1769616045284,1769616045284,1769616045284,1769616045284,300,5000,ok
a558ecf3-81c5-4c0c-8cdd-c5680eca00d6,esp32-03,telemetry,1769616044985,1769616045284,1769616045285,1769616045285,1769616045285,1769616045285,300,5000,ok
6041e3e8-88ca-4f6f-b534-c716de3fdc64,esp32-01,telemetry,1769616045005,1769616045284,1769616045285,1769616045285,1769616045285,1769616045285,300,5000,ok
7a170740-d09b-41f1-936e-b6e3b2f884ee,esp32-02,telemetry,1769616045024,1769616045284,1769616045286,1769616045286,1769616045286,1769616045286,300,5000,ok
5cb486b3-361d-43c4-85f3-07b1de48209d,esp32-03,telemetry,1769616045044,1769616045284,1769616045286,1769616045286,1769616045286,1769616045287,300,5000,ok
376d8200-1b55-48f6-8608-2ff93855589a,esp32-03,telemetry,1769616045893,1769616046214,1769616046214,1769616046214,1769616046214,1769616046214,300,5000,ok
26416f10-b229-42ca-bd71-e8669244e54c,esp32-01,telemetry,1769616045914,1769616046214,1769616046215,1769616046215,1769616046215,1769616046215,300,5000,ok
9771a980-41b0-4b54-bc2e-babad4f18058,esp32-02,telemetry,1769616045934,1769616046214,1769616046215,1769616046215,1769616046215,1769616046215,300,5000,ok
327392c9-9117-4041-a957-f3ab6ef89280,esp32-03,telemetry,1769616045954,1769616046215,1769616046216,1769616046216,1769616046216,1769616046216,300,5000,ok
e5a53dff-b1f3-4871-b2e5-1ca6214d0974,esp32-01,telemetry,1769616045974,1769616046215,1769616046216,1769616046216,1769616046216,1769616046216,300,5000,ok
64957cd7-3833-4d7d-bb96-0aeb7f168181,esp32-02,telemetry,1769616045994,1769616046226,1769616046226,1769616046226,1769616046226,1769616046226,300,5000,ok
60c34fe1-14a5-4363-abe1-113982965375,esp32-03,telemetry,1769616046015,1769616046334,1769616046334,1769616046334,1769616046334,1769616046334,300,5000,ok
ad477df4-99f3-49d9-bb41-69d5e81d692c,esp32-01,telemetry,1769616046034,1769616046334,1769616046335,1769616046335,1769616046335,1769616046335,300,5000,ok
ab655aea-f820-4433-83fc-ce20072408da,esp32-02,telemetry,1769616046055,1769616046335,1769616046336,1769616046336,1769616046336,1769616046336,300,5000,ok
671a52ad-60b3-4835-a876-2fa8dd8970bd,esp32-03,telemetry,1769616046076,1769616046335,1769616046336,1769616046336,1769616046336,1769616046336,300,5000,ok
a196699f-c603-434e-8a45-75487d99bc13,esp32-02,telemetry,1769616046902,1769616047228,1769616047228,1769616047228,1769616047228,1769616047228,300,5000,ok
bcca025b-8186-4d32-ad81-5b6b9886318c,esp32-03,telemetry,1769616046922,1769616047228,1769616047229,1769616047229,1769616047229,1769616047229,300,5000,ok
a7f2bc97-c363-4793-8cab-9ce551b0d5b7,esp32-01,telemetry,1769616046943,1769616047229,1769616047230,1769616047230,1769616047230,1769616047230,300,5000,ok
f419418b-fca0-4d58-9af7-70f898aeffb1,esp32-02,telemetry,1769616046963,1769616047229,1769616047230,1769616047230,1769616047230,1769616047230,300,5000,ok
5ebf5955-c7a4-4f3d-849a-7ee681036ec7,esp32-03,telemetry,1769616046984,1769616047229,1769616047230,1769616047230,1769616047230,1769616047230,300,5000,ok
455deca7-88df-4ee7-ba70-44b0f9193d28,esp32-01,telemetry,1769616047004,1769616047229,1769616047231,1769616047231,1769616047231,1769616047231,300,5000,ok
d0534233-54ba-41f3-9f3b-ff29de0aa213,esp32-02,telemetry,1769616047023,1769616047346,1769616047346,1769616047346,1769616047346,1769616047346,300,5000,ok
75afc7f4-82e6-41de-a9de-b0e6df028584,esp32-03,telemetry,1769616047043,1769616047347,1769616047347,1769616047347,1769616047347,1769616047347,300,5000,ok
be33523a-0e3c-4ce0-bce0-24aced0f0f2e,esp32-01,telemetry,1769616047064,1769616047347,1769616047348,1769616047348,1769616047348,1769616047348,300,5000,ok
6cf5aeec-5a1d-4e31-a017-5b0441051f71,esp32-02,telemetry,1769616047083,1769616047347,1769616047348,1769616047348,1769616047348,1769616047348,300,5000,ok
c683c32d-e135-458b-b211-f8552f85d8c9,esp32-02,telemetry,1769616047931,1769616048248,1769616048248,1769616048248,1769616048248,1769616048248,300,5000,ok
dbf66a85-7031-4373-b5da-9131246023d2,esp32-03,telemetry,1769616047951,1769616048249,1769616048249,1769616048249,1769616048249,1769616048249,300,5000,ok
6bea14e0-2b35-4dd3-98c4-673fa4d3a34a,esp32-01,telemetry,1769616047972,1769616048249,1769616048249,1769616048249,1769616048249,1769616048249,300,5000,ok
58bcffe5-39bd-4ae9-9e79-e0d666073dec,esp32-02,telemetry,1769616047992,1769616048249,1769616048250,1769616048250,1769616048250,1769616048250,300,5000,ok
a0d267e9-f5e6-4f01-b630-89edb4021e56,esp32-03,telemetry,1769616048012,1769616048249,1769616048250,1769616048250,1769616048250,1769616048250,300,5000,ok
d309aa96-4287-4658-bdce-8f5348884e83,esp32-01,telemetry,1769616048032,1769616048358,1769616048358,1769616048358,1769616048358,1769616048358,300,5000,ok
2311fd0a-edf0-45c7-a080-b6da1af0eda6,esp32-02,telemetry,1769616048053,1769616048358,1769616048358,1769616048358,1769616048358,1769616048358,300,5000,ok
681218f9-d8a2-4442-9dfe-e33587280096,esp32-03,telemetry,1769616048074,1769616048358,1769616048359,1769616048359,1769616048359,1769616048359,300,5000,ok
f7f5f9e4-3a25-43fd-bcdf-143b9debb1a2,esp32-01,telemetry,1769616048093,1769616048358,1769616048359,1769616048359,1769616048359,1769616048359,300,5000,ok
e63a614b-69bf-432f-bb58-22680a510a35,esp32-02,telemetry,1769616048114,1769616048358,1769616048360,1769616048360,1769616048360,1769616048360,300,5000,ok
c8cdb169-ea59-4e74-a49b-e1aafca6d69f,esp32-01,telemetry,1769616048945,1769616049258,1769616049258,1769616049258,1769616049258,1769616049258,300,5000,ok
565e5c5f-dea6-459c-89ea-b7244e20477c,esp32-02,telemetry,1769616048966,1769616049258,1769616049258,1769616049258,1769616049258,1769616049258,300,5000,ok
d41195ce-ccce-4c16-8b2b-cfa3fbc60ed6,esp32-03,telemetry,1769616048986,1769616049258,1769616049259,1769616049259,1769616049259,1769616049259,300,5000,ok
b5aa5243-af4d-432b-8499-f43ab4d28d24,esp32-01,telemetry,1769616049007,1769616049258,1769616049259,1769616049259,1769616049259,1769616049259,300,5000,ok
ab8685ed-8e96-43cb-823e-16c0220613a4,esp32-02,telemetry,1769616049027,1769616049258,1769616049259,1769616049259,1769616049259,1769616049259,300,5000,ok
e2a26398-261b-4baf-a0bc-ddabd41a94d5,esp32-03,telemetry,1769616049046,1769616049380,1769616049400,1769616049400,1769616049400,1769616049400,300,5000,ok
acd9b4fb-afc0-47d4-ad01-017eeecf0bfe,esp32-01,telemetry,1769616049067,1769616049380,1769616049402,1769616049402,1769616049402,1769616049402,300,5000,ok
ba94f60a-0616-410f-a75b-6210e261164e,esp32-02,telemetry,1769616049088,1769616049380,1769616049421,1769616049421,1769616049421,1769616049421,300,5000,ok
21f61315-08f8-4fc9-8510-1b1068176e71,esp32-03,telemetry,1769616049109,1769616049381,1769616049424,1769616049424,1769616049424,1769616049424,300,5000,ok
ff26e94a-60d1-4076-8c84-17cb400ab04f,esp32-01,telemetry,1769616049129,1769616049381,1769616049425,1769616049425,1769616049425,1769616049425,300,5000,ok
8aafdb12-56ee-480f-986d-ef6ea7f35c06,esp32-03,telemetry,1769616049964,1769616050288,1769616050288,1769616050288,1769616050288,1769616050288,300,5000,ok
3868b4e2-f247-40e6-88e7-2456b29d69c8,esp32-01,telemetry,1769616049984,1769616050289,1769616050289,1769616050289,1769616050289,1769616050289,300,5000,ok
ad72ce2e-a50f-4f2b-ace1-3988d5b20e9a,esp32-02,telemetry,1769616050005,1769616050289,1769616050290,1769616050290,1769616050290,1769616050290,300,5000,ok
d3361769-9ae0-46fe-8223-445457811a55,esp32-03,telemetry,1769616050025,1769616050289,1769616050291,1769616050291,1769616050291,1769616050291,300,5000,ok
cd26b45a-0dce-44f8-a596-ab3ff3df3d8b,esp32-01,telemetry,1769616050044,1769616050289,1769616050292,1769616050292,1769616050292,1769616050292,300,5000,ok
3b10e93c-a858-46dc-8357-37eff169e5b3,esp32-02,telemetry,1769616050064,1769616050373,1769616050373,1769616050373,1769616050373,1769616050373,300,5000,ok
706744f4-f221-423b-9ea6-07d17523f036,esp32-03,telemetry,1769616050085,1769616050373,1769616050374,1769616050374,1769616050374,1769616050374,300,5000,ok
a737b65c-a1f1-455e-add0-d110c2eca69c,esp32-01,telemetry,1769616050104,1769616050373,1769616050374,1769616050374,1769616050374,1769616050374,300,5000,ok
c70a7d3b-163b-410f-9b76-cbf350b1d99b,esp32-02,telemetry,1769616050125,1769616050373,1769616050374,1769616050374,1769616050374,1769616050374,300,5000,ok
f720a356-67a4-42b3-bad7-d464595da6aa,esp32-03,telemetry,1769616050144,1769616050373,1769616050375,1769616050375,1769616050375,1769616050375,300,5000,ok
33229a0d-47e0-4f21-8a95-092529a7758a,esp32-01,telemetry,1769616051077,1769616051341,1769616051341,1769616051341,1769616051341,1769616051341,300,5000,ok
0703d5ca-14df-4dd0-b04f-ff074c5b859d,esp32-02,telemetry,1769616051097,1769616051342,1769616051342,1769616051342,1769616051342,1769616051342,300,5000,ok
1826f984-0c29-4047-81e1-bd6a6208aaf6,esp32-03,telemetry,1769616051116,1769616051342,1769616051342,1769616051342,1769616051342,1769616051342,300,5000,ok
b6254d6d-45ab-47ca-9aa8-af7a488cc8a5,esp32-01,telemetry,1769616051136,1769616051418,1769616051419,1769616051419,1769616051419,1769616051419,300,5000,ok
5ac4f8ce-ad20-4e14-b9ce-a5343b0ac35f,esp32-02,telemetry,1769616051156,1769616051419,1769616051419,1769616051419,1769616051419,1769616051419,300,5000,ok
45ea7ba3-29c5-46e0-b393-0ccb9807ef8e,esp32-03,telemetry,1769616051177,1769616051419,1769616051420,1769616051420,1769616051420,1769616051420,300,5000,ok
785a4ad7-8e50-4739-8149-66df17c80986,esp32-01,telemetry,1769616051197,1769616051507,1769616051507,1769616051507,1769616051507,1769616051507,300,5000,ok
3875dcda-40d1-443e-abdb-9fd32f259eb1,esp32-02,telemetry,1769616051217,1769616051507,1769616051508,1769616051508,1769616051508,1769616051508,300,5000,ok
9a8b016b-e751-4346-890f-36472cc0b086,esp32-03,telemetry,1769616051236,1769616051507,1769616051509,1769616051509,1769616051509,1769616051509,300,5000,ok
fc0e0faf-29a9-4344-b26b-97678d4caa64,esp32-01,telemetry,1769616051257,1769616051507,1769616051509,1769616051509,1769616051509,1769616051509,300,5000,ok
21d05f45-4999-41c1-9b0c-c76bf24651a7,esp32-03,telemetry,1769616052037,1769616052367,1769616052367,1769616052367,1769616052367,1769616052367,300,5000,ok
d725c09b-4f21-411d-bc0a-5bc3f2435188,esp32-01,telemetry,1769616052057,1769616052367,1769616052368,1769616052368,1769616052368,1769616052368,300,5000,ok
ddc63183-93d1-4dfd-973a-a73914df2696,esp32-02,telemetry,1769616052078,1769616052367,1769616052368,1769616052368,1769616052368,1769616052368,300,5000,ok
b9d5ddeb-14f0-41f1-be7d-3c2c8c07b6fe,esp32-03,telemetry,1769616052098,1769616052367,1769616052369,1769616052369,1769616052369,1769616052369,300,5000,ok
65b5508b-02a6-4251-9529-77e26e87394e,esp32-01,telemetry,1769616052118,1769616052368,1769616052369,1769616052369,1769616052369,1769616052369,300,5000,ok
91855561-04ca-401b-966c-ecbbeb13cf83,esp32-02,telemetry,1769616052139,1769616052368,1769616052369,1769616052369,1769616052369,1769616052369,300,5000,ok
65b2f721-0ff4-4ca1-9697-9b6473d87f1d,esp32-03,telemetry,1769616052158,1769616052474,1769616052474,1769616052474,1769616052474,1769616052474,300,5000,ok
28a622bb-f097-4684-aa9c-70b0bfc16ac3,esp32-01,telemetry,1769616052178,1769616052474,1769616052475,1769616052475,1769616052475,1769616052475,300,5000,ok
4d5fdadb-2f1f-4f68-b49b-0c91c74b1631,esp32-02,telemetry,1769616052199,1769616052474,1769616052475,1769616052475,1769616052475,1769616052475,300,5000,ok
003b95df-dda9-43ed-8f43-b43823aa704f,esp32-03,telemetry,1769616052218,1769616052474,1769616052476,1769616052476,1769616052476,1769616052476,300,5000,ok
a50a6fd6-5ddf-48d1-bf5c-1965c031eee0,esp32-02,telemetry,1769616053045,1769616053370,1769616053370,1769616053370,1769616053370,1769616053370,300,5000,ok
f512f62a-4b0b-4c50-aed1-83c08c5fd8dd,esp32-03,telemetry,1769616053065,1769616053370,1769616053370,1769616053370,1769616053370,1769616053370,300,5000,ok
8b5e6fa8-9935-4f73-b097-8d56141a2a69,esp32-01,telemetry,1769616053086,1769616053371,1769616053372,1769616053372,1769616053372,1769616053372,300,5000,ok
1cec3a42-eadb-4f45-872f-f3d1e55b71d6,esp32-02,telemetry,1769616053106,1769616053371,1769616053372,1769616053372,1769616053372,1769616053372,300,5000,ok
bbefd6bd-14e5-4b7d-a14b-5ddcad7bb3fc,esp32-03,telemetry,1769616053126,1769616053371,1769616053373,1769616053373,1769616053373,1769616053373,300,5000,ok
7cd1d160-269a-4941-91d4-e5bcfcafee6b,esp32-01,telemetry,1769616053147,1769616053371,1769616053373,1769616053373,1769616053373,1769616053373,300,5000,ok
a675d0f1-4ded-47d1-a173-afa9461c34a9,esp32-02,telemetry,1769616053168,1769616053479,1769616053479,1769616053479,1769616053479,1769616053479,300,5000,ok
37c60fcd-c397-4c60-a6da-0d4f57821430,esp32-03,telemetry,1769616053187,1769616053479,1769616053480,1769616053480,1769616053480,1769616053480,300,5000,ok
a7252c20-d609-45f1-b377-16ef5f0f5a54,esp32-01,telemetry,1769616053208,1769616053480,1769616053480,1769616053480,1769616053480,1769616053480,300,5000,ok
f41c029b-4141-444f-818c-0fa867ef082e,esp32-02,telemetry,1769616053228,1769616053480,1769616053481,1769616053481,1769616053481,1769616053481,300,5000,ok
c025e09e-1d31-4439-a3ef-87bded8b7ffd,esp32-01,telemetry,1769616054052,1769616054376,1769616054376,1769616054376,1769616054376,1769616054376,300,5000,ok
994f9a28-41cc-470d-868c-be8784913e36,esp32-02,telemetry,1769616054072,1769616054376,1769616054376,1769616054376,1769616054376,1769616054376,300,5000,ok
6f9b59c2-12db-457a-b6de-9911c3bb2b61,esp32-03,telemetry,1769616054093,1769616054376,1769616054377,1769616054377,1769616054377,1769616054377,300,5000,ok
f53becdb-8695-43f3-a701-4aaaf8d38e88,esp32-01,telemetry,1769616054112,1769616054376,1769616054377,1769616054377,1769616054377,1769616054377,300,5000,ok
e5696434-138a-42c4-8af7-4fa8d4acc4cf,esp32-02,telemetry,1769616054132,1769616054376,1769616054377,1769616054377,1769616054377,1769616054377,300,5000,ok
944f6f2d-9892-48ad-b19e-b4af95492511,esp32-03,telemetry,1769616054153,1769616054376,1769616054378,1769616054378,1769616054378,1769616054378,300,5000,ok
e7f8ebe8-0b34-470e-b348-1f91c22f85ab,esp32-01,telemetry,1769616054173,1769616054503,1769616054503,1769616054503,1769616054503,1769616054503,300,5000,ok
5c67d94a-152b-4cae-8230-dc53c1b6fc13,esp32-02,telemetry,1769616054193,1769616054504,1769616054504,1769616054504,1769616054504,1769616054504,300,5000,ok
729bf9cd-ff41-437b-aa2a-75cb252db951,esp32-03,telemetry,1769616054212,1769616054504,1769616054505,1769616054505,1769616054505,1769616054505,300,5000,ok
4ff4d6ad-3d6b-4102-be05-6691aea2e238,esp32-01,telemetry,1769616054233,1769616054504,1769616054506,1769616054506,1769616054506,1769616054506,300,5000,ok
f5fc9e01-9438-4a97-8680-0741aacbe1c2,esp32-01,telemetry,1769616055082,1769616055393,1769616055393,1769616055393,1769616055393,1769616055393,300,5000,ok
8a875a68-105c-41ca-a14f-1ab0f0750b57,esp32-02,telemetry,1769616055102,1769616055393,1769616055394,1769616055394,1769616055394,1769616055394,300,5000,ok
6f7f1c1c-f5a6-4c34-b8f8-bbb3204e2eea,esp32-03,telemetry,1769616055121,1769616055394,1769616055394,1769616055394,1769616055394,1769616055394,300,5000,ok
db59e169-1b56-4dae-addb-c164543953f5,esp32-01,telemetry,1769616055142,1769616055394,1769616055395,1769616055395,1769616055395,1769616055395,300,5000,ok
3b80787d-b675-46c7-92b8-d90b8ad337ad,esp32-02,telemetry,1769616055162,1769616055394,1769616055395,1769616055395,1769616055395,1769616055395,300,5000,ok
1cc483f2-29d6-44e5-9761-088774b4853f,esp32-03,telemetry,1769616055182,1769616055504,1769616055504,1769616055504,1769616055504,1769616055504,300,5000,ok
4ba09f54-b0e9-45e2-954c-d7a8b47ae0c6,esp32-01,telemetry,1769616055202,1769616055504,1769616055505,1769616055505,1769616055505,1769616055505,300,5000,ok
5d35b8ff-ee73-473d-a0d6-56d08646223b,esp32-02,telemetry,1769616055221,1769616055505,1769616055506,1769616055506,1769616055506,1769616055506,300,5000,ok
3cdce01d-c5f8-4140-b22b-636600d94b9f,esp32-03,telemetry,1769616055242,1769616055505,1769616055506,1769616055506,1769616055506,1769616055506,300,5000,ok
73b431cd-b9da-4d6f-a28f-5119bc609b53,esp32-01,telemetry,1769616055262,1769616055505,1769616055507,1769616055507,1769616055507,1769616055507,300,5000,ok
4f62ae1e-3f93-4bc5-90ca-e356fb6e3b16,esp32-03,telemetry,1769616056151,1769616056419,1769616056419,1769616056419,1769616056419,1769616056419,300,5000,ok
ad452e02-4d3e-4352-b73f-819bdeb1b83d,esp32-01,telemetry,1769616056172,1769616056420,1769616056420,1769616056420,1769616056420,1769616056420,300,5000,ok
4acfd6c3-1fc8-42db-b8b1-912b4397ffc7,esp32-02,telemetry,1769616056192,1769616056420,1769616056421,1769616056421,1769616056421,1769616056421,300,5000,ok
af745400-b28a-4337-9eaa-6b6a58c71521,esp32-03,telemetry,1769616056211,1769616056524,1769616056524,1769616056524,1769616056524,1769616056524,300,5000,ok
b9c00786-4eeb-4890-b7de-3585d685547e,esp32-01,telemetry,1769616056231,1769616056524,1769616056524,1769616056524,1769616056524,1769616056524,300,5000,ok
ccf6b914-f86e-4d27-b19c-0db00692d9c1,esp32-02,telemetry,1769616056252,1769616056524,1769616056525,1769616056525,1769616056525,1769616056525,300,5000,ok
7e128162-ffba-4115-86de-762c2ed5ff54,esp32-03,telemetry,1769616056272,1769616056524,1769616056525,1769616056525,1769616056525,1769616056525,300,5000,ok
9406a9f8-728f-4e87-95b0-31fff0d25e87,esp32-01,telemetry,1769616056293,1769616056524,1769616056526,1769616056526,1769616056526,1769616056526,300,5000,ok
1d31eb25-78a8-488d-bb1a-1b8145223541,esp32-02,telemetry,1769616056312,1769616056602,1769616056602,1769616056602,1769616056602,1769616056602,300,5000,ok
921843c9-04d8-4205-bede-4fbf4a242aaa,esp32-03,telemetry,1769616056333,1769616056603,1769616056603,1769616056603,1769616056603,1769616056603,300,5000,ok
24f9201a-6adf-419d-8511-6026e553991b,esp32-03,telemetry,1769616057183,1769616057471,1769616057471,1769616057471,1769616057471,1769616057471,300,5000,ok
ca72f82f-e4c1-4941-aee2-ab20452c4b56,esp32-01,telemetry,1769616057203,1769616057471,1769616057471,1769616057471,1769616057471,1769616057471,300,5000,ok
8cfe7bc9-4c73-4d34-9eae-214c4e843882,esp32-02,telemetry,1769616057224,1769616057471,1769616057472,1769616057472,1769616057472,1769616057472,300,5000,ok
e3078216-655e-4a4c-bf79-820be4b0e228,esp32-03,telemetry,1769616057243,1769616057472,1769616057473,1769616057473,1769616057473,1769616057473,300,5000,ok
9d3665f0-f161-4f23-a871-9a81c5dd5215,esp32-01,telemetry,1769616057263,1769616057534,1769616057534,1769616057534,1769616057534,1769616057534,300,5000,ok
bd01962d-422b-4bc9-8db0-084e4ede1e81,esp32-02,telemetry,1769616057284,1769616057534,1769616057535,1769616057535,1769616057535,1769616057535,300,5000,ok
ba6dd497-631d-4450-9b4c-3de93e47c1dd,esp32-03,telemetry,1769616057305,1769616057534,1769616057535,1769616057535,1769616057535,1769616057535,300,5000,ok
3fcc069f-06ab-4e60-bf88-2dff323319e6,esp32-01,telemetry,1769616057324,1769616057644,1769616057653,1769616057653,1769616057653,1769616057653,300,5000,ok
4f8552f2-e1a4-435b-a803-8230a8e11a79,esp32-02,telemetry,1769616057345,1769616057644,1769616057653,1769616057653,1769616057653,1769616057653,300,5000,ok
6a724b31-c098-4681-b741-fb17be84e48d,esp32-03,telemetry,1769616057365,1769616057644,1769616057654,1769616057654,1769616057654,1769616057654,300,5000,ok
648efec6-e5f2-451a-a679-9547aef88bf7,esp32-03,telemetry,1769616058165,1769616058490,1769616058490,1769616058490,1769616058490,1769616058490,300,5000,ok
d81dfc4d-a369-4ee7-a3d9-6df8f8e872bc,esp32-01,telemetry,1769616058184,1769616058490,1769616058491,1769616058491,1769616058491,1769616058491,300,5000,ok
5e9cf47a-ecd8-490c-9a50-f100b97bc023,esp32-02,telemetry,1769616058205,1769616058490,1769616058491,1769616058491,1769616058491,1769616058491,300,5000,ok
ba195cb1-2582-44ba-8ba7-79df0911882f,esp32-03,telemetry,1769616058225,1769616058491,1769616058492,1769616058492,1769616058492,1769616058492,300,5000,ok
178f1874-7d0f-435a-88a6-81004f41bba8,esp32-01,telemetry,1769616058246,1769616058491,1769616058492,1769616058492,1769616058492,1769616058492,300,5000,ok
1612b9b2-7675-49cb-945e-1f12412da7a3,esp32-02,telemetry,1769616058267,1769616058491,1769616058492,1769616058492,1769616058492,1769616058492,300,5000,ok
dc171a84-ca9d-4141-b4d6-a7baced816f1,esp32-03,telemetry,1769616058287,1769616058539,1769616058539,1769616058539,1769616058539,1769616058539,300,5000,ok
eba8552e-3c59-4dc0-8740-90c523351ae9,esp32-01,telemetry,1769616058308,1769616058540,1769616058540,1769616058540,1769616058540,1769616058540,300,5000,ok
ddda2a9f-f215-4ff5-aa30-d4c530401dc8,esp32-02,telemetry,1769616058327,1769616058608,1769616058608,1769616058608,1769616058608,1769616058608,300,5000,ok
24d1b753-4a34-4af5-87d1-b692741d5dcb,esp32-03,telemetry,1769616058348,1769616058608,1769616058609,1769616058609,1769616058609,1769616058609,300,5000,ok
171df56c-65ec-408e-91f7-3f0b9ae7b341,esp32-02,telemetry,1769616059231,1769616059529,1769616059529,1769616059529,1769616059529,1769616059529,300,5000,ok
e4484776-4a22-465d-8f08-7a46e613073d,esp32-03,telemetry,1769616059251,1769616059529,1769616059530,1769616059530,1769616059530,1769616059530,300,5000,ok
516d6188-28fe-4c8d-a78a-6e8e89fea29d,esp32-01,telemetry,1769616059272,1769616059529,1769616059530,1769616059530,1769616059530,1769616059530,300,5000,ok
f82409b4-28a6-40f9-a1cd-fa6731c7e419,esp32-02,telemetry,1769616059293,1769616059530,1769616059530,1769616059530,1769616059530,1769616059530,300,5000,ok
48421331-a412-4b61-b41c-59d46280f529,esp32-03,telemetry,1769616059313,1769616059619,1769616059619,1769616059619,1769616059619,1769616059619,300,5000,ok
a4c69e94-7cfd-4478-b582-223c54fdd470,esp32-01,telemetry,1769616059333,1769616059620,1769616059620,1769616059620,1769616059620,1769616059620,300,5000,ok
84f1a517-9c26-458c-b227-9b4b5c65f400,esp32-02,telemetry,1769616059353,1769616059620,1769616059621,1769616059621,1769616059621,1769616059621,300,5000,ok
f0f5b51c-d0ab-4316-99b8-ea9970beaa90,esp32-03,telemetry,1769616059373,1769616059620,1769616059621,1769616059621,1769616059621,1769616059621,300,5000,ok
73f36dd6-770a-415b-9c37-c3dd4b09f705,esp32-01,telemetry,1769616059393,1769616059620,1769616059622,1769616059622,1769616059622,1769616059622,300,5000,ok
5c2c6420-15f2-4040-8a27-ab2d8dc393c7,esp32-02,telemetry,1769616059413,1769616059672,1769616059672,1769616059672,1769616059672,1769616059672,300,5000,ok
a4ee863d-be9a-4c2a-ac90-095cdf3ef390,esp32-03,telemetry,1769616060228,1769616060555,1769616060555,1769616060555,1769616060555,1769616060555,300,5000,ok
3b975dbc-4e46-4123-9514-9f0bc9b23ffe,esp32-01,telemetry,1769616060249,1769616060555,1769616060556,1769616060556,1769616060556,1769616060556,300,5000,ok
bbea0ecf-441d-4f22-bd96-13f21c0faaf0,esp32-02,telemetry,1769616060270,1769616060555,1769616060556,1769616060556,1769616060556,1769616060556,300,5000,ok
165a2f7c-11ca-46e4-bda9-1d57d243bbcd,esp32-03,telemetry,1769616060290,1769616060555,1769616060556,1769616060556,1769616060556,1769616060556,300,5000,ok
efb97e70-479a-42d2-aaff-9df431cde637,esp32-01,telemetry,1769616060309,1769616060555,1769616060557,1769616060557,1769616060557,1769616060557,300,5000,ok
75afc48e-2166-4c4d-b933-ee09e1686758,esp32-02,telemetry,1769616060330,1769616060555,1769616060557,1769616060557,1769616060557,1769616060557,300,5000,ok
b8b07133-b57b-40b2-9009-fcfb1509e303,esp32-03,telemetry,1769616060350,1769616060577,1769616060577,1769616060577,1769616060577,1769616060577,300,5000,ok
a239ee95-c341-4d72-9b50-7cc5f72ef558,esp32-01,telemetry,1769616060371,1769616060696,1769616060696,1769616060696,1769616060696,1769616060696,300,5000,ok
6ddae087-4d2d-402a-b1ff-5b5f791282e9,esp32-02,telemetry,1769616060391,1769616060696,1769616060696,1769616060696,1769616060696,1769616060696,300,5000,ok
50db5358-feca-47a3-bed9-a86c8d466ea3,esp32-03,telemetry,1769616060411,1769616060696,1769616060697,1769616060697,1769616060697,1769616060697,300,5000,ok
b441eabb-d99b-45dd-b685-1331ebb8a243,esp32-02,telemetry,1769616061326,1769616061574,1769616061574,1769616061574,1769616061574,1769616061574,300,5000,ok
4d8823c3-b22d-4464-b2b5-c33b3ff080df,esp32-03,telemetry,1769616061347,1769616061574,1769616061575,1769616061575,1769616061575,1769616061575,300,5000,ok
6017b5fd-ee40-4028-bcca-c2d073cb1b54,esp32-01,telemetry,1769616061367,1769616061678,1769616061678,1769616061678,1769616061678,1769616061678,300,5000,ok
e6b8d7e4-5457-48aa-859d-aa346046db2e,esp32-02,telemetry,1769616061387,1769616061678,1769616061679,1769616061679,1769616061679,1769616061679,300,5000,ok
b21534a3-5d46-4e12-a8e1-a850bb473915,esp32-03,telemetry,1769616061407,1769616061679,1769616061679,1769616061679,1769616061679,1769616061679,300,5000,ok
6fb9b419-60b0-4de3-83c6-eb772b6f2681,esp32-01,telemetry,1769616061427,1769616061679,1769616061680,1769616061680,1769616061680,1769616061680,300,5000,ok
25a08c38-3e9b-45c8-86ad-c686b7a77d7b,esp32-02,telemetry,1769616061447,1769616061679,1769616061680,1769616061680,1769616061680,1769616061680,300,5000,ok
93127197-b47a-4139-8380-631bdf2667ae,esp32-03,telemetry,1769616061466,1769616061709,1769616061709,1769616061709,1769616061709,1769616061709,300,5000,ok
59503a58-3020-48ec-91e1-517d6a712e70,esp32-01,telemetry,1769616061487,1769616061709,1769616061710,1769616061710,1769616061710,1769616061710,300,5000,ok
c8951787-1174-457b-b0f8-b4a3320c6214,esp32-02,telemetry,1769616061507,1769616061756,1769616061756,1769616061756,1769616061756,1769616061756,300,5000,ok
5aee9af0-bce3-4f4d-b422-a2db611f4d9d,esp32-03,telemetry,1769616062263,1769616062586,1769616062586,1769616062586,1769616062586,1769616062586,300,5000,ok
aa75fe0a-3068-4dba-9cb9-78183bb3d9a6,esp32-01,telemetry,1769616062282,1769616062586,1769616062586,1769616062586,1769616062586,1769616062586,300,5000,ok
613d2397-0151-4fd6-af7e-d25849f9b3c4,esp32-02,telemetry,1769616062303,1769616062586,1769616062587,1769616062587,1769616062587,1769616062587,300,5000,ok
c38e76a6-21f8-4c8e-b913-fcd56e4de305,esp32-03,telemetry,1769616062323,1769616062586,1769616062587,1769616062587,1769616062587,1769616062587,300,5000,ok
ad446420-8766-4a63-a404-c7f63bebc0cd,esp32-01,telemetry,1769616062342,1769616062586,1769616062587,1769616062588,1769616062588,1769616062588,300,5000,ok
37be1040-3c5f-42b4-ba40-1732e5719696,esp32-02,telemetry,1769616062363,1769616062586,1769616062588,1769616062588,1769616062588,1769616062588,300,5000,ok
eb536e59-e6e8-4c97-af36-88d24d19dab2,esp32-03,telemetry,1769616062382,1769616062628,1769616062628,1769616062628,1769616062628,1769616062628,300,5000,ok
6a2519e4-a989-4925-a710-82ed7d42d972,esp32-01,telemetry,1769616062402,1769616062629,1769616062629,1769616062629,1769616062629,1769616062629,300,5000,ok
d2943fed-e547-47da-9b06-a9c8ed16b755,esp32-02,telemetry,1769616062422,1769616062707,1769616062707,1769616062707,1769616062707,1769616062707,300,5000,ok
09fbe54c-f943-48af-9eaa-3b45a74d053e,esp32-03,telemetry,1769616062443,1769616062707,1769616062708,1769616062708,1769616062708,1769616062708,300,5000,ok
da699574-91d9-4122-878a-0da0544f4de9,esp32-02,telemetry,1769616063331,1769616063612,1769616063612,1769616063612,1769616063612,1769616063612,300,5000,ok
7b0a50fa-1987-4873-b7d8-17078a4b2bd5,esp32-03,telemetry,1769616063352,1769616063612,1769616063613,1769616063613,1769616063613,1769616063613,300,5000,ok
99e4f9bc-b6f7-4deb-80c5-443fb7dc38e1,esp32-01,telemetry,1769616063371,1769616063612,1769616063613,1769616063613,1769616063613,1769616063613,300,5000,ok
92f1f810-469f-4007-840b-61666074caaf,esp32-02,telemetry,1769616063392,1769616063715,1769616063715,1769616063715,1769616063715,1769616063715,300,5000,ok
f4fac9d9-93b3-42b6-bcce-76bea020ade7,esp32-03,telemetry,1769616063412,1769616063715,1769616063716,1769616063716,1769616063716,1769616063716,300,5000,ok
8e13b288-9db3-4616-96ac-0c5e53bc1664,esp32-01,telemetry,1769616063432,1769616063715,1769616063716,1769616063716,1769616063716,1769616063716,300,5000,ok
07f556df-6e80-4d23-af05-89e8fbbcd4ff,esp32-02,telemetry,1769616063453,1769616063715,1769616063717,1769616063717,1769616063717,1769616063717,300,5000,ok
98201f93-d802-4e9f-9163-3293ccafa650,esp32-03,telemetry,1769616063473,1769616063715,1769616063717,1769616063717,1769616063717,1769616063717,300,5000,ok
7995419a-b268-4514-9d36-6cfea5234f69,esp32-01,telemetry,1769616063492,1769616063716,1769616063717,1769616063717,1769616063717,1769616063717,300,5000,ok
a2a38cc2-07ed-45e2-86f3-1112d7b99ef4,esp32-02,telemetry,1769616063512,1769616063761,1769616063761,1769616063761,1769616063761,1769616063761,300,5000,ok
f70a93a4-f90c-4312-8c47-121e14dd95f3,esp32-01,telemetry,1769616064366,1769616064637,1769616064637,1769616064637,1769616064637,1769616064637,300,5000,ok
35aa1417-68a9-448d-a524-062b93788f68,esp32-02,telemetry,1769616064386,1769616064637,1769616064638,1769616064638,1769616064638,1769616064638,300,5000,ok
f6833b68-e9e5-49fa-af38-82108fdd2241,esp32-03,telemetry,1769616064407,1769616064637,1769616064638,1769616064638,1769616064638,1769616064638,300,5000,ok
cc7dd191-f7bb-4058-8535-c5b00f4212dc,esp32-01,telemetry,1769616064427,1769616064684,1769616064684,1769616064684,1769616064684,1769616064684,300,5000,ok
376a7302-c16b-455a-af81-70a06e152188,esp32-02,telemetry,1769616064447,1769616064684,1769616064684,1769616064684,1769616064684,1769616064685,300,5000,ok
210226b6-10b6-49e6-9597-add79b45c98b,esp32-03,telemetry,1769616064468,1769616064802,1769616064802,1769616064802,1769616064802,1769616064802,300,5000,ok
401c4e8b-5307-4fcf-af3b-6a0a18bd7f61,esp32-01,telemetry,1769616064488,1769616064802,1769616064803,1769616064803,1769616064803,1769616064803,300,5000,ok
169364cf-59ee-4aee-a1ea-64ca9be3dd2e,esp32-02,telemetry,1769616064509,1769616064802,1769616064803,1769616064803,1769616064803,1769616064803,300,5000,ok
3077f8b6-6c4b-4f7a-b1dd-1b3e4db9500e,esp32-03,telemetry,1769616064529,1769616064803,1769616064804,1769616064804,1769616064804,1769616064804,300,5000,ok
83ef6962-f210-4856-bae3-ad4ae5724c51,esp32-01,telemetry,1769616064548,1769616064803,1769616064804,1769616064804,1769616064804,1769616064804,300,5000,ok
7d0256c6-239e-4294-8137-3bc8cb04347e,esp32-03,telemetry,1769616065381,1769616065707,1769616065707,1769616065707,1769616065707,1769616065707,300,5000,ok
db8e3dfc-d63b-4373-847c-f68947434153,esp32-01,telemetry,1769616065400,1769616065707,1769616065708,1769616065708,1769616065708,1769616065708,300,5000,ok
df18b04e-7857-47a8-aa68-87d1b2d5e78b,esp32-02,telemetry,1769616065421,1769616065707,1769616065708,1769616065709,1769616065709,1769616065709,300,5000,ok
dea6868a-040c-4dd7-91d0-453ac96c5272,esp32-03,telemetry,1769616065442,1769616065707,1769616065709,1769616065709,1769616065709,1769616065709,300,5000,ok
7df086ca-63ff-4090-a936-e5439528ed3f,esp32-01,telemetry,1769616065461,1769616065707,1769616065710,1769616065710,1769616065710,1769616065710,300,5000,ok
e15d04cd-e360-48f8-802f-ed6497818e3b,esp32-02,telemetry,1769616065482,1769616065708,1769616065710,1769616065710,1769616065710,1769616065711,300,5000,ok
2d598bcf-d43b-4029-bd47-abb25e340564,esp32-03,telemetry,1769616065502,1769616065827,1769616065827,1769616065827,1769616065827,1769616065827,300,5000,ok
1f74072b-6572-4f64-95b1-a4ad83d79cef,esp32-01,telemetry,1769616065521,1769616065827,1769616065828,1769616065828,1769616065828,1769616065828,300,5000,ok
90715195-2412-4801-afa5-6867990ae8b5,esp32-02,telemetry,1769616065542,1769616065827,1769616065828,1769616065828,1769616065828,1769616065828,300,5000,ok
1b0c0f7c-02b3-46f4-908e-4481cadcb9e0,esp32-03,telemetry,1769616065562,1769616065827,1769616065828,1769616065828,1769616065829,1769616065829,300,5000,ok
aa45e4cf-0989-44b7-b00c-972ad5692bc2,esp32-02,telemetry,1769616066405,1769616066732,1769616066732,1769616066732,1769616066732,1769616066732,300,5000,ok
a2bd3932-e91a-425e-aaef-d6efe2ed3ba3,esp32-03,telemetry,1769616066426,1769616066733,1769616066734,1769616066734,1769616066734,1769616066734,300,5000,ok
07ef77f6-eca9-4033-9ee8-91c11fcca420,esp32-01,telemetry,1769616066447,1769616066734,1769616066735,1769616066735,1769616066735,1769616066735,300,5000,ok
7c3331b0-122d-4e5f-9585-1da32aeb00be,esp32-02,telemetry,1769616066467,1769616066734,1769616066736,1769616066736,1769616066736,1769616066736,300,5000,ok
f880dac4-b534-45ef-b1c0-3c40e9a60df4,esp32-03,telemetry,1769616066487,1769616066734,1769616066736,1769616066736,1769616066736,1769616066736,300,5000,ok
7a0d2916-a14c-4d34-9de5-6e63d56596d5,esp32-01,telemetry,1769616066507,1769616066734,1769616066738,1769616066738,1769616066738,1769616066738,300,5000,ok
589525a8-958c-4f59-96f7-a8b5c9a7185b,esp32-02,telemetry,1769616066528,1769616066752,1769616066752,1769616066752,1769616066752,1769616066752,300,5000,ok
563dade7-a861-4553-9d3d-96baf59dd853,esp32-03,telemetry,1769616066548,1769616066872,1769616066872,1769616066872,1769616066872,1769616066872,300,5000,ok
23141777-0fe5-4506-888b-5b571c349045,esp32-01,telemetry,1769616066568,1769616066872,1769616066873,1769616066873,1769616066873,1769616066873,300,5000,ok
0dda4bf4-9ccd-458c-82e6-778195106cd6,esp32-02,telemetry,1769616066590,1769616066872,1769616066873,1769616066873,1769616066873,1769616066873,300,5000,ok
bb4a4b2c-6299-4284-9e03-8ab24842f87b,esp32-02,telemetry,1769616067433,1769616067741,1769616067741,1769616067741,1769616067741,1769616067741,300,5000,ok
1284e948-cc47-4fbd-b1a5-603aa69e584e,esp32-03,telemetry,1769616067453,1769616067741,1769616067742,1769616067742,1769616067742,1769616067742,300,5000,ok
5312fa1c-be8b-4775-914f-84729558e34f,esp32-01,telemetry,1769616067473,1769616067741,1769616067743,1769616067743,1769616067743,1769616067743,300,5000,ok
708f9e08-3d0a-4f1d-993d-1fab89f224a7,esp32-02,telemetry,1769616067493,1769616067741,1769616067743,1769616067743,1769616067743,1769616067743,300,5000,ok
5e798b1b-218d-4622-a61f-838b2bac7c1d,esp32-03,telemetry,1769616067513,1769616067741,1769616067744,1769616067744,1769616067744,1769616067744,300,5000,ok
9b176563-c426-426a-9ef9-b25d7fe0504a,esp32-01,telemetry,1769616067534,1769616067774,1769616067774,1769616067774,1769616067774,1769616067774,300,5000,ok
3e041662-65d8-4a07-9866-3f585995af42,esp32-02,telemetry,1769616067555,1769616067864,1769616067864,1769616067864,1769616067864,1769616067864,300,5000,ok
5198b730-e4ff-4214-a2b8-f5f86ba3ee03,esp32-03,telemetry,1769616067574,1769616067865,1769616067865,1769616067865,1769616067865,1769616067865,300,5000,ok
54ae4ea4-5665-4181-b47e-f15c89b4a4f9,esp32-01,telemetry,1769616067595,1769616067865,1769616067865,1769616067865,1769616067865,1769616067865,300,5000,ok
af3d49ef-0a76-4672-bfa9-014800571a66,esp32-02,telemetry,1769616067614,1769616067866,1769616067866,1769616067866,1769616067866,1769616067866,300,5000,ok
1b895c2a-c7d0-4810-b887-f8ac3580eccb,esp32-02,telemetry,1769616068459,1769616068771,1769616068771,1769616068771,1769616068771,1769616068771,300,5000,ok
1059b0ec-7e16-40ed-b037-a15e35dcf20e,esp32-03,telemetry,1769616068479,1769616068772,1769616068772,1769616068772,1769616068772,1769616068772,300,5000,ok
453d9481-e88d-46da-843c-449f1830364f,esp32-01,telemetry,1769616068500,1769616068772,1769616068773,1769616068773,1769616068773,1769616068773,300,5000,ok
5a906b07-5ff6-4da7-b0c2-37c96d2775da,esp32-02,telemetry,1769616068520,1769616068772,1769616068773,1769616068773,1769616068773,1769616068773,300,5000,ok
fa20cd9d-cdef-4d81-a2ec-c2f424b3bb40,esp32-03,telemetry,1769616068539,1769616068772,1769616068773,1769616068773,1769616068773,1769616068773,300,5000,ok
daa6afe1-21af-44f2-bb6d-63dc29eae5ca,esp32-01,telemetry,1769616068559,1769616068897,1769616068898,1769616068898,1769616068898,1769616068898,300,5000,ok
3822e3cc-a9f0-4368-a65b-2d3a4ea40f68,esp32-02,telemetry,1769616068579,1769616068898,1769616068899,1769616068899,1769616068899,1769616068899,300,5000,ok
181c1652-46e0-4ea4-883a-47a49fa492b1,esp32-03,telemetry,1769616068600,1769616068898,1769616068899,1769616068899,1769616068899,1769616068899,300,5000,ok
10637830-4887-441a-ae20-e41219f28a2c,esp32-01,telemetry,1769616068619,1769616068898,1769616068899,1769616068899,1769616068899,1769616068899,300,5000,ok
f9b11b4e-1756-4c8d-8ede-272dadce25b5,esp32-02,telemetry,1769616068640,1769616068898,1769616068900,1769616068900,1769616068900,1769616068900,300,5000,ok
dd2830b3-cf82-448f-9032-1364baae662c,esp32-02,telemetry,1769616069505,1769616069803,1769616069803,1769616069803,1769616069803,1769616069803,300,5000,ok
d6908dce-63e6-482d-bc4b-8607da6a22ee,esp32-03,telemetry,1769616069525,1769616069804,1769616069804,1769616069804,1769616069804,1769616069804,300,5000,ok
ee8e067e-0e00-4fc6-9efb-1dba831a2c69,esp32-01,telemetry,1769616069545,1769616069804,1769616069805,1769616069805,1769616069805,1769616069805,300,5000,ok
b867eeca-3727-42cd-88a4-009318e7770e,esp32-02,telemetry,1769616069565,1769616069804,1769616069805,1769616069805,1769616069805,1769616069805,300,5000,ok
896b55c2-2223-4092-8ba0-b9b51603a8a9,esp32-03,telemetry,1769616069584,1769616069834,1769616069834,1769616069834,1769616069834,1769616069834,300,5000,ok
ef616a2c-a267-4a14-896f-7a86c0543e06,esp32-01,telemetry,1769616069605,1769616069835,1769616069835,1769616069835,1769616069835,1769616069835,300,5000,ok
6d4fec52-f6f3-4bd4-afb6-c4e38fdba773,esp32-02,telemetry,1769616069624,1769616069948,1769616069948,1769616069948,1769616069948,1769616069948,300,5000,ok
4244aadc-a8fa-4c9f-9958-17be5163818a,esp32-03,telemetry,1769616069645,1769616069948,1769616069948,1769616069948,1769616069948,1769616069948,300,5000,ok
4a8549ec-4562-4f63-a993-65b602608ca8,esp32-01,telemetry,1769616069665,1769616069948,1769616069949,1769616069949,1769616069949,1769616069949,300,5000,ok
04813640-4e59-4cab-bf66-e834410ea418,esp32-02,telemetry,1769616069684,1769616069948,1769616069949,1769616069949,1769616069949,1769616069949,300,5000,ok
86bea7a3-def0-463f-83a4-45a17448ec62,esp32-02,telemetry,1769616070531,1769616070828,1769616070828,1769616070828,1769616070828,1769616070828,300,5000,ok
c4701392-fffb-471b-be57-707517e409a9,esp32-03,telemetry,1769616070550,1769616070829,1769616070829,1769616070829,1769616070829,1769616070829,300,5000,ok
f38ddcbd-779a-4299-b506-7bce796a8699,esp32-01,telemetry,1769616070571,1769616070830,1769616070830,1769616070830,1769616070830,1769616070830,300,5000,ok
8e87add4-af91-428b-ac87-078bf9cd6761,esp32-02,telemetry,1769616070590,1769616070830,1769616070830,1769616070830,1769616070830,1769616070830,300,5000,ok
a2c6e82c-4485-4ddf-abb5-fe0b48b4d13a,esp32-03,telemetry,1769616070610,1769616070906,1769616070906,1769616070906,1769616070906,1769616070906,300,5000,ok
1de9535c-1202-41e7-84ec-e6d1a96883c0,esp32-01,telemetry,1769616070630,1769616070907,1769616070907,1769616070907,1769616070907,1769616070907,300,5000,ok
b417727e-db02-48a5-b646-f423e4855b74,esp32-02,telemetry,1769616070651,1769616070907,1769616070908,1769616070908,1769616070908,1769616070908,300,5000,ok
263d01ad-71e7-4369-a713-6a0535d4589b,esp32-03,telemetry,1769616070671,1769616070907,1769616070908,1769616070908,1769616070908,1769616070908,300,5000,ok
c87358b4-8e50-4347-b406-a757234f51ff,esp32-01,telemetry,1769616070691,1769616070932,1769616070932,1769616070932,1769616070932,1769616070932,300,5000,ok
b2fa1dbb-e41c-4043-a765-66626a7c5133,esp32-02,telemetry,1769616070711,1769616070975,1769616070975,1769616070975,1769616070975,1769616070975,300,5000,ok
503b70f6-7c16-4c04-910b-5deb762bfb01,esp32-03,telemetry,1769616071583,1769616071838,1769616071838,1769616071838,1769616071838,1769616071838,300,5000,ok
8a44f094-0b00-4408-9655-9234c3375f3f,esp32-01,telemetry,1769616071603,1769616071838,1769616071839,1769616071839,1769616071839,1769616071839,300,5000,ok
8a5c1384-8556-462b-99a2-913d9e129416,esp32-02,telemetry,1769616071623,1769616071875,1769616071875,1769616071875,1769616071875,1769616071875,300,5000,ok
8aa82acc-70fc-4008-a3ef-3e5c359d9f9f,esp32-03,telemetry,1769616071643,1769616071875,1769616071875,1769616071875,1769616071875,1769616071875,300,5000,ok
a4940fb4-c463-488e-af93-0e42b56c5312,esp32-01,telemetry,1769616071663,1769616071987,1769616071987,1769616071987,1769616071987,1769616071987,300,5000,ok
39d8f20c-f0b8-4eb1-8d48-858ff773822d,esp32-02,telemetry,1769616071683,1769616071987,1769616071988,1769616071988,1769616071988,1769616071988,300,5000,ok
d1e78029-9b7c-4e84-baf0-4eaddb1edd14,esp32-03,telemetry,1769616071702,1769616071987,1769616071988,1769616071988,1769616071988,1769616071988,300,5000,ok
6bed1933-d131-478b-855a-dfac1c2e0143,esp32-01,telemetry,1769616071723,1769616071987,1769616071989,1769616071989,1769616071989,1769616071989,300,5000,ok
a419bc44-70fa-4b2f-8725-1c3098e9f43a,esp32-02,telemetry,1769616071744,1769616071987,1769616071990,1769616071990,1769616071990,1769616071990,300,5000,ok
3e094c06-26fd-4780-a40a-914058066b48,esp32-03,telemetry,1769616071763,1769616071987,1769616071990,1769616071990,1769616071990,1769616071990,300,5000,ok
00914f5b-91d6-4856-a91c-ec1e44a454d4,esp32-01,telemetry,1769616072570,1769616072889,1769616072889,1769616072889,1769616072889,1769616072889,300,5000,ok
7fc11b67-52bb-4dc8-9ff3-40b12a456840,esp32-02,telemetry,1769616072591,1769616072889,1769616072890,1769616072890,1769616072890,1769616072890,300,5000,ok
c75b5fb5-0e6c-4808-b81a-d1e74069f0e8,esp32-03,telemetry,1769616072611,1769616072889,1769616072890,1769616072890,1769616072890,1769616072890,300,5000,ok
6e89a93d-0b47-4341-ae2a-c43e8e6c3259,esp32-01,telemetry,1769616072631,1769616072889,1769616072890,1769616072890,1769616072890,1769616072890,300,5000,ok
93466ae6-4f74-4b8c-95c2-dd5aebbaff58,esp32-02,telemetry,1769616072651,1769616072890,1769616072891,1769616072891,1769616072891,1769616072891,300,5000,ok
16f6b288-21e9-4d42-abc3-59ba1575a384,esp32-03,telemetry,1769616072672,1769616072929,1769616072929,1769616072929,1769616072929,1769616072929,300,5000,ok
18e5245e-213d-47b7-9b5c-fa4566411faa,esp32-01,telemetry,1769616072692,1769616072929,1769616072929,1769616072929,1769616072929,1769616072929,300,5000,ok
20d000b3-d31d-4812-acec-969eee499391,esp32-02,telemetry,1769616072711,1769616072988,1769616072988,1769616072988,1769616072988,1769616072988,300,5000,ok
53c2fe41-39b8-453e-a35c-aadde6c5b124,esp32-03,telemetry,1769616072733,1769616072989,1769616072989,1769616072989,1769616072989,1769616072989,300,5000,ok
5a9cca8b-f484-4e26-8200-70d4889a27db,esp32-01,telemetry,1769616072753,1769616073016,1769616073016,1769616073016,1769616073016,1769616073016,300,5000,ok
6ce01cb6-1c37-46c4-bf54-ce27c80af6d6,esp32-02,telemetry,1769616073633,1769616073898,1769616073898,1769616073898,1769616073898,1769616073898,300,5000,ok
d3fc1e39-3259-4dc4-8ca8-7c3f594b6a8c,esp32-03,telemetry,1769616073653,1769616073898,1769616073899,1769616073899,1769616073899,1769616073899,300,5000,ok
e6ff915e-7df7-4a1e-a475-26ab92c0c17b,esp32-01,telemetry,1769616073673,1769616073898,1769616073899,1769616073899,1769616073899,1769616073899,300,5000,ok
0bfb9df2-f9b7-4c2f-8d3e-023485c63ad3,esp32-02,telemetry,1769616073693,1769616073922,1769616073923,1769616073923,1769616073923,1769616073923,300,5000,ok
1d815311-43fb-4e42-a7f2-8dd68893c949,esp32-03,telemetry,1769616073714,1769616074023,1769616074023,1769616074023,1769616074023,1769616074023,300,5000,ok
a3985772-3294-4ff3-963c-400e69bea921,esp32-01,telemetry,1769616073735,1769616074023,1769616074023,1769616074024,1769616074024,1769616074024,300,5000,ok
7015f323-6538-40ab-b53b-9f60c406099f,esp32-02,telemetry,1769616073755,1769616074023,1769616074024,1769616074024,1769616074024,1769616074024,300,5000,ok
9b4461dd-6bbe-45e6-907a-8b574346d254,esp32-03,telemetry,1769616073775,1769616074023,1769616074024,1769616074024,1769616074024,1769616074024,300,5000,ok
9dd27581-8038-4a8f-b06d-fcb925ff1acd,esp32-01,telemetry,1769616073795,1769616074023,1769616074025,1769616074025,1769616074025,1769616074025,300,5000,ok
3a6b0a91-f021-4300-a243-71950b7cd2c5,esp32-02,telemetry,1769616073815,1769616074071,1769616074071,1769616074071,1769616074071,1769616074071,300,5000,ok
992f3ab6-1ddb-4e1e-bb97-5ac0746842cf,esp32-02,telemetry,1769616074606,1769616074928,1769616074929,1769616074929,1769616074929,1769616074929,300,5000,ok
a726f3ee-c730-4bda-be5a-3b20a452d2ea,esp32-03,telemetry,1769616074627,1769616074929,1769616074929,1769616074929,1769616074929,1769616074929,300,5000,ok
7bc80828-bfe8-4262-ab44-3b0a4a9b5b15,esp32-01,telemetry,1769616074647,1769616074929,1769616074930,1769616074930,1769616074930,1769616074930,300,5000,ok
9d9cf892-3def-4d90-8578-bb166a2f8fc9,esp32-02,telemetry,1769616074666,1769616074929,1769616074930,1769616074930,1769616074930,1769616074930,300,5000,ok
c84f8334-4741-4186-aa9a-42feb9e47c40,esp32-03,telemetry,1769616074687,1769616074930,1769616074931,1769616074931,1769616074931,1769616074931,300,5000,ok
94c21ddd-9441-467d-8351-1c5ffc89bdb9,esp32-01,telemetry,1769616074707,1769616074978,1769616074978,1769616074978,1769616074978,1769616074978,300,5000,ok
50fcb63e-2e6f-48ad-8d50-b7107368d8c9,esp32-02,telemetry,1769616074726,1769616074978,1769616074978,1769616074978,1769616074978,1769616074978,300,5000,ok
199dfedf-f79c-4214-a75f-0a748200fd91,esp32-03,telemetry,1769616074747,1769616074978,1769616074979,1769616074979,1769616074979,1769616074979,300,5000,ok
cdec6322-3389-4314-9698-83ae9755a47b,esp32-01,telemetry,1769616074767,1769616075030,1769616075030,1769616075030,1769616075030,1769616075030,300,5000,ok
41bc02b1-4335-40f7-9ad3-4ad240c4e3e9,esp32-02,telemetry,1769616074789,1769616075030,1769616075030,1769616075030,1769616075030,1769616075030,300,5000,ok
87081cb4-97e3-4376-9340-950210b39fbf,esp32-01,telemetry,1769616075619,1769616075940,1769616075940,1769616075940,1769616075940,1769616075940,300,5000,ok
20fa713e-d0a3-40a5-b42d-826fae58fa6f,esp32-02,telemetry,1769616075639,1769616075940,1769616075940,1769616075940,1769616075940,1769616075940,300,5000,ok
64001825-7d2a-4608-958c-3ab6ed455314,esp32-03,telemetry,1769616075659,1769616075940,1769616075941,1769616075941,1769616075941,1769616075941,300,5000,ok
e4edcee3-3e58-421c-9742-bd2000561a4a,esp32-01,telemetry,1769616075680,1769616075941,1769616075941,1769616075941,1769616075941,1769616075941,300,5000,ok
11ccc620-cdd9-4529-92dc-beeb8fa696c3,esp32-02,telemetry,1769616075701,1769616075941,1769616075942,1769616075942,1769616075942,1769616075942,300,5000,ok
ce1c70e8-fcf6-4d60-9128-b341f2ef510a,esp32-03,telemetry,1769616075721,1769616076026,1769616076026,1769616076026,1769616076026,1769616076026,300,5000,ok
f4668a27-ba0f-4b9d-bf7d-845863b0ef19,esp32-01,telemetry,1769616075741,1769616076027,1769616076027,1769616076027,1769616076027,1769616076027,300,5000,ok
9742a116-8f5f-4b07-ac59-5eb9d4b0a871,esp32-02,telemetry,1769616075762,1769616076027,1769616076028,1769616076028,1769616076028,1769616076028,300,5000,ok
ab9f1fa1-0412-4a23-8334-180c8f8869c5,esp32-03,telemetry,1769616075781,1769616076027,1769616076028,1769616076028,1769616076028,1769616076028,300,5000,ok
f52cf8d8-1969-4a48-85cb-7bcbdc5a8414,esp32-01,telemetry,1769616075802,1769616076027,1769616076029,1769616076029,1769616076029,1769616076029,300,5000,ok
e2e7ca69-aa05-454f-993e-e3de80028838,esp32-02,telemetry,1769616076728,1769616076959,1769616076959,1769616076959,1769616076959,1769616076959,300,5000,ok
da00fe50-8e24-4b10-bdfc-6bfa9018214d,esp32-03,telemetry,1769616076748,1769616077066,1769616077066,1769616077066,1769616077066,1769616077066,300,5000,ok
f45de91b-4edc-44c7-9726-52e2a56b27aa,esp32-01,telemetry,1769616076767,1769616077066,1769616077066,1769616077066,1769616077066,1769616077066,300,5000,ok
22b229fa-1ece-41d0-b40f-cd67ec0a6589,esp32-02,telemetry,1769616076787,1769616077066,1769616077067,1769616077067,1769616077067,1769616077067,300,5000,ok
73709bd3-dd8a-45f6-abb7-bf716cf38006,esp32-03,telemetry,1769616076808,1769616077066,1769616077067,1769616077067,1769616077067,1769616077067,300,5000,ok
329041a8-234a-4ffd-878c-5bae19b2fdf7,esp32-01,telemetry,1769616076828,1769616077066,1769616077067,1769616077067,1769616077067,1769616077067,300,5000,ok
2c8a5d6c-445d-4b14-9dc5-6b4461709d24,esp32-02,telemetry,1769616076848,1769616077163,1769616077163,1769616077163,1769616077163,1769616077163,300,5000,ok
bff6f82a-71c2-4f08-a94d-f5644514bb8a,esp32-03,telemetry,1769616076867,1769616077164,1769616077164,1769616077164,1769616077164,1769616077164,300,5000,ok
253f6690-095f-43d5-a56e-f81a501fb624,esp32-01,telemetry,1769616076887,1769616077164,1769616077164,1769616077164,1769616077164,1769616077164,300,5000,ok
a5dc8508-9753-4fcf-807f-21962ebcce2e,esp32-02,telemetry,1769616076907,1769616077164,1769616077165,1769616077165,1769616077165,1769616077165,300,5000,ok
2726cb04-bdab-4085-8694-bf4589843962,esp32-02,telemetry,1769616077651,1769616077980,1769616077980,1769616077980,1769616077980,1769616077980,300,5000,ok
bcb98e4d-6c13-48ad-8eb8-efc278f6bced,esp32-03,telemetry,1769616077672,1769616077980,1769616077981,1769616077981,1769616077981,1769616077981,300,5000,ok
919db9ba-672e-49e4-969b-e54771ae9dc6,esp32-01,telemetry,1769616077692,1769616077980,1769616077981,1769616077981,1769616077981,1769616077981,300,5000,ok
fa0d94d4-8a80-448b-9f57-0f0b8339ca19,esp32-02,telemetry,1769616077712,1769616077980,1769616077982,1769616077982,1769616077982,1769616077982,300,5000,ok
2d78126a-a477-4d5c-9526-ab8093052d04,esp32-03,telemetry,1769616077732,1769616077981,1769616077982,1769616077982,1769616077982,1769616077982,300,5000,ok
feeaaef6-2c00-4c3b-983d-2e4c3cca9c81,esp32-01,telemetry,1769616077753,1769616077981,1769616077983,1769616077983,1769616077983,1769616077983,300,5000,ok
b4a2bf28-9353-4993-8c3f-598a4f3b56dc,esp32-02,telemetry,1769616077773,1769616078027,1769616078027,1769616078027,1769616078027,1769616078027,300,5000,ok
311de4c1-8e5b-4d6f-b5de-5a600a132c7c,esp32-03,telemetry,1769616077793,1769616078027,1769616078028,1769616078028,1769616078028,1769616078028,300,5000,ok
301ede9e-4660-410b-aae0-562990341630,esp32-01,telemetry,1769616077813,1769616078088,1769616078088,1769616078088,1769616078088,1769616078088,300,5000,ok
9bbccf62-d31f-4115-9932-2755fd3f83a3,esp32-02,telemetry,1769616077834,1769616078088,1769616078089,1769616078089,1769616078089,1769616078089,300,5000,ok
d2edf760-6379-4ae8-8ee9-4fe18cfe2488,esp32-01,telemetry,1769616078722,1769616078991,1769616078991,1769616078991,1769616078991,1769616078991,300,5000,ok
01023796-7de5-4cda-a855-aafd4f30e73b,esp32-02,telemetry,1769616078743,1769616078991,1769616078991,1769616078991,1769616078991,1769616078991,300,5000,ok
759d3ebf-8603-45d1-bf9f-889e7f939e8a,esp32-03,telemetry,1769616078762,1769616078991,1769616078992,1769616078992,1769616078992,1769616078992,300,5000,ok
a7d599e0-f8da-4282-8728-c2111358302f,esp32-01,telemetry,1769616078782,1769616079107,1769616079107,1769616079107,1769616079107,1769616079107,300,5000,ok
40e43ec5-bf58-429e-b5cd-b76887dd6452,esp32-02,telemetry,1769616078803,1769616079107,1769616079108,1769616079108,1769616079108,1769616079108,300,5000,ok
a798e1da-ff2f-4e84-9f55-a6f0982a2a2f,esp32-03,telemetry,1769616078823,1769616079107,1769616079108,1769616079108,1769616079108,1769616079108,300,5000,ok
599559b6-1ce5-4c63-bb7b-ffccad5736b8,esp32-01,telemetry,1769616078843,1769616079107,1769616079108,1769616079108,1769616079108,1769616079108,300,5000,ok
5f09fe8d-3af3-46d6-b69e-f746d6f37db2,esp32-02,telemetry,1769616078862,1769616079107,1769616079109,1769616079109,1769616079109,1769616079109,300,5000,ok
7b458ed3-af3c-42f4-a456-aa982f9edf58,esp32-03,telemetry,1769616078883,1769616079168,1769616079168,1769616079168,1769616079168,1769616079168,300,5000,ok
118cc2cc-1919-4400-a0be-8f19e0fd95d6,esp32-01,telemetry,1769616078902,1769616079168,1769616079168,1769616079168,1769616079168,1769616079168,300,5000,ok
72b9c79e-962a-4ed8-a8d4-b3f08729bc95,esp32-01,telemetry,1769616079689,1769616080013,1769616080013,1769616080013,1769616080013,1769616080013,300,5000,ok
c884d4e0-712a-448e-8a3d-f20c97865b51,esp32-02,telemetry,1769616079709,1769616080013,1769616080014,1769616080014,1769616080014,1769616080014,300,5000,ok
f1ebcaa1-0654-45b1-8949-7af0b359e713,esp32-03,telemetry,1769616079730,1769616080013,1769616080014,1769616080014,1769616080014,1769616080014,300,5000,ok
1e32d65d-7c7b-4d4b-a953-65dbdd013447,esp32-01,telemetry,1769616079749,1769616080013,1769616080014,1769616080014,1769616080014,1769616080015,300,5000,ok
db817651-3f54-480d-81c9-a09dac3be12a,esp32-02,telemetry,1769616079769,1769616080013,1769616080015,1769616080015,1769616080015,1769616080015,300,5000,ok
7ab8c282-39f8-42fd-af80-e21dcb38e9eb,esp32-03,telemetry,1769616079789,1769616080013,1769616080015,1769616080015,1769616080015,1769616080015,300,5000,ok
50636db0-00ef-4413-8b3e-d43bf8e0266e,esp32-01,telemetry,1769616079810,1769616080085,1769616080085,1769616080085,1769616080085,1769616080085,300,5000,ok
a579335a-146b-4b38-9817-4111e2af833e,esp32-02,telemetry,1769616079829,1769616080085,1769616080085,1769616080085,1769616080085,1769616080085,300,5000,ok
152f41c1-51b3-4a1f-8d4a-07e7e5fba812,esp32-03,telemetry,1769616079850,1769616080085,1769616080086,1769616080086,1769616080086,1769616080086,300,5000,ok
76c8b7cb-9b83-4679-b95f-5c89521c2ded,esp32-01,telemetry,1769616079869,1769616080124,1769616080124,1769616080124,1769616080124,1769616080124,300,5000,ok
17095fe7-d3c2-4856-abfe-5d33ff91836c,esp32-02,telemetry,1769616080797,1769616081120,1769616081120,1769616081120,1769616081120,1769616081120,300,5000,ok
f252a419-2b54-4361-a1f3-0a2695853c06,esp32-03,telemetry,1769616080817,1769616081120,1769616081121,1769616081121,1769616081121,1769616081121,300,5000,ok
0aa0b8ab-92b5-4097-a634-4236f4bfd97f,esp32-01,telemetry,1769616080837,1769616081120,1769616081121,1769616081121,1769616081121,1769616081121,300,5000,ok
a277092a-f483-4c5d-aa2a-44f26c3a586a,esp32-02,telemetry,1769616080857,1769616081120,1769616081122,1769616081122,1769616081122,1769616081122,300,5000,ok
55527a82-a51f-4e2d-997e-bd3ac8bfbcdf,esp32-03,telemetry,1769616080877,1769616081121,1769616081123,1769616081123,1769616081123,1769616081123,300,5000,ok
74e0bce7-35ac-44fe-87c8-f85466470a28,esp32-01,telemetry,1769616080897,1769616081121,1769616081123,1769616081123,1769616081123,1769616081123,300,5000,ok
e4871f89-abfd-49c9-a8bf-274512c7a826,esp32-02,telemetry,1769616080917,1769616081206,1769616081206,1769616081206,1769616081206,1769616081206,300,5000,ok
36e866bb-0eb6-45c6-bf26-c79c5cdac5d8,esp32-03,telemetry,1769616080937,1769616081206,1769616081206,1769616081206,1769616081206,1769616081206,300,5000,ok
5c7ab612-8ded-4a8d-b56b-822933428869,esp32-01,telemetry,1769616080957,1769616081206,1769616081207,1769616081207,1769616081207,1769616081207,300,5000,ok
52801615-1cd8-462c-abf1-52ec5e2721f9,esp32-02,telemetry,1769616080976,1769616081206,1769616081207,1769616081207,1769616081207,1769616081207,300,5000,ok
197a70c4-1d0d-4b9a-afa1-5efacdbbaf74,esp32-02,telemetry,1769616081823,1769616082150,1769616082151,1769616082151,1769616082151,1769616082151,300,5000,ok
5e324f06-355a-4742-8c77-8733c45db01d,esp32-03,telemetry,1769616081843,1769616082151,1769616082152,1769616082152,1769616082152,1769616082152,300,5000,ok
afab6c76-d50b-40f9-80d6-3bf6b252f775,esp32-01,telemetry,1769616081865,1769616082151,1769616082152,1769616082152,1769616082152,1769616082152,300,5000,ok
451aeb5d-ca5e-4a56-b5c3-4954e063b744,esp32-02,telemetry,1769616081885,1769616082151,1769616082152,1769616082152,1769616082152,1769616082152,300,5000,ok
b052c72f-61fb-4d26-af03-904e2f491294,esp32-03,telemetry,1769616081906,1769616082151,1769616082153,1769616082153,1769616082153,1769616082153,300,5000,ok
1c6366aa-6fae-464f-b814-3ff703d0df35,esp32-01,telemetry,1769616081927,1769616082151,1769616082153,1769616082153,1769616082153,1769616082153,300,5000,ok
0a3151ef-d295-48cd-8d31-dd9976c14cd9,esp32-02,telemetry,1769616081947,1769616082237,1769616082237,1769616082237,1769616082237,1769616082237,300,5000,ok
71e98774-411a-4beb-9e57-19eb5864507e,esp32-03,telemetry,1769616081967,1769616082237,1769616082238,1769616082238,1769616082238,1769616082238,300,5000,ok
c685e5ea-9507-438c-bbf1-703af789dd4a,esp32-01,telemetry,1769616081988,1769616082237,1769616082238,1769616082238,1769616082238,1769616082238,300,5000,ok
20cf6a75-d218-4a52-b433-b77404689036,esp32-02,telemetry,1769616082008,1769616082237,1769616082238,1769616082238,1769616082239,1769616082239,300,5000,ok
99871f51-0a17-4d3b-917c-0b144ca7222e,esp32-02,telemetry,1769616082852,1769616083175,1769616083175,1769616083175,1769616083175,1769616083176,300,5000,ok
4a51ef0a-51ff-4587-a31a-b88df0e2570a,esp32-03,telemetry,1769616082872,1769616083176,1769616083176,1769616083176,1769616083176,1769616083176,300,5000,ok
3c3465a7-2a27-4a9c-9aeb-19ae81795d95,esp32-01,telemetry,1769616082893,1769616083176,1769616083177,1769616083177,1769616083177,1769616083177,300,5000,ok
4b9cdba8-37c5-438a-a142-d5e5c035992d,esp32-02,telemetry,1769616082912,1769616083176,1769616083177,1769616083177,1769616083177,1769616083177,300,5000,ok
a480c4eb-fda6-41b2-9a75-e18015e7f9c5,esp32-03,telemetry,1769616082933,1769616083176,1769616083178,1769616083178,1769616083178,1769616083178,300,5000,ok
05129eed-4fd5-4cc3-989d-4155e2fa94da,esp32-01,telemetry,1769616082953,1769616083176,1769616083178,1769616083178,1769616083178,1769616083178,300,5000,ok
3468d879-ee2e-4a90-b4b6-ee7ef92f9f21,esp32-02,telemetry,1769616082973,1769616083260,1769616083260,1769616083261,1769616083261,1769616083261,300,5000,ok
2289493a-de60-46b9-bb15-57c1a0dd0a86,esp32-03,telemetry,1769616082994,1769616083261,1769616083261,1769616083261,1769616083261,1769616083261,300,5000,ok
1d0445c2-b84f-4288-ac02-d34ee845b633,esp32-01,telemetry,1769616083014,1769616083261,1769616083262,1769616083262,1769616083262,1769616083262,300,5000,ok
bb87d7c0-ff1b-4e90-8272-5b5975d329a9,esp32-02,telemetry,1769616083034,1769616083261,1769616083262,1769616083262,1769616083262,1769616083262,300,5000,ok
96dea4a6-f914-452f-8e7a-439d4a4eaa6b,esp32-03,telemetry,1769616083961,1769616084290,1769616084290,1769616084290,1769616084290,1769616084290,300,5000,ok
93ade1ca-7391-41fe-b5e3-ad3acfc281bd,esp32-01,telemetry,1769616083982,1769616084291,1769616084291,1769616084291,1769616084291,1769616084291,300,5000,ok
2689f52c-a9a9-469d-b156-b9a890279b8d,esp32-02,telemetry,1769616084001,1769616084291,1769616084291,1769616084291,1769616084291,1769616084291,300,5000,ok
051f124f-2e92-495e-bc00-68cf8c502227,esp32-03,telemetry,1769616084021,1769616084291,1769616084292,1769616084292,1769616084292,1769616084292,300,5000,ok
cb3f525b-c710-467b-af35-ec4d44be5543,esp32-01,telemetry,1769616084042,1769616084291,1769616084292,1769616084292,1769616084292,1769616084292,300,5000,ok
1636c730-b60a-464f-9269-c06af6927a3d,esp32-02,telemetry,1769616084063,1769616084311,1769616084311,1769616084311,1769616084311,1769616084311,300,5000,ok
be6c3098-6e0c-4c91-b6b2-cf6f61f189f5,esp32-03,telemetry,1769616084083,1769616084311,1769616084312,1769616084312,1769616084312,1769616084312,300,5000,ok
01b0cfb5-b62e-4ede-b6f1-834a7d8fe910,esp32-01,telemetry,1769616084104,1769616084410,1769616084416,1769616084416,1769616084416,1769616084416,300,5000,ok
d619ef46-9856-4b03-8082-15f43fc8c8cf,esp32-02,telemetry,1769616084124,1769616084410,1769616084416,1769616084416,1769616084416,1769616084416,300,5000,ok
89d6269c-2799-4e4f-ad20-da9c30149e94,esp32-03,telemetry,1769616084144,1769616084410,1769616084417,1769616084417,1769616084417,1769616084417,300,5000,ok
561ffe25-3d16-4bc3-b769-42dfbe9cc7d3,esp32-01,telemetry,1769616085012,1769616085317,1769616085317,1769616085317,1769616085317,1769616085317,300,5000,ok
9d23b3a1-ae4c-4c83-a82a-ffe6bca2219d,esp32-02,telemetry,1769616085032,1769616085317,1769616085318,1769616085318,1769616085318,1769616085318,300,5000,ok
7ad98d6e-60b0-4eeb-93a4-eef17c48715b,esp32-03,telemetry,1769616085051,1769616085317,1769616085318,1769616085318,1769616085318,1769616085318,300,5000,ok
7aaa9ce1-9b03-4bbd-b0e0-90169c01c5d4,esp32-01,telemetry,1769616085072,1769616085317,1769616085319,1769616085319,1769616085319,1769616085319,300,5000,ok
1aa7433d-5140-4141-83bc-a7e2ceff21de,esp32-02,telemetry,1769616085092,1769616085402,1769616085402,1769616085402,1769616085402,1769616085402,300,5000,ok
7560d452-e501-40d1-aab0-9fdc827a3276,esp32-03,telemetry,1769616085111,1769616085403,1769616085403,1769616085403,1769616085403,1769616085403,300,5000,ok
413a2332-5301-42a7-8e3f-2d20359c47fc,esp32-01,telemetry,1769616085131,1769616085403,1769616085403,1769616085404,1769616085404,1769616085404,300,5000,ok
8715a61e-a6b5-4498-a03a-eaf5e9b6eac4,esp32-02,telemetry,1769616085152,1769616085403,1769616085404,1769616085404,1769616085404,1769616085404,300,5000,ok
d703a363-7f87-4a01-9e87-7788062aed7a,esp32-03,telemetry,1769616085173,1769616085403,1769616085404,1769616085404,1769616085404,1769616085404,300,5000,ok
0800eaaf-b794-406e-9be1-885105c3c17a,esp32-01,telemetry,1769616085193,1769616085457,1769616085457,1769616085457,1769616085457,1769616085457,300,5000,ok
d5dcfc6b-48d7-49be-9364-191ee62224e8,esp32-03,telemetry,1769616086083,1769616086362,1769616086362,1769616086362,1769616086362,1769616086362,300,5000,ok
c1bab64c-1cb9-45fb-a5f4-24caf01eb73e,esp32-01,telemetry,1769616086104,1769616086362,1769616086362,1769616086362,1769616086362,1769616086362,300,5000,ok
914b1611-d29a-4813-8a9c-3207551f5250,esp32-02,telemetry,1769616086124,1769616086362,1769616086363,1769616086363,1769616086363,1769616086363,300,5000,ok
6a973cc3-f20b-45f5-ba4f-65e57f7d4e44,esp32-03,telemetry,1769616086143,1769616086467,1769616086467,1769616086467,1769616086467,1769616086467,300,5000,ok
ee246a57-3495-4273-9cdb-8990c250cdc2,esp32-01,telemetry,1769616086164,1769616086467,1769616086468,1769616086468,1769616086468,1769616086468,300,5000,ok
0af2a11d-b023-4494-8a01-895c64d03067,esp32-02,telemetry,1769616086184,1769616086467,1769616086468,1769616086468,1769616086468,1769616086468,300,5000,ok
f1a858dc-4a94-412d-9b39-2fb4b52494cf,esp32-03,telemetry,1769616086204,1769616086467,1769616086468,1769616086468,1769616086468,1769616086468,300,5000,ok
adac18ef-1c30-4f3d-9f53-68e64250c9b3,esp32-01,telemetry,1769616086224,1769616086467,1769616086469,1769616086469,1769616086469,1769616086469,300,5000,ok
f0b8256d-cddc-43af-9f53-0629de945516,esp32-02,telemetry,1769616086244,1769616086467,1769616086469,1769616086469,1769616086469,1769616086469,300,5000,ok
dc090ba1-1415-48a8-aa5b-14431ea58da2,esp32-03,telemetry,1769616086265,1769616086532,1769616086532,1769616086532,1769616086532,1769616086532,300,5000,ok
536fc9f9-09f7-4e14-bcc3-cfa1075debac,esp32-03,telemetry,1769616087052,1769616087369,1769616087369,1769616087369,1769616087369,1769616087369,300,5000,ok
48d3863e-1f5f-45e2-96cb-4660defa66e5,esp32-01,telemetry,1769616087072,1769616087369,1769616087370,1769616087370,1769616087370,1769616087370,300,5000,ok
6f7f6487-546d-42df-bc3a-560d578ceac8,esp32-02,telemetry,1769616087093,1769616087369,1769616087370,1769616087370,1769616087370,1769616087370,300,5000,ok
4981fa7e-7ed5-440d-bc45-b94479fcdeb2,esp32-03,telemetry,1769616087113,1769616087369,1769616087371,1769616087371,1769616087371,1769616087371,300,5000,ok
730f60dc-6aaf-41fd-bae5-40026c2b1e7b,esp32-01,telemetry,1769616087133,1769616087370,1769616087371,1769616087371,1769616087371,1769616087371,300,5000,ok
58dd1c5d-9627-4b67-8362-afb41b1d0f5b,esp32-02,telemetry,1769616087152,1769616087437,1769616087437,1769616087437,1769616087437,1769616087437,300,5000,ok
1f9a0bf1-5ca6-498c-8c3c-9447c5a4a45d,esp32-03,telemetry,1769616087172,1769616087437,1769616087438,1769616087438,1769616087438,1769616087438,300,5000,ok
84547feb-0942-4fae-ad40-57f21643096e,esp32-01,telemetry,1769616087193,1769616087438,1769616087438,1769616087438,1769616087438,1769616087438,300,5000,ok
8a30a646-58d8-4b82-a8ef-82bcc3dfd1f5,esp32-02,telemetry,1769616087213,1769616087438,1769616087439,1769616087439,1769616087439,1769616087439,300,5000,ok
332c2f72-9b9e-4bf0-8c42-3de44883679b,esp32-03,telemetry,1769616087233,1769616087501,1769616087501,1769616087501,1769616087501,1769616087501,300,5000,ok
73e73123-ecfa-499a-9f47-d59744b65eda,esp32-03,telemetry,1769616088138,1769616088405,1769616088405,1769616088405,1769616088405,1769616088405,300,5000,ok
8e826a0f-f692-4bd5-998a-0650f636c751,esp32-01,telemetry,1769616088158,1769616088405,1769616088406,1769616088406,1769616088406,1769616088406,300,5000,ok
11bc7bd0-608a-43a5-b3bd-b8e2f0f8e90f,esp32-02,telemetry,1769616088179,1769616088405,1769616088406,1769616088406,1769616088406,1769616088406,300,5000,ok
147a3a20-d1a4-489a-a24c-0f3146aa6892,esp32-03,telemetry,1769616088199,1769616088500,1769616088500,1769616088500,1769616088500,1769616088500,300,5000,ok
5b33dc5a-407c-44ac-bdb5-db42378d97a3,esp32-01,telemetry,1769616088218,1769616088500,1769616088500,1769616088500,1769616088500,1769616088500,300,5000,ok
05cdda53-73ab-4f06-be5d-ff3955f71a78,esp32-02,telemetry,1769616088238,1769616088500,1769616088501,1769616088501,1769616088501,1769616088501,300,5000,ok
ed29ecd0-b798-4b15-8d33-9731fd539896,esp32-03,telemetry,1769616088259,1769616088501,1769616088501,1769616088501,1769616088501,1769616088501,300,5000,ok
ce637010-49fd-454f-969a-95b2a4eef23b,esp32-01,telemetry,1769616088278,1769616088567,1769616088567,1769616088567,1769616088567,1769616088567,300,5000,ok
be476994-2a86-4818-ba19-51ac4cc694f0,esp32-02,telemetry,1769616088299,1769616088567,1769616088568,1769616088568,1769616088568,1769616088568,300,5000,ok
178f3ac8-9319-4e4e-9e59-722b2d166d46,esp32-03,telemetry,1769616088319,1769616088567,1769616088568,1769616088568,1769616088568,1769616088568,300,5000,ok
cfd22b86-9f0b-46d5-a53c-10716f4fd04f,esp32-03,telemetry,1769616089106,1769616089407,1769616089407,1769616089407,1769616089407,1769616089407,300,5000,ok
18c7e848-a9fd-4529-8bcf-147a52944fb6,esp32-01,telemetry,1769616089127,1769616089408,1769616089408,1769616089408,1769616089408,1769616089408,300,5000,ok
33e58d38-c00e-4008-8b62-7340e508592e,esp32-02,telemetry,1769616089146,1769616089408,1769616089408,1769616089409,1769616089409,1769616089409,300,5000,ok
053a9ad2-f51d-4b7c-98b6-fe0acfa48f3c,esp32-03,telemetry,1769616089167,1769616089408,1769616089409,1769616089409,1769616089409,1769616089409,300,5000,ok
b8fcc1d7-df56-45af-862c-cec95a64092a,esp32-01,telemetry,1769616089187,1769616089512,1769616089512,1769616089512,1769616089512,1769616089512,300,5000,ok
7a0813a7-75c9-424e-92e6-e4f09e76dd7f,esp32-02,telemetry,1769616089207,1769616089512,1769616089513,1769616089513,1769616089513,1769616089513,300,5000,ok
98fdfebe-5856-4a86-95ac-abc919412ae1,esp32-03,telemetry,1769616089228,1769616089512,1769616089513,1769616089513,1769616089513,1769616089513,300,5000,ok
848bdede-23f3-4c5c-9733-b8bfeaf98d22,esp32-01,telemetry,1769616089247,1769616089513,1769616089514,1769616089514,1769616089514,1769616089514,300,5000,ok
8351ea51-18a6-43bc-9ef4-13be97fd9843,esp32-02,telemetry,1769616089268,1769616089513,1769616089514,1769616089514,1769616089514,1769616089514,300,5000,ok
0ae8deb5-d8ff-4a83-b05f-06bedc9d1e37,esp32-03,telemetry,1769616089287,1769616089513,1769616089514,1769616089514,1769616089514,1769616089514,300,5000,ok
57f4f722-83bb-476b-8824-410cf30c6388,esp32-03,telemetry,1769616090134,1769616090425,1769616090425,1769616090425,1769616090425,1769616090425,300,5000,ok
970b945b-af98-4c2b-814a-45cf539e4158,esp32-01,telemetry,1769616090154,1769616090425,1769616090425,1769616090425,1769616090425,1769616090425,300,5000,ok
e3aca0d9-ce5f-4f05-8749-1ff7b73c8a2b,esp32-02,telemetry,1769616090174,1769616090425,1769616090426,1769616090426,1769616090426,1769616090426,300,5000,ok
441f2149-7c2c-4778-8f58-644b6304044d,esp32-03,telemetry,1769616090195,1769616090425,1769616090426,1769616090426,1769616090426,1769616090426,300,5000,ok
de33e584-6d78-4c05-ae07-23fb166a3f33,esp32-01,telemetry,1769616090215,1769616090542,1769616090542,1769616090542,1769616090542,1769616090542,300,5000,ok
d157fe16-7cba-4e3c-92b4-1e7254e52f91,esp32-02,telemetry,1769616090235,1769616090542,1769616090543,1769616090543,1769616090543,1769616090543,300,5000,ok
40b12ef5-c5e5-4d10-be76-a9186b707ccb,esp32-03,telemetry,1769616090256,1769616090542,1769616090543,1769616090543,1769616090543,1769616090543,300,5000,ok
2e7d3286-4a6d-4ee7-a0c2-475388365ba4,esp32-01,telemetry,1769616090276,1769616090542,1769616090543,1769616090543,1769616090543,1769616090543,300,5000,ok
ac0ac8ed-4acf-4e09-b23a-a80c7a6c7d6a,esp32-02,telemetry,1769616090296,1769616090542,1769616090544,1769616090544,1769616090544,1769616090544,300,5000,ok
522a580e-203e-4def-bb01-d57a61436455,esp32-03,telemetry,1769616090316,1769616090543,1769616090544,1769616090544,1769616090544,1769616090544,300,5000,ok
5f97193d-6337-495c-9c29-61f2e3a7ba30,esp32-02,telemetry,1769616091144,1769616091452,1769616091452,1769616091452,1769616091452,1769616091452,300,5000,ok
19a4ac85-3bb9-42b7-8cd1-ff4f5e477d57,esp32-03,telemetry,1769616091163,1769616091452,1769616091453,1769616091453,1769616091453,1769616091453,300,5000,ok
f08bb076-77e0-4cdf-900d-9e15e887df2c,esp32-01,telemetry,1769616091184,1769616091452,1769616091453,1769616091453,1769616091453,1769616091453,300,5000,ok
bc8cd147-3a16-458b-8c3f-439513bc8589,esp32-02,telemetry,1769616091204,1769616091452,1769616091453,1769616091453,1769616091453,1769616091453,300,5000,ok
56e843a0-7595-4ac2-a88d-54319ec7b9cd,esp32-03,telemetry,1769616091223,1769616091452,1769616091454,1769616091454,1769616091454,1769616091454,300,5000,ok
9706f6cf-c512-40fe-8270-7e7e045bf190,esp32-01,telemetry,1769616091244,1769616091573,1769616091573,1769616091573,1769616091573,1769616091573,300,5000,ok
68301d60-6c9e-4abd-aded-357bf67cc352,esp32-02,telemetry,1769616091264,1769616091573,1769616091574,1769616091574,1769616091574,1769616091574,300,5000,ok
4e1bf8a1-96be-4daf-a818-95f37c44c6c5,esp32-03,telemetry,1769616091284,1769616091573,1769616091574,1769616091574,1769616091574,1769616091574,300,5000,ok
4104a8d7-2579-4f3e-a286-c628587f7170,esp32-01,telemetry,1769616091304,1769616091573,1769616091574,1769616091574,1769616091574,1769616091574,300,5000,ok
3158a8ba-26a1-4fc4-b3b1-d1bcc4aee603,esp32-02,telemetry,1769616091323,1769616091573,1769616091575,1769616091575,1769616091575,1769616091575,300,5000,ok
0ba9bd43-bd55-4e78-9cbe-c93fe61c8fdc,esp32-02,telemetry,1769616092170,1769616092479,1769616092479,1769616092479,1769616092479,1769616092479,300,5000,ok
064636b8-d4ed-4bbd-b274-7f06e5ba504d,esp32-03,telemetry,1769616092190,1769616092479,1769616092480,1769616092480,1769616092480,1769616092480,300,5000,ok
da7eeb54-0767-40d6-aa4c-79ad6e33cee8,esp32-01,telemetry,1769616092209,1769616092479,1769616092480,1769616092480,1769616092480,1769616092480,300,5000,ok
8014815e-b0bf-433b-81f2-f0d0de0f645b,esp32-02,telemetry,1769616092229,1769616092479,1769616092480,1769616092480,1769616092480,1769616092480,300,5000,ok
44e6796c-c561-4223-b307-aec8f37faeb4,esp32-03,telemetry,1769616092249,1769616092479,1769616092481,1769616092481,1769616092481,1769616092481,300,5000,ok
99b49268-d3d0-49a5-9e9b-dc5a49b4c822,esp32-01,telemetry,1769616092270,1769616092592,1769616092592,1769616092592,1769616092592,1769616092592,300,5000,ok
dbdae92f-9dc9-4bcd-ac00-e103ee0d085f,esp32-02,telemetry,1769616092290,1769616092593,1769616092593,1769616092593,1769616092593,1769616092593,300,5000,ok
c7b52e51-293f-46f8-b2df-7f624eba80f0,esp32-03,telemetry,1769616092310,1769616092593,1769616092593,1769616092593,1769616092593,1769616092593,300,5000,ok
7db06eeb-87c2-4d27-a8a8-fc4a06838666,esp32-01,telemetry,1769616092330,1769616092593,1769616092594,1769616092594,1769616092594,1769616092594,300,5000,ok
ad1de021-198d-4b38-a5e3-c24f13699dc7,esp32-02,telemetry,1769616092349,1769616092593,1769616092594,1769616092594,1769616092594,1769616092594,300,5000,ok
52129dfe-cf5a-4538-ab48-64b935b03d35,esp32-02,telemetry,1769616093199,1769616093508,1769616093509,1769616093509,1769616093509,1769616093509,300,5000,ok
fb234e66-2d54-4e54-ad0f-1464e8f15e46,esp32-03,telemetry,1769616093218,1769616093509,1769616093509,1769616093509,1769616093509,1769616093509,300,5000,ok
b4dbc9d0-22ed-4f3b-b43f-ba81ec9ce9ac,esp32-01,telemetry,1769616093239,1769616093509,1769616093510,1769616093510,1769616093510,1769616093510,300,5000,ok
d03a4a15-5330-407c-9513-d637fed01de2,esp32-02,telemetry,1769616093258,1769616093510,1769616093510,1769616093510,1769616093510,1769616093510,300,5000,ok
8ec3b766-1b1f-4674-bcb9-7219955951be,esp32-03,telemetry,1769616093278,1769616093510,1769616093511,1769616093511,1769616093511,1769616093511,300,5000,ok
5ea65b7e-ba27-470e-be61-06fe0120cd07,esp32-01,telemetry,1769616093298,1769616093627,1769616093627,1769616093627,1769616093627,1769616093627,300,5000,ok
52d8c170-147e-43a0-a6b0-20eb212df6fa,esp32-02,telemetry,1769616093319,1769616093627,1769616093628,1769616093628,1769616093628,1769616093628,300,5000,ok
425fdc58-d931-4ec9-ba30-4b6c0ccbb8cc,esp32-03,telemetry,1769616093339,1769616093627,1769616093628,1769616093628,1769616093628,1769616093628,300,5000,ok
14891a7f-f319-4381-81c9-5b265da54ab9,esp32-01,telemetry,1769616093359,1769616093627,1769616093628,1769616093628,1769616093628,1769616093628,300,5000,ok
3f3f8290-2102-4ad4-8f59-cb991650ba0f,esp32-02,telemetry,1769616093378,1769616093627,1769616093629,1769616093629,1769616093629,1769616093629,300,5000,ok
cc22c91a-6fcf-4dae-b285-e6fe8b999c84,esp32-03,telemetry,1769616094249,1769616094545,1769616094545,1769616094545,1769616094545,1769616094545,300,5000,ok
827f9fb9-b764-46f6-b7f3-0316589be1c5,esp32-01,telemetry,1769616094270,1769616094545,1769616094545,1769616094545,1769616094545,1769616094545,300,5000,ok
2888b7eb-b414-457f-b901-f549f6226229,esp32-02,telemetry,1769616094290,1769616094545,1769616094546,1769616094546,1769616094546,1769616094546,300,5000,ok
74f919e2-f0ef-423c-8875-4b67a61d360a,esp32-03,telemetry,1769616094311,1769616094545,1769616094546,1769616094546,1769616094546,1769616094546,300,5000,ok
3bef022a-ef2b-46f9-95c5-bd73a141c44b,esp32-01,telemetry,1769616094331,1769616094654,1769616094654,1769616094654,1769616094654,1769616094654,300,5000,ok
302b8c6d-321b-4fa7-bd7b-0b46d43556a0,esp32-02,telemetry,1769616094351,1769616094654,1769616094655,1769616094655,1769616094655,1769616094655,300,5000,ok
bae9e750-70dc-498d-a039-58e694b1f886,esp32-03,telemetry,1769616094371,1769616094654,1769616094655,1769616094655,1769616094655,1769616094655,300,5000,ok
92ca8942-b43f-4922-96cc-9a78655ad3a6,esp32-01,telemetry,1769616094391,1769616094654,1769616094656,1769616094656,1769616094656,1769616094656,300,5000,ok
1d0e8bd7-050b-4934-ad68-661225d7f950,esp32-02,telemetry,1769616094411,1769616094655,1769616094656,1769616094656,1769616094656,1769616094656,300,5000,ok
7f84dfce-16fa-421e-962f-6ed3b8d24b9e,esp32-03,telemetry,1769616094431,1769616094655,1769616094657,1769616094657,1769616094657,1769616094657,300,5000,ok
e4e594dd-8fd0-48ea-9031-0a35d8d444b0,esp32-02,telemetry,1769616095263,1769616095587,1769616095587,1769616095587,1769616095587,1769616095587,300,5000,ok
20996787-f4f8-4430-9d69-d8a394292024,esp32-03,telemetry,1769616095283,1769616095587,1769616095587,1769616095587,1769616095587,1769616095587,300,5000,ok
256deac7-8181-4e1e-b3fb-7d714e64a593,esp32-01,telemetry,1769616095302,1769616095587,1769616095588,1769616095588,1769616095588,1769616095588,300,5000,ok
66579224-155a-441a-ba6c-026f78700cdb,esp32-02,telemetry,1769616095323,1769616095587,1769616095589,1769616095589,1769616095589,1769616095589,300,5000,ok
dc294472-bf31-4ac4-a1d7-e39c9287b0d6,esp32-03,telemetry,1769616095343,1769616095587,1769616095589,1769616095589,1769616095589,1769616095589,300,5000,ok
286eaa28-7d7a-4b6e-ba35-2126bf2c775a,esp32-01,telemetry,1769616095364,1769616095587,1769616095590,1769616095590,1769616095590,1769616095590,300,5000,ok
84b81328-9cbd-473d-a9c1-09cadae9bfc1,esp32-02,telemetry,1769616095384,1769616095709,1769616095709,1769616095709,1769616095709,1769616095709,300,5000,ok
d97a4d06-c174-4b0d-952b-69d7c7cc8327,esp32-03,telemetry,1769616095405,1769616095709,1769616095710,1769616095710,1769616095710,1769616095710,300,5000,ok
2b3ec8e1-a36c-4826-8ab2-8f63b8a0fb92,esp32-01,telemetry,1769616095425,1769616095709,1769616095710,1769616095710,1769616095710,1769616095710,300,5000,ok
44662d5f-1576-4445-acac-50bb17dea506,esp32-02,telemetry,1769616095446,1769616095709,1769616095711,1769616095711,1769616095711,1769616095711,300,5000,ok
e68efc7c-09ff-4353-a057-bf346128e06a,esp32-02,telemetry,1769616096290,1769616096614,1769616096614,1769616096614,1769616096614,1769616096614,300,5000,ok
e6640ba1-46d7-46f3-99f6-163d3ba0722d,esp32-03,telemetry,1769616096311,1769616096615,1769616096615,1769616096615,1769616096615,1769616096615,300,5000,ok
a3d97d45-d380-4b28-bb0f-804876d41d52,esp32-01,telemetry,1769616096332,1769616096615,1769616096616,1769616096616,1769616096616,1769616096616,300,5000,ok
ba4c91f2-db65-4d29-8f9b-782b244bf3be,esp32-02,telemetry,1769616096352,1769616096615,1769616096616,1769616096616,1769616096616,1769616096616,300,5000,ok
ff7884e7-ffd1-4e81-9330-520cc0d06600,esp32-03,telemetry,1769616096372,1769616096615,1769616096616,1769616096616,1769616096616,1769616096616,300,5000,ok
a3bab819-9159-42b7-8ad2-999bfffe4dfc,esp32-01,telemetry,1769616096392,1769616096615,1769616096617,1769616096617,1769616096617,1769616096617,300,5000,ok
cb5e9886-e4d0-429b-ad50-345444decbbd,esp32-02,telemetry,1769616096411,1769616096724,1769616096724,1769616096724,1769616096724,1769616096724,300,5000,ok
e141cbaf-139b-485c-a808-e61f7da57b01,esp32-03,telemetry,1769616096432,1769616096724,1769616096725,1769616096725,1769616096725,1769616096725,300,5000,ok
478ab33a-4c72-4f6e-86d6-4cabaa61c5eb,esp32-01,telemetry,1769616096452,1769616096724,1769616096725,1769616096725,1769616096725,1769616096725,300,5000,ok
70031262-944c-43d4-8be9-4602b75292d5,esp32-02,telemetry,1769616096472,1769616096724,1769616096726,1769616096726,1769616096726,1769616096726,300,5000,ok
add6e8fc-33ba-41ac-a883-ce971369d0cb,esp32-02,telemetry,1769616097322,1769616097648,1769616097648,1769616097648,1769616097648,1769616097648,300,5000,ok
c9e40fab-29e0-4c62-bb00-db9cfe61fc91,esp32-03,telemetry,1769616097342,1769616097648,1769616097649,1769616097649,1769616097649,1769616097649,300,5000,ok
fb6aaf2f-5a64-4828-bce3-ab95be5c3cbc,esp32-01,telemetry,1769616097363,1769616097648,1769616097649,1769616097649,1769616097649,1769616097649,300,5000,ok
9681b381-cb43-4ce0-8adb-afc48ed29189,esp32-02,telemetry,1769616097383,1769616097648,1769616097650,1769616097650,1769616097650,1769616097650,300,5000,ok
a8e58b82-1489-4946-b66f-805db45ab348,esp32-03,telemetry,1769616097404,1769616097648,1769616097650,1769616097650,1769616097650,1769616097650,300,5000,ok
e8a53e92-06db-4d81-ace9-6b3e4f2e4a4b,esp32-01,telemetry,1769616097424,1769616097648,1769616097650,1769616097650,1769616097650,1769616097650,300,5000,ok
171909a0-360c-4817-a3b5-72986c68d56b,esp32-02,telemetry,1769616097445,1769616097750,1769616097750,1769616097750,1769616097750,1769616097750,300,5000,ok
9a34996f-0ad2-4c32-98d9-ef2ffc92dacc,esp32-03,telemetry,1769616097466,1769616097750,1769616097751,1769616097751,1769616097751,1769616097751,300,5000,ok
e32dbdd8-d8f9-4f71-aebf-1d56333fc309,esp32-01,telemetry,1769616097485,1769616097750,1769616097751,1769616097751,1769616097751,1769616097751,300,5000,ok
45707b6d-d7c6-4eda-b578-fd3c64dedbaa,esp32-02,telemetry,1769616097506,1769616097751,1769616097752,1769616097752,1769616097752,1769616097752,300,5000,ok
1ad50926-ab5a-4a9d-8ebb-33689553832b,esp32-02,telemetry,1769616098350,1769616098689,1769616098689,1769616098689,1769616098689,1769616098689,300,5000,ok
c7907b00-b1cf-43c1-a71d-c7e83a0f1104,esp32-03,telemetry,1769616098371,1769616098689,1769616098689,1769616098689,1769616098689,1769616098689,300,5000,ok
b6b7ef91-d16b-414b-b9ff-822ad475f940,esp32-01,telemetry,1769616098390,1769616098689,1769616098690,1769616098690,1769616098690,1769616098690,300,5000,ok
e4f9834b-249a-42bc-a2e8-e72c819b0184,esp32-02,telemetry,1769616098411,1769616098689,1769616098691,1769616098691,1769616098691,1769616098691,300,5000,ok
dc18c420-aebd-4422-a1a1-15132a1a12a0,esp32-03,telemetry,1769616098431,1769616098689,1769616098692,1769616098692,1769616098692,1769616098692,300,5000,ok
19a609cf-7895-45cd-9906-774efc40bf58,esp32-01,telemetry,1769616098450,1769616098690,1769616098692,1769616098692,1769616098692,1769616098692,300,5000,ok
503fe11c-619e-41ca-b7b4-bf997b73c6e0,esp32-02,telemetry,1769616098470,1769616098790,1769616098791,1769616098791,1769616098791,1769616098791,300,5000,ok
0bdc8084-e714-485b-9aee-a83cd8daac10,esp32-03,telemetry,1769616098490,1769616098791,1769616098791,1769616098791,1769616098791,1769616098791,300,5000,ok
44a2c70f-81cb-4942-bcc3-05d79a66633e,esp32-01,telemetry,1769616098511,1769616098791,1769616098792,1769616098792,1769616098792,1769616098792,300,5000,ok
8015e31a-d28c-46ad-b333-09c151f237bb,esp32-02,telemetry,1769616098531,1769616098791,1769616098793,1769616098793,1769616098793,1769616098793,300,5000,ok
64f76beb-ed81-49ee-be4b-82e8967bdd6f,esp32-02,telemetry,1769616099372,1769616099694,1769616099694,1769616099694,1769616099694,1769616099694,300,5000,ok
c92eda8b-f3ec-4635-8bf2-66cbb5a34db3,esp32-03,telemetry,1769616099392,1769616099695,1769616099695,1769616099695,1769616099695,1769616099695,300,5000,ok
20f92a98-4666-41d3-ab06-ae73ae5dd99b,esp32-01,telemetry,1769616099412,1769616099695,1769616099696,1769616099696,1769616099696,1769616099696,300,5000,ok
04e7b65b-0596-4cf1-a60a-8b72f947cc04,esp32-02,telemetry,1769616099431,1769616099695,1769616099696,1769616099696,1769616099696,1769616099696,300,5000,ok
091b3415-dd78-4c5f-8816-16351d968bfe,esp32-03,telemetry,1769616099451,1769616099695,1769616099696,1769616099696,1769616099696,1769616099696,300,5000,ok
71b31cb3-94a9-48b4-ba12-f990c1e810b8,esp32-01,telemetry,1769616099471,1769616099695,1769616099697,1769616099697,1769616099697,1769616099697,300,5000,ok
07ea69a1-f057-4218-b95b-7101ab243ebd,esp32-02,telemetry,1769616099492,1769616099816,1769616099817,1769616099817,1769616099817,1769616099817,300,5000,ok
f0d3504e-1b58-49d2-98a2-ebcb70d5ef83,esp32-03,telemetry,1769616099512,1769616099817,1769616099817,1769616099817,1769616099817,1769616099817,300,5000,ok
b40a022f-7391-4f01-9e13-3bbb248eb819,esp32-01,telemetry,1769616099532,1769616099817,1769616099818,1769616099818,1769616099818,1769616099818,300,5000,ok
689d512c-9372-47ce-a1bc-4e948263bd7b,esp32-02,telemetry,1769616099552,1769616099817,1769616099818,1769616099818,1769616099818,1769616099818,300,5000,ok
70693c0b-4d64-4f93-944a-b85bbe5d3d8d,esp32-02,telemetry,1769616100397,1769616100720,1769616100720,1769616100720,1769616100720,1769616100720,300,5000,ok
c78b4560-5609-458b-b450-73b3ef9a205a,esp32-03,telemetry,1769616100417,1769616100720,1769616100721,1769616100721,1769616100721,1769616100721,300,5000,ok
bf19b6c1-c297-41b2-836b-45ec656e0713,esp32-01,telemetry,1769616100438,1769616100720,1769616100721,1769616100721,1769616100721,1769616100721,300,5000,ok
2c15a06d-7232-4f02-acfc-d23a3520b2c0,esp32-02,telemetry,1769616100459,1769616100721,1769616100722,1769616100722,1769616100722,1769616100722,300,5000,ok
ded4b8ee-cc5d-4133-af6f-bd97dfca2333,esp32-03,telemetry,1769616100478,1769616100721,1769616100722,1769616100722,1769616100722,1769616100722,300,5000,ok
8da03705-dbb5-41bf-8e0c-9fd98400fcea,esp32-01,telemetry,1769616100499,1769616100822,1769616100822,1769616100822,1769616100822,1769616100822,300,5000,ok
0d170200-7c02-470d-8111-30062ba5779a,esp32-02,telemetry,1769616100519,1769616100823,1769616100823,1769616100823,1769616100823,1769616100823,300,5000,ok
1a7c77b0-2809-4f6d-b061-688caa6fd348,esp32-03,telemetry,1769616100540,1769616100823,1769616100824,1769616100824,1769616100824,1769616100824,300,5000,ok
6e577b79-0bb6-4cb4-95ea-9fc638fe5071,esp32-01,telemetry,1769616100559,1769616100823,1769616100824,1769616100824,1769616100824,1769616100824,300,5000,ok
859617d3-1e18-46b9-8810-9a060174c2d0,esp32-02,telemetry,1769616100579,1769616100823,1769616100825,1769616100825,1769616100825,1769616100825,300,5000,ok
95245346-168c-40d9-a53f-1b3f2805c839,esp32-02,telemetry,1769616101426,1769616101751,1769616101751,1769616101751,1769616101751,1769616101751,300,5000,ok
bff1d011-cef1-4a7a-be30-7b61c9b83a1e,esp32-03,telemetry,1769616101447,1769616101751,1769616101751,1769616101751,1769616101751,1769616101751,300,5000,ok
543a7fd3-f97b-4f62-ad8e-bfadc5fb7255,esp32-01,telemetry,1769616101467,1769616101751,1769616101752,1769616101752,1769616101752,1769616101752,300,5000,ok
0a685b33-067e-4efc-8290-997ea83832b3,esp32-02,telemetry,1769616101487,1769616101751,1769616101752,1769616101752,1769616101752,1769616101752,300,5000,ok
0cfb5d2f-c38d-4259-8ddf-c87d8858d422,esp32-03,telemetry,1769616101507,1769616101751,1769616101753,1769616101753,1769616101753,1769616101753,300,5000,ok
cac58d2f-d957-488f-b7e3-ef87bc242dd8,esp32-01,telemetry,1769616101528,1769616101751,1769616101753,1769616101753,1769616101753,1769616101753,300,5000,ok
7033c7f8-0013-4595-b040-37cb37b24029,esp32-02,telemetry,1769616101548,1769616101855,1769616101855,1769616101855,1769616101855,1769616101855,300,5000,ok
6bf5411a-35ee-4e8e-9679-e5b996acc4d1,esp32-03,telemetry,1769616101567,1769616101855,1769616101856,1769616101856,1769616101856,1769616101856,300,5000,ok
055d7433-2915-4f1c-afbc-cae987c3bd96,esp32-01,telemetry,1769616101587,1769616101856,1769616101856,1769616101856,1769616101856,1769616101856,300,5000,ok
fc931abe-d68f-408d-ae71-99ab4a2363d0,esp32-02,telemetry,1769616101608,1769616101856,1769616101856,1769616101856,1769616101856,1769616101856,300,5000,ok
390d3ed4-e410-432e-a57d-a0b300549f2c,esp32-02,telemetry,1769616102449,1769616102772,1769616102772,1769616102772,1769616102772,1769616102772,300,5000,ok
69003ce2-db86-4a12-9f69-c8cfb3dfaa1b,esp32-03,telemetry,1769616102470,1769616102772,1769616102773,1769616102773,1769616102773,1769616102773,300,5000,ok
81a16dc5-e5e2-483c-a42d-6fdd8f55a3d6,esp32-01,telemetry,1769616102490,1769616102772,1769616102774,1769616102774,1769616102774,1769616102774,300,5000,ok
53357c6e-5d1c-4d53-8821-030858d20fd3,esp32-02,telemetry,1769616102510,1769616102772,1769616102774,1769616102774,1769616102774,1769616102774,300,5000,ok
19958e4d-829d-4b3e-a366-b3cc158e1c0c,esp32-03,telemetry,1769616102530,1769616102772,1769616102774,1769616102774,1769616102774,1769616102774,300,5000,ok
4f90179d-755e-4c84-b811-15b08cdedea3,esp32-01,telemetry,1769616102549,1769616102773,1769616102775,1769616102775,1769616102775,1769616102775,300,5000,ok
448ea9ba-0cb9-40e7-9dd2-51c3254e5c73,esp32-02,telemetry,1769616102570,1769616102879,1769616102879,1769616102879,1769616102879,1769616102879,300,5000,ok
4bb59ee8-2097-436d-a0d1-150333f59e21,esp32-03,telemetry,1769616102589,1769616102879,1769616102880,1769616102880,1769616102880,1769616102880,300,5000,ok
ee768821-0187-494d-b460-0ffd89c8f59e,esp32-01,telemetry,1769616102610,1769616102880,1769616102880,1769616102880,1769616102880,1769616102880,300,5000,ok
38b70770-6aed-42a9-a9ef-cd7ae47135da,esp32-02,telemetry,1769616102630,1769616102880,1769616102881,1769616102881,1769616102881,1769616102881,300,5000,ok
61d88287-92f9-47bc-a4b6-3d2cadb7c4a3,esp32-02,telemetry,1769616103474,1769616103796,1769616103796,1769616103796,1769616103796,1769616103796,300,5000,ok
d8b93400-1a46-4b2d-a66f-600f5d48ef10,esp32-03,telemetry,1769616103494,1769616103797,1769616103797,1769616103797,1769616103797,1769616103797,300,5000,ok
4775f5df-daf7-4e82-bbad-37f8f945e926,esp32-01,telemetry,1769616103513,1769616103797,1769616103798,1769616103798,1769616103798,1769616103798,300,5000,ok
23bdbc80-2226-4e31-91e5-025a964b06bc,esp32-02,telemetry,1769616103533,1769616103797,1769616103798,1769616103798,1769616103798,1769616103798,300,5000,ok
82890c7d-a670-46b2-82f6-744f41909706,esp32-03,telemetry,1769616103553,1769616103797,1769616103798,1769616103798,1769616103798,1769616103798,300,5000,ok
5eb0ec16-93fc-45a4-b3f2-103afeaef45b,esp32-01,telemetry,1769616103573,1769616103797,1769616103799,1769616103799,1769616103799,1769616103799,300,5000,ok
01762ad6-c931-406f-95af-d25c3176bdca,esp32-02,telemetry,1769616103593,1769616103903,1769616103903,1769616103903,1769616103903,1769616103903,300,5000,ok
ba92ebf9-6e53-46ee-b397-3e9b958069cd,esp32-03,telemetry,1769616103614,1769616103903,1769616103904,1769616103904,1769616103904,1769616103904,300,5000,ok
8a825340-f3bc-44a4-8aa2-d647efe89d94,esp32-01,telemetry,1769616103634,1769616103903,1769616103904,1769616103904,1769616103904,1769616103904,300,5000,ok
15a29268-3d97-48ca-aaca-7407a5d1645b,esp32-02,telemetry,1769616103655,1769616103903,1769616103904,1769616103904,1769616103904,1769616103904,300,5000,ok
a45256da-0e2a-485e-b775-7fa0a1718e5e,esp32-02,telemetry,1769616104499,1769616104823,1769616104823,1769616104823,1769616104823,1769616104823,300,5000,ok
cbf724ad-8f2c-49e1-bbc8-8d55edb141e5,esp32-03,telemetry,1769616104519,1769616104824,1769616104824,1769616104824,1769616104824,1769616104824,300,5000,ok
2c293c54-303a-4539-9ae3-7f7bcd5e42d2,esp32-01,telemetry,1769616104539,1769616104825,1769616104825,1769616104825,1769616104825,1769616104825,300,5000,ok
af92c1ac-6c3c-4d03-812f-4de0a0d6c88f,esp32-02,telemetry,1769616104560,1769616104825,1769616104825,1769616104825,1769616104825,1769616104825,300,5000,ok
9b0d15bf-202b-4cf8-9e47-57dc87de0f26,esp32-03,telemetry,1769616104581,1769616104825,1769616104826,1769616104826,1769616104826,1769616104826,300,5000,ok
a638da33-a947-41be-b1f3-2d350ad43a3f,esp32-01,telemetry,1769616104601,1769616104825,1769616104826,1769616104826,1769616104826,1769616104826,300,5000,ok
7a349fd2-2de9-4cc8-9f2a-7a1907d96ab1,esp32-02,telemetry,1769616104621,1769616104928,1769616104928,1769616104928,1769616104928,1769616104928,300,5000,ok
958b6974-9284-4b72-84c1-1c198796f5a3,esp32-03,telemetry,1769616104640,1769616104929,1769616104929,1769616104929,1769616104929,1769616104929,300,5000,ok
ecf2b10e-9b08-471f-9db8-ddca83d72f39,esp32-01,telemetry,1769616104661,1769616104929,1769616104929,1769616104929,1769616104929,1769616104929,300,5000,ok
85536f07-ed27-4aad-8b79-56e34035f33b,esp32-02,telemetry,1769616104680,1769616104929,1769616104930,1769616104930,1769616104930,1769616104930,300,5000,ok
22505df8-7e80-4173-b6ad-ea92c0f82e68,esp32-02,telemetry,1769616105528,1769616105846,1769616105846,1769616105846,1769616105846,1769616105846,300,5000,ok
d45563d4-e401-4bf5-baf0-537826100b72,esp32-03,telemetry,1769616105548,1769616105847,1769616105847,1769616105847,1769616105847,1769616105847,300,5000,ok
ce2d2f6b-afb8-412b-b18c-d533649bddec,esp32-01,telemetry,1769616105568,1769616105847,1769616105848,1769616105848,1769616105848,1769616105848,300,5000,ok
0cb04f13-799e-461e-8e15-adc416f687ba,esp32-02,telemetry,1769616105588,1769616105847,1769616105848,1769616105848,1769616105848,1769616105848,300,5000,ok
73f787ff-e7d0-4019-90b8-26be9d1e2b27,esp32-03,telemetry,1769616105607,1769616105847,1769616105849,1769616105849,1769616105849,1769616105849,300,5000,ok
d5736901-b3fa-44f2-8196-ea1e8cfbe16d,esp32-01,telemetry,1769616105628,1769616105952,1769616105952,1769616105952,1769616105952,1769616105952,300,5000,ok
8c1db414-1b39-4c1e-a36e-afd517af1e88,esp32-02,telemetry,1769616105648,1769616105952,1769616105952,1769616105952,1769616105952,1769616105952,300,5000,ok
8ece6e37-48bc-4fde-a8f4-2488e13ce744,esp32-03,telemetry,1769616105668,1769616105952,1769616105953,1769616105953,1769616105953,1769616105953,300,5000,ok
13c32fa8-6651-480d-b219-445864379214,esp32-01,telemetry,1769616105688,1769616105952,1769616105953,1769616105953,1769616105953,1769616105953,300,5000,ok
b4ba4077-5a08-4fb1-b60b-acd7a8724634,esp32-02,telemetry,1769616105708,1769616105952,1769616105953,1769616105953,1769616105953,1769616105953,300,5000,ok
6d38b685-529f-40c3-a73d-b6ba64069619,esp32-02,telemetry,1769616106554,1769616106877,1769616106878,1769616106878,1769616106878,1769616106878,300,5000,ok
52d7804b-c5ce-433c-8c46-b2d8f00cbeb0,esp32-03,telemetry,1769616106574,1769616106878,1769616106878,1769616106878,1769616106878,1769616106878,300,5000,ok
5a3e2272-a144-45a5-851a-065f7b52622a,esp32-01,telemetry,1769616106595,1769616106878,1769616106879,1769616106879,1769616106879,1769616106879,300,5000,ok
03a23ba2-cfd2-4a45-ad64-6ebc29a6cfc5,esp32-02,telemetry,1769616106615,1769616106878,1769616106879,1769616106879,1769616106879,1769616106879,300,5000,ok
a1aa9e24-4938-472c-85cc-3c3b71794d92,esp32-03,telemetry,1769616106634,1769616106878,1769616106880,1769616106880,1769616106880,1769616106880,300,5000,ok
cb97b726-6b8b-4768-a01c-67ec82fc004f,esp32-01,telemetry,1769616106654,1769616106878,1769616106880,1769616106880,1769616106880,1769616106880,300,5000,ok
9abcbfd4-1e4f-4d7f-aaa2-89eb6652a574,esp32-02,telemetry,1769616106675,1769616106984,1769616106984,1769616106984,1769616106984,1769616106984,300,5000,ok
cd2fcc8c-e45f-4efe-b64e-c2b99d90cda7,esp32-03,telemetry,1769616106695,1769616106984,1769616106984,1769616106984,1769616106984,1769616106984,300,5000,ok
5e7f8ba0-6c4b-415a-86e1-335e00bfdc8e,esp32-01,telemetry,1769616106715,1769616106984,1769616106985,1769616106985,1769616106985,1769616106985,300,5000,ok
1a04d0af-3f47-4b38-8421-a49037643472,esp32-02,telemetry,1769616106736,1769616106985,1769616106985,1769616106985,1769616106985,1769616106985,300,5000,ok
0ec9a2e1-4fbb-4450-93e1-10557d633ef2,esp32-01,telemetry,1769616107570,1769616107893,1769616107893,1769616107893,1769616107893,1769616107893,300,5000,ok
fb4e4439-aa0e-4b6c-9168-7e4e8651b663,esp32-02,telemetry,1769616107590,1769616107894,1769616107895,1769616107895,1769616107895,1769616107895,300,5000,ok
78706a95-8b5c-40c8-8cf6-e8b88fe5996a,esp32-03,telemetry,1769616107609,1769616107894,1769616107896,1769616107896,1769616107896,1769616107896,300,5000,ok
750757b9-46fa-4299-9676-11e6c5adff76,esp32-01,telemetry,1769616107630,1769616107894,1769616107896,1769616107896,1769616107896,1769616107896,300,5000,ok
e56c9e41-52bc-4525-ab54-77a692f6ef34,esp32-02,telemetry,1769616107651,1769616107895,1769616107896,1769616107896,1769616107896,1769616107896,300,5000,ok
cb28256a-5deb-454f-a0d7-b60f5a6cd916,esp32-03,telemetry,1769616107671,1769616107895,1769616107897,1769616107897,1769616107897,1769616107897,300,5000,ok
30b3c317-174a-44d0-9608-3d7f9c5a71d3,esp32-01,telemetry,1769616107690,1769616107999,1769616107999,1769616107999,1769616107999,1769616107999,300,5000,ok
3582323e-e85e-4dea-89be-f3eb9bfea3cb,esp32-02,telemetry,1769616107710,1769616107999,1769616108000,1769616108000,1769616108000,1769616108000,300,5000,ok
a3e3f0cb-ffac-496b-bced-299978ae57bd,esp32-03,telemetry,1769616107730,1769616107999,1769616108001,1769616108001,1769616108001,1769616108001,300,5000,ok
e4a67457-1a1a-4c44-94fc-b431d4aabfad,esp32-01,telemetry,1769616107751,1769616107999,1769616108001,1769616108001,1769616108001,1769616108001,300,5000,ok
f15e1e42-7384-45ae-a041-c6d640f290d3,esp32-01,telemetry,1769616108596,1769616108920,1769616108920,1769616108920,1769616108920,1769616108920,300,5000,ok
092403ba-402e-4249-8278-c019592382df,esp32-02,telemetry,1769616108617,1769616108920,1769616108921,1769616108921,1769616108921,1769616108921,300,5000,ok
a021b3a6-51e6-457c-b8b3-5725ca8db373,esp32-03,telemetry,1769616108638,1769616108920,1769616108922,1769616108922,1769616108922,1769616108922,300,5000,ok
4fff6b14-0d1d-4d02-8002-0bd368ce987e,esp32-01,telemetry,1769616108657,1769616108920,1769616108922,1769616108922,1769616108922,1769616108922,300,5000,ok
3a268844-da8a-4898-a61e-d2ea84e9f4b5,esp32-02,telemetry,1769616108677,1769616108921,1769616108923,1769616108923,1769616108923,1769616108923,300,5000,ok
0ae9a239-8cb7-478c-a06d-a094bf7b50fe,esp32-03,telemetry,1769616108697,1769616108921,1769616108923,1769616108923,1769616108923,1769616108923,300,5000,ok
1c947fe8-73a6-48c2-92ee-498500a701bf,esp32-01,telemetry,1769616108718,1769616109025,1769616109025,1769616109025,1769616109025,1769616109025,300,5000,ok
c165fed6-e2ce-4c5e-86c1-af9374897256,esp32-02,telemetry,1769616108738,1769616109025,1769616109026,1769616109026,1769616109026,1769616109026,300,5000,ok
a8c24373-02c2-4cb9-8a14-95028cd6312c,esp32-03,telemetry,1769616108758,1769616109026,1769616109026,1769616109026,1769616109026,1769616109026,300,5000,ok
5c71cd4a-c1bd-4119-a37a-4ff999d15def,esp32-01,telemetry,1769616108778,1769616109026,1769616109027,1769616109027,1769616109027,1769616109027,300,5000,ok
d1d54f3f-6f7a-4dfc-93fe-4ef1878c5e35,esp32-01,telemetry,1769616109621,1769616109946,1769616109946,1769616109946,1769616109946,1769616109946,300,5000,ok
a9a3e32f-0560-4511-8fe1-cf85d60efd46,esp32-02,telemetry,1769616109641,1769616109946,1769616109946,1769616109946,1769616109946,1769616109946,300,5000,ok
2e8ed7bc-91ff-42c6-ac0a-5a41e5d442a0,esp32-03,telemetry,1769616109661,1769616109946,1769616109947,1769616109947,1769616109947,1769616109947,300,5000,ok
01455463-9488-446f-8317-dbe72fc159a2,esp32-01,telemetry,1769616109681,1769616109947,1769616109947,1769616109947,1769616109947,1769616109947,300,5000,ok
70b780fa-2535-438a-9cae-fca54d625a3d,esp32-02,telemetry,1769616109702,1769616109947,1769616109948,1769616109948,1769616109948,1769616109948,300,5000,ok
21d99ad7-ced9-41c5-9878-bce8f58ccf36,esp32-03,telemetry,1769616109722,1769616109947,1769616109948,1769616109948,1769616109948,1769616109948,300,5000,ok
f3a9400c-4e0e-4779-a831-06c9046e8511,esp32-01,telemetry,1769616109742,1769616110068,1769616110068,1769616110068,1769616110068,1769616110068,300,5000,ok
f85e08c0-f075-442b-9cb0-16a6bf196716,esp32-02,telemetry,1769616109761,1769616110069,1769616110069,1769616110069,1769616110069,1769616110069,300,5000,ok
4e3668e5-4898-4e07-baf5-baa1d6dc5041,esp32-03,telemetry,1769616109781,1769616110069,1769616110070,1769616110070,1769616110070,1769616110070,300,5000,ok
77468eef-fcab-4fc0-83ca-a0ab788dbefd,esp32-01,telemetry,1769616109801,1769616110070,1769616110070,1769616110070,1769616110070,1769616110070,300,5000,ok
860b119e-bc10-475c-babf-6169fb92dcbc,esp32-01,telemetry,1769616110650,1769616110976,1769616110976,1769616110976,1769616110976,1769616110976,300,5000,ok
861cfcba-1799-4297-adc9-f5d8a63c3781,esp32-02,telemetry,1769616110670,1769616110977,1769616110977,1769616110977,1769616110977,1769616110977,300,5000,ok
c850e8d6-0aac-4ac4-9167-9d7786c6da8b,esp32-03,telemetry,1769616110691,1769616110977,1769616110977,1769616110977,1769616110978,1769616110978,300,5000,ok
415c5cc3-e2b6-4df2-ac49-d48a13dfcb49,esp32-01,telemetry,1769616110711,1769616110977,1769616110978,1769616110978,1769616110978,1769616110978,300,5000,ok
1ca018c9-6699-432e-b2ac-b5da0476bf90,esp32-02,telemetry,1769616110732,1769616110977,1769616110978,1769616110978,1769616110978,1769616110978,300,5000,ok
411281dd-77a8-423f-b897-ba5a1a346af7,esp32-03,telemetry,1769616110751,1769616110977,1769616110979,1769616110979,1769616110979,1769616110979,300,5000,ok
5bc4f4c8-80a4-437e-ade4-dbd7a72856f1,esp32-01,telemetry,1769616110771,1769616111078,1769616111078,1769616111078,1769616111078,1769616111078,300,5000,ok
f141a27c-0373-42a7-b282-6095e4b7a38f,esp32-02,telemetry,1769616110792,1769616111079,1769616111079,1769616111079,1769616111079,1769616111079,300,5000,ok
07813167-3912-40d9-bc4e-28cc593a93e6,esp32-03,telemetry,1769616110813,1769616111079,1769616111079,1769616111079,1769616111079,1769616111079,300,5000,ok
185d907c-54ed-4eae-84f0-c49255ea8c50,esp32-01,telemetry,1769616110833,1769616111079,1769616111080,1769616111080,1769616111080,1769616111080,300,5000,ok
f15bd324-1e89-4455-b799-1254f85aac48,esp32-01,telemetry,1769616111678,1769616112003,1769616112003,1769616112003,1769616112003,1769616112003,300,5000,ok
58033f42-20ff-4b2f-8286-32348ce10149,esp32-02,telemetry,1769616111699,1769616112003,1769616112003,1769616112003,1769616112003,1769616112003,300,5000,ok
ac28371f-91f2-40cb-83b6-b0efd8271295,esp32-03,telemetry,1769616111719,1769616112003,1769616112004,1769616112004,1769616112004,1769616112004,300,5000,ok
a19b9a26-d6b8-47bb-9690-31064bef8e6f,esp32-01,telemetry,1769616111738,1769616112003,1769616112004,1769616112004,1769616112004,1769616112004,300,5000,ok
e26020b2-8e39-4c6d-9287-b80d1567f8f0,esp32-02,telemetry,1769616111759,1769616112003,1769616112005,1769616112005,1769616112005,1769616112005,300,5000,ok
2331c950-eeb4-40e1-8915-7c6f14f60bbd,esp32-03,telemetry,1769616111779,1769616112003,1769616112005,1769616112005,1769616112005,1769616112005,300,5000,ok
df43c43c-a412-4ead-840d-e705c7a5ab0e,esp32-01,telemetry,1769616111799,1769616112109,1769616112109,1769616112109,1769616112109,1769616112109,300,5000,ok
2bcb9d21-c437-4b9f-a281-1e8d1b269a19,esp32-02,telemetry,1769616111818,1769616112114,1769616112114,1769616112114,1769616112114,1769616112114,300,5000,ok
36af3d91-c609-4585-8670-01fcbc708204,esp32-03,telemetry,1769616111839,1769616112115,1769616112115,1769616112115,1769616112115,1769616112115,300,5000,ok
169bcfe6-e409-459d-ba7a-88310c5ebc3b,esp32-01,telemetry,1769616111860,1769616112115,1769616112116,1769616112116,1769616112116,1769616112116,300,5000,ok
9970f49d-4e10-4d60-9bdc-31a8f13e18ce,esp32-01,telemetry,1769616112706,1769616113032,1769616113032,1769616113032,1769616113032,1769616113032,300,5000,ok
d799700f-f1bd-4239-8c08-1d4e7b18d646,esp32-02,telemetry,1769616112726,1769616113033,1769616113033,1769616113033,1769616113033,1769616113033,300,5000,ok
b462c8f7-46d0-49df-8ed5-c1291f4af87e,esp32-03,telemetry,1769616112747,1769616113033,1769616113034,1769616113034,1769616113034,1769616113034,300,5000,ok
56f055a7-74a8-4392-b868-b199356fa1d5,esp32-01,telemetry,1769616112767,1769616113034,1769616113034,1769616113034,1769616113034,1769616113034,300,5000,ok
9fdf1d1b-6bd8-4fd6-a260-d280b3465e5f,esp32-02,telemetry,1769616112788,1769616113034,1769616113035,1769616113035,1769616113035,1769616113035,300,5000,ok
fbf2b235-2935-4faf-b1b1-182e91ac4864,esp32-03,telemetry,1769616112808,1769616113034,1769616113035,1769616113035,1769616113035,1769616113035,300,5000,ok
c66cb959-04d0-45d0-b5e5-b24022b3d7e5,esp32-01,telemetry,1769616112827,1769616113142,1769616113142,1769616113142,1769616113142,1769616113142,300,5000,ok
c93e24aa-55a6-455b-a504-2a068551ad2a,esp32-02,telemetry,1769616112848,1769616113142,1769616113142,1769616113142,1769616113142,1769616113142,300,5000,ok
2972c2b6-e489-4299-b0d0-9a1afb5b2d03,esp32-03,telemetry,1769616112867,1769616113142,1769616113143,1769616113143,1769616113143,1769616113143,300,5000,ok
aad28ca7-ecdf-40c2-962f-8ee590d89690,esp32-01,telemetry,1769616112887,1769616113142,1769616113143,1769616113143,1769616113143,1769616113143,300,5000,ok
f46d573f-11ca-4554-b2d5-a37f9b293400,esp32-03,telemetry,1769616113713,1769616114040,1769616114040,1769616114040,1769616114040,1769616114040,300,5000,ok
be2388bf-8d97-4620-8b44-ae3ce7f74188,esp32-01,telemetry,1769616113733,1769616114040,1769616114041,1769616114041,1769616114041,1769616114041,300,5000,ok
387b00c8-d0e9-4af2-a253-f933d432c318,esp32-02,telemetry,1769616113753,1769616114040,1769616114041,1769616114041,1769616114041,1769616114041,300,5000,ok
9ad4c164-86df-44c3-b3ff-87452c54bb69,esp32-03,telemetry,1769616113773,1769616114040,1769616114042,1769616114042,1769616114042,1769616114042,300,5000,ok
dd7fd2e3-3098-406f-8e28-5705105ebc0c,esp32-01,telemetry,1769616113794,1769616114040,1769616114042,1769616114042,1769616114042,1769616114042,300,5000,ok
a668b403-1668-40de-a591-a698d7205903,esp32-02,telemetry,1769616113814,1769616114041,1769616114043,1769616114043,1769616114043,1769616114043,300,5000,ok
c7e725d7-4468-4b10-9ebe-f1f871762ad9,esp32-03,telemetry,1769616113833,1769616114157,1769616114157,1769616114157,1769616114157,1769616114157,300,5000,ok
03aa35f2-336d-4d8c-8f1c-7ab1080bd8bc,esp32-01,telemetry,1769616113854,1769616114157,1769616114157,1769616114157,1769616114158,1769616114158,300,5000,ok
bffea102-87ce-4924-b0ff-740c397da91e,esp32-02,telemetry,1769616113874,1769616114157,1769616114158,1769616114158,1769616114158,1769616114158,300,5000,ok
a8cd3e3e-2ea3-402b-b338-72d5146bae29,esp32-03,telemetry,1769616113894,1769616114157,1769616114158,1769616114158,1769616114158,1769616114158,300,5000,ok
2707dec6-a68d-401f-b387-d3e5e95885a1,esp32-03,telemetry,1769616114739,1769616115051,1769616115051,1769616115051,1769616115051,1769616115051,300,5000,ok
f3765045-7e75-4146-93c1-44f3b302a69a,esp32-01,telemetry,1769616114759,1769616115051,1769616115052,1769616115052,1769616115052,1769616115052,300,5000,ok
fd492126-aa44-48af-98b3-b8d99404eba7,esp32-02,telemetry,1769616114779,1769616115051,1769616115052,1769616115052,1769616115052,1769616115052,300,5000,ok
1844b2f6-66bd-49ed-8176-d60a58114220,esp32-03,telemetry,1769616114798,1769616115051,1769616115053,1769616115053,1769616115053,1769616115053,300,5000,ok
d5ca9794-777a-4d49-ae07-e7052b899ab4,esp32-01,telemetry,1769616114818,1769616115051,1769616115054,1769616115054,1769616115054,1769616115054,300,5000,ok
2cb938f7-ae1f-4628-b012-8c70c3711a5d,esp32-02,telemetry,1769616114838,1769616115142,1769616115142,1769616115142,1769616115142,1769616115142,300,5000,ok
ece920ab-1148-47c9-8fbf-ca59762376a3,esp32-01,alarm,1769616114914,1769616115143,1769616115143,1769616115143,1769616115143,1769616115143,150,10000,alarm_type
2e3d81d4-1af6-4161-be41-f7c67a1edd0c,esp32-03,telemetry,1769616114858,1769616115142,1769616115143,1769616115143,1769616115143,1769616115143,300,5000,ok
9ac1242d-f060-456f-9d4d-004664514eab,esp32-01,telemetry,1769616114878,1769616115142,1769616115144,1769616115144,1769616115144,1769616115144,300,5000,ok
1cd54925-441a-494a-91f1-201f27caa88f,esp32-02,telemetry,1769616114899,1769616115143,1769616115144,1769616115144,1769616115144,1769616115144,300,5000,ok
9db4bb2c-544d-4027-8782-c298d4d2dffe,esp32-03,telemetry,1769616115825,1769616116131,1769616116131,1769616116131,1769616116131,1769616116131,300,5000,ok
17c0f668-411b-4485-b8e0-61b562060897,esp32-01,telemetry,1769616115845,1769616116131,1769616116131,1769616116131,1769616116131,1769616116131,300,5000,ok
cbb8fb73-e2ae-4124-af04-21cec18c37c3,esp32-02,telemetry,1769616115866,1769616116131,1769616116132,1769616116132,1769616116132,1769616116132,300,5000,ok
da27c0db-1887-4710-8676-8a4d157a9340,esp32-03,telemetry,1769616115885,1769616116131,1769616116132,1769616116132,1769616116132,1769616116132,300,5000,ok
ecf41230-a712-4482-9406-adeed20248b0,esp32-01,telemetry,1769616115905,1769616116131,1769616116133,1769616116133,1769616116133,1769616116133,300,5000,ok
d9bfcfc3-dbde-4f80-a7f7-5f0d00d0c731,esp32-02,telemetry,1769616115926,1769616116183,1769616116183,1769616116183,1769616116183,1769616116183,300,5000,ok
38b0975a-b03b-49e5-8d9a-7c64be7a5f6d,esp32-03,telemetry,1769616115946,1769616116183,1769616116184,1769616116184,1769616116184,1769616116184,300,5000,ok
cb894f47-9467-4bef-ac10-d286ffca6b31,esp32-01,telemetry,1769616115966,1769616116274,1769616116274,1769616116274,1769616116274,1769616116274,300,5000,ok
24d392ed-cb63-4f1e-bd3c-785b4ce586da,esp32-02,telemetry,1769616115985,1769616116274,1769616116274,1769616116274,1769616116274,1769616116274,300,5000,ok
149060ea-355a-4e7a-969f-d2a775d8b54b,esp32-03,telemetry,1769616116006,1769616116274,1769616116275,1769616116275,1769616116275,1769616116275,300,5000,ok
c06f9692-7ba2-4b43-8cdd-24a678aabd05,esp32-01,telemetry,1769616116874,1769616117181,1769616117181,1769616117181,1769616117181,1769616117181,300,5000,ok
1ffdc7a9-a2f8-4202-8ee0-c44cdd9bdf70,esp32-02,telemetry,1769616116894,1769616117181,1769616117182,1769616117182,1769616117182,1769616117182,300,5000,ok
0ed14275-9646-42d9-805e-1f1610e0eb08,esp32-03,telemetry,1769616116914,1769616117181,1769616117182,1769616117182,1769616117182,1769616117182,300,5000,ok
3b758971-0d7a-40fc-8fe9-5afcda9d4517,esp32-01,telemetry,1769616116935,1769616117181,1769616117182,1769616117182,1769616117182,1769616117182,300,5000,ok
3c0a6880-a20e-4edc-b347-ea6461a8d78f,esp32-02,telemetry,1769616116955,1769616117181,1769616117183,1769616117183,1769616117183,1769616117183,300,5000,ok
e4d18614-62eb-4ba4-9908-fdc6a51d6404,esp32-03,telemetry,1769616116974,1769616117264,1769616117264,1769616117264,1769616117264,1769616117264,300,5000,ok
5424e636-09fe-439f-84aa-06796b318d31,esp32-01,telemetry,1769616116995,1769616117264,1769616117265,1769616117265,1769616117265,1769616117265,300,5000,ok
0110c9df-be51-4463-8cb8-78113e5a25cf,esp32-02,telemetry,1769616117015,1769616117264,1769616117265,1769616117265,1769616117265,1769616117265,300,5000,ok
941e7226-a05a-4f59-97e2-e6a0dd71863b,esp32-03,telemetry,1769616117036,1769616117265,1769616117266,1769616117266,1769616117266,1769616117266,300,5000,ok
2d095898-44c0-4c0d-b974-29c86cc18130,esp32-01,telemetry,1769616117056,1769616117409,1769616117409,1769616117409,1769616117409,1769616117409,300,5000,ok
f18e3aca-3a3f-447e-b927-a851db248461,esp32-01,telemetry,1769616117964,1769616118272,1769616118273,1769616118273,1769616118273,1769616118273,300,5000,ok
2e115de8-4e98-4712-b58f-20bfb0265c2d,esp32-02,telemetry,1769616117984,1769616118273,1769616118273,1769616118273,1769616118273,1769616118274,300,5000,ok
90030ef5-eb9c-485e-8cc4-f351d066354d,esp32-03,telemetry,1769616118005,1769616118273,1769616118274,1769616118274,1769616118274,1769616118274,300,5000,ok
36d23050-1db5-40c7-b552-6e86101ff9da,esp32-01,telemetry,1769616118025,1769616118273,1769616118274,1769616118274,1769616118274,1769616118274,300,5000,ok
c3d8fd27-afb8-4bda-8fa4-1f935a750fd8,esp32-02,telemetry,1769616118044,1769616118273,1769616118275,1769616118275,1769616118275,1769616118275,300,5000,ok
e01d45ed-4bbb-428b-9c9c-3ad40ba43b3f,esp32-03,telemetry,1769616118065,1769616118313,1769616118313,1769616118313,1769616118313,1769616118313,300,5000,ok
c4b4181d-0a67-4ab4-9b59-dcfc44e20e1a,esp32-01,telemetry,1769616118085,1769616118313,1769616118313,1769616118313,1769616118313,1769616118313,300,5000,ok
b7b04278-a514-46f0-b032-815184357b3b,esp32-02,telemetry,1769616118105,1769616118394,1769616118394,1769616118394,1769616118394,1769616118394,300,5000,ok
648a44e4-134f-494c-b0dd-71a803aef427,esp32-03,telemetry,1769616118124,1769616118394,1769616118394,1769616118394,1769616118394,1769616118394,300,5000,ok
4af4f0e3-7409-4358-a966-eaa5edffcebb,esp32-01,telemetry,1769616118145,1769616118394,1769616118395,1769616118395,1769616118395,1769616118395,300,5000,ok
9aa2c8f7-2cf4-4c56-add0-071c2d993cda,esp32-02,telemetry,1769616119011,1769616119311,1769616119311,1769616119311,1769616119311,1769616119311,300,5000,ok
7dae49c7-aa69-42d2-9e48-e048e722b7f0,esp32-03,telemetry,1769616119031,1769616119311,1769616119312,1769616119312,1769616119312,1769616119312,300,5000,ok
0144020f-54c4-40e5-8d4e-8820f99d265e,esp32-01,telemetry,1769616119052,1769616119311,1769616119312,1769616119312,1769616119312,1769616119312,300,5000,ok
cfd564e0-3af1-4d94-b8ca-cbf4f475300a,esp32-02,telemetry,1769616119071,1769616119311,1769616119313,1769616119313,1769616119313,1769616119313,300,5000,ok
d023a93d-b9f2-4b35-883b-498985f97eff,esp32-03,telemetry,1769616119092,1769616119417,1769616119418,1769616119418,1769616119418,1769616119418,300,5000,ok
577b3572-bd19-4745-be33-44faea9c4cb2,esp32-01,telemetry,1769616119111,1769616119418,1769616119419,1769616119419,1769616119419,1769616119419,300,5000,ok
16bc7de9-7599-4223-a3b2-048874fde717,esp32-02,telemetry,1769616119132,1769616119418,1769616119420,1769616119420,1769616119420,1769616119420,300,5000,ok
9684bdf6-78fc-40c8-aad9-0822be592989,esp32-03,telemetry,1769616119151,1769616119418,1769616119421,1769616119421,1769616119421,1769616119421,300,5000,ok
387251ce-64b5-4527-aa14-1865a2da3ab3,esp32-01,telemetry,1769616119172,1769616119418,1769616119421,1769616119421,1769616119421,1769616119421,300,5000,ok
43fbbe65-cce3-42e1-9799-30ecc925bc81,esp32-02,telemetry,1769616119193,1769616119418,1769616119421,1769616119421,1769616119421,1769616119421,300,5000,ok
eec86dfc-9852-4ed6-ad25-58179905b1cf,esp32-03,telemetry,1769616119999,1769616120321,1769616120321,1769616120321,1769616120321,1769616120321,300,5000,ok
38448c44-67f2-4adf-acfc-c8c563715148,esp32-01,telemetry,1769616120018,1769616120321,1769616120322,1769616120322,1769616120322,1769616120322,300,5000,ok
a0f71d4e-de41-4736-b378-941ef1cdac5b,esp32-02,telemetry,1769616120039,1769616120321,1769616120322,1769616120322,1769616120322,1769616120322,300,5000,ok
aa52a324-7041-4229-972c-e90d6d8d8271,esp32-03,telemetry,1769616120059,1769616120322,1769616120323,1769616120323,1769616120323,1769616120323,300,5000,ok
761eb6b6-fa31-40ef-bafd-ea3ae0c752ed,esp32-01,telemetry,1769616120078,1769616120322,1769616120323,1769616120323,1769616120323,1769616120323,300,5000,ok
ef5470a7-9d52-40dd-9913-be9b2891b9fa,esp32-02,telemetry,1769616120098,1769616120322,1769616120323,1769616120323,1769616120323,1769616120323,300,5000,ok
1cc6213b-b209-49fa-afeb-4e240a13585b,esp32-03,telemetry,1769616120119,1769616120353,1769616120353,1769616120353,1769616120353,1769616120353,300,5000,ok
6ac21061-a134-442d-b46d-49cac328956b,esp32-01,telemetry,1769616120139,1769616120449,1769616120450,1769616120450,1769616120450,1769616120450,300,5000,ok
31ac74fe-7677-4c2c-9284-f4cc7ab149a1,esp32-02,telemetry,1769616120160,1769616120450,1769616120450,1769616120450,1769616120450,1769616120450,300,5000,ok
43da9f19-ad15-4a42-88a0-a8861698fa58,esp32-03,telemetry,1769616120180,1769616120450,1769616120451,1769616120451,1769616120451,1769616120451,300,5000,ok
7f76335b-ed24-4ec5-8523-d6ea43d9a244,esp32-01,telemetry,1769616121105,1769616121355,1769616121356,1769616121356,1769616121356,1769616121356,300,5000,ok
08d11ca1-7331-4b2d-904e-9c0d43af2d11,esp32-02,telemetry,1769616121124,1769616121356,1769616121356,1769616121356,1769616121356,1769616121356,300,5000,ok
83326024-a827-485e-9237-0895a4b71d11,esp32-03,telemetry,1769616121145,1769616121453,1769616121453,1769616121453,1769616121453,1769616121453,300,5000,ok
a057c3a7-fea8-4b4d-8854-277c58826282,esp32-01,telemetry,1769616121164,1769616121453,1769616121454,1769616121454,1769616121454,1769616121454,300,5000,ok
d22b8aed-bf24-46ca-97df-7207125652b4,esp32-02,telemetry,1769616121185,1769616121453,1769616121454,1769616121454,1769616121454,1769616121454,300,5000,ok
f5fc79ab-bbf7-4792-9cf9-fbe769e5d9b6,esp32-03,telemetry,1769616121204,1769616121453,1769616121454,1769616121454,1769616121454,1769616121454,300,5000,ok
3ccb7cb7-5985-4af7-b87c-97413147454b,esp32-01,telemetry,1769616121225,1769616121453,1769616121455,1769616121455,1769616121455,1769616121455,300,5000,ok
4ed3b882-e449-490b-9250-d6023d9e1d61,esp32-02,telemetry,1769616121245,1769616121545,1769616121545,1769616121545,1769616121545,1769616121545,300,5000,ok
127edf84-1160-4e6f-9828-e5dad3088dae,esp32-03,telemetry,1769616121264,1769616121545,1769616121545,1769616121545,1769616121545,1769616121545,300,5000,ok
0112b2cb-aae4-4d8e-94f6-948f8fcd794a,esp32-01,telemetry,1769616121285,1769616121545,1769616121546,1769616121546,1769616121546,1769616121546,300,5000,ok
6bc73206-59ff-49be-b9f9-1b3c6b698a65,esp32-03,telemetry,1769616122055,1769616122358,1769616122358,1769616122358,1769616122358,1769616122358,300,5000,ok
743dfa6b-7a39-4b17-95b7-04338d4dbf63,esp32-01,telemetry,1769616122075,1769616122358,1769616122359,1769616122359,1769616122359,1769616122359,300,5000,ok
541d0e37-2bc8-4fa2-ab0d-91ad140e5d98,esp32-02,telemetry,1769616122096,1769616122358,1769616122359,1769616122359,1769616122359,1769616122359,300,5000,ok
333113d6-9068-4eee-a7ee-f91579f27f91,esp32-03,telemetry,1769616122117,1769616122359,1769616122360,1769616122360,1769616122360,1769616122360,300,5000,ok
9d912157-37d5-4440-8c2e-24d78e0984e7,esp32-01,telemetry,1769616122137,1769616122449,1769616122449,1769616122449,1769616122449,1769616122449,300,5000,ok
481f4dcd-5c1d-4275-8aac-e7497cce5d50,esp32-02,telemetry,1769616122157,1769616122449,1769616122450,1769616122450,1769616122450,1769616122450,300,5000,ok
374a8d7b-cad5-47e5-96e5-965fc2d6422b,esp32-03,telemetry,1769616122176,1769616122449,1769616122450,1769616122450,1769616122450,1769616122450,300,5000,ok
c18f8a52-3f66-459f-8714-be6572eabdf2,esp32-01,telemetry,1769616122197,1769616122450,1769616122451,1769616122451,1769616122451,1769616122451,300,5000,ok
49d722e7-7e97-412e-a6c3-16d9a1eab8d8,esp32-02,telemetry,1769616122217,1769616122450,1769616122451,1769616122451,1769616122451,1769616122451,300,5000,ok
dd122b6f-1570-45a3-b0b4-6f4d464f3ec6,esp32-03,telemetry,1769616122237,1769616122491,1769616122492,1769616122492,1769616122492,1769616122492,300,5000,ok
1f3d1ad8-0c8e-470e-b2e0-98c32819f1e4,esp32-02,telemetry,1769616123061,1769616123357,1769616123358,1769616123358,1769616123358,1769616123358,300,5000,ok
436e65ae-aff7-4589-a688-f2c40c9ef751,esp32-03,telemetry,1769616123082,1769616123358,1769616123358,1769616123358,1769616123358,1769616123358,300,5000,ok
3db39fb8-7362-4cce-935b-01503a01e242,esp32-01,telemetry,1769616123102,1769616123358,1769616123359,1769616123359,1769616123359,1769616123359,300,5000,ok
c6e1a4a0-e752-4a78-8bf2-b993b8b48b9d,esp32-02,telemetry,1769616123121,1769616123358,1769616123359,1769616123359,1769616123359,1769616123359,300,5000,ok
ffaa0906-9563-410a-a048-4902abd218fc,esp32-03,telemetry,1769616123141,1769616123395,1769616123396,1769616123396,1769616123396,1769616123396,300,5000,ok
a9896008-6a81-41b3-8257-02dcd2e7383e,esp32-01,telemetry,1769616123162,1769616123396,1769616123396,1769616123396,1769616123396,1769616123396,300,5000,ok
34b1d471-631a-47da-b7f8-2f1998ba260c,esp32-02,telemetry,1769616123182,1769616123492,1769616123492,1769616123492,1769616123492,1769616123492,300,5000,ok
cf665395-cdc3-47e7-9bac-e9b43102d324,esp32-03,telemetry,1769616123203,1769616123492,1769616123492,1769616123492,1769616123492,1769616123492,300,5000,ok
b9d052ca-9828-4ad3-85b2-82f0be12d799,esp32-01,telemetry,1769616123224,1769616123492,1769616123493,1769616123493,1769616123493,1769616123493,300,5000,ok
5418c9eb-a67a-46f8-8e31-b45047acd87d,esp32-02,telemetry,1769616123243,1769616123492,1769616123493,1769616123493,1769616123493,1769616123493,300,5000,ok
5410cc3c-1b69-481a-8b3d-9cf1ffb7daca,esp32-02,telemetry,1769616124088,1769616124400,1769616124400,1769616124400,1769616124400,1769616124400,300,5000,ok
29cec711-e3cc-4555-9509-0e6cb28bb019,esp32-03,telemetry,1769616124108,1769616124400,1769616124401,1769616124401,1769616124401,1769616124401,300,5000,ok
9257ab82-0f33-4b66-995e-82289b28271f,esp32-01,telemetry,1769616124128,1769616124400,1769616124401,1769616124401,1769616124401,1769616124401,300,5000,ok
277b9008-f8c5-477b-9a83-e2b2b397fd0b,esp32-02,telemetry,1769616124147,1769616124400,1769616124402,1769616124402,1769616124402,1769616124402,300,5000,ok
73d99fed-09c5-4651-bb3e-358ed44aca16,esp32-03,telemetry,1769616124168,1769616124400,1769616124403,1769616124403,1769616124403,1769616124403,300,5000,ok
4e192e54-05f1-4efb-b1c4-af4c5782ad49,esp32-01,telemetry,1769616124188,1769616124511,1769616124511,1769616124511,1769616124511,1769616124511,300,5000,ok
0d54b87f-7aab-4c0d-bcac-9533746a7f6c,esp32-02,telemetry,1769616124207,1769616124511,1769616124511,1769616124511,1769616124511,1769616124511,300,5000,ok
de95b328-0a9a-4c02-94ad-8835a393e82b,esp32-03,telemetry,1769616124228,1769616124511,1769616124512,1769616124512,1769616124512,1769616124512,300,5000,ok
94ff2d4b-0bb7-439c-8ce2-532f5765591c,esp32-01,telemetry,1769616124248,1769616124511,1769616124512,1769616124512,1769616124512,1769616124512,300,5000,ok
8671823d-3f00-4628-8d1d-f3eb20becd6d,esp32-02,telemetry,1769616124267,1769616124511,1769616124512,1769616124512,1769616124512,1769616124512,300,5000,ok
53bf985e-62d1-414d-9c97-65e321745793,esp32-01,telemetry,1769616125094,1769616125404,1769616125404,1769616125404,1769616125404,1769616125404,300,5000,ok
2dec17e1-d2ce-46e9-9ba6-9f8091e8284f,esp32-02,telemetry,1769616125113,1769616125404,1769616125405,1769616125405,1769616125405,1769616125405,300,5000,ok
db8985dc-9e57-44ad-a278-7e3c0c8cfc78,esp32-03,telemetry,1769616125133,1769616125404,1769616125405,1769616125405,1769616125405,1769616125405,300,5000,ok
2aae6fe0-23b8-48b2-9d99-9656e8473723,esp32-01,telemetry,1769616125154,1769616125405,1769616125406,1769616125406,1769616125406,1769616125406,300,5000,ok
f1b26eb2-cbbb-4944-a04b-03409d652317,esp32-02,telemetry,1769616125174,1769616125405,1769616125406,1769616125406,1769616125406,1769616125406,300,5000,ok
c45a064c-1c05-404d-be7a-eef080f759f7,esp32-03,telemetry,1769616125194,1769616125519,1769616125519,1769616125519,1769616125520,1769616125520,300,5000,ok
7e59c586-700c-4c63-8462-3b39adad7e6f,esp32-01,telemetry,1769616125215,1769616125520,1769616125520,1769616125520,1769616125520,1769616125520,300,5000,ok
df99fffc-46e0-454c-89f9-5d7b6ffd79e1,esp32-02,telemetry,1769616125235,1769616125520,1769616125521,1769616125521,1769616125521,1769616125521,300,5000,ok
b4473938-79d9-45f1-a6f0-e37fe42f57bf,esp32-03,telemetry,1769616125255,1769616125520,1769616125521,1769616125521,1769616125521,1769616125521,300,5000,ok
4bd2e9bb-1998-4e6a-976f-9747b5e03fd8,esp32-01,telemetry,1769616125276,1769616125520,1769616125521,1769616125521,1769616125521,1769616125521,300,5000,ok
d292e8f4-12b0-4577-98e9-89f4f7557361,esp32-01,telemetry,1769616125638,1769616126445,1769616126445,1769616126445,1769616126445,1769616126445,300,5000,ok
886128ba-b92e-43be-88e0-b649940b50a3,esp32-02,telemetry,1769616125658,1769616126445,1769616126446,1769616126446,1769616126446,1769616126446,300,5000,ok
f250331c-e862-439b-9a00-b2827b79094c,esp32-03,telemetry,1769616125679,1769616126445,1769616126447,1769616126447,1769616126447,1769616126447,300,5000,ok
3960acc4-326a-406e-b995-bf27ecacca30,esp32-01,telemetry,1769616125698,1769616126445,1769616126447,1769616126447,1769616126447,1769616126447,300,5000,ok
80736049-d7d8-4903-b1c5-73bddfc29507,esp32-02,telemetry,1769616125719,1769616126446,1769616126448,1769616126448,1769616126448,1769616126448,300,5000,ok
73df263f-024f-4e89-9e68-7fae88d2fff4,esp32-03,telemetry,1769616125739,1769616126446,1769616126448,1769616126448,1769616126448,1769616126448,300,5000,ok
595b4ef0-5661-4677-a927-f5e76e7b0f97,esp32-01,telemetry,1769616125759,1769616126446,1769616126449,1769616126449,1769616126449,1769616126449,300,5000,ok
7353ee2d-d72e-4986-a8c9-e973fdebf4f7,esp32-02,telemetry,1769616125780,1769616126446,1769616126449,1769616126449,1769616126449,1769616126449,300,5000,ok
7322645f-bc8a-413f-a7ff-266355d05348,esp32-03,telemetry,1769616125801,1769616126446,1769616126450,1769616126450,1769616126450,1769616126450,300,5000,ok
4c169a42-7fc4-4f61-acce-9dd505ea7f1c,esp32-01,telemetry,1769616125820,1769616126446,1769616126450,1769616126450,1769616126450,1769616126450,300,5000,ok
032e36e3-af9e-4bea-ae02-3162fb9f6d4a,esp32-03,telemetry,1769616127136,1769616127469,1769616127470,1769616127470,1769616127470,1769616127470,300,5000,ok
21ae3c2d-5a6e-40eb-b696-0828fd7e9f8f,esp32-01,telemetry,1769616127157,1769616127470,1769616127470,1769616127470,1769616127470,1769616127470,300,5000,ok
32e46b45-ff04-47a3-96f3-d1bbb2324282,esp32-02,telemetry,1769616127177,1769616127470,1769616127471,1769616127471,1769616127471,1769616127471,300,5000,ok
802253bb-4665-4d73-8f56-57803cbe24df,esp32-03,telemetry,1769616127198,1769616127470,1769616127471,1769616127471,1769616127471,1769616127471,300,5000,ok
8a8b90ef-f7ce-43bc-85da-ab8bcf8d4831,esp32-01,telemetry,1769616127217,1769616127470,1769616127472,1769616127472,1769616127472,1769616127472,300,5000,ok
8b993b42-49f1-4a97-a5e7-5c77af4841a5,esp32-02,telemetry,1769616127238,1769616127470,1769616127472,1769616127472,1769616127472,1769616127472,300,5000,ok
d80a9178-9110-43fb-a517-f4ef6c489d6d,esp32-03,telemetry,1769616127258,1769616127576,1769616127576,1769616127576,1769616127576,1769616127576,300,5000,ok
91a140d6-2c46-44f7-8164-e48502eacab4,esp32-01,telemetry,1769616127277,1769616127576,1769616127577,1769616127577,1769616127577,1769616127577,300,5000,ok
286e48c2-70b4-4ea2-bb96-2dfc432174b9,esp32-02,telemetry,1769616127298,1769616127576,1769616127577,1769616127577,1769616127577,1769616127577,300,5000,ok
be9d361a-c005-418e-a600-69a640b7cc8a,esp32-03,telemetry,1769616127318,1769616127576,1769616127577,1769616127577,1769616127577,1769616127577,300,5000,ok
a685357a-79f4-47ba-84b9-bfce5da68d0f,esp32-02,telemetry,1769616128266,1769616128583,1769616128583,1769616128583,1769616128583,1769616128583,300,5000,ok
d93cf741-aced-4124-834f-68e6e5f29c73,esp32-03,telemetry,1769616128287,1769616128583,1769616128584,1769616128584,1769616128584,1769616128584,300,5000,ok
94dc84cd-d7bd-4903-ac44-c6eacaf0d745,esp32-01,telemetry,1769616128306,1769616128583,1769616128584,1769616128584,1769616128584,1769616128584,300,5000,ok
959c5bfc-8037-4967-9407-c0521e38ab50,esp32-02,telemetry,1769616128327,1769616128583,1769616128585,1769616128585,1769616128585,1769616128585,300,5000,ok
ca8aee7c-ac1e-44b5-adc8-1f75caccdb20,esp32-03,telemetry,1769616128347,1769616128583,1769616128586,1769616128586,1769616128586,1769616128586,300,5000,ok
df3fe626-b226-45d8-a570-37b415ace281,esp32-01,telemetry,1769616128367,1769616128692,1769616128692,1769616128692,1769616128692,1769616128692,300,5000,ok
4daf1171-a276-4b81-8742-430033215e4f,esp32-02,telemetry,1769616128388,1769616128692,1769616128692,1769616128692,1769616128692,1769616128692,300,5000,ok
26d62567-af0e-47a7-9937-8d52574d6ebe,esp32-03,telemetry,1769616128407,1769616128693,1769616128693,1769616128693,1769616128693,1769616128693,300,5000,ok
8894a5c0-c8fa-46a6-9d88-f7e4048ed07d,esp32-01,telemetry,1769616128427,1769616128693,1769616128693,1769616128693,1769616128693,1769616128693,300,5000,ok
97903673-1d47-440e-ba98-1bb1bf1b0378,esp32-02,telemetry,1769616128447,1769616128693,1769616128694,1769616128694,1769616128694,1769616128694,300,5000,ok
0991ba0d-2901-46d1-9640-2815e5256209,esp32-01,telemetry,1769616129270,1769616129591,1769616129591,1769616129591,1769616129591,1769616129591,300,5000,ok
907a1ed9-c32d-429a-b4e6-0c20f1edc472,esp32-02,telemetry,1769616129290,1769616129591,1769616129592,1769616129592,1769616129592,1769616129592,300,5000,ok
2f22fe09-5252-47d8-8f00-14577b54161e,esp32-03,telemetry,1769616129311,1769616129591,1769616129592,1769616129592,1769616129592,1769616129592,300,5000,ok
7d84d98d-1a76-44e4-a899-073dacdb8a6e,esp32-01,telemetry,1769616129330,1769616129591,1769616129592,1769616129592,1769616129592,1769616129592,300,5000,ok
66922950-2f53-4b58-a525-187e076c4dda,esp32-02,telemetry,1769616129351,1769616129591,1769616129593,1769616129593,1769616129593,1769616129593,300,5000,ok
d11d5e57-2d67-4afe-8198-d19cc7870152,esp32-03,telemetry,1769616129371,1769616129696,1769616129696,1769616129696,1769616129696,1769616129696,300,5000,ok
95c62fd8-d6e1-4a40-82fb-5069d64d8cbb,esp32-01,telemetry,1769616129392,1769616129697,1769616129697,1769616129697,1769616129697,1769616129697,300,5000,ok
61d79544-b6f8-4a83-a5a0-a5a1cb861fd4,esp32-02,telemetry,1769616129411,1769616129697,1769616129698,1769616129698,1769616129698,1769616129698,300,5000,ok
9f3ebc3d-6ef3-4294-b446-ecf9bb5b1a4d,esp32-03,telemetry,1769616129432,1769616129697,1769616129698,1769616129698,1769616129698,1769616129698,300,5000,ok
daef895c-5bac-462f-b59c-73bdd24c1cb2,esp32-01,telemetry,1769616129453,1769616129697,1769616129698,1769616129698,1769616129698,1769616129698,300,5000,ok
edb81123-861a-4ff4-bd4c-efad1d5e6d95,esp32-02,telemetry,1769616130380,1769616130703,1769616130703,1769616130703,1769616130703,1769616130703,300,5000,ok
e5676055-66b6-45ea-844d-e97a0f6213ba,esp32-03,telemetry,1769616130400,1769616130704,1769616130704,1769616130704,1769616130704,1769616130704,300,5000,ok
3cc09703-630d-45f0-8a2a-35c1b56380f5,esp32-01,telemetry,1769616130420,1769616130704,1769616130705,1769616130705,1769616130705,1769616130705,300,5000,ok
f4fe4c53-615b-4103-8fd9-04902c63f9b4,esp32-02,telemetry,1769616130439,1769616130705,1769616130705,1769616130705,1769616130705,1769616130705,300,5000,ok
0cff952f-8cd4-4c79-b0c5-9df74caa930a,esp32-03,telemetry,1769616130459,1769616130705,1769616130706,1769616130706,1769616130706,1769616130706,300,5000,ok
d1294a40-bc6a-4a14-b368-ca5ad8275e70,esp32-01,telemetry,1769616130480,1769616130705,1769616130706,1769616130706,1769616130706,1769616130706,300,5000,ok
091e0c2a-d608-40aa-a89a-5ddd1bcee39c,esp32-02,telemetry,1769616130501,1769616130752,1769616130752,1769616130752,1769616130752,1769616130752,300,5000,ok
d37081d6-2001-46b5-bb8c-3fabdfa86771,esp32-03,telemetry,1769616130521,1769616130753,1769616130753,1769616130753,1769616130753,1769616130753,300,5000,ok
3fb4e09c-b73a-4a11-ab4d-d4fee5630daf,esp32-01,telemetry,1769616130541,1769616130815,1769616130815,1769616130815,1769616130815,1769616130815,300,5000,ok
4c3410aa-66d1-4ff0-be01-9c23b14b71af,esp32-02,telemetry,1769616130560,1769616130815,1769616130816,1769616130816,1769616130816,1769616130816,300,5000,ok
ee5d62c6-9cff-4d32-a975-ad5b19c1859e,esp32-01,telemetry,1769616131445,1769616131722,1769616131722,1769616131722,1769616131722,1769616131722,300,5000,ok
1b7b51dd-e32d-4ae1-9d27-56e7dc3c9b2b,esp32-02,telemetry,1769616131465,1769616131722,1769616131723,1769616131723,1769616131723,1769616131723,300,5000,ok
45b570bf-724d-4097-8535-cb2d9bdfef96,esp32-03,telemetry,1769616131484,1769616131723,1769616131723,1769616131723,1769616131723,1769616131723,300,5000,ok
f98e2bc4-95a1-49cc-96e2-57e5b15ed2fe,esp32-01,telemetry,1769616131504,1769616131824,1769616131824,1769616131824,1769616131824,1769616131824,300,5000,ok
c7b1397c-c855-44fc-b226-e43bbcc933b1,esp32-02,telemetry,1769616131524,1769616131825,1769616131825,1769616131825,1769616131825,1769616131825,300,5000,ok
9afb9e9e-8aa0-446d-9d49-e636671e991b,esp32-03,telemetry,1769616131545,1769616131825,1769616131825,1769616131825,1769616131825,1769616131825,300,5000,ok
690aff76-eefa-4b84-8b44-daaa80a06acd,esp32-01,telemetry,1769616131564,1769616131825,1769616131826,1769616131826,1769616131826,1769616131826,300,5000,ok
67a2e4a1-6520-4bd7-9540-667bbea0577c,esp32-02,telemetry,1769616131584,1769616131825,1769616131826,1769616131826,1769616131826,1769616131826,300,5000,ok
772943b4-7057-4a64-b00b-0f1d9d9018d3,esp32-03,telemetry,1769616131605,1769616131884,1769616131884,1769616131884,1769616131884,1769616131884,300,5000,ok
0805e4b4-22db-439d-8fa1-57c341afac8c,esp32-01,telemetry,1769616131625,1769616131884,1769616131884,1769616131884,1769616131885,1769616131885,300,5000,ok
e9796741-6983-4f83-bc0b-c740748878a5,esp32-01,telemetry,1769616132412,1769616132735,1769616132735,1769616132735,1769616132735,1769616132735,300,5000,ok
34d8d864-049e-43c5-8a25-99ff751da22f,esp32-02,telemetry,1769616132432,1769616132736,1769616132736,1769616132736,1769616132736,1769616132736,300,5000,ok
376c6e7b-07ae-43ac-8663-55c5b4f6d80d,esp32-03,telemetry,1769616132453,1769616132736,1769616132737,1769616132737,1769616132737,1769616132737,300,5000,ok
50603a36-332e-470b-b2ee-aba91b6593ed,esp32-01,telemetry,1769616132473,1769616132736,1769616132737,1769616132737,1769616132737,1769616132737,300,5000,ok
ada4b556-b9e0-4b9b-98bf-59ba97c895ae,esp32-02,telemetry,1769616132493,1769616132736,1769616132738,1769616132738,1769616132738,1769616132738,300,5000,ok
548480e1-6fcb-414f-b58d-6ee3b078729d,esp32-03,telemetry,1769616132513,1769616132807,1769616132807,1769616132807,1769616132807,1769616132807,300,5000,ok
a8a19f12-5d6e-4e68-a627-3107a297182f,esp32-01,telemetry,1769616132533,1769616132807,1769616132808,1769616132808,1769616132808,1769616132808,300,5000,ok
b58d6034-03b2-421c-8742-ec11c7397d36,esp32-02,telemetry,1769616132554,1769616132807,1769616132808,1769616132808,1769616132808,1769616132808,300,5000,ok
f6a8184c-8f7d-45d6-b23e-8c45acc4396c,esp32-03,telemetry,1769616132574,1769616132807,1769616132809,1769616132809,1769616132809,1769616132809,300,5000,ok
cbbd8bc9-2b9f-440e-a164-beebfdca25d2,esp32-01,telemetry,1769616132594,1769616132863,1769616132863,1769616132863,1769616132863,1769616132863,300,5000,ok
92103e86-e17a-4d24-ae39-7ff8bd03287a,esp32-01,telemetry,1769616133502,1769616133765,1769616133765,1769616133765,1769616133765,1769616133765,300,5000,ok
2931a982-1f26-48a5-b9f8-c2f8c06ac856,esp32-02,telemetry,1769616133521,1769616133766,1769616133766,1769616133766,1769616133766,1769616133766,300,5000,ok
8f6db22f-fa62-4a4b-aab8-08a041d4365e,esp32-03,telemetry,1769616133542,1769616133863,1769616133863,1769616133863,1769616133863,1769616133863,300,5000,ok
96ab80a0-9566-409a-818a-a1f2b579c97e,esp32-01,telemetry,1769616133561,1769616133863,1769616133864,1769616133864,1769616133864,1769616133864,300,5000,ok
355b67b3-7f20-4918-8c15-2153c950006b,esp32-02,telemetry,1769616133582,1769616133863,1769616133864,1769616133864,1769616133864,1769616133864,300,5000,ok
7818caa5-54a9-4eb9-88c5-a8bd681e4bc6,esp32-03,telemetry,1769616133601,1769616133864,1769616133865,1769616133865,1769616133865,1769616133865,300,5000,ok
4e517c57-3b42-429e-8754-e603d2a2538f,esp32-01,telemetry,1769616133621,1769616133864,1769616133865,1769616133865,1769616133865,1769616133865,300,5000,ok
67cf3a94-4fb1-40aa-a9cf-4ff729ae5b41,esp32-02,telemetry,1769616133642,1769616133947,1769616133947,1769616133947,1769616133947,1769616133947,300,5000,ok
abed90ab-d9f6-4afa-b09a-313d08b04221,esp32-03,telemetry,1769616133663,1769616133948,1769616133948,1769616133948,1769616133948,1769616133948,300,5000,ok
c7505c31-19f6-4f75-b07a-1278a8eeb213,esp32-01,telemetry,1769616133683,1769616133948,1769616133949,1769616133949,1769616133949,1769616133949,300,5000,ok
3880edc5-0899-4e86-83d1-15e4788b77c4,esp32-03,telemetry,1769616134450,1769616134775,1769616134775,1769616134775,1769616134775,1769616134775,300,5000,ok
78fabb6d-9350-4cc5-b233-ebd824047b45,esp32-01,telemetry,1769616134469,1769616134775,1769616134776,1769616134776,1769616134776,1769616134776,300,5000,ok
5d21fa52-5c9d-4766-8c1b-bcc9068994d4,esp32-02,telemetry,1769616134490,1769616134775,1769616134777,1769616134777,1769616134777,1769616134777,300,5000,ok
8af9dab5-ce75-468f-82b3-e96e7d0299fc,esp32-03,telemetry,1769616134510,1769616134776,1769616134777,1769616134777,1769616134777,1769616134777,300,5000,ok
a8659c55-bf12-4985-8662-bbd4ddc5e644,esp32-01,telemetry,1769616134531,1769616134776,1769616134778,1769616134778,1769616134778,1769616134778,300,5000,ok
9a3eae4a-6758-4c27-bbf5-f0ab86869abf,esp32-02,telemetry,1769616134551,1769616134776,1769616134778,1769616134778,1769616134778,1769616134778,300,5000,ok
78b1c177-f275-4aac-ad03-6eadfa060f2a,esp32-03,telemetry,1769616134571,1769616134866,1769616134866,1769616134866,1769616134866,1769616134866,300,5000,ok
7c4b3b00-e272-4939-800c-78c425a9e6f0,esp32-01,telemetry,1769616134591,1769616134866,1769616134867,1769616134867,1769616134867,1769616134867,300,5000,ok
c06d5e28-2761-469d-9aa5-93535c4f0111,esp32-02,telemetry,1769616134612,1769616134866,1769616134867,1769616134867,1769616134867,1769616134867,300,5000,ok
7eca364c-732b-466e-bf8e-4db7ba9c882a,esp32-03,telemetry,1769616134633,1769616134866,1769616134868,1769616134868,1769616134868,1769616134868,300,5000,ok
c150587c-b6e9-4e06-a5bd-c4f2eec73b4b,esp32-01,telemetry,1769616135565,1769616135797,1769616135797,1769616135797,1769616135797,1769616135797,300,5000,ok
7adc707c-3c49-494f-bce6-752f39410287,esp32-02,telemetry,1769616135585,1769616135890,1769616135890,1769616135890,1769616135890,1769616135890,300,5000,ok
8a8a486f-fdfb-4523-a344-d4a2cba77855,esp32-03,telemetry,1769616135605,1769616135890,1769616135890,1769616135890,1769616135890,1769616135890,300,5000,ok
9354ee38-f777-4ffd-983b-36d3ae49c841,esp32-01,telemetry,1769616135625,1769616135890,1769616135891,1769616135891,1769616135891,1769616135891,300,5000,ok
88db140b-96b4-46b5-8511-6b2ef349b08b,esp32-02,telemetry,1769616135644,1769616135890,1769616135891,1769616135891,1769616135891,1769616135891,300,5000,ok
fafbcbbd-d008-4efa-9666-34f12489803a,esp32-03,telemetry,1769616135665,1769616135963,1769616135964,1769616135964,1769616135964,1769616135964,300,5000,ok
9e7d7a81-88e8-409e-9011-c3ad4d44fe7c,esp32-01,telemetry,1769616135685,1769616135964,1769616135964,1769616135964,1769616135964,1769616135964,300,5000,ok
e0f4a878-fe84-4195-ae59-d1d22942a508,esp32-02,telemetry,1769616135706,1769616135965,1769616135965,1769616135965,1769616135965,1769616135965,300,5000,ok
6e236133-0a27-417a-bd83-b1168d302938,esp32-03,telemetry,1769616135726,1769616135965,1769616135966,1769616135966,1769616135966,1769616135966,300,5000,ok
16b77a8a-3986-4011-9f7f-ff54a77721a3,esp32-01,telemetry,1769616135747,1769616136002,1769616136002,1769616136002,1769616136002,1769616136002,300,5000,ok
1fd4c096-f1a3-4545-997a-0cade6d832fd,esp32-03,telemetry,1769616136572,1769616136867,1769616136867,1769616136867,1769616136867,1769616136867,300,5000,ok
26273bb4-f33a-48b8-942a-0dea4ce27bee,esp32-01,telemetry,1769616136592,1769616136868,1769616136868,1769616136868,1769616136868,1769616136868,300,5000,ok
51cc23a3-379d-4042-8416-c1cd4637a72a,esp32-02,telemetry,1769616136612,1769616136868,1769616136868,1769616136869,1769616136869,1769616136869,300,5000,ok
a4b4bc2e-422c-4bf8-bb5f-353260eb2f6d,esp32-03,telemetry,1769616136631,1769616136868,1769616136869,1769616136869,1769616136869,1769616136869,300,5000,ok
e3ada936-c4a4-40c0-84a9-baa70288b298,esp32-01,telemetry,1769616136652,1769616136900,1769616136900,1769616136900,1769616136900,1769616136900,300,5000,ok
3e0d9400-970c-4c24-8ec7-22a037f886c2,esp32-02,telemetry,1769616136671,1769616136900,1769616136901,1769616136901,1769616136901,1769616136901,300,5000,ok
4244a987-4170-44ce-8c4c-965c449c6cd5,esp32-03,telemetry,1769616136692,1769616136934,1769616136934,1769616136934,1769616136934,1769616136934,300,5000,ok
09096067-994d-4a83-80cf-814d739fb187,esp32-01,telemetry,1769616136713,1769616137017,1769616137017,1769616137017,1769616137017,1769616137017,300,5000,ok
49da379c-78d8-4191-9e2e-c7c97fa0a4c3,esp32-02,telemetry,1769616136733,1769616137017,1769616137018,1769616137018,1769616137018,1769616137018,300,5000,ok
9e87fc63-2ca2-4d4b-a926-24d4b92d7389,esp32-03,telemetry,1769616136753,1769616137017,1769616137018,1769616137018,1769616137018,1769616137018,300,5000,ok
e67c4810-9587-4452-ab76-48416eea1348,esp32-01,telemetry,1769616137625,1769616137931,1769616137931,1769616137931,1769616137931,1769616137931,300,5000,ok
6c857f4a-7d92-45bd-8a16-7c9e38d0bd2e,esp32-02,telemetry,1769616137645,1769616137931,1769616137931,1769616137931,1769616137931,1769616137931,300,5000,ok
512c41c5-9462-453a-912a-9cddd5e19d75,esp32-03,telemetry,1769616137665,1769616137931,1769616137932,1769616137932,1769616137932,1769616137932,300,5000,ok
8635190d-5555-4d15-8ffa-2ef7de174f58,esp32-01,telemetry,1769616137685,1769616137931,1769616137932,1769616137932,1769616137932,1769616137932,300,5000,ok
3dc8b30e-1219-4048-8b9e-ac84df1247ab,esp32-02,telemetry,1769616137705,1769616137932,1769616137933,1769616137933,1769616137933,1769616137933,300,5000,ok
cd13f4b4-48c3-47e8-92ba-f8bda1d9dbd4,esp32-03,telemetry,1769616137726,1769616138000,1769616138000,1769616138000,1769616138000,1769616138000,300,5000,ok
041c437f-809b-4069-bdc4-190ababc332b,esp32-01,telemetry,1769616137746,1769616138000,1769616138001,1769616138001,1769616138001,1769616138001,300,5000,ok
24d4f8af-f457-477f-8abe-38bc09bb49f3,esp32-02,telemetry,1769616137765,1769616138000,1769616138001,1769616138001,1769616138001,1769616138001,300,5000,ok
23844c32-73b3-4746-8284-0a989d78fea7,esp32-03,telemetry,1769616137786,1769616138035,1769616138035,1769616138035,1769616138035,1769616138035,300,5000,ok
e008bb69-f6f4-487d-9823-bdd9e2d34c4c,esp32-01,telemetry,1769616137806,1769616138035,1769616138035,1769616138035,1769616138035,1769616138035,300,5000,ok
7d36e9fa-b019-4e52-a904-1b3c06e78855,esp32-03,telemetry,1769616138694,1769616138945,1769616138945,1769616138945,1769616138945,1769616138945,300,5000,ok
87454c6e-8ba4-417b-9f53-47ca52024cdc,esp32-01,telemetry,1769616138715,1769616138945,1769616138946,1769616138946,1769616138946,1769616138946,300,5000,ok
3943167b-08d9-4c05-9ca2-ba1848a7ad57,esp32-02,telemetry,1769616138734,1769616138965,1769616138965,1769616138965,1769616138965,1769616138965,300,5000,ok
b7c36c08-e56f-4854-be57-cbb7769e7f78,esp32-03,telemetry,1769616138755,1769616139067,1769616139068,1769616139068,1769616139068,1769616139068,300,5000,ok
393a4bdd-3622-4d5a-9f3c-1699e4ca09ee,esp32-01,telemetry,1769616138774,1769616139067,1769616139068,1769616139068,1769616139068,1769616139068,300,5000,ok
5398e1d1-070b-40eb-9aff-41d4cabb67ee,esp32-02,telemetry,1769616138794,1769616139068,1769616139069,1769616139069,1769616139069,1769616139069,300,5000,ok
54a074f7-fb77-4ca7-a772-d72f6ecdf97a,esp32-03,telemetry,1769616138815,1769616139068,1769616139069,1769616139069,1769616139069,1769616139069,300,5000,ok
8eeaeb1a-89ae-4c25-bb55-85c6f2629bd2,esp32-01,telemetry,1769616138835,1769616139068,1769616139070,1769616139070,1769616139070,1769616139070,300,5000,ok
3118ca01-8b13-45ab-8e39-d432b8af1b0e,esp32-02,telemetry,1769616138855,1769616139133,1769616139133,1769616139133,1769616139133,1769616139133,300,5000,ok
b16feb38-d99f-4f53-a32b-f9c32018d8ec,esp32-03,telemetry,1769616138875,1769616139134,1769616139137,1769616139137,1769616139137,1769616139137,300,5000,ok
a5038046-9b43-4287-81d0-76542eda8ded,esp32-03,telemetry,1769616139664,1769616139980,1769616139980,1769616139980,1769616139980,1769616139980,300,5000,ok
141367b8-397f-414d-a2dd-104047df8f8d,esp32-01,telemetry,1769616139685,1769616139981,1769616139981,1769616139981,1769616139981,1769616139981,300,5000,ok
6e67683c-826f-4ebf-b68d-c1770f979475,esp32-02,telemetry,1769616139705,1769616139981,1769616139981,1769616139981,1769616139981,1769616139981,300,5000,ok
a1625135-c492-459e-8e04-df28c312ff64,esp32-03,telemetry,1769616139726,1769616139981,1769616139982,1769616139982,1769616139982,1769616139982,300,5000,ok
60ceae2f-1595-40e6-9b7f-4fe12873500a,esp32-01,telemetry,1769616139745,1769616139982,1769616139982,1769616139982,1769616139982,1769616139982,300,5000,ok
e40859ed-bf8c-461c-b5ee-4f73feaea263,esp32-02,telemetry,1769616139766,1769616140055,1769616140055,1769616140055,1769616140055,1769616140055,300,5000,ok
b1257a41-b6fc-4afc-a495-6e6ad81c7959,esp32-03,telemetry,1769616139786,1769616140055,1769616140056,1769616140056,1769616140056,1769616140056,300,5000,ok
e5ded766-89f2-43a5-a4c0-32cb57bee2b9,esp32-01,telemetry,1769616139807,1769616140055,1769616140056,1769616140056,1769616140056,1769616140056,300,5000,ok
74c5a4b2-c8fa-4065-80bc-9f53502abbd4,esp32-02,telemetry,1769616139827,1769616140088,1769616140088,1769616140088,1769616140088,1769616140088,300,5000,ok
e3284d46-dda6-44dd-b67a-acba2c781c8b,esp32-03,telemetry,1769616139846,1769616140088,1769616140089,1769616140089,1769616140089,1769616140089,300,5000,ok
144543ff-872a-4f77-a3ad-bd60ff2518cf,esp32-02,telemetry,1769616140736,1769616140987,1769616140987,1769616140987,1769616140987,1769616140987,300,5000,ok
c17c0541-ee0f-4556-9dbe-2900674dddfb,esp32-03,telemetry,1769616140755,1769616140987,1769616140988,1769616140988,1769616140988,1769616140988,300,5000,ok
e13d866b-b7cd-4e39-bc25-c4841264c51f,esp32-01,telemetry,1769616140775,1769616141100,1769616141100,1769616141100,1769616141100,1769616141100,300,5000,ok
147ea192-6e63-493a-8255-95be1055689d,esp32-02,telemetry,1769616140795,1769616141100,1769616141101,1769616141101,1769616141101,1769616141101,300,5000,ok
685d7fd9-801c-4701-8546-f60b396e3608,esp32-03,telemetry,1769616140816,1769616141101,1769616141102,1769616141102,1769616141102,1769616141102,300,5000,ok
24a61c36-1054-47ca-9e2e-68aca4c1a183,esp32-01,telemetry,1769616140835,1769616141101,1769616141102,1769616141102,1769616141102,1769616141102,300,5000,ok
b01b069d-c85a-4b3d-8005-80ec752ab4b1,esp32-02,telemetry,1769616140856,1769616141101,1769616141103,1769616141103,1769616141103,1769616141103,300,5000,ok
c4723ece-8db1-4977-9821-8307a9f87f8b,esp32-03,telemetry,1769616140876,1769616141101,1769616141103,1769616141103,1769616141103,1769616141103,300,5000,ok
65bb80b0-7729-4514-9d43-a980bbb8156f,esp32-01,telemetry,1769616140897,1769616141169,1769616141169,1769616141169,1769616141169,1769616141169,300,5000,ok
89e39ba2-5f0c-4e74-be18-3af4d7287bd4,esp32-02,telemetry,1769616140917,1769616141170,1769616141170,1769616141170,1769616141170,1769616141170,300,5000,ok
6b4e9136-c560-4e1a-80c5-a9fb3455fcab,esp32-01,telemetry,1769616141687,1769616141996,1769616141996,1769616141996,1769616141996,1769616141996,300,5000,ok
8ec4f3cf-041b-445e-9476-27c2b8a9ebe0,esp32-02,telemetry,1769616141708,1769616141996,1769616141996,1769616141996,1769616141996,1769616141996,300,5000,ok
850dcc00-a653-482b-bb43-43fc17cdedd4,esp32-03,telemetry,1769616141728,1769616141996,1769616141997,1769616141997,1769616141997,1769616141997,300,5000,ok
f5f1473d-2352-4d4e-be58-0eff822a3fb6,esp32-01,telemetry,1769616141747,1769616141996,1769616141997,1769616141997,1769616141997,1769616141997,300,5000,ok
4426b50c-a792-4247-8db3-85058bf741b6,esp32-02,telemetry,1769616141767,1769616141996,1769616141998,1769616141998,1769616141998,1769616141998,300,5000,ok
267e2e4a-58f7-44eb-b513-2091472cfcea,esp32-03,telemetry,1769616141787,1769616142077,1769616142078,1769616142078,1769616142078,1769616142078,300,5000,ok
67fd5eb9-a3c3-4b6c-bd2c-748c7cb6ad05,esp32-01,telemetry,1769616141807,1769616142078,1769616142078,1769616142078,1769616142078,1769616142078,300,5000,ok
dd682216-f671-4265-9e6a-8e0c2c070782,esp32-02,telemetry,1769616141827,1769616142078,1769616142079,1769616142079,1769616142079,1769616142079,300,5000,ok
bd8772f9-a5ee-42d3-9e3a-b9720efedecb,esp32-03,telemetry,1769616141848,1769616142078,1769616142082,1769616142082,1769616142082,1769616142082,300,5000,ok
36dcd6f4-93d9-4078-955d-1372b03ae9c4,esp32-01,telemetry,1769616141868,1769616142120,1769616142120,1769616142120,1769616142120,1769616142120,300,5000,ok
d785e2d0-f03c-4425-ad0f-21c933fa3527,esp32-01,telemetry,1769616142772,1769616143027,1769616143027,1769616143027,1769616143027,1769616143027,300,5000,ok
ce1b7ea3-5f65-49ea-803a-6b7569190598,esp32-02,telemetry,1769616142791,1769616143028,1769616143028,1769616143028,1769616143028,1769616143028,300,5000,ok
0c599738-ef10-4bf1-b225-5b44263f2031,esp32-03,telemetry,1769616142812,1769616143125,1769616143125,1769616143125,1769616143125,1769616143125,300,5000,ok
2694546e-ca97-47f3-904d-303ecd869a35,esp32-01,telemetry,1769616142832,1769616143125,1769616143126,1769616143126,1769616143126,1769616143126,300,5000,ok
7ce1f743-e107-4502-a513-68fb9e3d697c,esp32-02,telemetry,1769616142852,1769616143125,1769616143126,1769616143126,1769616143126,1769616143126,300,5000,ok
e84f4d9e-138f-48fb-8620-f2a06c4d7f74,esp32-03,telemetry,1769616142871,1769616143126,1769616143127,1769616143127,1769616143127,1769616143127,300,5000,ok
73b7e474-562c-4ae7-a17f-06441f286fe7,esp32-01,telemetry,1769616142892,1769616143126,1769616143127,1769616143127,1769616143127,1769616143127,300,5000,ok
14843811-0688-4008-9568-8ff215f9bb7c,esp32-02,telemetry,1769616142911,1769616143209,1769616143219,1769616143219,1769616143219,1769616143220,300,5000,ok
6ef645c0-a125-4078-8bb7-54a60b76b36b,esp32-03,telemetry,1769616142932,1769616143209,1769616143221,1769616143221,1769616143221,1769616143221,300,5000,ok
3b48859a-0cfb-419d-bf57-380d1d304efc,esp32-01,telemetry,1769616142951,1769616143209,1769616143241,1769616143241,1769616143241,1769616143241,300,5000,ok
1498db0e-743c-4c0e-88bc-7d081cbe05bd,esp32-03,telemetry,1769616143724,1769616144044,1769616144044,1769616144044,1769616144044,1769616144044,300,5000,ok
c7e3296f-2330-492d-93dd-77da02bd62ef,esp32-01,telemetry,1769616143744,1769616144044,1769616144045,1769616144045,1769616144045,1769616144045,300,5000,ok
8c9594d1-f254-4586-a5d5-b90997fa7002,esp32-02,telemetry,1769616143765,1769616144044,1769616144045,1769616144045,1769616144045,1769616144045,300,5000,ok
3c0f2b27-db07-416a-a752-5c5dc8777b10,esp32-03,telemetry,1769616143784,1769616144045,1769616144046,1769616144046,1769616144046,1769616144046,300,5000,ok
28a7466e-f808-447b-80a6-45ce285ffc9f,esp32-01,telemetry,1769616143805,1769616144045,1769616144046,1769616144046,1769616144046,1769616144046,300,5000,ok
d0192914-f36e-4988-b9ca-dc3c5c9feb99,esp32-02,telemetry,1769616143825,1769616144116,1769616144116,1769616144116,1769616144116,1769616144116,300,5000,ok
ecdb95f2-92cc-465a-8f29-525067d24f2e,esp32-03,telemetry,1769616143846,1769616144116,1769616144116,1769616144116,1769616144116,1769616144116,300,5000,ok
595c1178-7662-42f4-9acc-48ff224ef893,esp32-01,telemetry,1769616143866,1769616144116,1769616144117,1769616144117,1769616144117,1769616144117,300,5000,ok
4fcd9403-5556-4e05-8204-5ed92c4005b1,esp32-02,telemetry,1769616143886,1769616144116,1769616144117,1769616144117,1769616144117,1769616144117,300,5000,ok
cb39c38d-f7a3-4298-8ba0-23681e78705b,esp32-03,telemetry,1769616143905,1769616144156,1769616144156,1769616144156,1769616144156,1769616144156,300,5000,ok
9ffa4bf8-8d62-4830-bc0f-226caf30c42e,esp32-03,telemetry,1769616144813,1769616145064,1769616145064,1769616145064,1769616145064,1769616145064,300,5000,ok
5166da01-cc8f-4a64-8de4-f83f9f971230,esp32-01,telemetry,1769616144834,1769616145064,1769616145064,1769616145064,1769616145064,1769616145064,300,5000,ok
96171730-dcc6-4656-a0bb-ff1fa1ad8834,esp32-02,telemetry,1769616144853,1769616145158,1769616145158,1769616145158,1769616145158,1769616145158,300,5000,ok
cef03913-3011-4dcd-b33d-11243b88f1e1,esp32-03,telemetry,1769616144874,1769616145158,1769616145158,1769616145158,1769616145158,1769616145158,300,5000,ok
251f8b19-25fa-4b28-b048-b7ddc94f0c8a,esp32-01,alarm,1769616144916,1769616145159,1769616145159,1769616145159,1769616145159,1769616145159,150,10000,alarm_type
cb02b4c2-9829-46f6-a31d-59e950191837,esp32-01,telemetry,1769616144895,1769616145158,1769616145159,1769616145159,1769616145159,1769616145159,300,5000,ok
df6fe284-9c6f-4188-b5b0-7c944cca032c,esp32-02,telemetry,1769616144915,1769616145158,1769616145160,1769616145160,1769616145160,1769616145160,300,5000,ok
3c44e235-5acd-460d-bc65-8059599c9ec2,esp32-03,telemetry,1769616144935,1769616145159,1769616145160,1769616145160,1769616145160,1769616145160,300,5000,ok
158e4fb3-2fcf-4514-85bd-4db629f27704,esp32-01,telemetry,1769616144954,1769616145257,1769616145257,1769616145257,1769616145257,1769616145257,300,5000,ok
def42825-9550-4f46-b69c-2efc09fb1f1c,esp32-02,telemetry,1769616144975,1769616145258,1769616145258,1769616145258,1769616145258,1769616145258,300,5000,ok
acb0967d-1559-4473-bce2-a2fbab85bfa1,esp32-02,telemetry,1769616145760,1769616146072,1769616146072,1769616146072,1769616146072,1769616146072,300,5000,ok
fc9f3994-8217-4f33-ac91-686bcf139596,esp32-03,telemetry,1769616145780,1769616146073,1769616146073,1769616146073,1769616146073,1769616146073,300,5000,ok
054930c4-3cac-4c20-bcb4-9798d21172e9,esp32-01,telemetry,1769616145800,1769616146073,1769616146074,1769616146074,1769616146074,1769616146074,300,5000,ok
5e23cbdb-96b3-4396-934c-07029c81af64,esp32-02,telemetry,1769616145821,1769616146073,1769616146074,1769616146074,1769616146074,1769616146074,300,5000,ok
b94c6f62-41e8-46f3-96b0-b14732b9b960,esp32-03,telemetry,1769616145841,1769616146073,1769616146075,1769616146075,1769616146075,1769616146075,300,5000,ok
3a949860-f8ed-474c-87bc-3510692d266f,esp32-01,telemetry,1769616145861,1769616146187,1769616146187,1769616146187,1769616146187,1769616146187,300,5000,ok
7c4bba8f-30ed-4ddb-b03e-882fa88b4493,esp32-02,telemetry,1769616145880,1769616146187,1769616146187,1769616146187,1769616146187,1769616146187,300,5000,ok
560ce2c8-dda1-467c-8cb6-bbdb3c42a9e8,esp32-03,telemetry,1769616145900,1769616146187,1769616146188,1769616146188,1769616146188,1769616146188,300,5000,ok
071ca666-0ce9-4cde-a1c8-0c86e728158f,esp32-01,telemetry,1769616145921,1769616146187,1769616146188,1769616146188,1769616146188,1769616146188,300,5000,ok
d5128f0e-fb6e-4448-9af0-6add4f4b55a2,esp32-02,telemetry,1769616145942,1769616146187,1769616146189,1769616146189,1769616146189,1769616146189,300,5000,ok
4019eb0b-fbb4-45fb-826a-e32a5f0b0884,esp32-02,telemetry,1769616146789,1769616147129,1769616147129,1769616147129,1769616147129,1769616147129,300,5000,ok
00790182-f42b-4ff7-8a83-387843f81ff1,esp32-03,telemetry,1769616146809,1769616147130,1769616147131,1769616147131,1769616147131,1769616147131,300,5000,ok
d29d20b1-4e2a-4e67-89fc-81f08229483a,esp32-01,telemetry,1769616146829,1769616147130,1769616147132,1769616147132,1769616147132,1769616147132,300,5000,ok
85873035-4862-4c29-8f4f-1a59073a161d,esp32-02,telemetry,1769616146849,1769616147131,1769616147132,1769616147132,1769616147132,1769616147132,300,5000,ok
776ead33-6ea5-453b-bf97-1c5c81e99946,esp32-03,telemetry,1769616146870,1769616147131,1769616147133,1769616147133,1769616147133,1769616147133,300,5000,ok
5a3c65f5-7b17-4ffd-b318-d45618368985,esp32-01,telemetry,1769616146890,1769616147214,1769616147214,1769616147214,1769616147214,1769616147214,300,5000,ok
863d37ff-5542-464f-92b8-d461fe41f749,esp32-02,telemetry,1769616146909,1769616147215,1769616147215,1769616147215,1769616147215,1769616147215,300,5000,ok
f57c6908-625a-4260-b99a-7565b6db0395,esp32-03,telemetry,1769616146930,1769616147215,1769616147217,1769616147217,1769616147217,1769616147217,300,5000,ok
c594dc15-febc-4d87-9f28-8a728e6ab975,esp32-01,telemetry,1769616146950,1769616147215,1769616147217,1769616147217,1769616147217,1769616147217,300,5000,ok
a9d92dac-8de3-4bdb-8325-9089e6b8c71b,esp32-02,telemetry,1769616146970,1769616147215,1769616147218,1769616147218,1769616147218,1769616147218,300,5000,ok
19b49c26-5747-44bc-9a5c-d9270e553480,esp32-02,telemetry,1769616147819,1769616148128,1769616148128,1769616148128,1769616148128,1769616148128,300,5000,ok
2f354634-e9bd-42c8-9c53-6cab467d2555,esp32-03,telemetry,1769616147840,1769616148128,1769616148129,1769616148129,1769616148129,1769616148129,300,5000,ok
32c8b0f8-da2c-4959-9fd3-8f631a07936e,esp32-01,telemetry,1769616147860,1769616148128,1769616148129,1769616148129,1769616148129,1769616148129,300,5000,ok
58c2f902-6899-440f-a601-01900aa0cbd0,esp32-02,telemetry,1769616147880,1769616148128,1769616148129,1769616148129,1769616148129,1769616148129,300,5000,ok
0fc08196-0f72-4de8-915c-e3fda0de19c7,esp32-03,telemetry,1769616147900,1769616148129,1769616148130,1769616148130,1769616148130,1769616148130,300,5000,ok
13315e90-df58-418c-98f2-4fc614624e11,esp32-01,telemetry,1769616147920,1769616148248,1769616148248,1769616148248,1769616148248,1769616148248,300,5000,ok
bd29a824-eca8-49ae-aad5-d0a0271c6cde,esp32-02,telemetry,1769616147941,1769616148249,1769616148249,1769616148249,1769616148249,1769616148249,300,5000,ok
070bf956-b79e-4b26-b099-134d971357d0,esp32-03,telemetry,1769616147961,1769616148249,1769616148250,1769616148250,1769616148250,1769616148250,300,5000,ok
3afe8a49-45af-4bfc-a022-2763097eb7f1,esp32-01,telemetry,1769616147981,1769616148249,1769616148251,1769616148251,1769616148251,1769616148251,300,5000,ok
61f616b5-3322-494a-8693-3aa40ed7324c,esp32-02,telemetry,1769616148002,1769616148249,1769616148251,1769616148251,1769616148251,1769616148251,300,5000,ok
e41b9db6-64cd-4ad0-8488-9a21cd7de0d5,esp32-03,telemetry,1769616148816,1769616149149,1769616149149,1769616149149,1769616149149,1769616149149,300,5000,ok
a9b601cf-31b2-49a2-9131-36c858a0a6be,esp32-01,telemetry,1769616148836,1769616149149,1769616149150,1769616149150,1769616149150,1769616149150,300,5000,ok
bb4271db-af53-471c-8e0b-46f309e15d7a,esp32-02,telemetry,1769616148856,1769616149150,1769616149151,1769616149151,1769616149151,1769616149151,300,5000,ok
d7ab6cfd-0a5d-4154-b944-820b05cdd195,esp32-03,telemetry,1769616148876,1769616149150,1769616149152,1769616149152,1769616149152,1769616149152,300,5000,ok
5804951a-2887-415b-b36d-e6f84b177079,esp32-01,telemetry,1769616148897,1769616149150,1769616149152,1769616149152,1769616149152,1769616149152,300,5000,ok
3aa58131-947b-4cb7-817c-c0ea7bf7ba1f,esp32-02,telemetry,1769616148917,1769616149150,1769616149152,1769616149152,1769616149152,1769616149152,300,5000,ok
bc55aba7-44e5-48d4-8ebb-d18928c19149,esp32-03,telemetry,1769616148938,1769616149253,1769616149253,1769616149253,1769616149253,1769616149253,300,5000,ok
629e064b-cfa0-42b4-9f24-97312f7a542f,esp32-01,telemetry,1769616148958,1769616149253,1769616149253,1769616149253,1769616149253,1769616149253,300,5000,ok
a66486bc-5edd-40d2-9cad-c3770490323d,esp32-02,telemetry,1769616148978,1769616149253,1769616149254,1769616149254,1769616149254,1769616149254,300,5000,ok
1ab680be-e30c-42cd-8795-d4382c5000e8,esp32-03,telemetry,1769616148999,1769616149254,1769616149254,1769616149254,1769616149254,1769616149254,300,5000,ok
bd427861-f48e-44fd-a2dc-22b01513cd99,esp32-03,telemetry,1769616149846,1769616150150,1769616150151,1769616150151,1769616150151,1769616150151,300,5000,ok
6a3b11fc-e7b4-4a56-9f74-19ca76dd07db,esp32-03,alarm,1769616149917,1769616150151,1769616150151,1769616150151,1769616150151,1769616150151,150,10000,alarm_type
ea1cbf26-59ad-4267-bebd-9520279c9673,esp32-01,telemetry,1769616149866,1769616150151,1769616150152,1769616150152,1769616150152,1769616150152,300,5000,ok
005d647e-fb45-432b-ac70-d6308968ec03,esp32-02,telemetry,1769616149886,1769616150151,1769616150152,1769616150152,1769616150152,1769616150152,300,5000,ok
75fb1743-3656-49e2-9f50-827e75d9c102,esp32-03,telemetry,1769616149906,1769616150151,1769616150153,1769616150153,1769616150153,1769616150153,300,5000,ok
f24aa1c1-e9bb-46a2-9f3b-4679bda41a1f,esp32-01,telemetry,1769616149927,1769616150151,1769616150153,1769616150153,1769616150153,1769616150153,300,5000,ok
866455d6-97ba-468e-9e57-e91a09d1d6e8,esp32-02,telemetry,1769616149947,1769616150270,1769616150270,1769616150270,1769616150270,1769616150270,300,5000,ok
e556ee5b-5600-4fbb-8f89-1158e87d8689,esp32-03,telemetry,1769616149967,1769616150270,1769616150271,1769616150271,1769616150271,1769616150271,300,5000,ok
c59a56a4-6ecd-43a5-b7e4-0dfa90f08493,esp32-01,telemetry,1769616149987,1769616150271,1769616150271,1769616150271,1769616150271,1769616150271,300,5000,ok
5e219ea2-5cb6-4bf8-91d6-7f4be69471c7,esp32-02,telemetry,1769616150007,1769616150271,1769616150272,1769616150272,1769616150272,1769616150272,300,5000,ok
b0cf1824-6329-40ae-9fa4-da04344cd15e,esp32-02,telemetry,1769616150856,1769616151180,1769616151180,1769616151180,1769616151180,1769616151180,300,5000,ok
7584b604-743d-47a8-8383-a49bbf5b728d,esp32-03,telemetry,1769616150876,1769616151180,1769616151181,1769616151181,1769616151181,1769616151181,300,5000,ok
b4d509d0-93b4-4d29-a0e9-2f59f1bcd709,esp32-01,telemetry,1769616150896,1769616151181,1769616151182,1769616151182,1769616151182,1769616151182,300,5000,ok
e346a43e-5fb9-48e7-bd90-9dbc89a40a07,esp32-02,telemetry,1769616150917,1769616151181,1769616151182,1769616151182,1769616151182,1769616151182,300,5000,ok
f39f53b7-8150-47f0-aa7f-5f8852a33a98,esp32-03,telemetry,1769616150936,1769616151181,1769616151182,1769616151182,1769616151182,1769616151182,300,5000,ok
cdf3a8a6-4ddc-4034-83a6-7d08a6c1cad7,esp32-01,telemetry,1769616150957,1769616151181,1769616151183,1769616151183,1769616151183,1769616151183,300,5000,ok
6aa58c50-cc43-45b5-b09f-ec22d0c7df5e,esp32-02,telemetry,1769616150976,1769616151300,1769616151300,1769616151300,1769616151300,1769616151300,300,5000,ok
dc816737-4de5-4a77-a722-2325817c54ce,esp32-03,telemetry,1769616150996,1769616151300,1769616151301,1769616151301,1769616151301,1769616151301,300,5000,ok
10f1c72a-ada2-439e-addd-02b8a77b5799,esp32-01,telemetry,1769616151017,1769616151300,1769616151301,1769616151301,1769616151301,1769616151301,300,5000,ok
eddcb256-4df6-47ea-a870-2307c19a06c0,esp32-02,telemetry,1769616151036,1769616151300,1769616151302,1769616151302,1769616151302,1769616151302,300,5000,ok
34e2ec6e-dbc8-4d10-b9d1-4c87843e334e,esp32-02,telemetry,1769616151884,1769616152207,1769616152207,1769616152207,1769616152207,1769616152207,300,5000,ok
885e8894-4ccc-44dd-b39e-b3a3843dec78,esp32-03,telemetry,1769616151903,1769616152207,1769616152208,1769616152208,1769616152208,1769616152208,300,5000,ok
ca8ae72e-aa22-4c28-97a5-edf237817c3c,esp32-01,telemetry,1769616151923,1769616152207,1769616152208,1769616152208,1769616152208,1769616152208,300,5000,ok
f6336dc3-f783-413a-86de-09ee63597fca,esp32-02,telemetry,1769616151944,1769616152207,1769616152209,1769616152209,1769616152209,1769616152209,300,5000,ok
1826d672-ea6a-46e6-9793-1214119d18d9,esp32-03,telemetry,1769616151963,1769616152207,1769616152209,1769616152209,1769616152209,1769616152209,300,5000,ok
ef5c4f9e-dc9e-4d66-99f4-5684c2ba7d2a,esp32-01,telemetry,1769616151984,1769616152208,1769616152209,1769616152209,1769616152209,1769616152209,300,5000,ok
2b41ee10-1e8b-4602-bb14-0e0cf42e5062,esp32-02,telemetry,1769616152004,1769616152327,1769616152327,1769616152327,1769616152327,1769616152327,300,5000,ok
707bebfd-1597-4459-a28e-ae41cf0fdf17,esp32-03,telemetry,1769616152023,1769616152327,1769616152327,1769616152327,1769616152327,1769616152327,300,5000,ok
c94e2f7d-93b2-47b0-862d-759d7ff8692b,esp32-01,telemetry,1769616152044,1769616152327,1769616152328,1769616152328,1769616152328,1769616152328,300,5000,ok
51f60687-9dce-4f5e-b8a8-b8da5ff8b638,esp32-02,telemetry,1769616152064,1769616152327,1769616152328,1769616152328,1769616152328,1769616152328,300,5000,ok
6ebb1a50-9c15-456c-aa3c-cd9ba5ea41b8,esp32-02,telemetry,1769616152911,1769616153236,1769616153236,1769616153236,1769616153236,1769616153236,300,5000,ok
ef1a81a7-6471-4fa7-ba3a-66684a433843,esp32-03,telemetry,1769616152931,1769616153236,1769616153237,1769616153237,1769616153237,1769616153237,300,5000,ok
d0a79000-4894-4520-b4e2-0d03bc831515,esp32-01,telemetry,1769616152951,1769616153236,1769616153237,1769616153237,1769616153237,1769616153237,300,5000,ok
7743a82a-fb7e-4362-91e8-cb695d4463d3,esp32-02,telemetry,1769616152972,1769616153236,1769616153238,1769616153238,1769616153238,1769616153238,300,5000,ok
45896054-31e6-4fec-bfe5-4b757f5bd92b,esp32-03,telemetry,1769616152992,1769616153236,1769616153238,1769616153238,1769616153238,1769616153238,300,5000,ok
384f00a5-5640-4396-bee9-6c7e0bbad4c8,esp32-01,telemetry,1769616153012,1769616153236,1769616153239,1769616153239,1769616153239,1769616153239,300,5000,ok
b0238035-8683-45bd-8af3-cb6c155a2278,esp32-02,telemetry,1769616153033,1769616153361,1769616153377,1769616153377,1769616153377,1769616153377,300,5000,ok
9bb2cd42-aa3e-4d34-9be0-fc05bc025343,esp32-03,telemetry,1769616153053,1769616153361,1769616153378,1769616153378,1769616153378,1769616153378,300,5000,ok
3a78c51e-4c7e-40e9-9b4f-3543c07d0ad7,esp32-01,telemetry,1769616153074,1769616153361,1769616153379,1769616153379,1769616153379,1769616153379,300,5000,ok
ea512a86-ff4d-4ab8-8b57-550fd4462101,esp32-02,telemetry,1769616153094,1769616153361,1769616153379,1769616153379,1769616153379,1769616153379,300,5000,ok
c539b6f7-121f-4df4-82f9-26e1cd3775b3,esp32-02,telemetry,1769616153942,1769616181988,1769616181988,1769616181988,1769616181988,1769616181988,300,5000,ok
cb93475d-1c5c-4fe7-9788-dacb98e4a978,esp32-03,telemetry,1769616153963,1769616181988,1769616181989,1769616181989,1769616181989,1769616181989,300,5000,ok
434d670a-f2d6-445f-9974-ec933d3728b4,esp32-01,telemetry,1769616153982,1769616181988,1769616181989,1769616181989,1769616181989,1769616181989,300,5000,ok
ad03f1e0-0cae-471b-9bf9-e4cf7e6a7793,esp32-02,telemetry,1769616154002,1769616181988,1769616181990,1769616181990,1769616181990,1769616181990,300,5000,ok
773501eb-2ea3-427a-a792-9efa84c0663e,esp32-03,telemetry,1769616154023,1769616181988,1769616181990,1769616181990,1769616181990,1769616181990,300,5000,ok
279064e6-8a35-4951-a004-77869a6f1016,esp32-01,telemetry,1769616154043,1769616182484,1769616182484,1769616182484,1769616182484,1769616182484,300,5000,ok
acc5de40-4c37-4ea4-99c1-f509b0c642da,esp32-02,telemetry,1769616154064,1769616182484,1769616182484,1769616182484,1769616182484,1769616182484,300,5000,ok
3c4382f6-6294-4759-93e0-16b29edca9a5,esp32-03,telemetry,1769616154083,1769616182484,1769616182485,1769616182485,1769616182485,1769616182485,300,5000,ok
cef4a9df-4310-43c8-9098-3016ed9b6892,esp32-01,telemetry,1769616154104,1769616182484,1769616182486,1769616182486,1769616182486,1769616182486,300,5000,ok
29ce4e81-46f8-4b0d-86b3-b5490be84675,esp32-02,telemetry,1769616154123,1769616182484,1769616182486,1769616182486,1769616182486,1769616182486,300,5000,ok
96a0170e-0f6b-4e12-a613-4f2cde39bd37,esp32-02,telemetry,1769616154978,1769616182484,1769616182487,1769616182487,1769616182487,1769616182487,300,5000,ok
5e726f43-4fed-46aa-b0bd-f986760a89b0,esp32-03,telemetry,1769616154998,1769616182485,1769616182487,1769616182487,1769616182487,1769616182487,300,5000,ok
5958ac63-ff93-4e40-9b29-a0b52696c39a,esp32-01,telemetry,1769616155018,1769616182485,1769616182487,1769616182487,1769616182487,1769616182487,300,5000,ok
ee76f627-fa03-492a-b0f6-8d7c569e2aeb,esp32-02,telemetry,1769616155038,1769616182485,1769616182488,1769616182488,1769616182488,1769616182488,300,5000,ok
22e51f67-d425-4f14-87fb-f912ec714c53,esp32-03,telemetry,1769616155059,1769616182485,1769616182488,1769616182488,1769616182488,1769616182488,300,5000,ok
91835770-b209-43d6-a5ec-79ea38d31e0d,esp32-01,telemetry,1769616155078,1769616182485,1769616182489,1769616182489,1769616182489,1769616182489,300,5000,ok
752ca9a6-e788-4236-b8fe-ac60d675f102,esp32-02,telemetry,1769616155098,1769616182485,1769616182489,1769616182489,1769616182489,1769616182489,300,5000,ok
3931a09c-ed8e-4648-b512-3aa499013f22,esp32-03,telemetry,1769616155118,1769616182485,1769616182489,1769616182489,1769616182489,1769616182489,300,5000,ok
1e5db0b2-7993-4982-8323-4b268d3260f2,esp32-01,telemetry,1769616155138,1769616182485,1769616182490,1769616182490,1769616182490,1769616182490,300,5000,ok
2b489f1a-86c0-4d44-9371-5653ead1d4d4,esp32-02,telemetry,1769616155159,1769616182485,1769616182490,1769616182490,1769616182490,1769616182490,300,5000,ok
d828a8c1-c44d-4ea4-a33b-cca6f41683c7,esp32-01,telemetry,1769616155988,1769616182485,1769616182490,1769616182490,1769616182490,1769616182490,300,5000,ok
6ede7671-f73a-4511-b030-1949e1ef3217,esp32-02,telemetry,1769616156008,1769616182485,1769616182491,1769616182491,1769616182491,1769616182491,300,5000,ok
1c20f1ed-90dc-4572-82a8-f805b7c86b0f,esp32-03,telemetry,1769616156029,1769616182486,1769616182491,1769616182491,1769616182491,1769616182491,300,5000,ok
2c86386b-fc80-46d7-9ed4-d4fa0c102ae5,esp32-01,telemetry,1769616156049,1769616182486,1769616182492,1769616182492,1769616182492,1769616182492,300,5000,ok
df9fe8b2-aa03-498d-9ebe-5e1250a4d8e0,esp32-02,telemetry,1769616156068,1769616182486,1769616182492,1769616182492,1769616182492,1769616182492,300,5000,ok
bb43c534-e7c5-4cf7-ad87-8a67ae450d92,esp32-03,telemetry,1769616156089,1769616182709,1769616182709,1769616182709,1769616182709,1769616182709,300,5000,ok
7109bc16-c6ca-4b80-a687-69c8d9efcd2d,esp32-01,telemetry,1769616156110,1769616182709,1769616182709,1769616182709,1769616182709,1769616182709,300,5000,ok
e3064d4d-a1e9-49be-9fd2-681001758610,esp32-02,telemetry,1769616156129,1769616182709,1769616182710,1769616182710,1769616182710,1769616182710,300,5000,ok
e77078e8-4c13-4c8b-87a7-466deadbfa02,esp32-03,telemetry,1769616156149,1769616182709,1769616182710,1769616182710,1769616182710,1769616182710,300,5000,ok
08e99fdf-d118-45e7-9c11-fa1b8fd9cc35,esp32-01,telemetry,1769616156169,1769616182709,1769616182711,1769616182711,1769616182711,1769616182711,300,5000,ok
056b22d4-8eb6-4f10-aca8-cbfad44c5c92,esp32-03,telemetry,1769616156992,1769616182709,1769616182711,1769616182711,1769616182711,1769616182711,300,5000,ok
0003d47a-37e7-4082-b9c5-57b9bc074ed7,esp32-01,telemetry,1769616157013,1769616182709,1769616182712,1769616182712,1769616182712,1769616182712,300,5000,ok
2c1c7015-aaaf-4625-8f29-3bf0ac33b3cc,esp32-02,telemetry,1769616157033,1769616182709,1769616182713,1769616182713,1769616182713,1769616182713,300,5000,ok
ccc690e1-77ec-4cb3-a194-d472fb0b72b6,esp32-03,telemetry,1769616157053,1769616182710,1769616182714,1769616182714,1769616182714,1769616182714,300,5000,ok
eae19049-014f-4324-9099-c5507b4e1eec,esp32-01,telemetry,1769616157073,1769616182710,1769616182715,1769616182715,1769616182715,1769616182715,300,5000,ok
8791b5d5-3cb0-43a8-add5-d28b6da8cfb5,esp32-02,telemetry,1769616157092,1769616182753,1769616182753,1769616182753,1769616182753,1769616182753,300,5000,ok
5380f0ec-8c67-402e-8eec-d3e8844e0ca5,esp32-03,telemetry,1769616157113,1769616182753,1769616182754,1769616182754,1769616182754,1769616182754,300,5000,ok
0f0ce6fb-7e87-4fd8-bde1-8dec0ca44d4f,esp32-01,telemetry,1769616157134,1769616182753,1769616182755,1769616182755,1769616182755,1769616182755,300,5000,ok
4809775a-4d80-42f6-9139-23240170b038,esp32-02,telemetry,1769616157153,1769616182753,1769616182756,1769616182756,1769616182756,1769616182756,300,5000,ok
33951725-efe0-4e2b-9fed-232ece7dfec0,esp32-03,telemetry,1769616157173,1769616182753,1769616182757,1769616182757,1769616182757,1769616182757,300,5000,ok
019673f3-f719-46b1-aed7-672358c2913a,esp32-02,telemetry,1769616158000,1769616182753,1769616182757,1769616182757,1769616182757,1769616182757,300,5000,ok
6a88ae6f-7a95-4465-b194-fc46e8991407,esp32-03,telemetry,1769616158020,1769616182754,1769616182758,1769616182758,1769616182758,1769616182758,300,5000,ok
40292f56-9144-4c37-bc64-df1ef7e2e736,esp32-01,telemetry,1769616158041,1769616182754,1769616182758,1769616182758,1769616182758,1769616182758,300,5000,ok
1a452ce3-a315-4b40-a9b7-25293a326278,esp32-02,telemetry,1769616158062,1769616182754,1769616182759,1769616182759,1769616182759,1769616182759,300,5000,ok
b81c5781-2ace-431c-be0f-6a566d6371aa,esp32-03,telemetry,1769616158081,1769616182754,1769616182759,1769616182759,1769616182759,1769616182759,300,5000,ok
f080a4b4-04cc-4afe-ade2-2c4b42435138,esp32-01,telemetry,1769616158102,1769616182754,1769616182760,1769616182760,1769616182760,1769616182760,300,5000,ok
740efde9-eee0-4e87-8607-a9472e2082ab,esp32-02,telemetry,1769616158121,1769616182934,1769616182934,1769616182934,1769616182934,1769616182934,300,5000,ok
71a54387-1bfb-48b0-9cbe-1c14a9e8f4c9,esp32-03,telemetry,1769616158142,1769616182934,1769616182935,1769616182935,1769616182935,1769616182935,300,5000,ok
bea06065-6688-4703-8f7e-3f16d512b887,esp32-01,telemetry,1769616158161,1769616182934,1769616182935,1769616182935,1769616182935,1769616182935,300,5000,ok
05e7db40-6d96-4352-8982-ebd56c33c2f5,esp32-02,telemetry,1769616158182,1769616182934,1769616182936,1769616182936,1769616182936,1769616182936,300,5000,ok
a03fd134-8f10-4394-bc13-fe048f2e1272,esp32-01,telemetry,1769616159017,1769616182934,1769616182936,1769616182936,1769616182936,1769616182936,300,5000,ok
cf8a0a2f-0cba-460d-b871-5e53ae013c24,esp32-02,telemetry,1769616159037,1769616182934,1769616182937,1769616182937,1769616182937,1769616182937,300,5000,ok
4dd0cb5d-d6fc-441e-97e0-879f1f512087,esp32-03,telemetry,1769616159058,1769616182935,1769616182937,1769616182937,1769616182937,1769616182937,300,5000,ok
04104804-5af8-4cc8-bc42-b9a2acb54096,esp32-01,telemetry,1769616159077,1769616182935,1769616182937,1769616182937,1769616182937,1769616182937,300,5000,ok
432203c0-8409-4eb0-a241-c0bc5e5f1411,esp32-02,telemetry,1769616159098,1769616182935,1769616182938,1769616182938,1769616182938,1769616182938,300,5000,ok
6d3516b0-a2c9-44c0-ab66-2bdc5d22b9b2,esp32-03,telemetry,1769616159117,1769616182935,1769616182938,1769616182938,1769616182938,1769616182938,300,5000,ok
7e5a8d40-6a7f-49e5-b437-f23bb7ca6757,esp32-01,telemetry,1769616159137,1769616182935,1769616182938,1769616182938,1769616182938,1769616182938,300,5000,ok
79117242-2349-4bce-8a68-e59789b40abd,esp32-02,telemetry,1769616159157,1769616182935,1769616182939,1769616182939,1769616182939,1769616182939,300,5000,ok
b66f6b05-535b-4d0f-a395-f2e3dc81921c,esp32-03,telemetry,1769616159177,1769616182935,1769616182939,1769616182939,1769616182939,1769616182939,300,5000,ok
0776d02a-04fb-4599-ad69-02ffef658a3a,esp32-01,telemetry,1769616159197,1769616182935,1769616182940,1769616182940,1769616182940,1769616182940,300,5000,ok
649c5904-79bb-4a16-8d9c-69f53f375ccb,esp32-01,telemetry,1769616160046,1769616182977,1769616182977,1769616182977,1769616182977,1769616182977,300,5000,ok
a53bd988-0082-45fc-a22c-135e5797e666,esp32-02,telemetry,1769616160066,1769616182977,1769616182978,1769616182978,1769616182978,1769616182978,300,5000,ok
41918c4b-7552-4399-8baf-0e80cc0a0357,esp32-03,telemetry,1769616160087,1769616182977,1769616182979,1769616182979,1769616182979,1769616182979,300,5000,ok
2525dc00-74bb-4cf5-9339-78402d4ea908,esp32-01,telemetry,1769616160107,1769616182978,1769616182980,1769616182980,1769616182980,1769616182980,300,5000,ok
d38314c5-4736-43fe-a04b-8a04e3d429d8,esp32-02,telemetry,1769616160126,1769616182978,1769616182981,1769616182981,1769616182981,1769616182981,300,5000,ok
025d7a87-f905-487b-9d41-16f1fe60f1a7,esp32-03,telemetry,1769616160146,1769616182978,1769616182982,1769616182982,1769616182982,1769616182982,300,5000,ok
b684043a-2ae2-439b-a32b-beb9eacff5c9,esp32-01,telemetry,1769616160168,1769616182978,1769616182982,1769616182982,1769616182982,1769616182982,300,5000,ok
220aa295-d2e7-4ee3-8ce1-66269bd51ed3,esp32-02,telemetry,1769616160187,1769616182978,1769616182983,1769616182983,1769616182983,1769616182983,300,5000,ok
e006c6f5-b80a-4983-a434-1c70b058ae2f,esp32-03,telemetry,1769616160208,1769616182978,1769616182983,1769616182983,1769616182983,1769616182983,300,5000,ok
a0b2ee92-c5ed-4091-9c01-b43665d7a557,esp32-01,telemetry,1769616160227,1769616182978,1769616182984,1769616182984,1769616182984,1769616182984,300,5000,ok
ca01ce03-ebd0-49fd-b8a9-e3e68e60e045,esp32-01,telemetry,1769616161074,1769616182979,1769616182984,1769616182984,1769616182984,1769616182984,300,5000,ok
e2efc3bf-81e5-4a50-964c-0625db3a91f5,esp32-02,telemetry,1769616161094,1769616182979,1769616182985,1769616182985,1769616182985,1769616182985,300,5000,ok
a8d52858-24d9-4bb7-b15f-37be4058b658,esp32-03,telemetry,1769616161115,1769616182979,1769616182986,1769616182986,1769616182986,1769616182986,300,5000,ok
9dd36100-77e5-4d36-8839-f968f6878c91,esp32-01,telemetry,1769616161134,1769616182980,1769616182986,1769616182986,1769616182986,1769616182986,300,5000,ok
f74d6886-a71c-42d0-a9e3-67111e28f2a4,esp32-02,telemetry,1769616161154,1769616182980,1769616182987,1769616182987,1769616182987,1769616182987,300,5000,ok
ec5faf62-8e1e-4f34-bddc-e7ff829724dd,esp32-03,telemetry,1769616161175,1769616182980,1769616182988,1769616182988,1769616182988,1769616182988,300,5000,ok
d3deed70-dee2-43e2-8f53-2c2e9a2738a2,esp32-01,telemetry,1769616161195,1769616182980,1769616182988,1769616182988,1769616182988,1769616182988,300,5000,ok
896c6ea3-5a02-439e-9c36-0a7b9eeb58cb,esp32-02,telemetry,1769616161214,1769616182980,1769616182989,1769616182989,1769616182989,1769616182989,300,5000,ok
24dac6be-e1ab-4748-aa14-9065f0f9ec21,esp32-03,telemetry,1769616161235,1769616182980,1769616182990,1769616182990,1769616182990,1769616182990,300,5000,ok
d643a29d-935c-4685-b6cc-b78e75ac9dcc,esp32-01,telemetry,1769616161255,1769616182980,1769616182990,1769616182990,1769616182990,1769616182990,300,5000,ok
bdecade6-9bcb-4f11-a074-8d326d011ae1,esp32-03,telemetry,1769616162079,1769616183162,1769616183162,1769616183162,1769616183162,1769616183162,300,5000,ok
31652ed9-6fb1-47ac-8b0f-8eac72a2b6aa,esp32-01,telemetry,1769616162100,1769616183162,1769616183163,1769616183163,1769616183163,1769616183163,300,5000,ok
c494424a-b8d5-4198-bddb-2e756c4d1f35,esp32-02,telemetry,1769616162120,1769616183162,1769616183163,1769616183163,1769616183163,1769616183163,300,5000,ok
bc0e977d-6a32-4f5b-9519-047daccb1fb2,esp32-03,telemetry,1769616162139,1769616183162,1769616183164,1769616183164,1769616183164,1769616183164,300,5000,ok
4813f024-4ecd-48e7-a32e-2c343aa77eed,esp32-01,telemetry,1769616162160,1769616183162,1769616183165,1769616183165,1769616183165,1769616183165,300,5000,ok
92c0ae7f-a489-4ee3-9fee-217554c0e27c,esp32-02,telemetry,1769616162179,1769616183162,1769616183165,1769616183165,1769616183165,1769616183165,300,5000,ok
f01e3c0f-3748-4097-84b0-2be450b5bab0,esp32-03,telemetry,1769616162199,1769616183163,1769616183166,1769616183166,1769616183166,1769616183166,300,5000,ok
afba5e91-f338-4501-9ead-8245eb66d31e,esp32-01,telemetry,1769616162219,1769616183163,1769616183167,1769616183167,1769616183167,1769616183167,300,5000,ok
ef15a940-cb4e-4dd4-b1e2-9e6ccc3ed9b8,esp32-02,telemetry,1769616162240,1769616183163,1769616183167,1769616183167,1769616183167,1769616183167,300,5000,ok
348e12eb-caa9-4141-9fb7-ee5d069b07d2,esp32-03,telemetry,1769616162261,1769616183163,1769616183168,1769616183168,1769616183168,1769616183168,300,5000,ok
e74ea889-1652-46e3-90e1-da9e6ee392c5,esp32-02,telemetry,1769616163146,1769616183163,1769616183168,1769616183168,1769616183168,1769616183168,300,5000,ok
849179bf-3455-4e3d-a466-8c36714902cd,esp32-03,telemetry,1769616163167,1769616183202,1769616183202,1769616183202,1769616183202,1769616183202,300,5000,ok
72251a87-d715-4275-911f-306baf651562,esp32-01,telemetry,1769616163187,1769616183202,1769616183203,1769616183203,1769616183203,1769616183203,300,5000,ok
c7e070a3-610f-49e0-8d67-ab92f75b0314,esp32-02,telemetry,1769616163208,1769616183202,1769616183204,1769616183204,1769616183204,1769616183204,300,5000,ok
b249bd1a-70f2-416a-a519-fe6b61f21b98,esp32-03,telemetry,1769616163228,1769616183202,1769616183204,1769616183204,1769616183204,1769616183204,300,5000,ok
705ef9b4-5e89-4cd5-9a8f-9cb8c3e22776,esp32-01,telemetry,1769616163247,1769616183202,1769616183205,1769616183205,1769616183205,1769616183205,300,5000,ok
2f2b4fd6-9f1e-42ec-8e9c-9dbf6feab504,esp32-02,telemetry,1769616163267,1769616183202,1769616183205,1769616183205,1769616183205,1769616183206,300,5000,ok
ab58b17e-875d-406e-b5bb-968639c66f91,esp32-03,telemetry,1769616163288,1769616183202,1769616183206,1769616183206,1769616183206,1769616183206,300,5000,ok
f2398444-2f59-4f5a-bd26-4505aa83ca16,esp32-01,telemetry,1769616163309,1769616183203,1769616183206,1769616183206,1769616183206,1769616183207,300,5000,ok
c4f7e536-a0e3-4a7d-bb74-f09f5191668d,esp32-02,telemetry,1769616163330,1769616183203,1769616183207,1769616183207,1769616183207,1769616183207,300,5000,ok
8fdad2b8-6c93-4b84-8793-90ce6d700c6d,esp32-03,telemetry,1769616164138,1769616183203,1769616183207,1769616183207,1769616183207,1769616183208,300,5000,ok
585cd3a7-a051-4fbb-a222-c4888ffe67f3,esp32-01,telemetry,1769616164157,1769616183210,1769616183210,1769616183210,1769616183210,1769616183210,300,5000,ok
46e35363-a3ec-4b0d-9b2d-718f178afc9a,esp32-02,telemetry,1769616164178,1769616183211,1769616183211,1769616183211,1769616183211,1769616183211,300,5000,ok
8b4386bc-b096-44b2-903d-eb900286ce5a,esp32-03,telemetry,1769616164197,1769616183211,1769616183212,1769616183212,1769616183212,1769616183212,300,5000,ok
dc53e6c4-22ba-454a-8b57-923ef32a729c,esp32-01,telemetry,1769616164218,1769616183211,1769616183213,1769616183213,1769616183213,1769616183213,300,5000,ok
f0b81eca-fe34-4a66-b2ed-16da498225fe,esp32-02,telemetry,1769616164238,1769616183211,1769616183214,1769616183214,1769616183214,1769616183214,300,5000,ok
4f6a3fdb-dc3d-4639-b8c1-28000226245d,esp32-03,telemetry,1769616164259,1769616183211,1769616183214,1769616183214,1769616183214,1769616183214,300,5000,ok
e92d6b70-b397-48c2-abd5-c29b450f38dd,esp32-01,telemetry,1769616164278,1769616183211,1769616183215,1769616183215,1769616183215,1769616183215,300,5000,ok
cc141feb-27c5-47a5-befe-7633a91faebd,esp32-02,telemetry,1769616164299,1769616183211,1769616183216,1769616183216,1769616183216,1769616183216,300,5000,ok
e9bdb522-063e-4464-8fc7-87398f1e2393,esp32-03,telemetry,1769616164318,1769616183212,1769616183216,1769616183216,1769616183216,1769616183216,300,5000,ok
69c58798-6613-4c4e-bdd6-fd78f36f0c2a,esp32-01,telemetry,1769616165185,1769616183212,1769616183217,1769616183217,1769616183217,1769616183217,300,5000,ok
bac3478a-aff6-4b8b-a284-af8d38a5abaf,esp32-02,telemetry,1769616165206,1769616183212,1769616183217,1769616183217,1769616183217,1769616183217,300,5000,ok
6eeb15f8-5804-41f4-892a-1eb5ae65d92e,esp32-03,telemetry,1769616165226,1769616183212,1769616183218,1769616183218,1769616183218,1769616183218,300,5000,ok
e7fd2a4e-132f-46cc-b106-f33672ed616d,esp32-01,telemetry,1769616165246,1769616183212,1769616183219,1769616183219,1769616183219,1769616183219,300,5000,ok
c1506f6c-bbb3-40ca-8210-dad41926502d,esp32-02,telemetry,1769616165265,1769616183386,1769616183387,1769616183387,1769616183387,1769616183387,300,5000,ok
8f23d5ca-4881-4e44-8f5d-da9b865f638b,esp32-03,telemetry,1769616165285,1769616183387,1769616183388,1769616183388,1769616183388,1769616183388,300,5000,ok
b0ed143f-5a28-45cd-a9a0-8ffea9c89382,esp32-01,telemetry,1769616165306,1769616183387,1769616183389,1769616183389,1769616183389,1769616183389,300,5000,ok
f93fcdf2-5a28-4a96-a0b8-07592b6f2493,esp32-02,telemetry,1769616165326,1769616183387,1769616183390,1769616183390,1769616183390,1769616183390,300,5000,ok
cd3cf40d-790e-4e2a-9386-655e9fcc45ae,esp32-03,telemetry,1769616165345,1769616183387,1769616183391,1769616183391,1769616183391,1769616183391,300,5000,ok
e5da5570-0c55-413d-b018-cf24d85c66cc,esp32-01,telemetry,1769616165366,1769616183388,1769616183392,1769616183392,1769616183392,1769616183392,300,5000,ok
c3452258-34a0-44a4-a9db-2890bfeed9cd,esp32-01,telemetry,1769616166221,1769616183388,1769616183393,1769616183393,1769616183393,1769616183393,300,5000,ok
6af03d2f-f7bd-4837-a2b6-55b32116f2fb,esp32-02,telemetry,1769616166242,1769616183388,1769616183394,1769616183394,1769616183394,1769616183394,300,5000,ok
94f6cbbd-a9b7-441e-984f-ae2346a9c821,esp32-03,telemetry,1769616166262,1769616183388,1769616183395,1769616183395,1769616183395,1769616183395,300,5000,ok
a5e4b7bc-f86f-4e02-b407-6edd42623538,esp32-01,telemetry,1769616166283,1769616183389,1769616183395,1769616183395,1769616183395,1769616183395,300,5000,ok
13ae42f0-12f3-4bf6-a4ae-2b8cc0e1f2fa,esp32-02,telemetry,1769616166304,1769616183427,1769616183428,1769616183428,1769616183428,1769616183428,300,5000,ok
c7143bd0-0ed6-4ae7-bb0a-bea2b47cdbbf,esp32-03,telemetry,1769616166324,1769616183428,1769616183429,1769616183429,1769616183429,1769616183429,300,5000,ok
e32c45b4-bd4f-4f80-b8e3-e80f3c74ed6c,esp32-01,telemetry,1769616166343,1769616183428,1769616183429,1769616183429,1769616183429,1769616183429,300,5000,ok
8c68c666-d767-4568-a9f4-ced2de2ef886,esp32-02,telemetry,1769616166364,1769616183428,1769616183430,1769616183430,1769616183430,1769616183430,300,5000,ok
33282cf8-7997-4bb6-acb2-93d973c76b98,esp32-03,telemetry,1769616166384,1769616183428,1769616183430,1769616183430,1769616183430,1769616183430,300,5000,ok
814a06e5-ebd2-421c-aadb-896f1afc5474,esp32-01,telemetry,1769616166405,1769616183437,1769616183437,1769616183437,1769616183437,1769616183437,300,5000,ok
cf7ca3f8-f59a-4710-9e6e-950372d8c08f,esp32-01,telemetry,1769616167312,1769616183437,1769616183438,1769616183438,1769616183438,1769616183438,300,5000,ok
8bb8ab90-8569-4bd6-8efe-c645c8cf9ecf,esp32-02,telemetry,1769616167332,1769616183438,1769616183439,1769616183439,1769616183439,1769616183439,300,5000,ok
85c26b50-7734-4cd1-a767-11b436c43fc2,esp32-03,telemetry,1769616167353,1769616183438,1769616183440,1769616183440,1769616183440,1769616183440,300,5000,ok
aec76cee-2c2b-4653-986b-339b90bcdc05,esp32-01,telemetry,1769616167374,1769616183438,1769616183441,1769616183441,1769616183441,1769616183441,300,5000,ok
dcd038ff-54ed-4111-a3c5-b502e28b753f,esp32-02,telemetry,1769616167394,1769616183438,1769616183441,1769616183441,1769616183441,1769616183441,300,5000,ok
fd4b3cd1-6aad-4321-b4e1-a971813b6c96,esp32-03,telemetry,1769616167414,1769616183439,1769616183442,1769616183442,1769616183442,1769616183442,300,5000,ok
955b7f8c-11ab-47b1-ba61-b5db2ce3ce11,esp32-01,telemetry,1769616167435,1769616183439,1769616183442,1769616183442,1769616183442,1769616183442,300,5000,ok
88c2ad8d-7339-41b1-9580-216038d81515,esp32-02,telemetry,1769616167455,1769616183439,1769616183443,1769616183443,1769616183443,1769616183443,300,5000,ok
f6601e7d-1b8c-47d8-95c2-d7aa2bcb4047,esp32-03,telemetry,1769616167474,1769616183439,1769616183443,1769616183443,1769616183443,1769616183443,300,5000,ok
2968ddbd-944a-4126-ad95-1944c72adbb6,esp32-01,telemetry,1769616167494,1769616183439,1769616183444,1769616183444,1769616183444,1769616183444,300,5000,ok
27836a5e-d211-4f2c-81e1-348bcb048ea0,esp32-01,telemetry,1769616168341,1769616183439,1769616183444,1769616183444,1769616183444,1769616183444,300,5000,ok
50904ca4-0688-4a40-883e-e950983bc846,esp32-02,telemetry,1769616168360,1769616183439,1769616183445,1769616183445,1769616183445,1769616183445,300,5000,ok
1e5b11f6-6c06-4ee0-ac63-425c7b6fa8ea,esp32-03,telemetry,1769616168381,1769616183440,1769616183445,1769616183445,1769616183445,1769616183445,300,5000,ok
e74de926-a693-4a80-adfd-55fefd1da702,esp32-01,telemetry,1769616168401,1769616183440,1769616183446,1769616183446,1769616183446,1769616183446,300,5000,ok
7e27e0f4-3268-44e5-8710-c14c6455c682,esp32-02,telemetry,1769616168420,1769616183440,1769616183446,1769616183446,1769616183447,1769616183447,300,5000,ok
45eec7bc-0fd1-42c9-8ba3-d9c5c212055e,esp32-03,telemetry,1769616168441,1769616183611,1769616183611,1769616183611,1769616183611,1769616183611,300,5000,ok
ebbd7748-baa5-4648-9cd8-e97cba69109b,esp32-01,telemetry,1769616168461,1769616183611,1769616183612,1769616183612,1769616183612,1769616183612,300,5000,ok
1a285204-4d71-49a4-9b9b-073fe5e74b80,esp32-02,telemetry,1769616168481,1769616183611,1769616183612,1769616183612,1769616183613,1769616183613,300,5000,ok
7cfb6d51-8c0f-466e-a2e7-75720ad65679,esp32-03,telemetry,1769616168501,1769616183611,1769616183613,1769616183613,1769616183613,1769616183613,300,5000,ok
c70d2131-0cf4-4d56-af1e-78de55fa3ac5,esp32-01,telemetry,1769616168520,1769616183612,1769616183613,1769616183613,1769616183613,1769616183613,300,5000,ok
9c0b0598-0463-418b-81ca-2be65186ada1,esp32-01,telemetry,1769616169370,1769616183612,1769616183614,1769616183614,1769616183614,1769616183614,300,5000,ok
a687174b-446a-4fc6-ae91-26978443d54f,esp32-02,telemetry,1769616169390,1769616183612,1769616183614,1769616183614,1769616183614,1769616183614,300,5000,ok
b3547c85-ffaf-48fe-bbd5-734c24863420,esp32-03,telemetry,1769616169409,1769616183612,1769616183615,1769616183615,1769616183615,1769616183615,300,5000,ok
442fc454-cf41-497f-91a4-3d150d3462b3,esp32-01,telemetry,1769616169429,1769616183612,1769616183615,1769616183615,1769616183615,1769616183615,300,5000,ok
31355549-16c7-4b2d-a262-8c69cf0490e2,esp32-02,telemetry,1769616169450,1769616183612,1769616183616,1769616183616,1769616183616,1769616183616,300,5000,ok
d9025ae1-6a8b-4dae-bbe2-9b7579399ce1,esp32-03,telemetry,1769616169471,1769616183652,1769616183652,1769616183652,1769616183653,1769616183653,300,5000,ok
85749774-7eff-4326-8441-a8b5a7e5c9e1,esp32-01,telemetry,1769616169491,1769616183653,1769616183654,1769616183654,1769616183654,1769616183654,300,5000,ok
9c67b783-d4a4-4fcd-a75a-85a892fb3c36,esp32-02,telemetry,1769616169512,1769616183653,1769616183654,1769616183654,1769616183654,1769616183654,300,5000,ok
e36e0e76-ac5b-4313-9145-0fea5c662f73,esp32-03,telemetry,1769616169532,1769616183653,1769616183655,1769616183655,1769616183655,1769616183655,300,5000,ok
2b95fe2e-685c-4cb8-864a-416f31036248,esp32-01,telemetry,1769616169552,1769616183653,1769616183656,1769616183656,1769616183656,1769616183656,300,5000,ok
402d4a48-bb78-4a8a-ac2d-6899c7128fb3,esp32-01,telemetry,1769616170396,1769616183653,1769616183656,1769616183656,1769616183656,1769616183656,300,5000,ok
03f9a819-0353-4de5-aa23-cbca8bdc7e6f,esp32-02,telemetry,1769616170416,1769616183653,1769616183657,1769616183657,1769616183657,1769616183657,300,5000,ok
a4235e3e-262c-4806-9d6e-0aa4cc4058a3,esp32-03,telemetry,1769616170436,1769616183653,1769616183658,1769616183658,1769616183658,1769616183658,300,5000,ok
5eaed676-d4b7-403e-9dae-533213d76774,esp32-01,telemetry,1769616170456,1769616183654,1769616183658,1769616183658,1769616183658,1769616183658,300,5000,ok
4273bf19-9d82-4ca7-98f8-e07861733e12,esp32-02,telemetry,1769616170476,1769616183654,1769616183659,1769616183659,1769616183659,1769616183659,300,5000,ok
59b49a16-8b28-444d-a876-6a9cf5d96990,esp32-03,telemetry,1769616170497,1769616183654,1769616183659,1769616183659,1769616183659,1769616183659,300,5000,ok
f299eff8-b920-47f3-b72e-76658a5535b5,esp32-01,telemetry,1769616170517,1769616183654,1769616183660,1769616183660,1769616183660,1769616183660,300,5000,ok
15c65365-05c2-4757-81e6-c71360518038,esp32-02,telemetry,1769616170539,1769616183654,1769616183661,1769616183661,1769616183661,1769616183661,300,5000,ok
afbe424c-43aa-4e20-8911-a17068bbd5dc,esp32-03,telemetry,1769616170559,1769616183654,1769616183661,1769616183661,1769616183661,1769616183661,300,5000,ok
80695366-117b-4b3d-b06a-8d093d8fe607,esp32-01,telemetry,1769616170579,1769616183655,1769616183662,1769616183662,1769616183662,1769616183662,300,5000,ok
e13d9cdd-9b96-4bdc-9305-ea1c38ea76d4,esp32-01,telemetry,1769616171433,1769616183662,1769616183662,1769616183662,1769616183663,1769616183663,300,5000,ok
84152547-18e5-4c4e-b10c-df9f4503f053,esp32-02,telemetry,1769616171454,1769616183662,1769616183664,1769616183664,1769616183664,1769616183664,300,5000,ok
5d40534d-8a0d-4932-a835-e21a2036fa08,esp32-03,telemetry,1769616171474,1769616183662,1769616183664,1769616183664,1769616183664,1769616183664,300,5000,ok
48aba858-6278-4595-93e8-809c3f0123dd,esp32-01,telemetry,1769616171494,1769616183662,1769616183665,1769616183665,1769616183665,1769616183665,300,5000,ok
13d5b6a7-786c-4ce7-b9b8-782ec44f8ad6,esp32-02,telemetry,1769616171515,1769616183663,1769616183666,1769616183666,1769616183666,1769616183666,300,5000,ok
0d46be99-8e94-40fa-b0ea-bb87056c44fc,esp32-03,telemetry,1769616171535,1769616183663,1769616183666,1769616183666,1769616183666,1769616183666,300,5000,ok
17a93d61-551d-40b4-b858-edd4361ba26d,esp32-01,telemetry,1769616171556,1769616183663,1769616183667,1769616183667,1769616183667,1769616183667,300,5000,ok
1a2e24b2-b96e-4e1d-9c6a-d31d7ed82052,esp32-02,telemetry,1769616171576,1769616183663,1769616183668,1769616183668,1769616183668,1769616183668,300,5000,ok
b95ef4d3-b4b6-4991-a142-28d7aa64dbd5,esp32-03,telemetry,1769616171596,1769616183663,1769616183669,1769616183669,1769616183669,1769616183669,300,5000,ok
b7362976-9aed-4835-92e1-e136664b900d,esp32-01,telemetry,1769616171616,1769616183663,1769616183669,1769616183669,1769616183669,1769616183669,300,5000,ok
7e6593a4-facd-471d-a40f-c0d51abe7d43,esp32-03,telemetry,1769616172464,1769616183663,1769616183670,1769616183670,1769616183670,1769616183670,300,5000,ok
38aac994-407c-4a0f-8787-467574c0f838,esp32-01,telemetry,1769616172485,1769616183664,1769616183671,1769616183671,1769616183671,1769616183671,300,5000,ok
bd9eb5b1-be86-4180-9c96-39f8a982d92f,esp32-02,telemetry,1769616172506,1769616183664,1769616183671,1769616183671,1769616183671,1769616183671,300,5000,ok
ebb6cd8f-4f16-44b6-9943-f71786337ed2,esp32-03,telemetry,1769616172526,1769616183664,1769616183672,1769616183672,1769616183672,1769616183672,300,5000,ok
f6e6e3f6-0b33-459b-9dd3-17797b25fb73,esp32-01,telemetry,1769616172547,1769616183664,1769616183673,1769616183673,1769616183673,1769616183673,300,5000,ok
fdc99b9f-5b06-4f89-a0a1-85dfb7fed6db,esp32-02,telemetry,1769616172567,1769616183836,1769616183836,1769616183836,1769616183836,1769616183836,300,5000,ok
8a84b1e1-4ca6-4eb9-80fe-2a93043f0a59,esp32-03,telemetry,1769616172587,1769616183836,1769616183837,1769616183837,1769616183837,1769616183837,300,5000,ok
f0b816ca-13e8-4c13-9e95-d67a5dfb8838,esp32-01,telemetry,1769616172607,1769616183836,1769616183838,1769616183838,1769616183838,1769616183838,300,5000,ok
be4846cf-5595-4ea0-9f02-37c61768fd11,esp32-02,telemetry,1769616172626,1769616183836,1769616183838,1769616183838,1769616183838,1769616183838,300,5000,ok
03318313-ea25-415e-a584-a8108ab77051,esp32-03,telemetry,1769616172647,1769616183837,1769616183838,1769616183838,1769616183838,1769616183838,300,5000,ok
1b4f4cf9-7f9d-42f7-aa0f-81457d1cba58,esp32-02,telemetry,1769616173535,1769616183837,1769616183839,1769616183839,1769616183839,1769616183839,300,5000,ok
0036bf86-63cc-4734-b492-d0f2ecf37b82,esp32-03,telemetry,1769616173556,1769616183837,1769616183839,1769616183839,1769616183839,1769616183839,300,5000,ok
b160f16e-6089-4b77-ba47-f791222080ad,esp32-01,telemetry,1769616173575,1769616183837,1769616183839,1769616183839,1769616183839,1769616183839,300,5000,ok
59da7124-c982-400d-b06f-0317cbc757e6,esp32-02,telemetry,1769616173596,1769616183837,1769616183840,1769616183840,1769616183840,1769616183840,300,5000,ok
330c894a-949f-413a-99b7-4ab8f86fc59e,esp32-03,telemetry,1769616173616,1769616183837,1769616183840,1769616183840,1769616183840,1769616183840,300,5000,ok
c6720293-1d6f-4861-b81e-c397e9105667,esp32-01,telemetry,1769616173635,1769616183880,1769616183880,1769616183880,1769616183880,1769616183880,300,5000,ok
c93c2d6f-34e8-4cbd-9194-a333733c6375,esp32-02,telemetry,1769616173656,1769616183880,1769616183881,1769616183881,1769616183881,1769616183881,300,5000,ok
56197e57-fac8-4a0e-a6c0-0a17d6cc9106,esp32-03,telemetry,1769616173675,1769616183880,1769616183882,1769616183882,1769616183882,1769616183882,300,5000,ok
8cbdf868-9e5d-4035-ab73-b2e70f1b18e2,esp32-01,telemetry,1769616173695,1769616183880,1769616183883,1769616183883,1769616183883,1769616183883,300,5000,ok
32e06fe4-bd0e-45a0-9821-04f31dc0321f,esp32-02,telemetry,1769616173716,1769616183880,1769616183883,1769616183883,1769616183883,1769616183883,300,5000,ok
4d49bb0a-3303-4037-bc62-f0ed9a751e07,esp32-02,telemetry,1769616174623,1769616183880,1769616183884,1769616183884,1769616183884,1769616183884,300,5000,ok
ba4ee7b4-c7d0-46bf-8028-2697d5ad9e23,esp32-03,telemetry,1769616174644,1769616183881,1769616183884,1769616183884,1769616183884,1769616183884,300,5000,ok
9f1a31d4-5a35-48e3-8cde-73222c0529a8,esp32-01,telemetry,1769616174665,1769616183881,1769616183885,1769616183885,1769616183885,1769616183885,300,5000,ok
b8b4d1d0-1ba3-4eec-a91b-0a8a6a7994ad,esp32-02,telemetry,1769616174685,1769616183881,1769616183885,1769616183885,1769616183885,1769616183885,300,5000,ok
56def7d4-59b6-44eb-9aea-ef5cac09a238,esp32-03,telemetry,1769616174704,1769616183881,1769616183886,1769616183886,1769616183886,1769616183886,300,5000,ok
5dce8a71-6a6e-4086-bcd1-31ed996a4a82,esp32-01,telemetry,1769616174724,1769616183881,1769616183886,1769616183886,1769616183886,1769616183886,300,5000,ok
4a862252-138c-4b8a-9c53-1fbe82b0246b,esp32-02,telemetry,1769616174744,1769616183888,1769616183888,1769616183888,1769616183888,1769616183888,300,5000,ok
a6e6487c-d460-4787-9fd5-e096fb0025db,esp32-03,telemetry,1769616174764,1769616183888,1769616183889,1769616183889,1769616183889,1769616183889,300,5000,ok
3ee848ee-ea2f-42b6-af73-330525a9d384,esp32-01,telemetry,1769616174784,1769616183888,1769616183890,1769616183890,1769616183890,1769616183890,300,5000,ok
78a7d150-2ca8-4a7d-aa66-636dbd8b56cd,esp32-02,telemetry,1769616174805,1769616183888,1769616183891,1769616183891,1769616183891,1769616183891,300,5000,ok
71771161-b34f-4224-ae58-113c643b148c,esp32-01,telemetry,1769616175578,1769616183888,1769616183891,1769616183891,1769616183891,1769616183891,300,5000,ok
770801af-d70b-47cf-93d4-72676b5515fc,esp32-02,telemetry,1769616175598,1769616183888,1769616183892,1769616183892,1769616183892,1769616183892,300,5000,ok
e3020765-515d-4a41-8d9a-25738adc6368,esp32-03,telemetry,1769616175619,1769616183889,1769616183892,1769616183892,1769616183892,1769616183892,300,5000,ok
5e88f389-3ae5-41ae-bb1d-3e09f2c6ad30,esp32-01,telemetry,1769616175638,1769616183889,1769616183893,1769616183893,1769616183893,1769616183893,300,5000,ok
876033de-835f-4fd5-97f4-75330d7738e1,esp32-02,telemetry,1769616175659,1769616183889,1769616183894,1769616183894,1769616183894,1769616183894,300,5000,ok
fa0e3158-6aa5-406f-844e-35f748ea1dfa,esp32-03,telemetry,1769616175678,1769616183889,1769616183894,1769616183894,1769616183894,1769616183894,300,5000,ok
e78374fc-19aa-436c-8388-7caf88fd77ba,esp32-01,telemetry,1769616175699,1769616183889,1769616183895,1769616183895,1769616183895,1769616183895,300,5000,ok
55bb7b9f-df62-4ab4-a9be-4033126800a5,esp32-02,telemetry,1769616175718,1769616183889,1769616183895,1769616183895,1769616183895,1769616183895,300,5000,ok
c02fd501-346b-407c-b529-f770aa91638b,esp32-03,telemetry,1769616175739,1769616183889,1769616183896,1769616183896,1769616183896,1769616183896,300,5000,ok
e93ed9f4-8b53-4a97-a3b1-1658e7b05283,esp32-01,telemetry,1769616175759,1769616183889,1769616183896,1769616183896,1769616183896,1769616183896,300,5000,ok
a33be0f0-f892-4ad3-9898-73630e098e66,esp32-01,telemetry,1769616176604,1769616183890,1769616183897,1769616183897,1769616183897,1769616183897,300,5000,ok
78003cee-cdb9-4e5a-b655-cebb724f870c,esp32-02,telemetry,1769616176623,1769616183890,1769616183897,1769616183897,1769616183897,1769616183897,300,5000,ok
f220b2fd-2433-4677-b3d8-81e0e1192043,esp32-03,telemetry,1769616176644,1769616184062,1769616184062,1769616184062,1769616184062,1769616184062,300,5000,ok
2614b815-1d6e-40ba-ba7e-8eee3be08259,esp32-01,telemetry,1769616176664,1769616184062,1769616184063,1769616184063,1769616184063,1769616184063,300,5000,ok
45b1e8d2-0b8a-4e7b-b102-7899ff031296,esp32-02,telemetry,1769616176685,1769616184062,1769616184064,1769616184064,1769616184064,1769616184064,300,5000,ok
b40e75a7-5459-4529-b974-1487277f4180,esp32-03,telemetry,1769616176706,1769616184062,1769616184064,1769616184064,1769616184064,1769616184064,300,5000,ok
c17cdf2b-1499-47f1-8c26-a1892d75b2a4,esp32-01,telemetry,1769616176726,1769616184062,1769616184066,1769616184066,1769616184066,1769616184066,300,5000,ok
02c41b8b-b332-4923-9418-e11ddb5f0300,esp32-02,telemetry,1769616176747,1769616184063,1769616184067,1769616184067,1769616184067,1769616184067,300,5000,ok
4e94ea1c-0caf-4242-b881-33d5a1ecbefc,esp32-03,telemetry,1769616176767,1769616184063,1769616184067,1769616184067,1769616184067,1769616184067,300,5000,ok
55b1b934-7272-405f-85cd-ef889401987c,esp32-01,telemetry,1769616176787,1769616184063,1769616184068,1769616184068,1769616184068,1769616184068,300,5000,ok
7c6e5ee8-4608-43b6-b10a-f54f555d7c77,esp32-01,telemetry,1769616177629,1769616184063,1769616184068,1769616184068,1769616184068,1769616184068,300,5000,ok
1be334cd-507d-4554-8656-a286bf3b7fc5,esp32-02,telemetry,1769616177649,1769616184063,1769616184069,1769616184069,1769616184069,1769616184069,300,5000,ok
26640ac4-e2d6-45c2-b30d-d4694f04dff6,esp32-03,telemetry,1769616177668,1769616184104,1769616184105,1769616184105,1769616184105,1769616184105,300,5000,ok
fff49ede-4bfd-4ef2-8baf-9a7948eee3e9,esp32-01,telemetry,1769616177688,1769616184105,1769616184106,1769616184106,1769616184106,1769616184106,300,5000,ok
c3aa8ae4-0402-480e-8d47-8e3ed021e3d3,esp32-02,telemetry,1769616177708,1769616184105,1769616184107,1769616184107,1769616184107,1769616184107,300,5000,ok
33027477-48d1-4f50-b34a-b3007b9c6fff,esp32-03,telemetry,1769616177729,1769616184105,1769616184107,1769616184107,1769616184107,1769616184107,300,5000,ok
45340b6d-7535-443a-8106-b0a78bc30907,esp32-01,telemetry,1769616177749,1769616184105,1769616184108,1769616184108,1769616184108,1769616184108,300,5000,ok
1a4cf57a-2174-4a36-8f00-89a516f27db1,esp32-02,telemetry,1769616177768,1769616184105,1769616184108,1769616184108,1769616184108,1769616184108,300,5000,ok
31bd3026-2a65-4ea0-9259-962526566883,esp32-03,telemetry,1769616177788,1769616184106,1769616184109,1769616184109,1769616184109,1769616184109,300,5000,ok
fbf7dbfd-8b9b-443b-a8d3-d483d1a3acfa,esp32-01,telemetry,1769616177809,1769616184106,1769616184110,1769616184110,1769616184110,1769616184110,300,5000,ok
6d3dea54-5a35-4fd8-b29d-22c3aaf06ec4,esp32-01,telemetry,1769616178655,1769616184106,1769616184110,1769616184110,1769616184110,1769616184110,300,5000,ok
7dffeb93-56a6-4301-9f49-824c11160f4a,esp32-02,telemetry,1769616178675,1769616184106,1769616184111,1769616184111,1769616184111,1769616184111,300,5000,ok
cec6d91d-599a-4d04-bfb0-09626bb77114,esp32-03,telemetry,1769616178695,1769616184114,1769616184115,1769616184115,1769616184115,1769616184115,300,5000,ok
fa85ac50-8b74-4d2d-bed6-de2e7f02f2fb,esp32-01,telemetry,1769616178716,1769616184115,1769616184116,1769616184116,1769616184116,1769616184116,300,5000,ok
0ae7bd97-db09-420e-9723-e3ad165664ab,esp32-02,telemetry,1769616178737,1769616184115,1769616184117,1769616184117,1769616184117,1769616184117,300,5000,ok
1010596b-71ff-4e4a-a2ac-500ca02ce5a7,esp32-03,telemetry,1769616178756,1769616184115,1769616184118,1769616184118,1769616184118,1769616184118,300,5000,ok
508bc5e3-3de8-46bc-85be-d9e7591dd3fc,esp32-01,telemetry,1769616178777,1769616184115,1769616184119,1769616184119,1769616184119,1769616184119,300,5000,ok
72f9c9a5-72aa-4476-95fc-a885e3ed412a,esp32-02,telemetry,1769616178797,1769616184115,1769616184119,1769616184119,1769616184119,1769616184119,300,5000,ok
8369de39-207b-43e7-a0ac-ac6dffb8367e,esp32-03,telemetry,1769616178817,1769616184116,1769616184120,1769616184120,1769616184120,1769616184120,300,5000,ok
0ec93d3e-c080-4ff4-8702-71bf6f0fd310,esp32-01,telemetry,1769616178838,1769616184116,1769616184120,1769616184120,1769616184120,1769616184120,300,5000,ok
85baa713-b770-400a-8fb7-abcb911c5537,esp32-01,telemetry,1769616179685,1769616184116,1769616184121,1769616184121,1769616184121,1769616184121,300,5000,ok
3d555047-ff28-4236-9e35-b710110fb01a,esp32-02,telemetry,1769616179735,1769616184116,1769616184121,1769616184121,1769616184121,1769616184121,300,5000,ok
2fb31e14-6891-4fbd-9c33-f3381fca5432,esp32-03,telemetry,1769616179755,1769616184116,1769616184122,1769616184122,1769616184122,1769616184122,300,5000,ok
d3b979f7-5d8b-4727-9291-279cf27b646e,esp32-01,telemetry,1769616179775,1769616184116,1769616184122,1769616184122,1769616184122,1769616184122,300,5000,ok
befc9fdf-740f-4dbe-a14e-60f5b820c1b0,esp32-02,telemetry,1769616179795,1769616184116,1769616184123,1769616184123,1769616184123,1769616184123,300,5000,ok
ebde55e3-1566-4378-ac69-47cd8f616878,esp32-03,telemetry,1769616179816,1769616184116,1769616184123,1769616184123,1769616184123,1769616184123,300,5000,ok
94524155-089f-4cdd-aab1-ec17ae883e1d,esp32-01,telemetry,1769616179835,1769616184117,1769616184124,1769616184124,1769616184124,1769616184124,300,5000,ok
9bf3b968-f098-4c17-b099-822450b2faf9,esp32-02,telemetry,1769616179856,1769616184117,1769616184125,1769616184125,1769616184125,1769616184125,300,5000,ok
737a1e8e-8832-4347-a3c3-8c7f4c4b056c,esp32-03,telemetry,1769616179876,1769616184117,1769616184125,1769616184125,1769616184125,1769616184125,300,5000,ok
6c0950b2-70bb-4909-b7a1-bb2e0e95e48d,esp32-01,telemetry,1769616179895,1769616184117,1769616184126,1769616184126,1769616184126,1769616184126,300,5000,ok
65522e34-e80d-417f-be8d-1cd58b013515,esp32-01,telemetry,1769616180743,1769616184117,1769616184126,1769616184126,1769616184126,1769616184126,300,5000,ok
b5bc1e85-72e1-4f75-a09f-6e11ea98899a,esp32-02,telemetry,1769616180764,1769616184117,1769616184127,1769616184127,1769616184127,1769616184127,300,5000,ok
5301cb6a-70c8-4472-b4f1-cd81807dd888,esp32-03,telemetry,1769616180785,1769616184117,1769616184127,1769616184128,1769616184128,1769616184128,300,5000,ok
55c18a05-edcb-43b7-a964-9698e2dea602,esp32-01,telemetry,1769616180805,1769616184117,1769616184128,1769616184128,1769616184128,1769616184128,300,5000,ok
5e874036-0b99-4c0d-9aba-0bb141d66db8,esp32-02,telemetry,1769616180824,1769616184117,1769616184128,1769616184128,1769616184128,1769616184128,300,5000,ok
b322500f-d167-4a23-bd84-9c9a2cc10978,esp32-03,telemetry,1769616180844,1769616184117,1769616184129,1769616184129,1769616184129,1769616184129,300,5000,ok
854b011f-f6ba-4e8a-bf2f-29b8f47a99fb,esp32-01,telemetry,1769616180865,1769616184118,1769616184130,1769616184130,1769616184130,1769616184130,300,5000,ok
f59a3bf8-7191-46b6-bd5e-fc0aae35dbc5,esp32-02,telemetry,1769616180885,1769616184118,1769616184130,1769616184130,1769616184130,1769616184130,300,5000,ok
fac5aeb6-e791-4566-9f81-468798478081,esp32-03,telemetry,1769616180905,1769616184290,1769616184290,1769616184290,1769616184290,1769616184290,300,5000,ok
aeb1852e-8606-422c-882e-11f2b7c8e07f,esp32-01,telemetry,1769616180925,1769616184290,1769616184291,1769616184291,1769616184291,1769616184291,300,5000,ok
0172e82d-5ea3-4dc4-ae09-16891a6c6eda,esp32-01,telemetry,1769616181772,1769616184290,1769616184292,1769616184292,1769616184292,1769616184292,300,5000,ok
84d90e61-3986-44c8-9268-94ec6d3e7157,esp32-02,telemetry,1769616181793,1769616184290,1769616184292,1769616184292,1769616184292,1769616184292,300,5000,ok
161ce346-4f07-4442-90e3-cf2d853c61e3,esp32-03,telemetry,1769616181813,1769616184291,1769616184292,1769616184292,1769616184292,1769616184292,300,5000,ok
ec298b7e-275f-40b6-a357-d678ade61c9a,esp32-01,telemetry,1769616181833,1769616184291,1769616184293,1769616184293,1769616184293,1769616184293,300,5000,ok
19a30ac7-5043-40c5-8791-8e478b9d13be,esp32-02,telemetry,1769616181852,1769616184291,1769616184293,1769616184293,1769616184293,1769616184293,300,5000,ok
6fe8bdd0-ae35-4089-a209-001e457b14e3,esp32-03,telemetry,1769616181873,1769616184291,1769616184294,1769616184294,1769616184294,1769616184294,300,5000,ok
db75f88f-4432-4f16-bfcb-882021e59290,esp32-01,telemetry,1769616181893,1769616184330,1769616184330,1769616184330,1769616184330,1769616184330,300,5000,ok
2e2abe5f-c4f8-4db4-a2b2-97e5713a536e,esp32-02,telemetry,1769616181912,1769616184330,1769616184331,1769616184331,1769616184331,1769616184331,300,5000,ok
73e43884-ace9-4e47-aa33-bb5d0ba7fb2f,esp32-03,telemetry,1769616181933,1769616184330,1769616184332,1769616184332,1769616184332,1769616184332,300,5000,ok
7c5190b9-b754-4745-a996-78d075c706b0,esp32-01,telemetry,1769616181952,1769616184330,1769616184333,1769616184333,1769616184333,1769616184333,300,5000,ok
0d8e4d1e-8d0e-4365-b2ff-9afc088b67e0,esp32-01,telemetry,1769616182860,1769616184330,1769616184334,1769616184334,1769616184334,1769616184334,300,5000,ok
bbc00893-a849-4087-a0a3-947fa43c867b,esp32-02,telemetry,1769616182880,1769616184331,1769616184334,1769616184334,1769616184334,1769616184334,300,5000,ok
f74e2b5d-5375-478a-9455-ab5c2d10a44d,esp32-03,telemetry,1769616182900,1769616184331,1769616184335,1769616184335,1769616184335,1769616184335,300,5000,ok
90c1004f-3c80-45e9-82a0-1f5437a9bccb,esp32-01,telemetry,1769616182921,1769616184331,1769616184335,1769616184335,1769616184335,1769616184335,300,5000,ok
f07e12b2-a2c3-49e2-bf5a-9ca2ae79381a,esp32-02,telemetry,1769616182940,1769616184331,1769616184335,1769616184335,1769616184335,1769616184335,300,5000,ok
2f1250f2-0586-4a83-b982-7fc3c2b2d219,esp32-03,telemetry,1769616182960,1769616184331,1769616184336,1769616184336,1769616184336,1769616184336,300,5000,ok
4d1f17cb-b719-450c-a483-710a785f5363,esp32-01,telemetry,1769616182980,1769616184339,1769616184339,1769616184339,1769616184339,1769616184339,300,5000,ok
d5552edd-5862-4b91-a5ef-da74fb828082,esp32-02,telemetry,1769616183000,1769616184339,1769616184340,1769616184340,1769616184340,1769616184340,300,5000,ok
74f6af77-bb25-4b5d-ae79-c76a9a41601c,esp32-03,telemetry,1769616183021,1769616184339,1769616184341,1769616184341,1769616184341,1769616184341,300,5000,ok
e873af7f-5a62-4422-bfa9-90229f7b0eaf,esp32-01,telemetry,1769616183042,1769616184340,1769616184342,1769616184342,1769616184342,1769616184342,300,5000,ok
f5ff730d-a3f2-44b0-af07-105dc4b8988b,esp32-03,telemetry,1769616183881,1769616184340,1769616184342,1769616184342,1769616184342,1769616184342,300,5000,ok
0f653e45-d992-4f89-957e-4e760b03698e,esp32-01,telemetry,1769616183902,1769616184340,1769616184343,1769616184343,1769616184343,1769616184343,300,5000,ok
64fbe324-2798-4885-92b6-2c35bf698085,esp32-02,telemetry,1769616183921,1769616184340,1769616184343,1769616184343,1769616184343,1769616184343,300,5000,ok
c78050f7-8a45-4a45-83e2-d334244efe8b,esp32-03,telemetry,1769616183942,1769616184340,1769616184344,1769616184344,1769616184344,1769616184344,300,5000,ok
39eaf162-6f23-42cd-9841-2dd9d9cc32e5,esp32-01,telemetry,1769616183961,1769616184340,1769616184344,1769616184344,1769616184344,1769616184344,300,5000,ok
2e9e5e42-3886-44b7-8d63-746c6b9bbba8,esp32-02,telemetry,1769616183982,1769616184340,1769616184345,1769616184345,1769616184345,1769616184345,300,5000,ok
e599215e-8bfb-4c5f-9e9c-4fc9a25824b6,esp32-03,telemetry,1769616184001,1769616184341,1769616184345,1769616184345,1769616184345,1769616184345,300,5000,ok
6ff18bb9-a854-422d-ace4-98bd069f70e1,esp32-01,telemetry,1769616184022,1769616184341,1769616184346,1769616184346,1769616184346,1769616184346,300,5000,ok
6fd40399-98f4-4cc4-8295-277eaa183d1a,esp32-02,telemetry,1769616184043,1769616184341,1769616184346,1769616184346,1769616184346,1769616184346,300,5000,ok
096f5f38-be78-4024-aef7-2ec7b3bf0a2f,esp32-03,telemetry,1769616184064,1769616184341,1769616184347,1769616184347,1769616184347,1769616184347,300,5000,ok
646c3301-a7c1-4985-aba0-72f113949769,esp32-01,telemetry,1769616184994,1769616185222,1769616185222,1769616185222,1769616185222,1769616185222,300,5000,ok
d2fc9f3b-2bdf-4132-b635-bc4f61811012,esp32-02,telemetry,1769616185014,1769616185348,1769616185350,1769616185350,1769616185350,1769616185350,300,5000,ok
178b65fb-5892-4849-b43d-b1d8f0a7c3b9,esp32-03,telemetry,1769616185034,1769616185348,1769616185351,1769616185351,1769616185351,1769616185351,300,5000,ok
9f2151a9-70ee-4c33-bc03-e7d6cbfa1088,esp32-01,telemetry,1769616185054,1769616185348,1769616185351,1769616185351,1769616185351,1769616185351,300,5000,ok
e6fbdf35-e0ec-4edb-bb59-2a6f6bb55c91,esp32-02,telemetry,1769616185074,1769616185348,1769616185351,1769616185351,1769616185351,1769616185352,300,5000,ok
aa2d886d-57b5-472d-a86a-f5e32e760eb8,esp32-03,telemetry,1769616185095,1769616185348,1769616185352,1769616185352,1769616185352,1769616185352,300,5000,ok
0afe2e25-c73e-4d77-b388-ab4c2679eeb4,esp32-01,telemetry,1769616185115,1769616185348,1769616185353,1769616185353,1769616185353,1769616185353,300,5000,ok
e5044576-856f-41ac-af8d-339a7468c096,esp32-02,telemetry,1769616185135,1769616185377,1769616185377,1769616185377,1769616185377,1769616185377,300,5000,ok
6c842c8c-8ece-481a-8de4-5510be31e404,esp32-03,telemetry,1769616185154,1769616185430,1769616185430,1769616185430,1769616185430,1769616185430,300,5000,ok
cc95a5aa-c093-449a-af37-89ceb04779fb,esp32-01,telemetry,1769616185174,1769616185431,1769616185431,1769616185431,1769616185431,1769616185431,300,5000,ok
6e7d1fad-b37c-45e8-b62a-617de32877a0,esp32-01,telemetry,1769616185991,1769616186228,1769616186228,1769616186228,1769616186228,1769616186228,300,5000,ok
6d92c63f-4563-4d08-b268-3c472d4b16ee,esp32-02,telemetry,1769616186012,1769616186258,1769616186258,1769616186258,1769616186258,1769616186258,300,5000,ok
c842e14c-0332-427e-8824-bcb7c3b60390,esp32-03,telemetry,1769616186033,1769616186311,1769616186312,1769616186312,1769616186312,1769616186312,300,5000,ok
56317ae9-f299-45fd-b191-0cf191494522,esp32-01,telemetry,1769616186052,1769616186312,1769616186312,1769616186312,1769616186312,1769616186312,300,5000,ok
f73e5232-ee40-4aa5-b7ed-40a0c3e72d25,esp32-02,telemetry,1769616186072,1769616186312,1769616186313,1769616186313,1769616186313,1769616186313,300,5000,ok
c3e440f3-8e40-4d82-a0d6-21ceab50807b,esp32-03,telemetry,1769616186093,1769616186403,1769616186404,1769616186404,1769616186404,1769616186404,300,5000,ok
0028c756-839d-4990-8a76-3733c2f8fa25,esp32-01,telemetry,1769616186113,1769616186404,1769616186404,1769616186404,1769616186404,1769616186404,300,5000,ok
88120fe9-26b5-4237-b0bc-4cece8770c95,esp32-02,telemetry,1769616186135,1769616186409,1769616186409,1769616186409,1769616186409,1769616186409,300,5000,ok
a8d14aed-655a-417a-857d-5d0e6ded912f,esp32-03,telemetry,1769616186154,1769616186409,1769616186410,1769616186410,1769616186410,1769616186410,300,5000,ok
8f2e3f36-09f6-4224-ae35-102be5201b04,esp32-01,telemetry,1769616186174,1769616186409,1769616186410,1769616186410,1769616186410,1769616186410,300,5000,ok
5f518759-6808-418a-a337-57dec80cd661,esp32-01,telemetry,1769616186903,1769616187229,1769616187229,1769616187229,1769616187229,1769616187229,300,5000,ok
90232fab-a9ae-41d2-b301-76895780d268,esp32-02,telemetry,1769616186924,1769616187229,1769616187230,1769616187230,1769616187230,1769616187230,300,5000,ok
15ae73ab-d6c3-4502-aee0-9faf8c0f46ac,esp32-03,telemetry,1769616186943,1769616187229,1769616187230,1769616187230,1769616187230,1769616187230,300,5000,ok
20a7437c-fd1f-4fd4-ad60-d5d27ee7bf07,esp32-01,telemetry,1769616186963,1769616187229,1769616187231,1769616187231,1769616187231,1769616187231,300,5000,ok
d5a69163-f44d-47c1-a8ab-68877241ad37,esp32-02,telemetry,1769616186984,1769616187229,1769616187232,1769616187232,1769616187232,1769616187232,300,5000,ok
dab76d51-7b7c-47c6-a540-9c11c146ef3b,esp32-03,telemetry,1769616187003,1769616187340,1769616187340,1769616187340,1769616187340,1769616187340,300,5000,ok
12fea822-ffb3-478a-9640-7524168e8f24,esp32-01,telemetry,1769616187023,1769616187340,1769616187341,1769616187341,1769616187341,1769616187341,300,5000,ok
b75748e6-ad70-4eb6-b2b2-a30b4523ccf4,esp32-02,telemetry,1769616187044,1769616187340,1769616187341,1769616187341,1769616187341,1769616187341,300,5000,ok
b12090af-83a3-4689-b48b-eeede3f91aca,esp32-03,telemetry,1769616187064,1769616187340,1769616187341,1769616187341,1769616187341,1769616187341,300,5000,ok
e029137b-1ebd-4d1f-a9cc-1bf60d90394a,esp32-01,telemetry,1769616187085,1769616187340,1769616187342,1769616187342,1769616187342,1769616187342,300,5000,ok
c8f3c884-ec31-4c20-b851-23c987f680fb,esp32-03,telemetry,1769616187909,1769616188238,1769616188238,1769616188238,1769616188238,1769616188238,300,5000,ok
c05d2b46-fccb-4564-9e51-da759590a2e8,esp32-01,telemetry,1769616187929,1769616188239,1769616188239,1769616188239,1769616188239,1769616188239,300,5000,ok
4b0ab0b5-c2d1-44e2-aea6-50059a4b61b3,esp32-02,telemetry,1769616187950,1769616188239,1769616188240,1769616188240,1769616188240,1769616188240,300,5000,ok
8811edf4-8d86-4169-9919-a0292e5f8a8d,esp32-03,telemetry,1769616187970,1769616188239,1769616188241,1769616188241,1769616188241,1769616188241,300,5000,ok
41150613-fb4f-467b-8d53-96cf576ffb72,esp32-01,telemetry,1769616187991,1769616188239,1769616188241,1769616188241,1769616188241,1769616188241,300,5000,ok
14a48c84-34ab-4f1a-912b-3f8850f03856,esp32-02,telemetry,1769616188011,1769616188239,1769616188242,1769616188242,1769616188242,1769616188242,300,5000,ok
d81b9685-e96b-4b84-a544-fb6a9a19419b,esp32-03,telemetry,1769616188031,1769616188353,1769616188353,1769616188353,1769616188353,1769616188353,300,5000,ok
a75252d8-8275-42db-bf3f-a6867bdbad11,esp32-01,telemetry,1769616188052,1769616188353,1769616188353,1769616188353,1769616188353,1769616188353,300,5000,ok
3cae8aaa-4439-4d99-a3f9-07ef7077b00b,esp32-02,telemetry,1769616188072,1769616188353,1769616188354,1769616188354,1769616188354,1769616188354,300,5000,ok
16c80d78-a24b-45c7-9761-7aad890ee423,esp32-03,telemetry,1769616188093,1769616188353,1769616188354,1769616188354,1769616188354,1769616188354,300,5000,ok
d5de3066-f1d9-4261-a9f2-c463a8785e57,esp32-02,telemetry,1769616188919,1769616189247,1769616189247,1769616189247,1769616189247,1769616189247,300,5000,ok
f19e6999-157a-4a6d-b408-f5e858dfa31c,esp32-03,telemetry,1769616188939,1769616189248,1769616189248,1769616189248,1769616189248,1769616189248,300,5000,ok
e5202639-0cc7-41a1-9124-24b8a6c8e81e,esp32-01,telemetry,1769616188959,1769616189249,1769616189249,1769616189249,1769616189249,1769616189249,300,5000,ok
083e425b-7968-48d5-8385-0c9c4463bd78,esp32-02,telemetry,1769616188979,1769616189249,1769616189250,1769616189250,1769616189250,1769616189250,300,5000,ok
08db25a7-b3a6-4076-b7bf-0986ea3f1db5,esp32-03,telemetry,1769616188999,1769616189250,1769616189251,1769616189251,1769616189251,1769616189251,300,5000,ok
c6196f8d-40c8-416b-8cba-9703c2b832ca,esp32-01,telemetry,1769616189020,1769616189250,1769616189251,1769616189251,1769616189251,1769616189251,300,5000,ok
fd676283-3576-423c-90eb-b3c82f28d3dc,esp32-02,telemetry,1769616189040,1769616189373,1769616189378,1769616189378,1769616189378,1769616189378,300,5000,ok
2b0821ac-ac38-40c3-9d4e-30d3d8f45521,esp32-03,telemetry,1769616189061,1769616189374,1769616189382,1769616189382,1769616189382,1769616189382,300,5000,ok
17de5a8c-ddb2-4279-a9a7-9d35d2316524,esp32-01,telemetry,1769616189081,1769616189374,1769616189383,1769616189383,1769616189383,1769616189383,300,5000,ok
278b4624-f121-4bc3-881a-1e40c0df50ff,esp32-02,telemetry,1769616189101,1769616189374,1769616189384,1769616189384,1769616189384,1769616189384,300,5000,ok
0c2754dd-b957-4814-ba71-385dea16acf1,esp32-01,telemetry,1769616189948,1769616190274,1769616190274,1769616190274,1769616190274,1769616190274,300,5000,ok
e00b05b8-93ea-4058-beff-ba34bffffed0,esp32-02,telemetry,1769616189968,1769616190275,1769616190275,1769616190275,1769616190275,1769616190275,300,5000,ok
bd3b09b9-1f9c-46bb-968f-6c079f6eee6f,esp32-03,telemetry,1769616189988,1769616190275,1769616190276,1769616190276,1769616190276,1769616190276,300,5000,ok
deda3c2c-30b4-4ae4-83f9-2a92c8d59d6d,esp32-01,telemetry,1769616190007,1769616190275,1769616190276,1769616190276,1769616190276,1769616190276,300,5000,ok
acff69c0-8ffa-4be9-bdb1-a9b1fa3aac98,esp32-02,telemetry,1769616190028,1769616190275,1769616190277,1769616190277,1769616190277,1769616190277,300,5000,ok
3bc2c138-a110-46a9-b035-2e5b21c7c2d0,esp32-03,telemetry,1769616190048,1769616190275,1769616190277,1769616190277,1769616190277,1769616190277,300,5000,ok
7cb61f51-eeca-47ce-bf15-87f69af67308,esp32-01,telemetry,1769616190068,1769616190369,1769616190369,1769616190369,1769616190369,1769616190369,300,5000,ok
8d22e15e-da22-4722-b9f5-ab9706cfc6fe,esp32-02,telemetry,1769616190087,1769616190370,1769616190370,1769616190370,1769616190370,1769616190370,300,5000,ok
8d6b199a-5fef-4a58-91af-00039b54f9ce,esp32-03,telemetry,1769616190107,1769616190370,1769616190370,1769616190370,1769616190370,1769616190370,300,5000,ok
dba3e09f-7f7a-4651-830f-5ce5f3fb2454,esp32-01,telemetry,1769616190127,1769616190370,1769616190371,1769616190371,1769616190371,1769616190371,300,5000,ok
cf0a3e29-3f40-4208-9488-f26f44b3c7d4,esp32-01,telemetry,1769616190972,1769616191300,1769616191300,1769616191300,1769616191300,1769616191300,300,5000,ok
a8045967-6a8d-44b3-8add-029bb7edd5b4,esp32-02,telemetry,1769616190992,1769616191300,1769616191301,1769616191301,1769616191301,1769616191301,300,5000,ok
3ede585b-bfc9-443b-8ad6-b08111bc081b,esp32-03,telemetry,1769616191011,1769616191301,1769616191302,1769616191302,1769616191302,1769616191302,300,5000,ok
7aaa4b90-9191-4908-8ae3-9637d9b017bd,esp32-01,telemetry,1769616191032,1769616191301,1769616191303,1769616191303,1769616191303,1769616191303,300,5000,ok
aa65d9c1-385e-4a3d-8352-3cbdcc72bd82,esp32-02,telemetry,1769616191053,1769616191301,1769616191303,1769616191303,1769616191303,1769616191303,300,5000,ok
4678bdf1-8328-419b-9132-8350484373f1,esp32-03,telemetry,1769616191072,1769616191301,1769616191304,1769616191304,1769616191304,1769616191304,300,5000,ok
eb754a16-05c7-4c14-9dce-c991c2abbf3e,esp32-01,telemetry,1769616191093,1769616191385,1769616191386,1769616191386,1769616191386,1769616191386,300,5000,ok
98643fd9-ba03-4d1d-84b8-1c427b35e138,esp32-02,telemetry,1769616191113,1769616191386,1769616191386,1769616191386,1769616191386,1769616191386,300,5000,ok
c09972f6-cc59-4f61-ac31-cb6b0dfd44a4,esp32-03,telemetry,1769616191133,1769616191386,1769616191386,1769616191386,1769616191386,1769616191386,300,5000,ok
7653e0ba-8d34-4fe9-9b02-c4d693d4d579,esp32-01,telemetry,1769616191154,1769616191386,1769616191387,1769616191387,1769616191387,1769616191387,300,5000,ok
0143b4f8-473c-4a08-a868-3fd20205af1d,esp32-01,telemetry,1769616191998,1769616192325,1769616192326,1769616192326,1769616192326,1769616192326,300,5000,ok
60f54bab-1eac-40fe-9413-c296ef2279df,esp32-02,telemetry,1769616192018,1769616192325,1769616192326,1769616192326,1769616192326,1769616192326,300,5000,ok
208a9ffb-1768-4add-9c78-48988b348599,esp32-03,telemetry,1769616192038,1769616192325,1769616192327,1769616192327,1769616192327,1769616192327,300,5000,ok
c12533fd-4f55-4055-acc6-9fcbf2583320,esp32-01,telemetry,1769616192058,1769616192325,1769616192327,1769616192327,1769616192327,1769616192327,300,5000,ok
c94d477f-1b03-4f9e-bc62-e05cb03019a7,esp32-02,telemetry,1769616192079,1769616192326,1769616192328,1769616192328,1769616192328,1769616192328,300,5000,ok
9e334756-de0a-40ca-b83e-4f6fdbac3d4c,esp32-03,telemetry,1769616192099,1769616192327,1769616192328,1769616192328,1769616192328,1769616192328,300,5000,ok
5ff24265-0296-4089-9253-d24cff50d0b8,esp32-01,telemetry,1769616192119,1769616192411,1769616192411,1769616192411,1769616192411,1769616192411,300,5000,ok
545ba0fc-95fc-4df2-86a9-d2e88ef4308a,esp32-02,telemetry,1769616192138,1769616192411,1769616192411,1769616192411,1769616192411,1769616192411,300,5000,ok
89afcd38-1bcb-4351-a819-5bcb0bfa8545,esp32-03,telemetry,1769616192158,1769616192411,1769616192412,1769616192412,1769616192412,1769616192412,300,5000,ok
bb90dfb1-ba89-40f6-848d-8557736d47ae,esp32-01,telemetry,1769616192179,1769616192411,1769616192412,1769616192412,1769616192412,1769616192412,300,5000,ok
e8fe284b-76e1-414e-b4e7-d20ff02725ed,esp32-03,telemetry,1769616193015,1769616193352,1769616193352,1769616193352,1769616193352,1769616193352,300,5000,ok
16bf02d5-ebb9-43eb-9554-6c4e53acb366,esp32-01,telemetry,1769616193035,1769616193352,1769616193353,1769616193353,1769616193353,1769616193353,300,5000,ok
8ea4a3ef-aa45-4a38-aa60-68a0a620c623,esp32-02,telemetry,1769616193055,1769616193352,1769616193353,1769616193353,1769616193353,1769616193353,300,5000,ok
b6d9104d-b310-4c39-b66f-a07fbd64b525,esp32-03,telemetry,1769616193076,1769616193352,1769616193353,1769616193353,1769616193353,1769616193353,300,5000,ok
8ccfc05e-419d-405c-8f3e-3a3ee8734fb3,esp32-01,telemetry,1769616193095,1769616193352,1769616193354,1769616193354,1769616193354,1769616193354,300,5000,ok
dc19d637-3b01-4185-ad79-c434b7952866,esp32-02,telemetry,1769616193115,1769616193451,1769616193451,1769616193451,1769616193451,1769616193451,300,5000,ok
f17acf4f-45bf-4f80-bfbe-bff90f9f5a34,esp32-03,telemetry,1769616193136,1769616193452,1769616193452,1769616193452,1769616193452,1769616193452,300,5000,ok
d22dd8b8-b8f0-441e-9950-97b26410d332,esp32-01,telemetry,1769616193156,1769616193452,1769616193453,1769616193453,1769616193453,1769616193453,300,5000,ok
2bc42818-0f7c-466c-ba37-411ebcbf3464,esp32-02,telemetry,1769616193176,1769616193452,1769616193453,1769616193453,1769616193453,1769616193453,300,5000,ok
efffc791-a2b3-4a08-bf70-10817114d70b,esp32-03,telemetry,1769616193196,1769616193452,1769616193453,1769616193453,1769616193453,1769616193453,300,5000,ok
f8181af1-983a-49f8-96d3-a59d06f7f849,esp32-03,telemetry,1769616194041,1769616194353,1769616194353,1769616194353,1769616194353,1769616194353,300,5000,ok
5b50dc37-b024-4647-98eb-66411ba7be7d,esp32-01,telemetry,1769616194061,1769616194353,1769616194353,1769616194353,1769616194353,1769616194353,300,5000,ok
8f40fd0d-42c3-4df4-8f5c-818b7126e284,esp32-02,telemetry,1769616194082,1769616194353,1769616194354,1769616194354,1769616194354,1769616194354,300,5000,ok
847e6d04-a8a2-4b10-ac7e-153c251e607e,esp32-03,telemetry,1769616194102,1769616194353,1769616194354,1769616194354,1769616194354,1769616194354,300,5000,ok
408b34e4-26ec-43d8-b281-f685cb98bab6,esp32-01,telemetry,1769616194123,1769616194353,1769616194355,1769616194355,1769616194355,1769616194355,300,5000,ok
81650e57-01d4-4d2d-9d23-d53a426aeb53,esp32-02,telemetry,1769616194143,1769616194470,1769616194470,1769616194470,1769616194470,1769616194470,300,5000,ok
7fcbd2e3-c202-4a09-8310-12b4f634059a,esp32-03,telemetry,1769616194163,1769616194471,1769616194471,1769616194471,1769616194471,1769616194471,300,5000,ok
f73c1e2e-ff0a-48e5-a9fd-b6c913c67821,esp32-01,telemetry,1769616194183,1769616194471,1769616194472,1769616194472,1769616194472,1769616194472,300,5000,ok
4a169a6b-70a7-48bc-8740-3cc39a723874,esp32-02,telemetry,1769616194204,1769616194471,1769616194472,1769616194472,1769616194472,1769616194472,300,5000,ok
1e7a879b-0aa9-4e43-87e0-c7cdf29ec361,esp32-03,telemetry,1769616194224,1769616194471,1769616194473,1769616194473,1769616194473,1769616194473,300,5000,ok
61d33c82-a76d-430f-b449-93e1ca49d961,esp32-01,telemetry,1769616195083,1769616195371,1769616195371,1769616195371,1769616195371,1769616195371,300,5000,ok
75a3de9e-1dc0-4b39-88e9-f672c47651f3,esp32-02,telemetry,1769616195103,1769616195371,1769616195371,1769616195371,1769616195371,1769616195372,300,5000,ok
19641fd5-a474-45a6-9af4-30fc6493e7db,esp32-03,telemetry,1769616195124,1769616195371,1769616195372,1769616195372,1769616195372,1769616195372,300,5000,ok
95246e7d-4e8e-4ca3-a35f-00396e5f631b,esp32-01,telemetry,1769616195144,1769616195371,1769616195372,1769616195372,1769616195372,1769616195372,300,5000,ok
0b63c3a3-bdf7-4fa6-a539-cd83922b3ae1,esp32-02,telemetry,1769616195165,1769616195493,1769616195493,1769616195493,1769616195493,1769616195493,300,5000,ok
224b7f6c-6e6d-4dd4-9437-5535141c6e25,esp32-03,telemetry,1769616195186,1769616195493,1769616195494,1769616195494,1769616195494,1769616195494,300,5000,ok
82fdcdaa-bd43-4e96-ae04-ab129bdcecff,esp32-01,telemetry,1769616195207,1769616195493,1769616195494,1769616195494,1769616195494,1769616195494,300,5000,ok
ac21750c-7a2d-4f82-91ae-2c77dfbee01d,esp32-02,telemetry,1769616195227,1769616195493,1769616195494,1769616195494,1769616195494,1769616195494,300,5000,ok
6a8f6a8e-cdfc-4fae-8fbb-ff58ebae2310,esp32-03,telemetry,1769616195247,1769616195493,1769616195495,1769616195495,1769616195495,1769616195495,300,5000,ok
876539bf-84e0-480a-a393-9f6a41b1b7d8,esp32-01,telemetry,1769616195267,1769616195494,1769616195495,1769616195495,1769616195495,1769616195495,300,5000,ok
645169cc-8cea-4dd2-ae65-0e44cb5da582,esp32-03,telemetry,1769616196099,1769616196432,1769616196433,1769616196433,1769616196433,1769616196433,300,5000,ok
b7a3b1e0-3364-45c3-b973-438245ba5643,esp32-01,telemetry,1769616196118,1769616196433,1769616196434,1769616196434,1769616196434,1769616196434,300,5000,ok
0660ce46-92ed-43a2-ac3f-51929be354ae,esp32-02,telemetry,1769616196139,1769616196433,1769616196435,1769616196435,1769616196435,1769616196435,300,5000,ok
c6aa1538-bfed-4488-9171-e1182edf2d3b,esp32-03,telemetry,1769616196159,1769616196433,1769616196435,1769616196435,1769616196435,1769616196435,300,5000,ok
f816be0b-16c1-48bb-8204-b2ac5febad2b,esp32-01,telemetry,1769616196179,1769616196433,1769616196436,1769616196436,1769616196436,1769616196436,300,5000,ok
d3e6ab97-5436-4806-8135-042621b11835,esp32-02,telemetry,1769616196199,1769616196433,1769616196437,1769616196437,1769616196437,1769616196437,300,5000,ok
9a2d30e5-2766-4c2c-8516-d5df1bca891f,esp32-03,telemetry,1769616196218,1769616196510,1769616196510,1769616196510,1769616196510,1769616196510,300,5000,ok
b5b5b9e5-2b03-4400-95f8-5e61751bb0aa,esp32-01,telemetry,1769616196239,1769616196510,1769616196511,1769616196511,1769616196511,1769616196511,300,5000,ok
5b703252-c5ae-43ad-8599-ed85382963f1,esp32-02,telemetry,1769616196259,1769616196510,1769616196512,1769616196512,1769616196512,1769616196512,300,5000,ok
2ec64e21-8532-4f6f-b0b4-2fea4b3000e3,esp32-03,telemetry,1769616196278,1769616196510,1769616196512,1769616196512,1769616196512,1769616196512,300,5000,ok
b3ece050-c689-4508-a7f5-cff0549592db,esp32-01,telemetry,1769616197203,1769616197450,1769616197450,1769616197450,1769616197450,1769616197450,300,5000,ok
00865cd9-473a-4508-a150-2058e22a49e9,esp32-02,telemetry,1769616197222,1769616197450,1769616197451,1769616197451,1769616197451,1769616197451,300,5000,ok
303ce69a-6e1f-4671-88b3-b10097e23122,esp32-03,telemetry,1769616197243,1769616197543,1769616197543,1769616197543,1769616197543,1769616197543,300,5000,ok
2354bb3c-6ff5-47dc-a148-980e8d47e606,esp32-01,telemetry,1769616197263,1769616197543,1769616197544,1769616197544,1769616197544,1769616197544,300,5000,ok
c2040f6b-9dbd-409e-88b3-0b9a311b7662,esp32-02,telemetry,1769616197283,1769616197543,1769616197544,1769616197544,1769616197544,1769616197544,300,5000,ok
4bf428e7-0509-42d2-a009-ce0b72ea3fab,esp32-03,telemetry,1769616197302,1769616197543,1769616197545,1769616197545,1769616197545,1769616197545,300,5000,ok
fb18280d-1677-4bbe-b340-7fe57556366f,esp32-01,telemetry,1769616197323,1769616197652,1769616197653,1769616197653,1769616197653,1769616197653,300,5000,ok
fb8defc1-8657-4050-b604-13add7d3db38,esp32-02,telemetry,1769616197343,1769616197652,1769616197654,1769616197654,1769616197654,1769616197654,300,5000,ok
eb9737cc-e559-4629-8a6e-d620e3f29f1a,esp32-03,telemetry,1769616197364,1769616197652,1769616197654,1769616197654,1769616197654,1769616197654,300,5000,ok
637960a9-a193-49b4-86e6-34173078a488,esp32-01,telemetry,1769616197385,1769616197652,1769616197655,1769616197655,1769616197655,1769616197655,300,5000,ok
700a9781-fa06-4cd2-97a1-3286af21b8f7,esp32-01,telemetry,1769616198241,1769616198553,1769616198553,1769616198553,1769616198553,1769616198553,300,5000,ok
356558ba-5804-4c84-9c57-ea99828471ed,esp32-02,telemetry,1769616198261,1769616198553,1769616198553,1769616198553,1769616198553,1769616198553,300,5000,ok
04547b3b-55cd-4326-be93-015d345508ea,esp32-03,telemetry,1769616198281,1769616198553,1769616198554,1769616198554,1769616198554,1769616198554,300,5000,ok
d5aed02f-e03f-4da0-b140-6e20e5fb0879,esp32-01,telemetry,1769616198302,1769616198553,1769616198554,1769616198554,1769616198554,1769616198554,300,5000,ok
b086c7ae-e04a-4bbe-a49f-0a993dc6d0f0,esp32-02,telemetry,1769616198323,1769616198553,1769616198555,1769616198555,1769616198555,1769616198555,300,5000,ok
c5db8939-e733-4f2e-b909-2fc13076b975,esp32-03,telemetry,1769616198343,1769616198584,1769616198584,1769616198584,1769616198584,1769616198584,300,5000,ok
15c501b5-aaad-41f3-8b48-26451e8430ab,esp32-01,telemetry,1769616198362,1769616198675,1769616198675,1769616198675,1769616198675,1769616198675,300,5000,ok
e97b4e64-47e1-4362-a4a6-44e9e158b587,esp32-02,telemetry,1769616198382,1769616198675,1769616198676,1769616198676,1769616198676,1769616198676,300,5000,ok
51f6cd97-6699-40f0-b6dc-98f7ee7c1b6c,esp32-03,telemetry,1769616198403,1769616198675,1769616198676,1769616198676,1769616198676,1769616198676,300,5000,ok
3e1feec2-5cd2-4418-860f-12504e9c9539,esp32-01,telemetry,1769616198423,1769616198675,1769616198677,1769616198677,1769616198677,1769616198677,300,5000,ok
3d75adb0-070e-40dd-b074-0a29697e54d7,esp32-01,telemetry,1769616199268,1769616199580,1769616199580,1769616199580,1769616199580,1769616199580,300,5000,ok
e41a555f-9f57-4656-b771-cb3c359b1834,esp32-02,telemetry,1769616199288,1769616199580,1769616199581,1769616199581,1769616199581,1769616199581,300,5000,ok
a5fc12cf-1612-4a51-ab1c-cb34d008f088,esp32-03,telemetry,1769616199309,1769616199580,1769616199582,1769616199582,1769616199582,1769616199582,300,5000,ok
89f04bd4-7a22-460b-92bb-793fc9e99667,esp32-01,telemetry,1769616199329,1769616199581,1769616199582,1769616199582,1769616199582,1769616199582,300,5000,ok
564b7b54-51f5-41d2-8df5-c3a6db6e14b9,esp32-02,telemetry,1769616199348,1769616199581,1769616199582,1769616199582,1769616199582,1769616199582,300,5000,ok
27568639-3c3c-4545-91d3-4a74f2cd9852,esp32-03,telemetry,1769616199369,1769616199681,1769616199681,1769616199681,1769616199681,1769616199681,300,5000,ok
71535866-4f89-4804-a493-55ae3b18f9b3,esp32-01,telemetry,1769616199388,1769616199681,1769616199682,1769616199682,1769616199682,1769616199682,300,5000,ok
8cd541ba-1bbe-45c4-be91-dcae2c1d0e65,esp32-02,telemetry,1769616199409,1769616199682,1769616199682,1769616199682,1769616199682,1769616199682,300,5000,ok
4201cd02-56e2-42d1-891a-feb72286828e,esp32-03,telemetry,1769616199429,1769616199682,1769616199683,1769616199683,1769616199683,1769616199683,300,5000,ok
a9dbceae-d29f-4bfa-bb7c-b47dffae682b,esp32-01,telemetry,1769616199449,1769616199682,1769616199683,1769616199683,1769616199683,1769616199683,300,5000,ok
9055c53f-2275-4208-aca9-1653b71cb2f4,esp32-03,telemetry,1769616200339,1769616200587,1769616200587,1769616200587,1769616200587,1769616200587,300,5000,ok
02e988ef-9d55-459c-a5bc-d11be573c06b,esp32-01,telemetry,1769616200360,1769616200589,1769616200589,1769616200589,1769616200589,1769616200589,300,5000,ok
d4c46231-7caa-406e-a3ec-5101ac0347d0,esp32-02,telemetry,1769616200379,1769616200610,1769616200610,1769616200610,1769616200610,1769616200610,300,5000,ok
b75cb996-9317-4c33-8e17-caa5bf7332b1,esp32-03,telemetry,1769616200400,1769616200732,1769616200732,1769616200732,1769616200732,1769616200732,300,5000,ok
ee7c79a4-06a6-48e5-8a88-98804fb5fdeb,esp32-01,telemetry,1769616200420,1769616200732,1769616200733,1769616200733,1769616200733,1769616200733,300,5000,ok
cd85f0c5-9475-4be8-8ad8-43e4fee646cc,esp32-02,telemetry,1769616200439,1769616200732,1769616200733,1769616200733,1769616200733,1769616200733,300,5000,ok
5f48f3f2-e5de-41bb-acb5-b6591c5503b9,esp32-03,telemetry,1769616200459,1769616200732,1769616200734,1769616200734,1769616200734,1769616200734,300,5000,ok
4a7ac106-8e03-47ae-9cbc-aff9339e7255,esp32-01,telemetry,1769616200480,1769616200732,1769616200734,1769616200734,1769616200734,1769616200734,300,5000,ok
7f988db6-9e22-46e4-b9f2-1fb9602d0aeb,esp32-02,telemetry,1769616200501,1769616200732,1769616200735,1769616200735,1769616200735,1769616200735,300,5000,ok
6951cec0-1b46-41bb-a35c-e63d71b2752e,esp32-03,telemetry,1769616200521,1769616200779,1769616200779,1769616200779,1769616200779,1769616200779,300,5000,ok
9f9c8736-e60c-44fb-9f32-741378b2e1c7,esp32-03,telemetry,1769616201310,1769616201624,1769616201624,1769616201624,1769616201624,1769616201624,300,5000,ok
0cef8158-980c-4529-861e-807d703dcc00,esp32-01,telemetry,1769616201330,1769616201624,1769616201625,1769616201625,1769616201625,1769616201625,300,5000,ok
0d423cdd-ac1c-4c69-b53b-6d3ba7fdd9db,esp32-02,telemetry,1769616201351,1769616201624,1769616201625,1769616201625,1769616201625,1769616201625,300,5000,ok
b9117c47-73a6-4c7b-bc0b-d9e885094f22,esp32-03,telemetry,1769616201371,1769616201625,1769616201626,1769616201626,1769616201626,1769616201626,300,5000,ok
b082e2c1-959b-4507-b136-689c4299abaa,esp32-01,telemetry,1769616201391,1769616201625,1769616201626,1769616201626,1769616201626,1769616201626,300,5000,ok
d08afa85-ad6a-43f9-ba92-8bfd3ac02e01,esp32-02,telemetry,1769616201412,1769616201685,1769616201685,1769616201685,1769616201685,1769616201685,300,5000,ok
304af3e8-e586-47e5-864e-deaa06a3ff73,esp32-03,telemetry,1769616201432,1769616201686,1769616201687,1769616201687,1769616201687,1769616201687,300,5000,ok
fd3fc676-9a0c-48ad-9d5f-837deec0ff95,esp32-01,telemetry,1769616201451,1769616201687,1769616201688,1769616201688,1769616201688,1769616201688,300,5000,ok
3fcfeab0-3c50-42dd-9ee4-46079bdcf409,esp32-02,telemetry,1769616201472,1769616201757,1769616201757,1769616201757,1769616201757,1769616201757,300,5000,ok
6cd6b43b-9a32-4c4c-90eb-cad5eee0978a,esp32-03,telemetry,1769616201491,1769616201757,1769616201757,1769616201757,1769616201757,1769616201758,300,5000,ok
e6e3b75d-d7d5-480d-b0a5-a44a92a77e1a,esp32-03,telemetry,1769616202395,1769616202661,1769616202662,1769616202662,1769616202662,1769616202662,300,5000,ok
b504b2a5-c23b-431a-ad91-bc478aed964c,esp32-01,telemetry,1769616202415,1769616202662,1769616202662,1769616202662,1769616202662,1769616202662,300,5000,ok
e83ffc75-48a4-40c1-8448-e8801e321c60,esp32-02,telemetry,1769616202435,1769616202662,1769616202663,1769616202663,1769616202663,1769616202663,300,5000,ok
d5942623-a026-4498-a93c-d78e9c577041,esp32-03,telemetry,1769616202455,1769616202770,1769616202770,1769616202770,1769616202770,1769616202770,300,5000,ok
f9a081e0-541b-4216-bd8d-1fac96ea53fa,esp32-01,telemetry,1769616202475,1769616202770,1769616202771,1769616202771,1769616202771,1769616202771,300,5000,ok
818d5d96-3108-4c97-8d7a-afede71970ec,esp32-02,telemetry,1769616202496,1769616202770,1769616202771,1769616202771,1769616202771,1769616202771,300,5000,ok
870476cf-df8f-4079-bff9-1a5d6cc89209,esp32-03,telemetry,1769616202517,1769616202770,1769616202772,1769616202772,1769616202772,1769616202772,300,5000,ok
5b771060-a5fa-4151-b2d7-4d10ddf6fd47,esp32-01,telemetry,1769616202538,1769616202771,1769616202772,1769616202772,1769616202772,1769616202772,300,5000,ok
51ead778-b472-4167-b9bd-dede586f6ee9,esp32-02,telemetry,1769616202558,1769616202830,1769616202830,1769616202830,1769616202830,1769616202830,300,5000,ok
2e670c30-0aa7-47c3-bd33-6dbcac74d67b,esp32-03,telemetry,1769616202577,1769616202831,1769616202831,1769616202831,1769616202831,1769616202831,300,5000,ok
831561e4-5f6c-4031-be87-9ec0e9a57a52,esp32-01,telemetry,1769616203354,1769616203687,1769616203688,1769616203688,1769616203688,1769616203688,300,5000,ok
78122b7a-0472-4c39-b216-5aa01d057489,esp32-02,telemetry,1769616203373,1769616203688,1769616203689,1769616203689,1769616203689,1769616203689,300,5000,ok
3d04a722-7d16-4885-8a11-8282e0eacbf2,esp32-03,telemetry,1769616203394,1769616203688,1769616203689,1769616203689,1769616203689,1769616203689,300,5000,ok
7f69b72f-7345-4728-9538-54b8a21e2112,esp32-01,telemetry,1769616203414,1769616203688,1769616203690,1769616203690,1769616203690,1769616203690,300,5000,ok
cb8c3f54-6b34-4dcf-8642-a70d12fdf9e0,esp32-02,telemetry,1769616203435,1769616203688,1769616203690,1769616203690,1769616203690,1769616203690,300,5000,ok
a4f6c766-7592-497e-9ef3-44b7e53436ab,esp32-03,telemetry,1769616203454,1769616203688,1769616203691,1769616203691,1769616203691,1769616203691,300,5000,ok
f9dbb86f-5d25-41b9-88b6-c13825a2420d,esp32-01,telemetry,1769616203475,1769616203745,1769616203745,1769616203745,1769616203745,1769616203745,300,5000,ok
e998fbfd-bac9-4124-bee6-0768d581d6cb,esp32-02,telemetry,1769616203495,1769616203747,1769616203747,1769616203747,1769616203747,1769616203747,300,5000,ok
3ebc5a52-bc06-469c-ba2e-d82a5d3fb37b,esp32-03,telemetry,1769616203516,1769616203747,1769616203748,1769616203748,1769616203748,1769616203748,300,5000,ok
ac71a16f-e889-495a-8af0-60ff5b9b3040,esp32-01,telemetry,1769616203536,1769616203792,1769616203792,1769616203792,1769616203792,1769616203792,300,5000,ok
f8a8b24e-fcdb-44e0-91f7-54e44ca368bc,esp32-03,telemetry,1769616204360,1769616204688,1769616204688,1769616204688,1769616204688,1769616204688,300,5000,ok
1d6c2906-08b1-490c-889d-21eb86efcff5,esp32-01,telemetry,1769616204381,1769616204688,1769616204689,1769616204689,1769616204689,1769616204689,300,5000,ok
9356c4f6-8f5c-496e-b247-6d578bdcea6b,esp32-02,telemetry,1769616204401,1769616204688,1769616204689,1769616204689,1769616204689,1769616204689,300,5000,ok
721797e9-c624-474d-ba07-4e658f4c2fa9,esp32-03,telemetry,1769616204420,1769616204688,1769616204690,1769616204690,1769616204690,1769616204690,300,5000,ok
137b8f86-ed91-4d1b-b501-09106d380a83,esp32-01,telemetry,1769616204441,1769616204688,1769616204690,1769616204690,1769616204690,1769616204690,300,5000,ok
f062d290-01a5-448f-bd7c-f3dbfce38849,esp32-02,telemetry,1769616204460,1769616204689,1769616204690,1769616204690,1769616204690,1769616204690,300,5000,ok
1c5b57ff-6778-45a7-9093-65290bdf5be4,esp32-03,telemetry,1769616204482,1769616204725,1769616204725,1769616204725,1769616204725,1769616204725,300,5000,ok
b2cbcebe-8b52-4528-a126-5f183f5f7c49,esp32-01,telemetry,1769616204502,1769616204807,1769616204807,1769616204807,1769616204807,1769616204807,300,5000,ok
e9094b71-5cb5-4435-afdc-73325fb17651,esp32-02,telemetry,1769616204522,1769616204807,1769616204808,1769616204808,1769616204808,1769616204808,300,5000,ok
da713863-770e-420a-850c-62428526bf9e,esp32-03,telemetry,1769616204542,1769616204809,1769616204809,1769616204809,1769616204809,1769616204809,300,5000,ok
68411373-155b-466b-a9bb-7127b7f61e25,esp32-03,telemetry,1769616205404,1769616205732,1769616205732,1769616205732,1769616205732,1769616205732,300,5000,ok
8a1c844c-d7a9-401d-8439-8b869df367b6,esp32-01,telemetry,1769616205424,1769616205732,1769616205733,1769616205733,1769616205733,1769616205733,300,5000,ok
ace3e3ed-2d53-4361-9e37-64cebf8bab68,esp32-02,telemetry,1769616205445,1769616205732,1769616205733,1769616205734,1769616205734,1769616205734,300,5000,ok
d7a34768-9ea6-4b6d-b0f8-9ec800a0e279,esp32-03,telemetry,1769616205465,1769616205732,1769616205734,1769616205734,1769616205734,1769616205734,300,5000,ok
32840580-9a84-4ec0-af70-ed6ead5d2fef,esp32-01,telemetry,1769616205484,1769616205733,1769616205734,1769616205734,1769616205734,1769616205734,300,5000,ok
e3d458eb-3269-462d-983b-dcb6b597d90d,esp32-02,telemetry,1769616205505,1769616205733,1769616205735,1769616205735,1769616205735,1769616205735,300,5000,ok
d0aff840-0391-4d4f-87d6-600e805e3d9e,esp32-03,telemetry,1769616205525,1769616205796,1769616205796,1769616205796,1769616205796,1769616205796,300,5000,ok
a61ff111-e7fe-457d-8535-8c42a3eebdff,esp32-01,telemetry,1769616205545,1769616205796,1769616205797,1769616205797,1769616205797,1769616205797,300,5000,ok
b15cbc10-10f3-4a7c-acb2-cf09d606f8e7,esp32-02,telemetry,1769616205566,1769616205796,1769616205799,1769616205799,1769616205799,1769616205799,300,5000,ok
cc85b731-3dd1-47fe-9098-22637d5a0544,esp32-03,telemetry,1769616205586,1769616205819,1769616205819,1769616205819,1769616205819,1769616205819,300,5000,ok
cf9c48ba-1744-42ac-b1f5-8ba47025946a,esp32-01,telemetry,1769616206515,1769616206755,1769616206756,1769616206756,1769616206756,1769616206756,300,5000,ok
69273dcd-a5f1-4318-bf70-9cb5b9058e35,esp32-02,telemetry,1769616206534,1769616206862,1769616206862,1769616206862,1769616206862,1769616206862,300,5000,ok
e67e9c70-6703-4530-9c46-f0833f91a3a8,esp32-03,telemetry,1769616206554,1769616206862,1769616206863,1769616206863,1769616206863,1769616206863,300,5000,ok
14969537-ad22-46a8-91cc-40c8326c1021,esp32-01,telemetry,1769616206575,1769616206862,1769616206863,1769616206863,1769616206863,1769616206863,300,5000,ok
0cd7931d-d6bf-4fe2-a8b7-e718a8783040,esp32-02,telemetry,1769616206595,1769616206862,1769616206864,1769616206864,1769616206864,1769616206864,300,5000,ok
d9ccccbe-c19a-42f2-a3ba-1c2dee747dcf,esp32-03,telemetry,1769616206616,1769616206862,1769616206865,1769616206865,1769616206865,1769616206865,300,5000,ok
01e07fac-e372-41f6-b652-ae7a3847191e,esp32-01,telemetry,1769616206636,1769616206935,1769616206935,1769616206935,1769616206935,1769616206935,300,5000,ok
5ddf7520-e8c0-4f92-bfc5-1494dc3ad1be,esp32-02,telemetry,1769616206656,1769616206935,1769616206936,1769616206936,1769616206936,1769616206936,300,5000,ok
ae08453b-1ff9-43e3-9299-e0f5d8d51f60,esp32-03,telemetry,1769616206677,1769616206935,1769616206936,1769616206936,1769616206936,1769616206936,300,5000,ok
d3e20e95-7255-4aee-98ce-863f9e02ecb5,esp32-01,telemetry,1769616206696,1769616206935,1769616206937,1769616206937,1769616206937,1769616206937,300,5000,ok
9a695cde-89ce-43f9-b56f-88c630a02b6f,esp32-02,telemetry,1769616207450,1769616207761,1769616207762,1769616207762,1769616207762,1769616207762,300,5000,ok
91629f38-74c6-4338-bcc1-8fa3d4d90ef0,esp32-03,telemetry,1769616207470,1769616207762,1769616207762,1769616207762,1769616207762,1769616207762,300,5000,ok
d9b983c1-7d06-4e9e-b5bb-c8cdcb86e25a,esp32-01,telemetry,1769616207491,1769616207762,1769616207763,1769616207763,1769616207763,1769616207763,300,5000,ok
5298abcc-60ba-4b3e-adf3-866e780a1c5b,esp32-02,telemetry,1769616207510,1769616207762,1769616207763,1769616207763,1769616207763,1769616207763,300,5000,ok
a932a0ad-bd94-4215-829d-2c6a1c47d2e1,esp32-03,telemetry,1769616207531,1769616207762,1769616207764,1769616207764,1769616207764,1769616207764,300,5000,ok
d04a84fa-597c-4648-bf3f-32888039eab4,esp32-01,telemetry,1769616207551,1769616207848,1769616207849,1769616207849,1769616207849,1769616207849,300,5000,ok
ec11f4f3-198c-41f0-8063-f1a5e6e4d311,esp32-02,telemetry,1769616207571,1769616207849,1769616207850,1769616207850,1769616207850,1769616207850,300,5000,ok
819618e7-01b7-4df4-964d-cdf71936b978,esp32-03,telemetry,1769616207591,1769616207849,1769616207850,1769616207850,1769616207850,1769616207850,300,5000,ok
050535cd-5e7c-49df-a225-26e71e7755d3,esp32-01,telemetry,1769616207611,1769616207849,1769616207851,1769616207851,1769616207851,1769616207851,300,5000,ok
188a3ab3-ed11-4ecf-b6f3-5f2314dbbe6e,esp32-02,telemetry,1769616207632,1769616207886,1769616207886,1769616207886,1769616207886,1769616207886,300,5000,ok
d6501715-5031-44b6-b475-f93cd7919ab9,esp32-02,telemetry,1769616208539,1769616208805,1769616208806,1769616208806,1769616208806,1769616208806,300,5000,ok
bcdfc259-5de5-4d35-9da9-0a151de2ab4d,esp32-03,telemetry,1769616208559,1769616208805,1769616208807,1769616208807,1769616208807,1769616208807,300,5000,ok
a2082ee3-b33b-4a1b-81f3-d4a070fc6f61,esp32-01,telemetry,1769616208579,1769616208894,1769616208894,1769616208894,1769616208894,1769616208894,300,5000,ok
66825a31-22cf-49ff-a3fe-f63397b103bd,esp32-02,telemetry,1769616208599,1769616208895,1769616208896,1769616208896,1769616208896,1769616208896,300,5000,ok
7f2a0802-765f-41f7-8358-e2737004840f,esp32-03,telemetry,1769616208620,1769616208896,1769616208897,1769616208897,1769616208897,1769616208897,300,5000,ok
36b37c22-0ea1-4517-adf0-3143c4a5ae48,esp32-01,telemetry,1769616208640,1769616208896,1769616208899,1769616208899,1769616208899,1769616208899,300,5000,ok
501206c8-9ea6-4f57-8175-480c955261e5,esp32-02,telemetry,1769616208661,1769616208896,1769616208900,1769616208900,1769616208900,1769616208900,300,5000,ok
df23d0b5-db19-4444-a529-4d66e4f6d9f5,esp32-03,telemetry,1769616208681,1769616208979,1769616208979,1769616208979,1769616208979,1769616208979,300,5000,ok
1bd4243f-089e-4e97-adfa-aba4fc33b8c2,esp32-01,telemetry,1769616208700,1769616208980,1769616208980,1769616208980,1769616208980,1769616208980,300,5000,ok
5a4ae1d2-2606-4762-bd83-8661e63dce7d,esp32-02,telemetry,1769616208720,1769616208980,1769616208981,1769616208981,1769616208981,1769616208981,300,5000,ok
fd89dd07-2293-4ecd-9042-f03e37a2a083,esp32-03,telemetry,1769616209482,1769616209812,1769616209813,1769616209813,1769616209813,1769616209813,300,5000,ok
a33e147a-fdab-4293-9326-cd0bb1a2e531,esp32-01,telemetry,1769616209502,1769616209813,1769616209813,1769616209813,1769616209813,1769616209813,300,5000,ok
b7fdf724-9957-4c72-bde5-248bdb3dfe9a,esp32-02,telemetry,1769616209521,1769616209813,1769616209814,1769616209814,1769616209814,1769616209814,300,5000,ok
41e1b542-5edb-49f6-a032-2695abd32c01,esp32-03,telemetry,1769616209542,1769616209813,1769616209814,1769616209815,1769616209815,1769616209815,300,5000,ok
bfc2a6f0-0722-414f-9257-da3c2877e9ab,esp32-01,telemetry,1769616209563,1769616209813,1769616209815,1769616209815,1769616209815,1769616209815,300,5000,ok
57154d94-9b65-4a43-a2e0-859d431308c0,esp32-02,telemetry,1769616209582,1769616209813,1769616209816,1769616209816,1769616209816,1769616209816,300,5000,ok
b4a6a0a5-c639-44f5-b5c4-edf910929979,esp32-03,telemetry,1769616209603,1769616209889,1769616209889,1769616209889,1769616209889,1769616209889,300,5000,ok
1c465a47-f319-4aed-9e47-4163cd76542f,esp32-01,telemetry,1769616209623,1769616209889,1769616209890,1769616209890,1769616209890,1769616209890,300,5000,ok
2c6a28aa-e68f-473d-9049-4b02d13a816e,esp32-02,telemetry,1769616209643,1769616209889,1769616209890,1769616209890,1769616209890,1769616209890,300,5000,ok
ec9a4478-16a2-4801-8c64-eb72bdeb6e2a,esp32-03,telemetry,1769616209664,1769616209940,1769616209940,1769616209940,1769616209940,1769616209940,300,5000,ok
e79f9a92-6562-489f-9f6f-843c4dabc333,esp32-02,telemetry,1769616210528,1769616210862,1769616210862,1769616210862,1769616210862,1769616210862,300,5000,ok
f81fba93-5cb0-4860-ad58-99f3a429a6fc,esp32-03,telemetry,1769616210548,1769616210862,1769616210864,1769616210864,1769616210864,1769616210864,300,5000,ok
85db07ba-008f-44a4-bf01-41d26b6d6443,esp32-01,telemetry,1769616210569,1769616210863,1769616210865,1769616210865,1769616210865,1769616210865,300,5000,ok
e0fc593f-02a8-4200-a92b-d0be3f43c4fa,esp32-02,telemetry,1769616210589,1769616210863,1769616210865,1769616210865,1769616210865,1769616210865,300,5000,ok
e320db6c-9225-457c-b974-9f9c2497b9fa,esp32-03,telemetry,1769616210609,1769616210863,1769616210866,1769616210866,1769616210866,1769616210866,300,5000,ok
772da39f-5de9-4cf1-8047-81390e4fc9c3,esp32-01,telemetry,1769616210629,1769616210863,1769616210867,1769616210867,1769616210867,1769616210867,300,5000,ok
94e968e2-4b3e-4968-b523-96d8b987c692,esp32-02,telemetry,1769616210649,1769616210901,1769616210901,1769616210901,1769616210901,1769616210901,300,5000,ok
6deeb022-49df-4c54-9881-ca5551aa7444,esp32-03,telemetry,1769616210670,1769616210901,1769616210902,1769616210902,1769616210902,1769616210902,300,5000,ok
636ffab8-e204-49ed-8c66-3137d7df8982,esp32-01,telemetry,1769616210690,1769616211015,1769616211016,1769616211016,1769616211016,1769616211016,300,5000,ok
9824258a-c249-48fb-970d-d4f6cfc567dd,esp32-02,telemetry,1769616210710,1769616211016,1769616211016,1769616211016,1769616211016,1769616211016,300,5000,ok
4c3df1d5-dfa2-4505-ae6c-7714e9e7127e,esp32-02,telemetry,1769616211557,1769616211886,1769616211886,1769616211886,1769616211886,1769616211886,300,5000,ok
6c07f6e3-90e3-42bc-9e6f-8acb6ac35439,esp32-03,telemetry,1769616211578,1769616211886,1769616211887,1769616211887,1769616211887,1769616211887,300,5000,ok
85fbf4fd-36d1-4a09-838c-2e9cd510b651,esp32-01,telemetry,1769616211599,1769616211886,1769616211887,1769616211887,1769616211887,1769616211887,300,5000,ok
0badcb0b-cb18-48e9-b96e-dd19d17b248c,esp32-02,telemetry,1769616211619,1769616211886,1769616211888,1769616211888,1769616211888,1769616211888,300,5000,ok
34579a93-b6b7-44ca-88be-addfeb74f04c,esp32-03,telemetry,1769616211640,1769616211886,1769616211888,1769616211888,1769616211888,1769616211888,300,5000,ok
8c21ae86-a155-4158-818a-49552c747fa4,esp32-01,telemetry,1769616211660,1769616211886,1769616211888,1769616211888,1769616211888,1769616211888,300,5000,ok
58780a12-1c48-440f-a70c-73c8f552faf9,esp32-02,telemetry,1769616211680,1769616211931,1769616211931,1769616211931,1769616211931,1769616211931,300,5000,ok
47de6150-8b33-411e-8393-0ea9cde51bc4,esp32-03,telemetry,1769616211699,1769616211931,1769616211932,1769616211932,1769616211932,1769616211932,300,5000,ok
f29b130b-b909-44c4-a59b-fdac149fed71,esp32-01,telemetry,1769616211719,1769616212048,1769616212048,1769616212048,1769616212048,1769616212048,300,5000,ok
b869b9fb-9b8a-4881-9825-d43101b847d4,esp32-02,telemetry,1769616211740,1769616212048,1769616212048,1769616212048,1769616212048,1769616212048,300,5000,ok
2d94d41c-5f1d-43dd-bdb3-b9a60dde525f,esp32-01,telemetry,1769616212574,1769616212899,1769616212900,1769616212900,1769616212900,1769616212900,300,5000,ok
d86dd585-5c48-4d1f-92df-43d12982e70f,esp32-02,telemetry,1769616212594,1769616212900,1769616212900,1769616212900,1769616212901,1769616212901,300,5000,ok
6bf39f7f-8c1b-430d-beef-c7007c7d4575,esp32-03,telemetry,1769616212614,1769616212900,1769616212901,1769616212901,1769616212901,1769616212901,300,5000,ok
92ef8b3d-59a5-4008-80f7-c845cb74ccee,esp32-01,telemetry,1769616212635,1769616212900,1769616212902,1769616212902,1769616212902,1769616212902,300,5000,ok
938ce38d-eeb1-44f6-bc96-c639175efc17,esp32-02,telemetry,1769616212655,1769616212900,1769616212902,1769616212902,1769616212902,1769616212902,300,5000,ok
0af5745e-e655-4ed4-a2ae-acc2007e489a,esp32-03,telemetry,1769616212674,1769616212900,1769616212902,1769616212902,1769616212902,1769616212902,300,5000,ok
7ed3fb0b-7c1b-4409-bb50-5bdd3a2d8143,esp32-01,telemetry,1769616212694,1769616212967,1769616212967,1769616212967,1769616212967,1769616212967,300,5000,ok
a2794161-0ae2-47da-86da-0f425e9afe25,esp32-02,telemetry,1769616212715,1769616212967,1769616212967,1769616212967,1769616212967,1769616212967,300,5000,ok
1384cbd2-b129-480c-8a47-b2dae7f95502,esp32-03,telemetry,1769616212735,1769616212967,1769616212968,1769616212968,1769616212968,1769616212968,300,5000,ok
909f56b6-cafb-4e45-831f-d79fb36aa099,esp32-01,telemetry,1769616212754,1769616213083,1769616213083,1769616213083,1769616213083,1769616213083,300,5000,ok
65870a76-d23e-48e2-87fd-0e3b9ddae000,esp32-01,telemetry,1769616213611,1769616213936,1769616213937,1769616213937,1769616213937,1769616213937,300,5000,ok
a406a195-704f-43b3-adde-337b4b19057c,esp32-02,telemetry,1769616213630,1769616213937,1769616213939,1769616213939,1769616213939,1769616213939,300,5000,ok
e5a77e32-8c20-482e-b472-7f1cc49e5d07,esp32-03,telemetry,1769616213650,1769616213937,1769616213939,1769616213939,1769616213939,1769616213939,300,5000,ok
267ed85b-5f60-4599-bdd2-76e128c0ecf6,esp32-01,telemetry,1769616213671,1769616213938,1769616213940,1769616213940,1769616213940,1769616213940,300,5000,ok
09cc66fc-269c-44b7-a2b2-93711db84fdf,esp32-02,telemetry,1769616213691,1769616213938,1769616213940,1769616213940,1769616213940,1769616213940,300,5000,ok
27dbc645-bd1b-4291-91b7-336ef702998a,esp32-03,telemetry,1769616213710,1769616213938,1769616213940,1769616213940,1769616213940,1769616213940,300,5000,ok
b82e2ed1-1939-4da4-93e9-a7e539a25d70,esp32-01,telemetry,1769616213731,1769616213983,1769616213983,1769616213983,1769616213983,1769616213983,300,5000,ok
63e02f97-cee5-4679-ba44-c332b6081ab4,esp32-02,telemetry,1769616213750,1769616213983,1769616213983,1769616213983,1769616213983,1769616213983,300,5000,ok
c0cab150-1bb9-44b1-b617-439a3f4a90af,esp32-03,telemetry,1769616213771,1769616214098,1769616214098,1769616214098,1769616214098,1769616214098,300,5000,ok
9d16ab95-d8c1-4a2f-b0b9-e5da3d2f25e6,esp32-01,telemetry,1769616213790,1769616214098,1769616214099,1769616214099,1769616214099,1769616214099,300,5000,ok
5658684d-ea1e-4c10-b6c9-4284458e9328,esp32-03,telemetry,1769616214678,1769616215006,1769616215006,1769616215006,1769616215006,1769616215006,300,5000,ok
244046e7-a518-4858-86ca-af133353e8c5,esp32-01,telemetry,1769616214697,1769616215006,1769616215006,1769616215006,1769616215006,1769616215006,300,5000,ok
35c50c04-ae7a-4355-832c-91150ad8619d,esp32-02,telemetry,1769616214718,1769616215006,1769616215007,1769616215007,1769616215007,1769616215007,300,5000,ok
3005f11b-6006-49c4-b992-d96797c0cb4a,esp32-03,telemetry,1769616214738,1769616215006,1769616215007,1769616215007,1769616215007,1769616215007,300,5000,ok
087af999-5c3d-4027-be92-17db491dac0e,esp32-01,telemetry,1769616214757,1769616215006,1769616215008,1769616215008,1769616215008,1769616215008,300,5000,ok
10e5203f-bf4b-484a-92e0-b58e73b63574,esp32-02,telemetry,1769616214778,1769616215006,1769616215008,1769616215008,1769616215008,1769616215008,300,5000,ok
4b08c8af-3a51-4949-a9ca-a3c413466691,esp32-03,telemetry,1769616214798,1769616215094,1769616215094,1769616215094,1769616215094,1769616215094,300,5000,ok
d04c7fe3-7e0a-4ca4-9899-066a82b443ce,esp32-01,telemetry,1769616214819,1769616215094,1769616215095,1769616215095,1769616215095,1769616215095,300,5000,ok
fa3b1889-f1e7-4d3b-b3c1-4411d4aec610,esp32-02,telemetry,1769616214840,1769616215095,1769616215095,1769616215095,1769616215095,1769616215095,300,5000,ok
aae9f3e6-be76-42a7-8c91-a20be48a05f8,esp32-03,telemetry,1769616214861,1769616215095,1769616215096,1769616215096,1769616215096,1769616215096,300,5000,ok
d0933d02-e683-4d37-9015-8095de2a2d31,esp32-03,telemetry,1769616215787,1769616216108,1769616216108,1769616216108,1769616216108,1769616216108,300,5000,ok
43bd884c-6e9d-421c-8bda-04ceffcf2f83,esp32-01,telemetry,1769616215807,1769616216108,1769616216108,1769616216109,1769616216109,1769616216109,300,5000,ok
031fee7d-1465-44b3-866b-47954f5bebde,esp32-02,telemetry,1769616215827,1769616216108,1769616216109,1769616216109,1769616216109,1769616216109,300,5000,ok
525fc308-0f99-434f-a3e2-4782f167ed0f,esp32-03,telemetry,1769616215848,1769616216108,1769616216109,1769616216109,1769616216109,1769616216109,300,5000,ok
4854acf7-e1c7-454e-8edc-71f2785ebb95,esp32-01,telemetry,1769616215872,1769616216108,1769616216110,1769616216110,1769616216110,1769616216110,300,5000,ok
b83b916a-79da-4bd1-843f-5ba903c094c8,esp32-02,telemetry,1769616215892,1769616216168,1769616216168,1769616216168,1769616216168,1769616216168,300,5000,ok
8b49b700-ba19-422c-9833-e6492545c2a3,esp32-03,telemetry,1769616215912,1769616216168,1769616216168,1769616216168,1769616216168,1769616216168,300,5000,ok
867ec7d1-06af-4bd2-b754-6e3558b2fa60,esp32-01,telemetry,1769616215932,1769616216168,1769616216169,1769616216169,1769616216169,1769616216169,300,5000,ok
b798b916-6b7d-44bf-9edf-39155a74ab5b,esp32-02,telemetry,1769616215951,1769616216212,1769616216212,1769616216212,1769616216212,1769616216212,300,5000,ok
718ae604-0efa-4a05-9c49-a798e9cb2a7c,esp32-03,telemetry,1769616215972,1769616216212,1769616216212,1769616216212,1769616216212,1769616216212,300,5000,ok
2a742939-a075-4ed9-b021-7f00e24b7f20,esp32-01,telemetry,1769616216839,1769616217112,1769616217112,1769616217112,1769616217112,1769616217112,300,5000,ok
252d4f15-b56f-4968-9fe5-482ad3fcb8ee,esp32-02,telemetry,1769616216859,1769616217112,1769616217112,1769616217112,1769616217112,1769616217112,300,5000,ok
eab065cf-4792-494d-9323-f3172c5bcb96,esp32-03,telemetry,1769616216878,1769616217112,1769616217113,1769616217113,1769616217113,1769616217113,300,5000,ok
0714eb78-7c05-49d4-97d6-08c632193ef8,esp32-01,telemetry,1769616216899,1769616217125,1769616217125,1769616217125,1769616217125,1769616217125,300,5000,ok
8c3d8593-1641-44a0-8e54-88e9264949a7,esp32-02,telemetry,1769616216919,1769616217228,1769616217229,1769616217229,1769616217229,1769616217229,300,5000,ok
e440415b-ccaa-4dd4-995d-d3360a5e3820,esp32-03,telemetry,1769616216938,1769616217229,1769616217229,1769616217229,1769616217229,1769616217229,300,5000,ok
3fe39c14-a4e6-4770-b8ef-4653d30136e9,esp32-01,telemetry,1769616216959,1769616217229,1769616217230,1769616217230,1769616217230,1769616217230,300,5000,ok
bcba8a12-1551-4913-a935-12454b1bf028,esp32-02,telemetry,1769616216980,1769616217229,1769616217230,1769616217230,1769616217230,1769616217230,300,5000,ok
048721c6-3e36-447d-9299-7e16ccfce7b4,esp32-03,telemetry,1769616217000,1769616217229,1769616217231,1769616217231,1769616217231,1769616217231,300,5000,ok
22bd0a84-f95a-4591-837e-a6a57b5ec2f4,esp32-01,telemetry,1769616217020,1769616217287,1769616217288,1769616217288,1769616217288,1769616217288,300,5000,ok
4f942764-dc9a-4633-83d1-1bbf97a71826,esp32-01,telemetry,1769616217805,1769616218128,1769616218129,1769616218129,1769616218129,1769616218129,300,5000,ok
e7095646-ca89-4132-a631-2c2ecd9b4ea3,esp32-02,telemetry,1769616217825,1769616218129,1769616218129,1769616218129,1769616218129,1769616218129,300,5000,ok
a93942e4-8372-40f4-b335-f8914840f58e,esp32-03,telemetry,1769616217845,1769616218129,1769616218130,1769616218130,1769616218130,1769616218130,300,5000,ok
f841cf3d-103d-4973-a75c-cccfd4e60b70,esp32-01,telemetry,1769616217864,1769616218129,1769616218131,1769616218131,1769616218131,1769616218131,300,5000,ok
9be33db5-bcdd-4a84-8300-5840467803ee,esp32-02,telemetry,1769616217884,1769616218129,1769616218132,1769616218132,1769616218132,1769616218132,300,5000,ok
a0172ac3-a82c-4e1a-a05a-127e6e99a5b3,esp32-03,telemetry,1769616217905,1769616218129,1769616218133,1769616218133,1769616218133,1769616218133,300,5000,ok
60def15a-71fa-4105-b458-bfd10dcc81e1,esp32-01,telemetry,1769616217925,1769616218180,1769616218180,1769616218180,1769616218180,1769616218180,300,5000,ok
98fd3e21-9c5f-4e91-91cc-7096bf0f0a35,esp32-02,telemetry,1769616217945,1769616218180,1769616218180,1769616218180,1769616218180,1769616218180,300,5000,ok
d61ce697-e927-4663-8cf4-7b6c4d24a066,esp32-03,telemetry,1769616217966,1769616218227,1769616218227,1769616218227,1769616218227,1769616218227,300,5000,ok
4dfcf456-e356-41e7-9bde-443d8886df60,esp32-01,telemetry,1769616217985,1769616218228,1769616218228,1769616218228,1769616218228,1769616218228,300,5000,ok
34d00d3f-3797-4e4a-93fb-1ebb211bc4f1,esp32-02,telemetry,1769616218856,1769616219191,1769616219191,1769616219191,1769616219191,1769616219191,300,5000,ok
1eec773b-164d-4bbc-bc10-df62ad8821ba,esp32-03,telemetry,1769616218876,1769616219191,1769616219192,1769616219192,1769616219192,1769616219192,300,5000,ok
f10c2638-c71a-4db2-9ee0-e3cf0f3c7617,esp32-01,telemetry,1769616218897,1769616219191,1769616219192,1769616219192,1769616219192,1769616219192,300,5000,ok
bae1d437-40fb-4dbd-8f2b-f94b1e2920ac,esp32-02,telemetry,1769616218917,1769616219191,1769616219193,1769616219193,1769616219193,1769616219193,300,5000,ok
36a44603-1a02-4340-9ae7-e9b7a0ea4081,esp32-03,telemetry,1769616218936,1769616219192,1769616219193,1769616219193,1769616219193,1769616219193,300,5000,ok
c9d23bf6-2a80-44b7-b5e4-f3b287d97178,esp32-01,telemetry,1769616218956,1769616219195,1769616219195,1769616219195,1769616219195,1769616219195,300,5000,ok
24f63798-8c3f-424f-b07d-5d42a685ee0b,esp32-02,telemetry,1769616218977,1769616219243,1769616219243,1769616219243,1769616219243,1769616219243,300,5000,ok
ca950d4e-9818-486e-b69c-08518ed397f9,esp32-03,telemetry,1769616218996,1769616219243,1769616219244,1769616219244,1769616219244,1769616219244,300,5000,ok
39f5d2c7-c91c-4144-9ac5-6e932b590595,esp32-01,telemetry,1769616219017,1769616219294,1769616219295,1769616219295,1769616219295,1769616219295,300,5000,ok
65d1ee98-7af7-4c85-b653-56e2c6b37864,esp32-02,telemetry,1769616219036,1769616219295,1769616219295,1769616219295,1769616219295,1769616219296,300,5000,ok
2c018c7b-fdbf-4755-8252-eec6904afe82,esp32-03,telemetry,1769616219965,1769616220291,1769616220291,1769616220291,1769616220291,1769616220291,300,5000,ok
1e7266fa-24de-45cd-ad60-e76137662afb,esp32-01,telemetry,1769616219984,1769616220292,1769616220292,1769616220292,1769616220292,1769616220292,300,5000,ok
ba0b8361-f6f5-4481-a747-a23668ffc05a,esp32-02,telemetry,1769616220005,1769616220293,1769616220293,1769616220293,1769616220293,1769616220293,300,5000,ok
61f70cdc-c705-4efe-b2fa-bf3a4244b87e,esp32-03,telemetry,1769616220024,1769616220293,1769616220294,1769616220294,1769616220294,1769616220294,300,5000,ok
7bbb9bf4-d599-4a22-9df3-d53c4856c632,esp32-01,telemetry,1769616220045,1769616220293,1769616220294,1769616220294,1769616220294,1769616220294,300,5000,ok
46a19c9e-6413-4d5f-a31e-3d3ed33d6089,esp32-02,telemetry,1769616220065,1769616220293,1769616220295,1769616220295,1769616220295,1769616220295,300,5000,ok
dd116a68-9d1c-4879-a709-c0b07c940846,esp32-03,telemetry,1769616220084,1769616220364,1769616220364,1769616220364,1769616220364,1769616220364,300,5000,ok
d5c740f6-d20e-4e89-b3a9-3d6ca1ff4b0d,esp32-01,telemetry,1769616220105,1769616220364,1769616220364,1769616220364,1769616220364,1769616220364,300,5000,ok
b8d74f5a-49f8-449e-9373-04787196fa6e,esp32-02,telemetry,1769616220126,1769616220364,1769616220365,1769616220365,1769616220365,1769616220365,300,5000,ok
6dfaacff-04bf-42fa-8771-7c1b989b7b76,esp32-03,telemetry,1769616220146,1769616220409,1769616220409,1769616220409,1769616220409,1769616220409,300,5000,ok
6ede08df-838c-4858-a213-8dd46249cbe3,esp32-03,telemetry,1769616220994,1769616221297,1769616221297,1769616221297,1769616221297,1769616221297,300,5000,ok
d40963b3-bad2-4838-a12f-6347d49df57b,esp32-01,telemetry,1769616221014,1769616221298,1769616221298,1769616221298,1769616221298,1769616221298,300,5000,ok
6dd5df3e-b43b-4c97-8568-01b8056fd597,esp32-02,telemetry,1769616221034,1769616221299,1769616221299,1769616221299,1769616221299,1769616221299,300,5000,ok
cc863407-71a5-4416-9aa7-63ebfe9db2cd,esp32-03,telemetry,1769616221055,1769616221299,1769616221300,1769616221300,1769616221300,1769616221300,300,5000,ok
1dfd689c-ebc5-4a13-a898-3b56258c5a19,esp32-01,telemetry,1769616221075,1769616221401,1769616221405,1769616221405,1769616221405,1769616221405,300,5000,ok
a505351d-e3fd-41f3-84a3-477b4cf1d926,esp32-02,telemetry,1769616221095,1769616221402,1769616221406,1769616221406,1769616221406,1769616221406,300,5000,ok
8e6085f6-7a29-4f0e-b3a0-050a1b1a41a1,esp32-03,telemetry,1769616221115,1769616221402,1769616221406,1769616221406,1769616221406,1769616221406,300,5000,ok
3c956625-5223-4089-9e7c-db47e9c70c64,esp32-01,telemetry,1769616221135,1769616221402,1769616221407,1769616221407,1769616221407,1769616221407,300,5000,ok
64e30e25-1ebc-49f4-8ab6-f42c21649cfa,esp32-02,telemetry,1769616221154,1769616221402,1769616221407,1769616221407,1769616221407,1769616221407,300,5000,ok
fb14c1f6-7d80-49d6-9ac9-02a94d91be0f,esp32-03,telemetry,1769616221175,1769616221402,1769616221407,1769616221407,1769616221407,1769616221407,300,5000,ok
566c68e5-686e-4c8e-bea6-8f4eca239621,esp32-02,telemetry,1769616222028,1769616222315,1769616222315,1769616222315,1769616222315,1769616222315,300,5000,ok
8523e5c3-13f9-4a4d-b36a-f53f82364fd0,esp32-03,telemetry,1769616222048,1769616222315,1769616222316,1769616222316,1769616222316,1769616222316,300,5000,ok
0755df5c-d87f-4833-96cb-050033180411,esp32-01,telemetry,1769616222067,1769616222315,1769616222316,1769616222316,1769616222316,1769616222316,300,5000,ok
e734f6d5-f7c9-445d-aedf-217818a4aec8,esp32-02,telemetry,1769616222087,1769616222315,1769616222316,1769616222316,1769616222316,1769616222316,300,5000,ok
aaab4e03-aeeb-444e-8f07-77c2a66ef33c,esp32-03,telemetry,1769616222108,1769616222432,1769616222432,1769616222432,1769616222432,1769616222432,300,5000,ok
fba5d338-2f01-478f-9301-f3cd1fe4c699,esp32-01,telemetry,1769616222129,1769616222432,1769616222433,1769616222433,1769616222433,1769616222433,300,5000,ok
15387f16-55b7-4175-b828-c5275e805695,esp32-02,telemetry,1769616222149,1769616222432,1769616222433,1769616222433,1769616222433,1769616222433,300,5000,ok
845a252f-f40f-4cd4-86b2-e918f9a62516,esp32-03,telemetry,1769616222170,1769616222433,1769616222434,1769616222434,1769616222434,1769616222434,300,5000,ok
b5f8e67f-5e72-4a1e-9f7e-4ac747157599,esp32-01,telemetry,1769616222189,1769616222433,1769616222435,1769616222435,1769616222435,1769616222435,300,5000,ok
15ff6531-3618-45fa-943c-406013a41de3,esp32-02,telemetry,1769616222209,1769616222533,1769616222533,1769616222533,1769616222533,1769616222534,300,5000,ok
983fc6a5-48ca-498c-9591-51d2b9cb9521,esp32-01,telemetry,1769616223098,1769616223423,1769616223424,1769616223424,1769616223424,1769616223424,300,5000,ok
ccf82163-e23a-4768-ac0b-b9f79c3cb4b4,esp32-02,telemetry,1769616223119,1769616223424,1769616223424,1769616223424,1769616223424,1769616223424,300,5000,ok
231490df-48c7-404f-a795-b58f15ffa71f,esp32-03,telemetry,1769616223139,1769616223424,1769616223425,1769616223425,1769616223425,1769616223425,300,5000,ok
f27828dd-a359-4848-afb4-85270298cc0d,esp32-01,telemetry,1769616223159,1769616223424,1769616223425,1769616223425,1769616223425,1769616223425,300,5000,ok
f6ef2aee-bb91-4c7f-a8a3-d8a97aa44c9c,esp32-02,telemetry,1769616223179,1769616223424,1769616223426,1769616223426,1769616223426,1769616223426,300,5000,ok
bdc99bf1-8484-412f-9f70-3933cd80e686,esp32-03,telemetry,1769616223200,1769616223447,1769616223447,1769616223447,1769616223447,1769616223447,300,5000,ok
3ada2a4a-2469-4bed-93ea-85e5c7e6bbdf,esp32-01,telemetry,1769616223220,1769616223448,1769616223448,1769616223448,1769616223448,1769616223448,300,5000,ok
af95b80d-b323-4775-b9c0-33a50204a4a0,esp32-02,telemetry,1769616223239,1769616223530,1769616223530,1769616223530,1769616223530,1769616223530,300,5000,ok
11a67786-a338-442d-9d4c-453d668f2aaa,esp32-03,telemetry,1769616223259,1769616223530,1769616223532,1769616223532,1769616223532,1769616223532,300,5000,ok
c16e3d5a-a278-45a9-93b8-0e4640f5b910,esp32-01,telemetry,1769616223280,1769616223531,1769616223532,1769616223533,1769616223533,1769616223533,300,5000,ok
34c8e1c0-d620-425a-b89a-8aab14e29e31,esp32-01,telemetry,1769616224134,1769616224431,1769616224431,1769616224431,1769616224431,1769616224431,300,5000,ok
fec8a067-3d5d-4018-b5c4-ee1ec1b3fa87,esp32-02,telemetry,1769616224154,1769616224431,1769616224431,1769616224431,1769616224431,1769616224431,300,5000,ok
7b3b72fa-72ae-4bee-bc58-6f672f2b1123,esp32-03,telemetry,1769616224174,1769616224431,1769616224432,1769616224432,1769616224432,1769616224432,300,5000,ok
8aa36307-bc27-4c88-af66-06fe89f9c819,esp32-01,telemetry,1769616224195,1769616224432,1769616224432,1769616224432,1769616224432,1769616224432,300,5000,ok
11452625-7c31-4fbf-950f-fe54d872e4d6,esp32-02,telemetry,1769616224216,1769616224539,1769616224539,1769616224539,1769616224539,1769616224539,300,5000,ok
b5ec60c7-1953-472d-a15f-3f68dc4f5edb,esp32-03,telemetry,1769616224236,1769616224539,1769616224539,1769616224539,1769616224539,1769616224539,300,5000,ok
a94ae428-05a0-42fa-8f3c-93f2ef7d388f,esp32-01,telemetry,1769616224256,1769616224539,1769616224540,1769616224540,1769616224540,1769616224540,300,5000,ok
6b3bbe59-9ae0-41d4-94ab-2e5801f6eb91,esp32-02,telemetry,1769616224276,1769616224539,1769616224540,1769616224540,1769616224540,1769616224540,300,5000,ok
2eb26810-b089-41b9-97e8-61654157a39d,esp32-03,telemetry,1769616224297,1769616224539,1769616224540,1769616224540,1769616224540,1769616224540,300,5000,ok
16260ea2-63ff-4718-928b-c45341f37c40,esp32-01,telemetry,1769616224317,1769616224570,1769616224570,1769616224570,1769616224570,1769616224570,300,5000,ok
784b422e-3354-45c0-abcd-96e18851b4b8,esp32-02,telemetry,1769616225198,1769616225462,1769616225462,1769616225462,1769616225462,1769616225462,300,5000,ok
30fcfe6c-4ad2-4151-bad6-6fc295ee090c,esp32-03,telemetry,1769616225218,1769616225464,1769616225464,1769616225464,1769616225464,1769616225464,300,5000,ok
39700912-e84d-42d7-9585-9a417475d3c9,esp32-01,telemetry,1769616225239,1769616225563,1769616225563,1769616225563,1769616225563,1769616225563,300,5000,ok
531a9945-ba96-4b29-9082-05da65fc5b85,esp32-02,telemetry,1769616225259,1769616225563,1769616225564,1769616225564,1769616225564,1769616225564,300,5000,ok
5b663d7b-7738-47ea-a80f-4a67dfca9ba2,esp32-03,telemetry,1769616225279,1769616225563,1769616225564,1769616225564,1769616225564,1769616225564,300,5000,ok
3ba3f0c3-dbe1-4696-97e1-6d83cd3741c4,esp32-01,telemetry,1769616225299,1769616225563,1769616225565,1769616225565,1769616225565,1769616225565,300,5000,ok
2baba9e0-15db-4335-95e9-2c855180b8d9,esp32-02,telemetry,1769616225320,1769616225564,1769616225565,1769616225565,1769616225565,1769616225565,300,5000,ok
b47efa21-95ae-4593-b5cf-7ae619d8f087,esp32-03,telemetry,1769616225339,1769616225564,1769616225565,1769616225565,1769616225565,1769616225566,300,5000,ok
9ba77478-1c4e-4026-8074-14ac6a1c8264,esp32-01,telemetry,1769616225360,1769616225607,1769616225607,1769616225607,1769616225607,1769616225607,300,5000,ok
b967d23b-49a6-44a2-b66b-6f9d8ba6614a,esp32-02,telemetry,1769616225380,1769616225607,1769616225607,1769616225607,1769616225607,1769616225607,300,5000,ok
33248eec-7941-4d30-a60f-fdc9d3f4c5d3,esp32-02,telemetry,1769616226235,1769616226499,1769616226499,1769616226499,1769616226499,1769616226499,300,5000,ok
10caf206-7143-41bb-8727-b94c3581b5de,esp32-03,telemetry,1769616226255,1769616226499,1769616226499,1769616226499,1769616226499,1769616226499,300,5000,ok
bcd55ac1-8801-4e9c-8db0-8b8b3443eea2,esp32-01,telemetry,1769616226276,1769616226525,1769616226525,1769616226525,1769616226525,1769616226525,300,5000,ok
37457de5-22c7-4b76-b385-3f72df94be28,esp32-02,telemetry,1769616226297,1769616226525,1769616226526,1769616226526,1769616226526,1769616226526,300,5000,ok
23cc20ac-b081-4e78-8f8b-be8ba88b79ab,esp32-03,telemetry,1769616226317,1769616226607,1769616226607,1769616226607,1769616226607,1769616226607,300,5000,ok
def0154e-90be-43d6-a9b1-ab1cc9f10cee,esp32-01,telemetry,1769616226337,1769616226607,1769616226607,1769616226607,1769616226607,1769616226607,300,5000,ok
69f6993a-5313-47cf-8c38-4a47ca089a37,esp32-02,telemetry,1769616226357,1769616226607,1769616226608,1769616226608,1769616226608,1769616226608,300,5000,ok
0f1641cd-ca9e-4dd7-91c4-64eddd98a00a,esp32-03,telemetry,1769616226377,1769616226680,1769616226680,1769616226680,1769616226680,1769616226680,300,5000,ok
f13ac949-4104-47d1-bb5f-f4b5204f8bd0,esp32-01,telemetry,1769616226397,1769616226680,1769616226681,1769616226681,1769616226681,1769616226681,300,5000,ok
9a630d27-ce44-4567-9410-258aadaf62e5,esp32-02,telemetry,1769616226418,1769616226680,1769616226682,1769616226682,1769616226682,1769616226682,300,5000,ok
ac5bff87-b0c1-46b6-ab72-5424104e1f60,esp32-02,telemetry,1769616227203,1769616227510,1769616227510,1769616227510,1769616227510,1769616227510,300,5000,ok
8c3b832a-bbb4-4267-b4cf-a9dd3aa27783,esp32-03,telemetry,1769616227223,1769616227510,1769616227511,1769616227511,1769616227511,1769616227511,300,5000,ok
14fcf328-aed8-4388-8e51-18b129dc706a,esp32-01,telemetry,1769616227244,1769616227510,1769616227511,1769616227511,1769616227511,1769616227511,300,5000,ok
315c91c3-cc6b-4edb-97a6-3fc0adad5b76,esp32-02,telemetry,1769616227264,1769616227510,1769616227511,1769616227511,1769616227511,1769616227511,300,5000,ok
5d82f40c-f753-44c4-a066-f9e5b2c38d44,esp32-03,telemetry,1769616227283,1769616227510,1769616227512,1769616227512,1769616227512,1769616227512,300,5000,ok
c274d68e-5eb6-47a7-a17e-30ecf8934f1c,esp32-01,telemetry,1769616227304,1769616227575,1769616227575,1769616227575,1769616227575,1769616227575,300,5000,ok
1accf913-a48b-4365-8ad2-a44d1387ad37,esp32-02,telemetry,1769616227325,1769616227575,1769616227576,1769616227576,1769616227576,1769616227576,300,5000,ok
664cbb52-f1b0-4019-81c6-b2069db0e644,esp32-03,telemetry,1769616227346,1769616227575,1769616227576,1769616227576,1769616227576,1769616227576,300,5000,ok
35bf09fb-0979-405a-9814-e54b2c352e55,esp32-01,telemetry,1769616227365,1769616227622,1769616227622,1769616227622,1769616227622,1769616227622,300,5000,ok
fb2ffa5a-e0bd-42e1-9423-3913cb053593,esp32-02,telemetry,1769616227386,1769616227622,1769616227623,1769616227623,1769616227623,1769616227623,300,5000,ok
0ff271ff-34b4-4a18-8c66-51aa8917b883,esp32-01,telemetry,1769616228272,1769616228538,1769616228538,1769616228538,1769616228538,1769616228538,300,5000,ok
7cf0066e-f5c1-4c29-9e51-0419cb69f7d3,esp32-02,telemetry,1769616228293,1769616228538,1769616228539,1769616228539,1769616228539,1769616228539,300,5000,ok
938f159e-d60b-4614-8eac-be53a462f3c9,esp32-03,telemetry,1769616228312,1769616228640,1769616228647,1769616228647,1769616228647,1769616228647,300,5000,ok
ab37f09b-e1e8-4d6c-8606-fb51b15965ee,esp32-01,telemetry,1769616228333,1769616228640,1769616228651,1769616228651,1769616228651,1769616228651,300,5000,ok
f9c92233-f54b-4926-b926-f8744bfcddb3,esp32-02,telemetry,1769616228352,1769616228640,1769616228651,1769616228651,1769616228651,1769616228651,300,5000,ok
7f1214aa-3641-4407-943b-58ed4afb2c17,esp32-03,telemetry,1769616228372,1769616228640,1769616228652,1769616228652,1769616228652,1769616228652,300,5000,ok
fb77b8be-a21d-4116-b8e9-007d44e821e9,esp32-01,telemetry,1769616228393,1769616228640,1769616228652,1769616228652,1769616228652,1769616228652,300,5000,ok
b307c957-9585-4beb-be90-fc83aca8fa83,esp32-02,telemetry,1769616228413,1769616228700,1769616228700,1769616228700,1769616228700,1769616228700,300,5000,ok
61113e92-c6cc-4bde-8342-ec1a48686881,esp32-03,telemetry,1769616228433,1769616228701,1769616228701,1769616228701,1769616228701,1769616228701,300,5000,ok
a9b7695a-6ff6-4597-b691-72ac127cde00,esp32-01,telemetry,1769616228452,1769616228701,1769616228702,1769616228702,1769616228702,1769616228702,300,5000,ok
1b16e013-1461-4fa3-a840-de0d671e1731,esp32-02,telemetry,1769616229324,1769616229593,1769616229593,1769616229593,1769616229593,1769616229593,300,5000,ok
d55fb3c3-9293-4fa6-b587-506361602fa6,esp32-03,telemetry,1769616229345,1769616229593,1769616229594,1769616229594,1769616229594,1769616229594,300,5000,ok
4d909882-8383-46a9-ab39-94762714a694,esp32-01,telemetry,1769616229365,1769616229594,1769616229594,1769616229594,1769616229594,1769616229594,300,5000,ok
41a61d21-3406-4d7d-9e1b-84a193cc166b,esp32-02,telemetry,1769616229385,1769616229673,1769616229673,1769616229673,1769616229673,1769616229673,300,5000,ok
253655dd-d52b-47d6-ae6a-03d1b6340ff0,esp32-03,telemetry,1769616229406,1769616229673,1769616229674,1769616229674,1769616229674,1769616229674,300,5000,ok
76dbd0ba-4180-4a52-92df-835c91565b63,esp32-01,telemetry,1769616229426,1769616229673,1769616229674,1769616229674,1769616229674,1769616229674,300,5000,ok
2c2fb6fa-c5a3-4be4-80ee-49d5fddad8c8,esp32-02,telemetry,1769616229446,1769616229673,1769616229675,1769616229675,1769616229675,1769616229675,300,5000,ok
a71eae3a-2608-4b93-9b0a-9d3eb54b9aed,esp32-03,telemetry,1769616229467,1769616229757,1769616229757,1769616229757,1769616229757,1769616229757,300,5000,ok
f8c50a87-284a-42c3-ab54-81191691a27c,esp32-01,telemetry,1769616229486,1769616229757,1769616229758,1769616229758,1769616229758,1769616229758,300,5000,ok
9d1b2617-2eba-4d50-81ff-b3474d7135b7,esp32-02,telemetry,1769616229507,1769616229757,1769616229758,1769616229758,1769616229758,1769616229758,300,5000,ok
33f752ab-b203-4713-a170-59465457f8dc,esp32-02,telemetry,1769616230351,1769616230676,1769616230676,1769616230676,1769616230676,1769616230676,300,5000,ok
a46c5737-6f34-4c77-a7f9-3100d6f6b783,esp32-03,telemetry,1769616230372,1769616230676,1769616230676,1769616230676,1769616230676,1769616230676,300,5000,ok
ee45c90e-d29a-455f-bcd6-6247780a2b2f,esp32-01,telemetry,1769616230392,1769616230676,1769616230677,1769616230677,1769616230677,1769616230677,300,5000,ok
7d1bc92a-0d52-419f-a585-49dd91b2b3b2,esp32-02,telemetry,1769616230412,1769616230676,1769616230677,1769616230677,1769616230677,1769616230677,300,5000,ok
53a35516-cdf8-4ebe-8254-7b2c195e7a17,esp32-03,telemetry,1769616230432,1769616230676,1769616230678,1769616230678,1769616230678,1769616230678,300,5000,ok
f64d0761-52b1-4962-aafe-73bec4e202e9,esp32-01,telemetry,1769616230452,1769616230676,1769616230678,1769616230678,1769616230678,1769616230678,300,5000,ok
2f28b63a-514c-4af4-ae70-37d2c490d257,esp32-02,telemetry,1769616230473,1769616230760,1769616230760,1769616230760,1769616230760,1769616230760,300,5000,ok
9d7d20f7-a6c2-4109-9d0b-1eb3e2080ebe,esp32-03,telemetry,1769616230493,1769616230761,1769616230761,1769616230761,1769616230761,1769616230761,300,5000,ok
8cd47c00-5e1e-4d35-aa69-758c7d011222,esp32-01,telemetry,1769616230513,1769616230761,1769616230762,1769616230762,1769616230762,1769616230762,300,5000,ok
1dc96eb3-25df-4104-ae6f-70d65dabe256,esp32-02,telemetry,1769616230535,1769616230859,1769616230859,1769616230859,1769616230859,1769616230859,300,5000,ok
d580547c-558e-4e5e-9602-6d32678e7374,esp32-02,telemetry,1769616231462,1769616231770,1769616231770,1769616231770,1769616231770,1769616231770,300,5000,ok
bfeafb16-aebd-4a39-bf22-e14d14be1de3,esp32-03,telemetry,1769616231482,1769616231771,1769616231771,1769616231771,1769616231771,1769616231771,300,5000,ok
07128719-10f6-401e-8c6e-370cbc699a6e,esp32-01,telemetry,1769616231502,1769616231772,1769616231772,1769616231772,1769616231772,1769616231772,300,5000,ok
f626df8e-f1af-4ede-92c2-b933102ce433,esp32-02,telemetry,1769616231521,1769616231772,1769616231773,1769616231773,1769616231773,1769616231773,300,5000,ok
c6e32d1d-ec89-41cd-820d-f60932810bbb,esp32-03,telemetry,1769616231542,1769616231772,1769616231773,1769616231773,1769616231773,1769616231773,300,5000,ok
1da12981-39e4-41c3-a826-855dcc01bd17,esp32-01,telemetry,1769616231563,1769616231891,1769616231891,1769616231891,1769616231891,1769616231891,300,5000,ok
6aaf68ef-fe61-48bb-9f0b-de3d87ce9e14,esp32-02,telemetry,1769616231583,1769616231892,1769616231892,1769616231892,1769616231892,1769616231892,300,5000,ok
dbd4a307-181a-4c3c-ad9a-266e9d946135,esp32-03,telemetry,1769616231604,1769616231892,1769616231892,1769616231892,1769616231892,1769616231892,300,5000,ok
28afbd62-c77c-4fb2-8f39-42cb1f4ec356,esp32-01,telemetry,1769616231624,1769616231892,1769616231893,1769616231893,1769616231893,1769616231893,300,5000,ok
2a0f42c0-6df3-49f1-a523-3a81a2885f6e,esp32-02,telemetry,1769616231643,1769616231892,1769616231893,1769616231893,1769616231893,1769616231893,300,5000,ok
d099c4b7-211e-427d-a2cf-c013fc4c1e8a,esp32-03,telemetry,1769616232449,1769616232773,1769616232773,1769616232773,1769616232773,1769616232773,300,5000,ok
0cee15aa-c7d2-42bd-b52d-96683c1f9940,esp32-01,telemetry,1769616232468,1769616232773,1769616232774,1769616232774,1769616232774,1769616232774,300,5000,ok
9e7893fc-3fb7-4205-9c09-462052844e72,esp32-02,telemetry,1769616232488,1769616232773,1769616232774,1769616232774,1769616232774,1769616232774,300,5000,ok
67305cc3-23c2-470c-84ae-1b4105c082bf,esp32-03,telemetry,1769616232509,1769616232773,1769616232775,1769616232775,1769616232775,1769616232775,300,5000,ok
a10a39da-8337-47c2-99f7-56616c43d368,esp32-01,telemetry,1769616232529,1769616232773,1769616232775,1769616232775,1769616232775,1769616232775,300,5000,ok
c5b40cdf-3673-4787-8a19-8d2f7a56534c,esp32-02,telemetry,1769616232550,1769616232774,1769616232775,1769616232775,1769616232775,1769616232775,300,5000,ok
5128c7cc-11b9-4cef-bc0d-0b1647d67322,esp32-03,telemetry,1769616232569,1769616232893,1769616232893,1769616232893,1769616232893,1769616232893,300,5000,ok
d39716dd-c3e9-4f4c-81c5-8d6309e66b98,esp32-01,telemetry,1769616232590,1769616232893,1769616232893,1769616232893,1769616232893,1769616232893,300,5000,ok
8163643c-55ee-4d5a-84eb-3604d883c62a,esp32-02,telemetry,1769616232609,1769616232893,1769616232894,1769616232894,1769616232894,1769616232894,300,5000,ok
effa73d6-e290-487a-9abc-6d3589766fcc,esp32-03,telemetry,1769616232630,1769616232893,1769616232894,1769616232894,1769616232894,1769616232894,300,5000,ok
32748197-c867-47f2-bab4-cd95a4ebfc1f,esp32-03,telemetry,1769616233477,1769616233808,1769616233809,1769616233809,1769616233809,1769616233809,300,5000,ok
64572d52-8dc7-40e9-a736-3926b958c2e1,esp32-01,telemetry,1769616233498,1769616233809,1769616233809,1769616233809,1769616233809,1769616233809,300,5000,ok
301e471d-72d4-495d-b49b-cd732f758b9a,esp32-02,telemetry,1769616233518,1769616233809,1769616233810,1769616233810,1769616233810,1769616233810,300,5000,ok
9cbb7238-2baf-41e9-911a-4b5f8bdec2c7,esp32-03,telemetry,1769616233538,1769616233809,1769616233810,1769616233810,1769616233810,1769616233810,300,5000,ok
83d91e7d-7103-4a6f-baf8-1d437bfd0d91,esp32-01,telemetry,1769616233559,1769616233809,1769616233811,1769616233811,1769616233811,1769616233811,300,5000,ok
91b14f63-53f0-4363-9b10-4bea9387d25a,esp32-02,telemetry,1769616233578,1769616233811,1769616233811,1769616233811,1769616233811,1769616233811,300,5000,ok
5796fc77-f478-4f3d-8845-6379f5524e0c,esp32-03,telemetry,1769616233599,1769616233933,1769616233933,1769616233933,1769616233933,1769616233933,300,5000,ok
3a52ea23-d057-4751-9cfb-ceb667b1541c,esp32-01,telemetry,1769616233618,1769616233933,1769616233934,1769616233934,1769616233934,1769616233934,300,5000,ok
2979e004-a03f-4ffe-9310-bbe31903e10a,esp32-02,telemetry,1769616233639,1769616233933,1769616233934,1769616233934,1769616233934,1769616233934,300,5000,ok
06a2ffea-1cf0-4c00-9844-0697e65644e8,esp32-03,telemetry,1769616233659,1769616233933,1769616233935,1769616233935,1769616233935,1769616233935,300,5000,ok
024ad641-9f36-4e2b-8520-c2772c9dd796,esp32-03,telemetry,1769616234507,1769616234832,1769616234832,1769616234832,1769616234832,1769616234832,300,5000,ok
2ae7902c-aaaa-445d-82cf-9e8e8bd7b277,esp32-01,telemetry,1769616234527,1769616234832,1769616234832,1769616234832,1769616234832,1769616234832,300,5000,ok
9dd14dd3-d14f-4551-ab81-a0698aedec6e,esp32-02,telemetry,1769616234547,1769616234832,1769616234833,1769616234833,1769616234833,1769616234833,300,5000,ok
549c10e6-9611-4be1-81f4-504e62c3b010,esp32-03,telemetry,1769616234567,1769616234832,1769616234833,1769616234833,1769616234833,1769616234833,300,5000,ok
2fde1c24-c499-4206-aee8-1ede946c7725,esp32-01,telemetry,1769616234588,1769616234832,1769616234834,1769616234834,1769616234834,1769616234834,300,5000,ok
cf7078ca-7e3e-4b57-aeee-51b948f4e403,esp32-02,telemetry,1769616234608,1769616234832,1769616234834,1769616234834,1769616234834,1769616234834,300,5000,ok
b1c1fad4-e106-4f69-a33d-34e04b4a162c,esp32-03,telemetry,1769616234629,1769616234953,1769616234953,1769616234953,1769616234953,1769616234953,300,5000,ok
d2773b2a-1ccc-4090-88ae-19438e1f139a,esp32-01,telemetry,1769616234650,1769616234954,1769616234955,1769616234955,1769616234955,1769616234955,300,5000,ok
5670c203-ae5a-465a-a49f-bce76ac432ea,esp32-02,telemetry,1769616234670,1769616234954,1769616234955,1769616234955,1769616234955,1769616234955,300,5000,ok
81b1168f-3b67-450d-8e81-9cfc491a8274,esp32-03,telemetry,1769616234689,1769616234954,1769616234956,1769616234956,1769616234956,1769616234956,300,5000,ok
5c7c9e9a-96ce-48c8-b8b5-010fe46353fc,esp32-02,telemetry,1769616235517,1769616235843,1769616235843,1769616235843,1769616235843,1769616235843,300,5000,ok
05d93752-d905-47c4-9a8d-9f9931d4c6f6,esp32-03,telemetry,1769616235538,1769616235843,1769616235844,1769616235844,1769616235844,1769616235844,300,5000,ok
0a4c69b7-d0b5-4de7-a761-0637b81e0fab,esp32-01,telemetry,1769616235558,1769616235843,1769616235844,1769616235844,1769616235844,1769616235844,300,5000,ok
ba9d36ca-8f5e-46ba-adb3-73e637690859,esp32-02,telemetry,1769616235579,1769616235843,1769616235845,1769616235845,1769616235845,1769616235845,300,5000,ok
cedbb0d4-3a3e-47e4-842b-4686c704f42c,esp32-03,telemetry,1769616235599,1769616235843,1769616235845,1769616235845,1769616235845,1769616235845,300,5000,ok
30ddf9ed-d02f-413d-88e1-a5cfcfc9179e,esp32-01,telemetry,1769616235618,1769616235844,1769616235845,1769616235845,1769616235845,1769616235845,300,5000,ok
7ddc5d5a-abc7-447a-93c8-cb2714407fce,esp32-02,telemetry,1769616235638,1769616235861,1769616235861,1769616235861,1769616235861,1769616235861,300,5000,ok
a2d7fb6e-269e-4100-ad8d-4da0b7808c06,esp32-03,telemetry,1769616235659,1769616235983,1769616235983,1769616235983,1769616235983,1769616235983,300,5000,ok
16ca65e5-ca2d-4244-9bec-d2db53f4e583,esp32-01,telemetry,1769616235678,1769616235983,1769616235984,1769616235984,1769616235984,1769616235984,300,5000,ok
4252c43d-e49a-4c8b-a230-e6a93154927d,esp32-02,telemetry,1769616235699,1769616235983,1769616235984,1769616235984,1769616235984,1769616235984,300,5000,ok
14dd1a0e-abeb-4f95-aee5-bfe136f6a644,esp32-03,telemetry,1769616236632,1769616236958,1769616236958,1769616236958,1769616236958,1769616236958,300,5000,ok
cc517d6b-7ab4-449f-9e20-58f77fa6ac30,esp32-01,telemetry,1769616236652,1769616236959,1769616236959,1769616236959,1769616236959,1769616236959,300,5000,ok
4ea399f8-905b-44dc-83d2-27e83898ce80,esp32-02,telemetry,1769616236672,1769616236959,1769616236959,1769616236959,1769616236959,1769616236959,300,5000,ok
39433873-73e5-437d-877c-c86e5d23e808,esp32-03,telemetry,1769616236693,1769616236959,1769616236960,1769616236960,1769616236960,1769616236960,300,5000,ok
b57af436-032e-450a-81da-68867e721203,esp32-01,telemetry,1769616236714,1769616236959,1769616236960,1769616236960,1769616236960,1769616236960,300,5000,ok
b7969db3-a3e1-4484-93ba-83ce1e9790b4,esp32-02,telemetry,1769616236735,1769616237059,1769616237059,1769616237059,1769616237059,1769616237059,300,5000,ok
5c988fd1-b92e-436b-b958-cef78e57293e,esp32-03,telemetry,1769616236754,1769616237060,1769616237060,1769616237060,1769616237060,1769616237060,300,5000,ok
433b391d-d3e4-4fc6-8f32-e6e8a1160ba6,esp32-01,telemetry,1769616236775,1769616237060,1769616237060,1769616237060,1769616237060,1769616237060,300,5000,ok
d470b0ce-d6e3-4dca-8b87-71da6990d349,esp32-02,telemetry,1769616236794,1769616237060,1769616237061,1769616237061,1769616237061,1769616237061,300,5000,ok
665b7563-bd99-4bcd-91a4-e6e27471ed1b,esp32-03,telemetry,1769616236815,1769616237060,1769616237061,1769616237061,1769616237061,1769616237061,300,5000,ok
bee361e9-5080-45bf-bc5d-9f7ac9c12d80,esp32-02,telemetry,1769616237644,1769616237968,1769616237968,1769616237968,1769616237968,1769616237968,300,5000,ok
fa8efb47-b3ec-451f-9090-b91d609ced8f,esp32-03,telemetry,1769616237664,1769616237969,1769616237969,1769616237969,1769616237969,1769616237969,300,5000,ok
c0ac40c1-9a5b-454d-966c-11c2d901a7b6,esp32-01,telemetry,1769616237684,1769616237969,1769616237969,1769616237969,1769616237969,1769616237969,300,5000,ok
3da4a1cf-9dce-4ba1-be6d-663556dbb257,esp32-02,telemetry,1769616237704,1769616237969,1769616237970,1769616237970,1769616237970,1769616237970,300,5000,ok
efd2d71e-d563-4c6b-aab6-d17f1b3efee8,esp32-03,telemetry,1769616237725,1769616237970,1769616237970,1769616237970,1769616237970,1769616237970,300,5000,ok
16c15c09-502a-439e-9e03-1be3ed61e2af,esp32-01,telemetry,1769616237745,1769616237970,1769616237971,1769616237971,1769616237971,1769616237971,300,5000,ok
76748fa4-620a-4add-955b-8c472d5b7615,esp32-02,telemetry,1769616237764,1769616238083,1769616238083,1769616238083,1769616238083,1769616238083,300,5000,ok
80ea5840-5350-473f-b041-3b8a1ac6812f,esp32-03,telemetry,1769616237785,1769616238083,1769616238084,1769616238084,1769616238084,1769616238084,300,5000,ok
aebac06d-370e-4e86-8875-a94b04025b18,esp32-01,telemetry,1769616237805,1769616238083,1769616238084,1769616238084,1769616238084,1769616238084,300,5000,ok
daa4d2f5-5b14-4909-b076-56cae39e402a,esp32-02,telemetry,1769616237825,1769616238083,1769616238085,1769616238085,1769616238085,1769616238085,300,5000,ok
0c640a10-63b1-47c4-8932-bbf098a5c81b,esp32-03,telemetry,1769616238759,1769616239084,1769616239085,1769616239085,1769616239085,1769616239085,300,5000,ok
8ce43ecc-dad6-4452-84c6-234eb1fb3af8,esp32-01,telemetry,1769616238780,1769616239085,1769616239086,1769616239086,1769616239086,1769616239086,300,5000,ok
a65598cf-13ee-44b7-bf60-9ec9d7ea35d8,esp32-02,telemetry,1769616238801,1769616239085,1769616239086,1769616239086,1769616239086,1769616239086,300,5000,ok
bbcde50a-789d-49c7-92d5-63d13e825d2b,esp32-03,telemetry,1769616238821,1769616239085,1769616239087,1769616239087,1769616239087,1769616239087,300,5000,ok
190e7514-ea6d-4b18-bb3f-ba3ea69d591b,esp32-01,telemetry,1769616238840,1769616239085,1769616239088,1769616239088,1769616239088,1769616239088,300,5000,ok
bc3a79f2-877e-4d55-a74f-6632dd83f56a,esp32-02,telemetry,1769616238861,1769616239085,1769616239088,1769616239088,1769616239088,1769616239088,300,5000,ok
aa12f7ab-1bdc-48d1-9977-8cfc9c6243e0,esp32-03,telemetry,1769616238882,1769616239187,1769616239187,1769616239187,1769616239187,1769616239187,300,5000,ok
4e2d1324-08af-493b-8091-2266cd4fee53,esp32-01,telemetry,1769616238903,1769616239188,1769616239188,1769616239188,1769616239188,1769616239188,300,5000,ok
20a5d54d-158e-404c-ba09-17fd5b61e2a6,esp32-02,telemetry,1769616238923,1769616239188,1769616239189,1769616239189,1769616239189,1769616239189,300,5000,ok
8b3fafaa-6b9c-49a7-800d-0616b7373829,esp32-03,telemetry,1769616238944,1769616239188,1769616239190,1769616239190,1769616239190,1769616239190,300,5000,ok
4172ae6b-fc0a-4882-a7ca-2dd712941f14,esp32-03,telemetry,1769616239852,1769616240154,1769616240154,1769616240154,1769616240154,1769616240154,300,5000,ok
34d0d2bb-2c13-4a14-992c-af4bea66b558,esp32-03,alarm,1769616239927,1769616240155,1769616240155,1769616240155,1769616240155,1769616240155,150,10000,alarm_type
04f9ecb1-5c37-4167-b7ab-0163a5c9afa9,esp32-01,telemetry,1769616239872,1769616240155,1769616240155,1769616240155,1769616240155,1769616240155,300,5000,ok
15828617-d29c-4158-b9d5-5cc3c7532583,esp32-02,telemetry,1769616239892,1769616240155,1769616240156,1769616240156,1769616240156,1769616240156,300,5000,ok
77ba3412-a028-4e05-af49-dca6fa62d32e,esp32-03,telemetry,1769616239912,1769616240155,1769616240156,1769616240156,1769616240156,1769616240156,300,5000,ok
b2118cc2-6aeb-4a6e-8cbd-0432c9f6baa1,esp32-01,telemetry,1769616239931,1769616240156,1769616240157,1769616240157,1769616240157,1769616240157,300,5000,ok
854314c1-8213-40c6-b609-0c4d93ff2d8a,esp32-02,telemetry,1769616239952,1769616240178,1769616240178,1769616240178,1769616240178,1769616240178,300,5000,ok
f6bf2562-e73a-42f6-95c8-98d873335e4c,esp32-03,telemetry,1769616239972,1769616240282,1769616240282,1769616240282,1769616240282,1769616240282,300,5000,ok
4c8638ef-1c6a-45cc-a046-13805eedd624,esp32-01,telemetry,1769616239991,1769616240282,1769616240283,1769616240283,1769616240283,1769616240283,300,5000,ok
d3b9df60-e4d4-4f95-bc46-6e9989d77f30,esp32-02,telemetry,1769616240012,1769616240282,1769616240283,1769616240283,1769616240283,1769616240283,300,5000,ok
09a3d541-1a77-4b69-9937-02d4da919896,esp32-01,telemetry,1769616240901,1769616241220,1769616241220,1769616241220,1769616241220,1769616241220,300,5000,ok
5f7818aa-a931-48b8-ad47-9fc37e9cb1d9,esp32-02,telemetry,1769616240921,1769616241220,1769616241221,1769616241221,1769616241221,1769616241221,300,5000,ok
c1f1c9cf-813b-4446-823c-18ca0d9191e7,esp32-03,telemetry,1769616240940,1769616241220,1769616241221,1769616241221,1769616241221,1769616241221,300,5000,ok
45168c77-0259-4283-b736-4cdc43ef41fe,esp32-01,telemetry,1769616240961,1769616241220,1769616241222,1769616241222,1769616241222,1769616241222,300,5000,ok
2ea984d7-4dfa-42d5-bc90-5db36a951b32,esp32-02,telemetry,1769616240981,1769616241220,1769616241222,1769616241222,1769616241222,1769616241222,300,5000,ok
df770486-568a-4e5d-ba5b-faa0931b28c6,esp32-03,telemetry,1769616241002,1769616241325,1769616241325,1769616241325,1769616241325,1769616241325,300,5000,ok
4328dc92-af69-4cef-b8c2-c82f9d13829b,esp32-01,telemetry,1769616241022,1769616241325,1769616241326,1769616241326,1769616241326,1769616241326,300,5000,ok
da6fc22f-4681-4c90-ab59-d691b96ee137,esp32-02,telemetry,1769616241042,1769616241325,1769616241326,1769616241326,1769616241326,1769616241326,300,5000,ok
4db8c57c-3e6e-4407-a51c-67c845aa1dca,esp32-03,telemetry,1769616241061,1769616241325,1769616241327,1769616241327,1769616241327,1769616241327,300,5000,ok
c11d4d12-2ff4-451c-a9b4-3a32c64f7d60,esp32-01,telemetry,1769616241082,1769616241325,1769616241327,1769616241327,1769616241327,1769616241327,300,5000,ok
39a87767-b145-4e42-9544-5d56446d2d3b,esp32-02,telemetry,1769616241911,1769616242221,1769616242222,1769616242222,1769616242222,1769616242222,300,5000,ok
87a03516-69f7-4dfe-ac6d-732e270d5226,esp32-03,telemetry,1769616241930,1769616242221,1769616242222,1769616242222,1769616242222,1769616242222,300,5000,ok
b012795a-cfac-4679-b6dc-18e30ceb2e27,esp32-01,telemetry,1769616241950,1769616242221,1769616242223,1769616242223,1769616242223,1769616242223,300,5000,ok
6954c484-dcf7-4292-a860-7f58be3db441,esp32-02,telemetry,1769616241971,1769616242221,1769616242224,1769616242224,1769616242224,1769616242224,300,5000,ok
e6b6abb3-23e7-4e76-9aa9-d1275dd49f87,esp32-03,telemetry,1769616241991,1769616242222,1769616242224,1769616242224,1769616242224,1769616242224,300,5000,ok
a6c1d5af-a1a9-4b35-9733-0ec3259355bd,esp32-01,telemetry,1769616242011,1769616242341,1769616242342,1769616242342,1769616242342,1769616242342,300,5000,ok
1fbb357f-e409-4b83-bdc6-d91907df8a15,esp32-02,telemetry,1769616242030,1769616242342,1769616242342,1769616242342,1769616242342,1769616242342,300,5000,ok
c77bbda0-1bdc-421d-8528-c2905c23c980,esp32-03,telemetry,1769616242051,1769616242342,1769616242343,1769616242343,1769616242343,1769616242343,300,5000,ok
ebf24e92-24ca-4590-863f-b7d6cbb3dad4,esp32-01,telemetry,1769616242071,1769616242342,1769616242343,1769616242343,1769616242343,1769616242343,300,5000,ok
02d5cd6a-a24d-4722-ad77-8df303794228,esp32-02,telemetry,1769616242093,1769616242342,1769616242344,1769616242344,1769616242344,1769616242344,300,5000,ok
79a89a4f-20ae-48ef-9216-b29e21233761,esp32-01,telemetry,1769616242914,1769616243253,1769616243253,1769616243253,1769616243253,1769616243253,300,5000,ok
2fa1564f-617f-4935-b776-370f68e16f5e,esp32-02,telemetry,1769616242936,1769616243253,1769616243254,1769616243254,1769616243254,1769616243254,300,5000,ok
e5bb3062-2b2d-4dc8-8961-e1c70afa4bf8,esp32-03,telemetry,1769616242957,1769616243254,1769616243255,1769616243255,1769616243255,1769616243255,300,5000,ok
d33dc7c0-84e6-4339-bf0c-7d08f4a2fc90,esp32-01,telemetry,1769616242977,1769616243254,1769616243255,1769616243255,1769616243255,1769616243255,300,5000,ok
b72eb30d-1e21-4464-8a9c-1acad513906f,esp32-02,telemetry,1769616242999,1769616243254,1769616243256,1769616243256,1769616243256,1769616243256,300,5000,ok
c0402ea2-5ac9-4470-b931-590014f9288d,esp32-03,telemetry,1769616243030,1769616243361,1769616243362,1769616243362,1769616243362,1769616243362,300,5000,ok
3ea215a8-b2e9-42b5-9c22-f7771637cd65,esp32-01,telemetry,1769616243060,1769616243362,1769616243363,1769616243363,1769616243363,1769616243363,300,5000,ok
438ca93f-3328-4e48-992a-1755758de91f,esp32-02,telemetry,1769616243080,1769616243362,1769616243363,1769616243363,1769616243363,1769616243363,300,5000,ok
d792375a-2a7b-4fc5-a172-27a452e1abc1,esp32-03,telemetry,1769616243101,1769616243362,1769616243364,1769616243364,1769616243364,1769616243364,300,5000,ok
1eab477f-5599-4162-93db-89a74b45a86c,esp32-01,telemetry,1769616243121,1769616243362,1769616243364,1769616243364,1769616243364,1769616243364,300,5000,ok
4178b7b8-f058-4ea7-a48c-c2e3a6f50339,esp32-02,telemetry,1769616244048,1769616244359,1769616244359,1769616244359,1769616244359,1769616244359,300,5000,ok
27241b02-bf71-4f98-ad29-02864a6f6fef,esp32-03,telemetry,1769616244068,1769616244359,1769616244360,1769616244360,1769616244360,1769616244360,300,5000,ok
64a2a92e-2992-434a-8867-b6ebc532fadc,esp32-01,telemetry,1769616244088,1769616244359,1769616244361,1769616244361,1769616244361,1769616244361,300,5000,ok
d61dda8f-6d8c-4695-9514-157cd3808929,esp32-02,telemetry,1769616244108,1769616244359,1769616244361,1769616244361,1769616244361,1769616244361,300,5000,ok
4f0ac33f-b4b3-4208-a67e-bfcc1bd81b78,esp32-03,telemetry,1769616244129,1769616244360,1769616244362,1769616244362,1769616244362,1769616244362,300,5000,ok
a4b7313a-0963-4e24-81c2-3207c672d3c8,esp32-01,telemetry,1769616244148,1769616244474,1769616244474,1769616244474,1769616244474,1769616244474,300,5000,ok
016fd41b-c4a9-4c48-bdf4-f595beaf6b08,esp32-02,telemetry,1769616244168,1769616244474,1769616244475,1769616244475,1769616244475,1769616244475,300,5000,ok
9aeaa6cd-37f5-4a8b-b076-79c9aab891e9,esp32-03,telemetry,1769616244189,1769616244474,1769616244475,1769616244475,1769616244475,1769616244475,300,5000,ok
61eed660-dc61-4bf0-964b-515aaabb3a50,esp32-01,telemetry,1769616244209,1769616244474,1769616244475,1769616244475,1769616244475,1769616244475,300,5000,ok
6d07e69b-d5ed-4768-b377-5fcbdba891d9,esp32-02,telemetry,1769616244229,1769616244474,1769616244476,1769616244476,1769616244476,1769616244476,300,5000,ok
